gw,fpl_id,web_name,pos,eo_calc_ae64,eo_calc_e64,eo_listed_ae64,eo_listed_e64
1,1,Raya,G,2.0,0.0,,
1,5,Gabriel,D,1.5306678330154915,1.8223699423513735,,
1,16,Saka,M,0.0,12.309343756811812,,
1,33,M.Bizot,G,0.0,0.6649102898154785,,
1,38,Konsa,D,0.0,4.63725410378719,,
1,47,Rogers,M,0.0,27.766391993972512,,
1,48,Tielemans,M,16.76740115780222,4.083582092850338,,
1,64,Watkins,F,15.852591034867086,73.72884684493226,,
1,67,Petrović,G,1.6320370610803443,0.6547370840191689,,
1,72,Senesi,D,1.7405704757718619,1.4091129176936914,,
1,97,Evanilson,F,15.130625088191241,2.8493405171577484,,
1,100,Kroupi.Jr,F,0.4199729651653385,0.0,,
1,101,Kelleher,G,0.5151216124718413,0.6447673423387855,,
1,105,Valdimarsson,G,0.0,0.19941382911355957,,
1,123,Carvalho,M,0.0,1.6581881925257238,,
1,136,Thiago,F,8.749069848213583,2.9993247657554436,,
1,139,Verbruggen,G,1.4915933898538691,2.5016882223286783,,
1,145,De Cuyper,D,0.0,3.522782294234228,,
1,157,Mitoma,M,4.683384800085896,1.7913801286433877,,
1,158,Georginio,M,26.43402275267241,5.766399832909065,,
1,191,Estève,D,59.110510917248014,55.02605145996413,,
1,192,Hartman,D,0.0,1.2649667002290605,,
1,220,Sánchez,G,69.06421579075668,38.8546870781707,,
1,224,Cucurella,D,0.0,2.73355491352706,,
1,232,Tosin,D,0.0,3.7098032830297516,,
1,235,Palmer,M,97.40527029611786,92.63833046563153,,
1,242,Dewsbury-Hall,M,0.0,17.898756633517532,,
1,249,João Pedro,F,0.0,37.99120689543665,,
1,252,Marc Guiu,F,6.229598983285854,15.432645171943765,,
1,256,Muñoz,D,2.296001749523237,2.73355491352706,,
1,257,Lacroix,D,0.0,1.5258395059384806,,
1,261,Richards,D,5.221711427315585,11.272903341549531,,
1,266,Eze,M,1.6275613385250427,0.0,,
1,267,Sarr,M,5.620061760103075,4.478450321608469,,
1,283,Mateta,F,74.76308867106258,22.794724137261987,,
1,291,Tarkowski,D,3.826669582538729,4.555924855878434,,
1,295,Keane,D,0.0,1.4091129176936914,,
1,299,Ndiaye,M,0.0,2.6870701929650815,,
1,317,Andersen,D,82.67709759916342,40.159718154270195,,
1,337,Raúl,F,0.0,1.3992115425040217,,
1,347,Gudmundsson,D,3.3585517566618184,3.162416750572651,,
1,348,Rodon,D,0.0,11.384700302061542,,
1,370,Frimpong,D,0.0,1.6460300193280815,,
1,373,Virgil,D,2.296001749523237,0.0,,
1,381,M.Salah,M,196.4375,175.1953125,,
1,382,Wirtz,M,74.64387714607406,62.44446604479433,,
1,384,Gakpo,M,2.8100308800515377,4.478450321608469,,
1,402,Aït-Nouri,D,0.0,10.023034682932556,,
1,413,Marmoush,M,0.0,1.8937451933556633,,
1,427,Reijnders,M,13.413920926241776,43.28597018421358,,
1,430,Haaland,F,3.5440738793583857,7.411560863077457,,
1,441,Dorgu,D,27.25080333267288,9.738233617953098,,
1,449,B.Fernandes,M,99.52516952809876,56.050063977747165,,
1,450,Cunha,M,0.0,1.7913801286433877,,
1,470,Dúbravka,G,22.849122547812627,26.45497310110182,,
1,491,Tonali,M,0.0,1.633432837140135,,
1,502,Sels,G,0.0,36.0,,
1,505,Milenković,D,1.5306678330154915,10.023034682932556,,
1,506,Murillo,D,75.00272381775909,42.82569364525728,,
1,508,N.Williams,D,7.068088109533674,16.275621396677128,,
1,517,Anderson,M,7.545330521010999,5.717014929990474,,
1,525,Wood,F,0.0,2.8493405171577484,,
1,541,Reinildo,D,0.0,1.2649667002290605,,
1,565,Vicario,G,5.085831939937602,0.6752911120566106,,
1,568,Pedro Porro,D,75.00272381775909,85.65138729051456,,
1,569,Romero,D,10.873981706974883,3.5602921805231222,,
1,573,Spence,D,1.7405704757718619,0.0,,
1,575,Van de Ven,D,1.7405704757718619,21.841250224252214,,
1,582,Kudus,M,0.0,9.852590707538633,,
1,593,P.M.Sarr,M,0.0,1.5564136203058723,,
1,603,Diouf,D,0.0,7.750121047315302,,
1,612,L.Paquetá,M,7.545330521010999,4.083582092850338,,
1,623,Potts,M,0.0,1.8106342430215088,,
1,624,Bowen,F,0.0,4.748900861929581,,
1,625,Füllkrug,F,0.0,2.9993247657554436,,
1,626,Marshall,F,0.13999098838844617,0.0,,
1,631,Agbadou,D,11.313708092517102,4.93189521192792,,
1,652,Gonzalez,M,0.0,1.8106342430215088,,
1,654,Strand Larsen,F,57.00209002359876,33.70250085534421,,
1,661,Ekitiké,F,0.0,2.5719365178464746,,
1,665,Perri,G,0.5060691802224045,0.6349969954920098,,
1,666,Gyökeres,F,0.0,1.714624345230983,,
2,1,Raya,G,2.0,0.0,,
2,5,Gabriel,D,1.5233777848049896,1.8257084669155388,,
2,16,Saka,M,0.0,25.015624999999996,,
2,33,M.Bizot,G,0.0,0.10878428580146479,,
2,38,Konsa,D,0.0,3.8338511508897404,,
2,47,Rogers,M,0.0,26.420869579398104,,
2,48,Tielemans,M,15.416030092881275,4.093997149379192,,
2,64,Watkins,F,15.851042595756399,77.03265620447502,,
2,67,Petrović,G,1.4911350307926137,0.5970243723484688,,
2,72,Senesi,D,1.737149690556033,1.4105288442417452,,
2,82,Semenyo,M,0.0,3.125,,
2,97,Evanilson,F,15.106799327521623,4.415124631180565,,
2,100,Kroupi.Jr,F,0.24497475848949912,0.0,,
2,101,Kelleher,G,0.4578778634553853,0.5758572072034696,,
2,105,Valdimarsson,G,0.0,0.1078586000854355,,
2,123,Carvalho,M,0.0,1.6624078096532804,,
2,136,Thiago,F,8.71562100646873,2.9993420933254593,,
2,139,Verbruggen,G,1.3461609185588326,2.2623602522376003,,
2,145,De Cuyper,D,0.0,3.526322110604364,,
2,157,Mitoma,M,4.679678286886621,1.795048463993077,,
2,158,Georginio,M,24.340573342985618,4.474659653357546,,
2,191,Estève,D,58.60102455237368,54.91563516529238,,
2,192,Hartman,D,0.0,1.2624283946044224,,
2,220,Sánchez,G,69.03402920336174,37.93204404824717,,
2,224,Cucurella,D,0.0,1.8764066103890704,,
2,232,Tosin,D,0.0,3.6350588689917536,,
2,235,Palmer,M,131.75205027724468,100.61774560746173,,
2,242,Dewsbury-Hall,M,0.0,17.941116542869608,,
2,249,João Pedro,F,0.0,38.03499508240755,,
2,252,Marc Guiu,F,3.633792250927571,12.479163876556058,,
2,256,Muñoz,D,2.2850666772074844,4.164897440151072,,
2,257,Lacroix,D,0.0,1.5056895553113028,,
2,261,Richards,D,5.2114490716681,12.386206413497826,,
2,266,Eze,M,0.35485194609662163,0.0,,
2,267,Sarr,M,7.0984572056763175,4.721048624564753,,
2,283,Mateta,F,74.645361383048,22.820997049444525,,
2,291,Tarkowski,D,3.8084444620124747,4.5642711672888465,,
2,295,Keane,D,0.0,1.4105288442417452,,
2,299,Ndiaye,M,0.0,2.6925726959896155,,
2,317,Andersen,D,82.51461030141158,40.20007206088974,,
2,337,Raúl,F,0.0,1.4004111052984496,,
2,347,Gudmundsson,D,3.329603667748505,3.1560709865110557,,
2,348,Rodon,D,0.0,11.3618555514398,,
2,370,Frimpong,D,0.0,0.3609876950000321,,
2,373,Virgil,D,2.2850666772074844,0.0,,
2,381,M.Salah,M,161.5923242001909,149.54408519307654,,
2,382,Wirtz,M,74.64017158177874,56.39731353134749,,
2,384,Gakpo,M,2.8078069721319725,4.487621159982694,,
2,402,Aït-Nouri,D,0.0,6.880157571426591,,
2,413,Marmoush,M,0.0,1.8168607341744687,,
2,427,Reijnders,M,17.297308341504074,52.35198854768641,,
2,430,Haaland,F,3.5438803244695496,7.42195675607413,,
2,441,Dorgu,D,26.91132393726763,9.542029531103353,,
2,449,B.Fernandes,M,99.520228775705,56.095077124427085,,
2,450,Cunha,M,0.0,1.888419449825901,,
2,470,Dúbravka,G,20.45715875903239,23.640428610659164,,
2,491,Tonali,M,0.0,1.6375988597516766,,
2,502,Sels,G,0.0,36.0,,
2,505,Milenković,D,1.5233777848049896,10.041396568035461,,
2,506,Murillo,D,74.64551145544449,42.90414897251515,,
2,508,N.Williams,D,6.946334973471659,16.06068858998723,,
2,517,Anderson,M,7.525112994491198,3.1728477907688735,,
2,525,Wood,F,0.0,2.8526246311805656,,
2,541,Reinildo,D,0.0,1.2624283946044224,,
2,565,Vicario,G,4.733762002516235,0.6079330330086418,,
2,568,Pedro Porro,D,74.64551145544449,85.8082979450303,,
2,569,Romero,D,10.686669189956397,3.5132756290597076,,
2,573,Spence,D,1.737149690556033,0.0,,
2,575,Van de Ven,D,1.737149690556033,21.863197085747053,,
2,582,Kudus,M,0.0,9.872766551961924,,
2,593,P.M.Sarr,M,0.0,1.5600970906843137,,
2,603,Diouf,D,0.0,7.757908643329599,,
2,612,L.Paquetá,M,7.525112994491198,4.093997149379192,,
2,623,Potts,M,0.0,1.8141065618323107,,
2,624,Bowen,F,0.0,4.7543743853009435,,
2,625,Füllkrug,F,0.0,2.607519503338519,,
2,626,Marshall,F,0.08165825282983305,0.0,,
2,631,Agbadou,D,11.291472988614217,4.936850954846109,,
2,652,Gonzalez,M,0.0,1.8141065618323107,,
2,654,Strand Larsen,F,52.206869037318484,25.20739989537209,,
2,661,Ekitiké,F,0.0,2.578174053644477,,
2,665,Perri,G,0.4672223096483523,0.5863338849014995,,
2,666,Gyökeres,F,0.0,3.2812827024296514,,
3,1,Raya,G,2.0,0.0,,
3,5,Gabriel,D,1.9359225926560406,1.852058392976255,,
3,16,Saka,M,0.0,4.189425285701566,,
3,33,M.Bizot,G,0.0,0.0782808065401981,,
3,38,Konsa,D,0.0,3.5250762481642566,,
3,47,Rogers,M,0.0,26.040161845034433,,
3,48,Tielemans,M,28.94269093048598,5.512575745541263,,
3,64,Watkins,F,18.886927742823424,71.03781390100995,,
3,67,Petrović,G,1.4911350307926137,0.5743957331927989,,
3,72,Senesi,D,1.6625630856997868,1.3517216728965125,,
3,82,Semenyo,M,0.0,11.707015436700726,,
3,83,O.Dango,M,4.251755132324016,0.41638276774050625,,
3,97,Evanilson,F,14.553550019024206,2.832910693955451,,
3,100,Kroupi.Jr,F,0.040370328161892254,0.0,,
3,101,Kelleher,G,0.4578778634553853,0.5528871621583642,,
3,105,Valdimarsson,G,0.0,0.07734019040939413,,
3,119,Mbeumo,M,1.4311032684383609,1.4789263892880493,,
3,123,Carvalho,M,0.0,1.7903964937001688,,
3,136,Thiago,F,6.982615109372797,2.999249466420184,,
3,139,Verbruggen,G,1.3461609185588326,2.169817675660788,,
3,145,De Cuyper,D,0.0,2.088934072986226,,
3,157,Mitoma,M,11.735046801194558,1.7691829703632738,,
3,158,Georginio,M,42.272260514985035,7.603997925348488,,
3,191,Estève,D,52.60230564327212,51.03114520885846,,
3,192,Hartman,D,0.0,1.1961154709272814,,
3,220,Sánchez,G,69.03402920336174,37.624496371606,,
3,224,Cucurella,D,0.0,1.7285589491343683,,
3,232,Tosin,D,0.0,3.342294516777962,,
3,235,Palmer,M,15.080143624421293,10.760798058256864,,
3,242,Dewsbury-Hall,M,0.0,17.38515371860347,,
3,249,João Pedro,F,0.0,53.44892071043861,,
3,252,Marc Guiu,F,1.3437552088172708,5.520624677119681,,
3,256,Muñoz,D,2.113164345413688,4.113858768187371,,
3,257,Lacroix,D,0.0,1.3964360195615626,,
3,261,Richards,D,4.98768925709936,11.869805940122498,,
3,266,Eze,M,0.33335551201850494,0.0,,
3,267,Sarr,M,25.62776730383172,32.78799528944292,,
3,283,Mateta,F,74.58694384749906,32.10632119816179,,
3,291,Tarkowski,D,3.521940575689481,4.508338376095749,,
3,295,Keane,D,0.0,1.3517216728965125,,
3,299,Ndiaye,M,0.0,1.1748480662568612,,
3,317,Andersen,D,78.97174657073987,38.524067677550605,,
3,337,Raúl,F,0.0,0.03937945591695424,,
3,347,Gudmundsson,D,2.9887673660950065,2.990288677318204,,
3,348,Rodon,D,0.0,10.765039238345532,,
3,370,Frimpong,D,0.0,0.04388796888120425,,
3,373,Virgil,D,2.113164345413688,0.0,,
3,381,M.Salah,M,97.37035927369881,94.45429859020756,,
3,382,Wirtz,M,72.40758723561389,51.74505317424368,,
3,384,Gakpo,M,4.178821543840013,7.366988462528319,,
3,402,Aït-Nouri,D,0.0,6.5128743554420385,,
3,413,Marmoush,M,0.0,1.7934663430428106,,
3,427,Reijnders,M,20.09265984652155,52.351081034932456,,
3,430,Haaland,F,1.9751035548050644,10.307871787239437,,
3,441,Dorgu,D,23.664256293250336,9.472010437196918,,
3,449,B.Fernandes,M,200.0,120.15019226815681,,
3,450,Cunha,M,4.525474202225868,31.634349543399033,,
3,470,Dúbravka,G,20.45715875903239,22.57011294308915,,
3,486,Elanga,M,0.0,4.64562379458077,,
3,491,Tonali,M,0.0,1.5958414795121107,,
3,502,Sels,G,0.0,36.0,,
3,505,Milenković,D,1.4087762302757922,9.918344427410647,,
3,506,Murillo,D,49.581070958547095,27.82773588234326,,
3,508,N.Williams,D,5.993609672763432,14.895317541990002,,
3,517,Anderson,M,19.498788126919926,7.0815465653349925,,
3,525,Wood,F,1.3376424649838423,31.076221685884963,,
3,541,Reinildo,D,0.0,1.1961154709272814,,
3,565,Vicario,G,4.733762002516235,0.585480339992652,,
3,568,Pedro Porro,D,69.03003528351381,84.75676147060007,,
3,569,Romero,D,9.220937958097588,3.258350712310313,,
3,573,Spence,D,1.0517447241444593,0.0,,
3,575,Van de Ven,D,0.9220937958097588,15.208061025537642,,
3,580,Johnson,M,0.0,1.5662122749867824,,
3,582,Kudus,M,2.8622065368767218,20.05534757810242,,
3,593,P.M.Sarr,M,0.0,1.8215329716001305,,
3,603,Diouf,D,0.0,6.3045143649938895,,
3,612,L.Paquetá,M,7.126460635219465,3.989603698780278,,
3,623,Potts,M,0.0,1.7903964937001688,,
3,624,Bowen,F,0.0,3.1427603011068284,,
3,625,Füllkrug,F,0.0,2.559548816435067,,
3,626,Marshall,F,0.061516690532407256,0.0,,
3,631,Agbadou,D,10.806660057048614,4.731025855137794,,
3,652,Gonzalez,M,0.0,1.7903964937001688,,
3,654,Strand Larsen,F,31.285872274147874,19.66453217472121,,
3,660,Stach,M,1.3810793563043335,1.2637306031865294,,
3,661,Ekitiké,F,0.0,3.9355764973878027,,
3,665,Perri,G,0.4672223096483523,0.5635328185289431,,
3,666,Gyökeres,F,67.89418469642408,12.912376401128544,,
3,669,Ndoye,M,0.0,1.3340237367796555,,
4,1,Raya,G,2.0,0.0,,
4,5,Gabriel,D,3.8359791476791654,1.8612276339339886,,
4,8,J.Timber,D,0.0,1.6166137892408918,,
4,16,Saka,M,0.0,4.218208162753118,,
4,33,M.Bizot,G,0.0,0.0487523747744198,,
4,38,Konsa,D,0.0,3.62359139666866,,
4,47,Rogers,M,0.0,24.651825306769272,,
4,48,Tielemans,M,29.28317317482742,5.575215863242864,,
4,64,Watkins,F,18.905132553212134,71.77314570293298,,
4,67,Petrović,G,1.491135030792614,0.5517670940371291,,
4,72,Senesi,D,0.9622100092849466,4.372744905139097,,
4,82,Semenyo,M,3.6155894974571128,35.668544977760504,,
4,83,O.Dango,M,9.402853771733575,1.397068143716596,,
4,97,Evanilson,F,14.717389014395243,2.8435074165196363,,
4,100,Kroupi.Jr,F,0.043642538085629824,0.0,,
4,101,Kelleher,G,0.43918897106945115,0.4974732119838757,,
4,105,Valdimarsson,G,0.0,0.046821780733352775,,
4,119,Mbeumo,M,1.5532330589585186,1.613538194343412,,
4,123,Carvalho,M,0.0,1.80287587466507,,
4,136,Thiago,F,4.164701764077255,2.9993003254814443,,
4,139,Verbruggen,G,1.4016669289450567,2.1629270086255463,,
4,145,De Cuyper,D,0.0,2.1473134202480946,,
4,157,Mitoma,M,11.811886007628814,1.7827308696420716,,
4,158,Georginio,M,42.76955201314243,7.690403146253037,,
4,160,Minteh,M,1.5718532237269087,0.0,,
4,190,Ekdal,D,0.0,1.0905972819082839,,
4,191,Estève,D,54.29167507490129,47.8714806900794,,
4,192,Hartman,D,0.0,1.22453028144088,,
4,220,Sánchez,G,69.03402920336174,37.31694869496482,,
4,224,Cucurella,D,0.0,1.771173828581903,,
4,232,Tosin,D,0.0,3.4357014723969517,,
4,235,Palmer,M,1.5190475379232404,4.380424976725286,,
4,242,Dewsbury-Hall,M,0.0,17.656621776359607,,
4,249,João Pedro,F,0.0,47.510269751015585,,
4,252,Marc Guiu,F,1.322264993189618,4.448334238292499,,
4,256,Muñoz,D,10.644136845500482,18.732866803396654,,
4,257,Lacroix,D,11.3210021404932,3.9990060243579775,,
4,261,Richards,D,5.0536471231386315,13.335775265783106,,
4,266,Eze,M,0.33960920817129997,0.0,,
4,267,Sarr,M,11.275282420208514,11.083454019826455,,
4,283,Mateta,F,77.11749519399565,37.30622490735919,,
4,291,Tarkowski,D,3.604363799534555,4.537863268044609,,
4,295,Keane,D,0.0,1.3788200597901756,,
4,299,Ndiaye,M,0.0,1.1838447181216882,,
4,317,Andersen,D,80.016079449695,39.29637170402,,
4,335,King,M,0.0,1.6063530008265103,,
4,337,Raúl,F,0.0,0.037561326499454144,,
4,347,Gudmundsson,D,1.8797721306118165,3.0613257036022,,
4,348,Rodon,D,0.0,11.020772532967921,,
4,370,Frimpong,D,0.0,0.040703697275786446,,
4,373,Virgil,D,19.125655411280235,1.6166137892408918,,
4,381,M.Salah,M,198.0,188.890625,,
4,382,Wirtz,M,72.60171553863532,51.949668842682605,,
4,384,Gakpo,M,4.221003162437033,7.834855427808356,,
4,389,Elliott,M,0.5090641883120779,0.0,,
4,402,Aït-Nouri,D,0.0,6.048985150433361,,
4,413,Marmoush,M,0.0,1.8057881098073552,,
4,419,Grealish,M,0.0,3.1894169464690187,,
4,427,Reijnders,M,21.993370306386904,51.5846823278785,,
4,430,Haaland,F,1.9770073258261054,8.803549789726214,,
4,441,Dorgu,D,17.076251293998048,5.8984015512439845,,
4,449,B.Fernandes,M,99.40691577334519,63.90817633296616,,
4,450,Cunha,M,2.5297107994057564,9.157814130440162,,
4,470,Dúbravka,G,20.87465179493101,21.938568648488914,,
4,486,Elanga,M,0.0,4.507189686662675,,
4,487,Barnes,M,1.5161125364790176,0.0,,
4,491,Tonali,M,1.5718532237269087,1.6167579182097078,,
4,502,Sels,G,0.0,36.0,,
4,505,Milenković,D,1.441745519813822,9.98329918969814,,
4,506,Murillo,D,36.082658924636505,24.16651799868395,,
4,508,N.Williams,D,3.427873158077622,14.456219908613699,,
4,517,Anderson,M,19.817925444748862,7.174363262055578,,
4,525,Wood,F,1.3527011961760333,18.645707486449073,,
4,541,Reinildo,D,0.0,1.999533550320963,,
4,565,Vicario,G,4.733762002516235,0.5630276469766624,,
4,568,Pedro Porro,D,50.523941778984195,55.91171667120059,,
4,569,Romero,D,5.848432712685066,2.4965757236178776,,
4,573,Spence,D,1.0917882945213537,0.0,,
4,575,Van de Ven,D,0.9622100092849466,15.629759994266415,,
4,580,Johnson,M,0.0,1.5607535596720894,,
4,582,Kudus,M,2.8809478067387353,20.20892571758317,,
4,593,P.M.Sarr,M,0.0,1.8323787857297145,,
4,603,Diouf,D,0.0,5.202891319364491,,
4,612,L.Paquetá,M,15.127515425147767,11.254150821287888,,
4,623,Potts,M,0.0,1.80287587466507,,
4,624,Bowen,F,0.0,3.1545160402014716,,
4,625,Füllkrug,F,0.0,2.584298362424607,,
4,626,Marshall,F,0.0665029151781026,0.0,,
4,631,Agbadou,D,7.0966239143888,2.2412583823839487,,
4,652,Gonzalez,M,0.0,1.80287587466507,,
4,654,Strand Larsen,F,26.89793927212562,15.179100898055164,,
4,660,Stach,M,4.891523467348602,1.2834636753196182,,
4,661,Ekitiké,F,0.0,4.057286294203228,,
4,665,Perri,G,0.012912155749441875,0.0477773272789314,,
4,666,Gyökeres,F,83.08316145086081,20.686047067040512,,
4,669,Ndoye,M,0.0,1.4902515863414192,,
5,1,Raya,G,2.0,0.0,,
5,5,Gabriel,D,3.8740059019887947,1.877450360962813,,
5,8,J.Timber,D,0.0,1.6361721533415685,,
5,16,Saka,M,0.0,4.272276815530997,,
5,33,M.Bizot,G,0.0,0.41461130450421607,,
5,38,Konsa,D,0.0,6.174221127624498,,
5,47,Rogers,M,0.0,22.18643729587299,,
5,48,Tielemans,M,19.372055427612842,1.939515825181056,,
5,64,Watkins,F,18.976552674597897,73.32253288258528,,
5,67,Petrović,G,2.900155333669922,0.8233107639051674,,
5,72,Senesi,D,3.3128163811842977,5.9726143237577505,,
5,82,Semenyo,M,3.7148307903892825,49.506486982590594,,
5,83,O.Dango,M,6.519441730446629,0.6346427929491529,,
5,97,Evanilson,F,18.296483007646106,2.8615790871924776,,
5,100,Kroupi.Jr,F,0.4406961626859463,0.0,,
5,101,Kelleher,G,0.9269424176102476,0.779196984736899,,
5,105,Valdimarsson,G,0.0,0.4130426968458491,,
5,119,Mbeumo,M,1.556243895653596,1.6201914156366521,,
5,123,Carvalho,M,0.0,1.826392947582245,,
5,136,Thiago,F,5.9026613146835345,2.9993781032152738,,
5,139,Verbruggen,G,2.838646013649727,3.2573781945082563,,
5,145,De Cuyper,D,0.0,4.191948587527478,,
5,157,Mitoma,M,12.1642706261588,1.8952899951504474,,
5,158,Georginio,M,45.02598649463289,7.878986121695597,,
5,160,Minteh,M,1.694841654565749,0.0,,
5,190,Ekdal,D,0.0,1.7808807487840688,,
5,191,Estève,D,65.08674479423715,52.188271145487384,,
5,192,Hartman,D,0.0,1.3349517799005566,,
5,220,Sánchez,G,61.742151864941405,56.99999999999999,,
5,224,Cucurella,D,0.0,1.9482361831561366,,
5,232,Tosin,D,0.0,6.707117740043965,,
5,235,Palmer,M,2.879833936081012,5.864433605127365,,
5,242,Dewsbury-Hall,M,0.0,21.29999046880285,,
5,249,João Pedro,F,0.0,47.81221724850766,,
5,252,Marc Guiu,F,12.827406163894508,10.622733539830387,,
5,256,Muñoz,D,11.969350028435633,18.959503636528176,,
5,257,Lacroix,D,20.341562058907538,9.113765941858738,,
5,261,Richards,D,5.359353386141459,14.15497362222061,,
5,266,Eze,M,0.4153653384542029,0.0,,
5,267,Sarr,M,11.570891571224223,11.164442627683105,,
5,283,Mateta,F,80.98466585915406,37.54332146165548,,
5,291,Tarkowski,D,4.053113237142226,4.592763939204403,,
5,295,Keane,D,0.0,1.4635190821035846,,
5,299,Ndiaye,M,0.0,1.2011765414963083,,
5,317,Andersen,D,84.85642861390642,41.71029383995216,,
5,335,King,M,0.0,1.6272129907462338,,
5,337,Raúl,F,0.0,0.0896973881529707,,
5,347,Gudmundsson,D,2.2535360857379696,3.3373794497513916,,
5,348,Rodon,D,0.0,12.014566019105008,,
5,370,Frimpong,D,0.0,0.11250555294272996,,
5,373,Virgil,D,27.531472773817605,3.1388623222347043,,
5,381,M.Salah,M,196.4375,187.328125,,
5,382,Wirtz,M,73.38015455242908,49.32838973151329,,
5,384,Gakpo,M,4.3316671010224015,7.892105995431159,,
5,389,Elliott,M,0.9650918016357279,0.0,,
5,402,Aït-Nouri,D,0.0,1.9085763445641688,,
5,413,Marmoush,M,0.0,1.826392947582245,,
5,419,Grealish,M,0.0,3.23611091767829,,
5,427,Reijnders,M,23.714224430683956,53.13598523434503,,
5,430,Haaland,F,1.9844760966899764,5.801134248816734,,
5,441,Dorgu,D,21.612841423987597,7.123762889704375,,
5,449,B.Fernandes,M,101.16210932183014,64.1716936398891,,
5,450,Cunha,M,2.319698583504002,9.162857364002086,,
5,470,Dúbravka,G,44.66382310901507,34.70008702689724,,
5,486,Elanga,M,0.0,3.1391128786569835,,
5,487,Barnes,M,0.9650918016357279,0.0,,
5,491,Tonali,M,1.694841654565749,1.6653785773741832,,
5,502,Sels,G,0.0,19.358740234832833,,
5,505,Milenković,D,1.6212452948568898,10.104080666249686,,
5,506,Murillo,D,40.874786570095374,30.797722278990943,,
5,508,N.Williams,D,4.605622773841585,16.862826426492685,,
5,517,Anderson,M,21.368563580764963,8.691194450671517,,
5,525,Wood,F,1.4205343950035796,18.76420870195484,,
5,541,Reinildo,D,0.0,1.9995854021435162,,
5,565,Vicario,G,15.848204589099705,2.0,,
5,568,Pedro Porro,D,65.05114643805494,60.06321814920857,,
5,569,Romero,D,9.854131557802035,4.793697361544595,,
5,573,Spence,D,1.3818400111240823,0.0,,
5,575,Van de Ven,D,1.292806392657287,18.231732191207968,,
5,580,Johnson,M,0.0,1.526750354619533,,
5,582,Kudus,M,2.9600245341747273,20.50479013777816,,
5,593,P.M.Sarr,M,0.0,1.687789568969112,,
5,603,Diouf,D,0.0,5.522497786375245,,
5,612,L.Paquetá,M,16.311156083540766,11.592596190940602,,
5,623,Potts,M,0.0,0.39952345728361605,,
5,624,Bowen,F,0.0,3.1745642998541554,,
5,625,Füllkrug,F,0.0,2.635250636272226,,
5,626,Marshall,F,0.6715370098071564,0.0,,
5,631,Agbadou,D,10.061522580997224,2.706867810194837,,
5,652,Gonzalez,M,0.0,1.826392947582245,,
5,654,Strand Larsen,F,27.5161130310346,16.137626616974178,,
5,660,Stach,M,6.531659620996831,1.3340095680462598,,
5,661,Ekitiké,F,0.0,4.132264784927302,,
5,665,Perri,G,0.6338771070777414,0.4138190784141317,,
5,666,Gyökeres,F,83.37900349998979,19.536372481963618,,
5,669,Ndoye,M,0.0,1.5120692934130002,,
6,1,Raya,G,72.4375,41.90625,,
6,5,Gabriel,D,68.91084071810928,42.718515157739,,
6,8,J.Timber,D,0.0,0.9538425236144676,,
6,16,Saka,M,6.192762284949202,6.981320968477498,,
6,33,M.Bizot,G,0.0,0.018749305097457022,,
6,38,Konsa,D,0.0,3.3557821838138544,,
6,47,Rogers,M,0.0,8.099024055569911,,
6,48,Tielemans,M,1.7285391626970927,2.575618613874731,,
6,64,Watkins,F,5.177402221515981,24.37066471583171,,
6,67,Petrović,G,2.061633872026986,0.836224178614931,,
6,72,Senesi,D,29.37769035420093,25.398154346089335,,
6,82,Semenyo,M,40.11812365013576,67.56978643305696,,
6,83,O.Dango,M,1.1253769300873544,0.21791246147977844,,
6,97,Evanilson,F,5.69911893380501,1.7224867802213413,,
6,100,Kroupi.Jr,F,0.008934292752276009,0.0,,
6,101,Kelleher,G,0.10743675087940951,0.32536424215785503,,
6,105,Valdimarsson,G,0.0,0.018538375415110633,,
6,119,Mbeumo,M,0.4650070772151126,5.3913410843580145,,
6,123,Carvalho,M,0.0,1.0024029199944897,,
6,136,Thiago,F,0.0,0.12496739106182787,,
6,139,Verbruggen,G,0.32784259645337926,1.3578281258418952,,
6,145,De Cuyper,D,0.0,0.2506973238261797,,
6,151,Van Hecke,D,5.164099163480441,2.03632603104494,,
6,157,Mitoma,M,3.5218420076027193,1.050985960893201,,
6,158,Georginio,M,12.434013579438922,4.264765984640995,,
6,160,Minteh,M,2.6134946290349643,1.383234913345314,,
6,190,Ekdal,D,0.0,1.062222824025537,,
6,191,Estève,D,15.815153889543712,27.383584601994183,,
6,192,Hartman,D,0.0,0.7042538458094696,,
6,217,Foster,F,0.9514648038324328,0.3821354719172069,,
6,220,Sánchez,G,5.267815670675678,14.642502717197154,,
6,224,Cucurella,D,0.0,0.1319637369189515,,
6,232,Tosin,D,0.0,0.4016407386953455,,
6,235,Palmer,M,0.36901397855331186,3.229964964426689,,
6,237,Enzo,M,7.128208223387903,0.0,,
6,242,Dewsbury-Hall,M,0.0,13.224900105235218,,
6,249,João Pedro,F,12.8954554829088,60.170843351730085,,
6,252,Marc Guiu,F,0.6863867518813787,2.2677650452225904,,
6,256,Muñoz,D,3.2022010862616987,8.275986601949057,,
6,257,Lacroix,D,11.577188542638448,8.07960725885196,,
6,261,Richards,D,2.7317336154642913,16.9970887081098,,
6,266,Eze,M,0.12678631227369788,0.0,,
6,267,Sarr,M,3.352793591237788,4.773227905723288,,
6,283,Mateta,F,12.779163800197196,13.408913476865486,,
6,291,Tarkowski,D,43.106553084292095,30.77544848250209,,
6,295,Keane,D,0.0,0.7999852264819406,,
6,299,Ndiaye,M,55.92138312364258,33.56488577189501,,
6,317,Andersen,D,77.26190874057451,44.47710070869075,,
6,335,King,M,0.0,2.2842992951101024,,
6,337,Raúl,F,0.0,0.1236432277482715,,
6,338,Muniz,F,0.8539797095442869,0.1236432277482715,,
6,347,Gudmundsson,D,0.5441773381348374,1.7469153837611515,,
6,348,Rodon,D,5.084657003197387,15.521023069333372,,
6,370,Frimpong,D,0.0,0.02231337437196364,,
6,373,Virgil,D,8.913989413448807,1.846039817755095,,
6,381,M.Salah,M,12.586191556622381,14.957592534876277,,
6,382,Wirtz,M,20.380291132070464,20.627808242953964,,
6,384,Gakpo,M,1.253775754706568,2.9485995013948143,,
6,389,Elliott,M,0.12300465951777065,0.0,,
6,402,Aït-Nouri,D,0.0,0.37276460715515725,,
6,403,Gvardiol,D,13.300676531988845,4.453011527302088,,
6,413,Marmoush,M,0.0,1.0024029199944897,,
6,414,Foden,M,38.626587880668694,16.654588475078103,,
6,419,Grealish,M,0.0,4.802421960192544,,
6,427,Reijnders,M,66.31448308717997,70.24857309917986,,
6,430,Haaland,F,207.125,237.515625,,
6,441,Dorgu,D,4.866529380007687,3.3059970116241866,,
6,449,B.Fernandes,M,99.2015098058907,85.30098993420694,,
6,450,Cunha,M,5.253789359032456,5.10876646632756,,
6,470,Dúbravka,G,17.330592440815636,26.929296829877526,,
6,486,Elanga,M,0.0,0.3618106562554929,,
6,487,Barnes,M,0.12300465951777065,0.0,,
6,491,Tonali,M,0.44735493650148034,0.889222444293416,,
6,502,Sels,G,0.0,11.585052387247845,,
6,505,Milenković,D,0.43106553084292093,4.502697795297707,,
6,506,Murillo,D,8.923298991583444,16.287032360567917,,
6,508,N.Williams,D,0.954647650158176,7.440645549838257,,
6,517,Anderson,M,5.650799197913436,4.668417832540435,,
6,525,Wood,F,0.2960581264314291,7.309712806821659,,
6,565,Vicario,G,1.2608085374840818,1.6974080922847437,,
6,568,Pedro Porro,D,14.316210689256287,30.519420467606995,,
6,569,Romero,D,1.8124463779009188,1.8101672875211743,,
6,573,Spence,D,0.3092197185481435,0.0,,
6,575,Van de Ven,D,0.26730134204428924,8.80628910392399,,
6,580,Johnson,M,0.0,0.8353357666620747,,
6,582,Kudus,M,0.8553671942182037,11.289132002755347,,
6,593,P.M.Sarr,M,0.0,1.0024029199944897,,
6,597,Richarlison,F,2.974852394786142,7.037360379339121,,
6,603,Diouf,D,0.0,1.816412806766901,,
6,612,L.Paquetá,M,4.320506886737982,5.001876249150465,,
6,623,Potts,M,0.0,0.22275620444321995,,
6,624,Bowen,F,0.0,1.7515485222250196,,
6,625,Füllkrug,F,0.0,1.1024854474220878,,
6,626,Marshall,F,0.013595662883898272,0.0,,
6,631,Agbadou,D,2.1388140773600783,2.4922773313799413,,
6,652,Gonzalez,M,0.0,1.0024029199944897,,
6,654,Strand Larsen,F,6.576719808583888,8.78613004701138,,
6,660,Stach,M,43.22844516400871,33.199216417225145,,
6,665,Perri,G,0.009347836676124875,0.0,,
6,666,Gyökeres,F,83.64077169823962,39.217123138164126,,
6,669,Ndoye,M,0.0,0.8758216340776676,,
6,683,Alderete,D,4.302402079628558,4.609661536207437,,
6,691,Calvert-Lewin,F,23.66104949224035,1.7339225509828617,,
6,717,Xavi,M,0.0,1.4597027234627793,,
7,1,Raya,G,72.4375,44.78125,,
7,5,Gabriel,D,76.61679125627501,54.643812978191455,,
7,7,Calafiori,D,1.3215251516209863,0.0,,
7,8,J.Timber,D,0.0,5.325484970339613,,
7,16,Saka,M,11.006456319708223,19.179681390522916,,
7,33,M.Bizot,G,0.0,0.1906703617873208,,
7,38,Konsa,D,0.0,3.5757051680387724,,
7,47,Rogers,M,0.0,8.201773766714641,,
7,48,Tielemans,M,3.920669775051057,2.596591632024398,,
7,64,Watkins,F,5.239899963596171,25.017525453245536,,
7,67,Petrović,G,5.468282052381081,1.1042509397912634,,
7,72,Senesi,D,50.09486301658816,34.126012252223994,,
7,82,Semenyo,M,43.993566721575775,68.4651491656402,,
7,83,O.Dango,M,3.035669189116057,0.7949089095070593,,
7,97,Evanilson,F,7.070203845452403,1.7439348941450463,,
7,100,Kroupi.Jr,F,0.28737286848421234,0.0,,
7,101,Kelleher,G,0.3209877259454907,0.46441628649362654,,
7,105,Valdimarsson,G,0.0,0.19047810135284426,,
7,119,Mbeumo,M,0.46696844681306754,5.395281260840111,,
7,123,Carvalho,M,0.0,1.0216098224358288,,
7,136,Thiago,F,0.0,0.1249725014602486,,
7,139,Verbruggen,G,0.942928857260805,1.820552756180609,,
7,145,De Cuyper,D,0.0,0.6708430808524981,,
7,151,Van Hecke,D,5.831636107068894,2.163357672199006,,
7,157,Mitoma,M,1.9929505217461656,1.055017106290974,,
7,158,Georginio,M,13.838660951322495,4.385247484113944,,
7,160,Minteh,M,4.449258543826557,1.427814407509243,,
7,190,Ekdal,D,0.0,0.881067960490565,,
7,191,Estève,D,22.36507854955103,30.033693713434218,,
7,192,Hartman,D,0.0,0.7721788640801762,,
7,217,Foster,F,1.8511757302881446,0.5935623468414551,,
7,220,Sánchez,G,11.801735132400761,19.35035377984896,,
7,232,Tosin,D,0.0,1.0719291556479071,,
7,235,Palmer,M,1.0322317652559363,1.8161952398859178,,
7,237,Enzo,M,7.531489914865258,0.0,,
7,242,Dewsbury-Hall,M,0.0,13.321701139128105,,
7,249,João Pedro,F,14.281105301965185,57.68991042811324,,
7,252,Marc Guiu,F,12.9406203499784,5.334788430476396,,
7,256,Muñoz,D,1.4122180541832108,8.323747286080415,,
7,257,Lacroix,D,14.614513441455612,8.109585692098928,,
7,261,Richards,D,3.0848509841741247,18.102707982390648,,
7,266,Eze,M,0.13395930678614096,1.505325922903231,,
7,267,Sarr,M,3.5424794461223943,7.8070334629000895,,
7,283,Mateta,F,14.152317779201976,13.53825564142482,,
7,291,Tarkowski,D,54.415741537334725,30.924934170926555,,
7,295,Keane,D,0.0,0.8518921403477951,,
7,299,Ndiaye,M,59.23239165619319,32.568344803101475,,
7,317,Andersen,D,70.64217639996441,32.7434951903822,,
7,335,King,M,0.0,2.3474997683004117,,
7,337,Raúl,F,0.0,0.17585898092218955,,
7,338,Muniz,F,0.6664382862750619,0.04569411931885564,,
7,347,Gudmundsson,D,0.7695510898770246,0.0,,
7,348,Rodon,D,7.190492996038449,17.01841575439862,,
7,367,Mamardashvili,G,0.0,0.6336405149799719,,
7,370,Frimpong,D,0.0,0.0603403829338226,,
7,373,Virgil,D,9.105717088080704,1.8555519380294958,,
7,381,M.Salah,M,12.639279293740364,11.833347975456041,,
7,382,Wirtz,M,17.751993606454505,12.121129665395959,,
7,384,Gakpo,M,1.3247087004407274,0.0,,
7,389,Elliott,M,0.3440772550853122,0.0,,
7,402,Aït-Nouri,D,0.0,0.6353487379502497,,
7,403,Gvardiol,D,21.188006794555537,4.888718277507591,,
7,413,Marmoush,M,0.0,1.0216098224358288,,
7,414,Foden,M,38.78951231527215,16.624115929759444,,
7,419,Grealish,M,0.0,3.305813791473762,,
7,427,Reijnders,M,77.3539301770833,71.27495163971814,,
7,430,Haaland,F,177.4375,187.515625,,
7,441,Dorgu,D,7.386448194638944,6.724621639626519,,
7,449,B.Fernandes,M,107.43243532012107,83.6041902940266,,
7,450,Cunha,M,6.950999585458647,5.165334049177753,,
7,469,Pope,G,0.0,0.9835109591523531,,
7,470,Dúbravka,G,50.825323991071045,36.783199583915184,,
7,478,Trippier,D,0.0,1.4099310702754262,,
7,485,Gordon,M,0.0,10.581555752172713,,
7,486,Elanga,M,0.0,0.3663253841288103,,
7,487,Barnes,M,0.3440772550853122,0.0,,
7,491,Tonali,M,0.5415747849127237,0.953890691408471,,
7,502,Sels,G,0.0,7.104082317903185,,
7,505,Milenković,D,0.5441574153733473,4.525948352808733,,
7,506,Murillo,D,12.079804082306653,12.74957166356935,,
7,508,N.Williams,D,1.6278659992392166,7.896512783491771,,
7,517,Anderson,M,6.591494139002305,4.82369732266636,,
7,525,Wood,F,0.36728331664687813,4.36716469290104,,
7,565,Vicario,G,2.728567168936607,1.7932519013063135,,
7,568,Pedro Porro,D,21.659849999948612,28.41504499854412,,
7,569,Romero,D,2.8872310425242698,1.9857268055030832,,
7,573,Spence,D,0.4790073310943664,0.0,,
7,575,Van de Ven,D,0.4558024797869806,9.49761038608936,,
7,580,Johnson,M,0.0,0.8513415186965239,,
7,582,Kudus,M,0.9060120087832959,11.431924394016644,,
7,593,P.M.Sarr,M,0.0,1.0216098224358288,,
7,597,Richarlison,F,3.960747796065013,6.4592933714963054,,
7,603,Diouf,D,0.0,2.2076877523678555,,
7,612,L.Paquetá,M,5.039746560445512,5.1710035298983374,,
7,623,Potts,M,0.0,0.22702440498573973,,
7,624,Bowen,F,0.0,0.2377739739437949,,
7,625,Füllkrug,F,0.0,1.1916282599139734,,
7,626,Marshall,F,0.25632241779810067,0.0,,
7,631,Agbadou,D,2.2977242906810913,0.6992385551742971,,
7,652,Gonzalez,M,0.0,1.0216098224358288,,
7,654,Strand Larsen,F,8.15893653408422,8.895533451647422,,
7,660,Stach,M,48.032606183039825,40.62758801457339,,
7,665,Perri,G,0.2599949106822558,0.0,,
7,666,Gyökeres,F,85.89036238778313,48.75614137256783,,
7,683,Alderete,D,7.7515436742046475,7.763916653217944,,
7,691,Calvert-Lewin,F,28.888452511966445,1.7339934577609493,,
7,717,Xavi,M,0.0,1.4610516310531358,,
8,1,Raya,G,93.21875,43.015625,,
8,5,Gabriel,D,89.39724909099546,62.371917230491114,,
8,7,Calafiori,D,0.7380555391485397,0.0,,
8,8,J.Timber,D,0.0,10.074746230836881,,
8,16,Saka,M,15.546288636642183,31.4369561921002,,
8,33,M.Bizot,G,0.0,0.20796075226110028,,
8,38,Konsa,D,0.0,2.32898426519244,,
8,47,Rogers,M,0.0,8.238141283693738,,
8,48,Tielemans,M,1.0361012191000007,2.607010157114923,,
8,64,Watkins,F,4.443956995144262,18.947257757615322,,
8,67,Petrović,G,0.4574572130814545,1.1565814063724356,,
8,72,Senesi,D,24.26615575300769,34.62944223904035,,
8,82,Semenyo,M,48.63976981332817,68.74051793739653,,
8,83,O.Dango,M,1.8171790418036298,0.8003257730101927,,
8,97,Evanilson,F,6.55962002377867,1.3435593560426144,,
8,100,Kroupi.Jr,F,0.2638702436506809,0.0,,
8,101,Kelleher,G,0.02577261547606017,0.4863226770795181,,
8,105,Valdimarsson,G,0.0,0.20776897544646541,,
8,119,Mbeumo,M,0.2803444946013151,1.8620456326157078,,
8,123,Carvalho,M,0.0,1.0257089142747238,,
8,136,Thiago,F,1.0072322814658166,1.7870485072251836,,
8,139,Verbruggen,G,0.07052242696409047,1.9078011240078265,,
8,145,De Cuyper,D,0.0,0.7101509499745587,,
8,151,Van Hecke,D,3.6770561956070162,2.1699316812280784,,
8,157,Mitoma,M,0.9683188963551409,1.0257089142747238,,
8,158,Georginio,M,10.391192830595404,2.9078503086037006,,
8,160,Minteh,M,5.0106259253548435,1.439251550727208,,
8,190,Ekdal,D,0.0,0.2544391104186922,,
8,191,Estève,D,11.510822457515356,30.24862469205953,,
8,192,Hartman,D,0.0,0.7753406875955107,,
8,217,Foster,F,1.8741771496510486,0.0,,
8,220,Sánchez,G,1.1062359876010615,19.773954284651126,,
8,232,Tosin,D,0.0,1.1354820002267012,,
8,235,Palmer,M,0.24207972408878523,1.8234825142661757,,
8,237,Enzo,M,11.801023457718864,0.0,,
8,242,Dewsbury-Hall,M,0.0,13.366982062421917,,
8,249,João Pedro,F,15.470054784564722,59.47893114881152,,
8,252,Marc Guiu,F,0.6193365319752772,5.682853978966394,,
8,256,Muñoz,D,1.373603364526449,8.269030690174793,,
8,257,Lacroix,D,17.856843738843835,8.05406455438169,,
8,261,Richards,D,2.2186983146374537,18.166077268501034,,
8,266,Eze,M,0.08410334838039452,4.612794862616185,,
8,267,Sarr,M,3.4482372835961757,15.375982875387283,,
8,283,Mateta,F,15.108484221987245,13.56667658401785,,
8,291,Tarkowski,D,43.360762924976704,25.939247052368074,,
8,295,Keane,D,0.0,0.8520674140947951,,
8,299,Ndiaye,M,52.55057551301652,29.538814808312814,,
8,317,Andersen,D,44.76615432116917,32.44668695936361,,
8,335,King,M,1.4158928975600127,2.3554790012700235,,
8,337,Raúl,F,0.0,0.1763300463396324,,
8,338,Muniz,F,0.03019265593379476,0.04867540881341664,,
8,347,Gudmundsson,D,0.8488807122061471,0.0,,
8,348,Rodon,D,3.624720641120248,17.14019813377809,,
8,367,Mamardashvili,G,0.0,1.4008402110303688,,
8,370,Frimpong,D,0.0,0.06076157860744887,,
8,373,Virgil,D,29.258918383256315,0.20512258426753013,,
8,381,M.Salah,M,24.70131287072608,11.849898276805703,,
8,382,Wirtz,M,10.495042271091618,10.556952554861375,,
8,384,Gakpo,M,0.8308596467845023,0.0,,
8,389,Elliott,M,0.08069324136292841,0.0,,
8,402,Aït-Nouri,D,0.0,0.6721749633449032,,
8,403,Gvardiol,D,13.19697148483137,4.924452688742052,,
8,413,Marmoush,M,0.0,1.0257089142747238,,
8,414,Foden,M,35.01402395829979,16.632232702694086,,
8,419,Grealish,M,0.0,1.642060127104823,,
8,427,Reijnders,M,65.75116842807782,73.88340761172428,,
8,430,Haaland,F,177.78125,187.515625,,
8,441,Dorgu,D,0.3204044412368459,1.951965712764295,,
8,449,B.Fernandes,M,99.19865132054832,76.89570005676856,,
8,450,Cunha,M,1.9856137321460139,1.849166809802728,,
8,469,Pope,G,0.0,2.1459483077419637,,
8,470,Dúbravka,G,3.7523403979071985,38.18710872007145,,
8,478,Trippier,D,0.0,1.4032072349974756,,
8,485,Gordon,M,0.0,10.114293322617138,,
8,486,Elanga,M,0.0,0.367308611160078,,
8,487,Barnes,M,0.08069324136292841,0.0,,
8,491,Tonali,M,0.3199258876414841,0.9603909276122311,,
8,502,Sels,G,0.0,6.471317039396345,,
8,505,Milenković,D,0.3075231413118915,4.499957775935677,,
8,506,Murillo,D,4.919830969545134,9.992535247572414,,
8,508,N.Williams,D,0.6795285698957926,7.056533154195119,,
8,517,Anderson,M,3.7520884276718194,4.862336320024351,,
8,525,Wood,F,0.22490125795812582,2.100017144738877,,
8,565,Vicario,G,0.25731405022703496,1.8554347371846376,,
8,568,Pedro Porro,D,9.881892247841728,28.62338125331318,,
8,569,Romero,D,0.7692640477485233,2.5460888174343674,,
8,573,Spence,D,0.2204505301436433,0.0,,
8,575,Van de Ven,D,0.19052202894274556,9.635047096044735,,
8,580,Johnson,M,0.0,0.8547574285622698,,
8,582,Kudus,M,2.8034449460131508,11.48261473446353,,
8,593,P.M.Sarr,M,0.0,1.0257089142747238,,
8,597,Richarlison,F,0.12193187973263267,0.9856770284716873,,
8,603,Diouf,D,0.0,2.247044627342961,,
8,612,L.Paquetá,M,9.7154390008054,6.664642315980044,,
8,623,Potts,M,0.0,0.22793531428327196,,
8,624,Bowen,F,0.0,10.275528916544806,,
8,625,Füllkrug,F,0.0,1.2080743789626873,,
8,626,Marshall,F,0.011612559974536446,0.0,,
8,631,Agbadou,D,0.13324948406825354,0.7405317392782832,,
8,652,Gonzalez,M,0.0,1.0257089142747238,,
8,654,Strand Larsen,F,7.024799501505181,9.03948703238072,,
8,660,Stach,M,48.140358517040426,39.13274316220383,,
8,665,Perri,G,0.005587806163112654,0.0,,
8,666,Gyökeres,F,82.11321510006566,44.4889377818632,,
8,683,Alderete,D,6.6974928922143295,7.685880141150839,,
8,691,Calvert-Lewin,F,21.029472023092215,8.748156258220467,,
8,694,Mukiele,D,1.3751867537739584,2.295008435282712,,
9,1,Raya,G,93.21875,43.015625,,
9,5,Gabriel,D,89.85951567748023,61.20955991177583,,
9,7,Calafiori,D,0.7724778717140995,0.0,,
9,8,J.Timber,D,1.0728859329362495,12.913224217292498,,
9,16,Saka,M,24.893804646284398,37.89131849204433,,
9,33,M.Bizot,G,0.0,0.07189822430051165,,
9,38,Konsa,D,0.0,0.9747118063541625,,
9,47,Rogers,M,0.0,6.498677067415219,,
9,48,Tielemans,M,0.7950544015188613,2.5408104327898053,,
9,64,Watkins,F,4.45702718099633,16.73981105898023,,
9,67,Petrović,G,0.4574572130814544,0.9392548927224562,,
9,72,Senesi,D,26.287634364012142,29.57969502369007,,
9,74,Truffert,D,0.0,1.1406201989250841,,
9,82,Semenyo,M,53.840165447332055,74.66004355175455,,
9,83,O.Dango,M,1.8608119900792184,0.7656475753023114,,
9,97,Evanilson,F,0.9883405411335462,0.0,,
9,100,Kroupi.Jr,F,9.694784483989935,7.245523885801283,,
9,101,Kelleher,G,0.023507475654696817,0.3832384863448865,,
9,105,Valdimarsson,G,0.0,0.07167750004215832,,
9,119,Mbeumo,M,0.2841322682077326,1.809758170672593,,
9,123,Carvalho,M,0.0,0.9996631210976282,,
9,136,Thiago,F,1.0304007009131633,1.7633735714788892,,
9,139,Verbruggen,G,0.0701918530876963,1.5236012936693852,,
9,145,De Cuyper,D,0.0,0.35451596599824653,,
9,151,Van Hecke,D,3.776005596281278,0.8399112373902892,,
9,157,Mitoma,M,0.3597531228592133,0.9996631210976282,,
9,158,Georginio,M,6.709406612116618,2.781852856931732,,
9,160,Minteh,M,8.821799401696298,2.7192633961649237,,
9,190,Ekdal,D,0.0,0.12701908942183165,,
9,191,Estève,D,12.234758309800087,27.789505325021135,,
9,192,Hartman,D,0.0,0.687178667779949,,
9,217,Foster,F,0.04430651147377515,0.0,,
9,220,Sánchez,G,1.106235987601061,17.968607761579598,,
9,225,James,D,0.0,2.0045768540437416,,
9,232,Tosin,D,0.0,0.5668463841362339,,
9,235,Palmer,M,0.26981484214441,1.7771788819513392,,
9,237,Enzo,M,67.58674900713524,40.19957276554037,,
9,242,Dewsbury-Hall,M,0.0,13.079712884865765,,
9,249,João Pedro,F,15.825897944794482,55.16420322776459,,
9,252,Marc Guiu,F,0.7532106950541776,3.737695367200071,,
9,256,Muñoz,D,0.36478121719832485,8.058523455211786,,
9,257,Lacroix,D,18.68967295174947,6.323702433603692,,
9,261,Richards,D,2.2784033767392122,16.559731433485084,,
9,266,Eze,M,0.08523968046231976,4.483264559166195,,
9,267,Sarr,M,3.4948268989551106,14.944215197220654,,
9,283,Mateta,F,15.456010513697446,14.929896238521264,,
9,291,Tarkowski,D,47.528846829075846,17.586048581946553,,
9,295,Keane,D,7.680011382267006,6.491165859337296,,
9,299,Ndiaye,M,51.839932334500816,27.18750342760417,,
9,317,Andersen,D,47.27569034891733,22.65749251609444,,
9,335,King,M,0.0,0.749432197727444,,
9,337,Raúl,F,0.0,0.1733468716045384,,
9,338,Muniz,F,0.03455907894954462,0.026031540572490332,,
9,347,Gudmundsson,D,0.9022683119321597,0.0,,
9,348,Rodon,D,5.657222315814642,22.246264071596215,,
9,367,Mamardashvili,G,0.0,1.1052123183557074,,
9,370,Frimpong,D,0.0,0.03033291687685532,,
9,373,Virgil,D,20.921275692256863,1.734821021608093,,
9,381,M.Salah,M,21.601527484869642,11.74540870121564,,
9,382,Wirtz,M,10.554093974023669,10.292965217047412,,
9,384,Gakpo,M,0.8416247765768212,0.0,,
9,389,Elliott,M,0.08993828071480332,0.0,,
9,402,Aït-Nouri,D,0.0,0.335557892950212,,
9,403,Gvardiol,D,11.177412938073239,3.3560788959103376,,
9,413,Marmoush,M,0.0,0.9996631210976282,,
9,414,Foden,M,13.328156230333784,11.520400871690436,,
9,419,Grealish,M,0.0,1.6173079293131503,,
9,427,Reijnders,M,52.91520292915411,46.74278447220612,,
9,430,Haaland,F,150.0191375482388,185.484375,,
9,441,Dorgu,D,0.22761429522073373,0.7640103438357935,,
9,449,B.Fernandes,M,124.30174607000724,76.11509418268422,,
9,450,Cunha,M,0.5848578955872825,1.8212927131904841,,
9,467,Obi,F,0.04430651147377515,0.0,,
9,469,Pope,G,0.0,2.0156309950421445,,
9,470,Dúbravka,G,3.734751302292009,29.849785508006764,,
9,478,Trippier,D,0.0,1.3579734083593051,,
9,485,Gordon,M,0.0,12.049672590468242,,
9,486,Elanga,M,0.0,0.3610819247197783,,
9,487,Barnes,M,0.08993828071480332,0.0,,
9,491,Tonali,M,0.32760774473225673,0.9187770903627738,,
9,497,L.Miley,M,0.0,1.5272631016769322,,
9,502,Sels,G,0.0,5.412742252890132,,
9,505,Milenković,D,0.32186577988087484,4.393014522459203,,
9,506,Murillo,D,5.2969570465852165,8.82558044789394,,
9,508,N.Williams,D,0.7361363195365871,5.864446305470468,,
9,517,Anderson,M,3.8762451916544345,4.614134721999305,,
9,525,Wood,F,0.010633562753706036,0.40131958382589267,,
9,565,Vicario,G,0.2573140502270349,1.653413641571491,,
9,568,Pedro Porro,D,15.063318498424941,37.452547377781165,,
9,569,Romero,D,0.8290313020641071,0.0,,
9,573,Spence,D,0.23669404380299064,0.0,,
9,575,Van de Ven,D,0.2063933606177347,7.223281425030699,,
9,580,Johnson,M,0.0,0.866596619327468,,
9,582,Kudus,M,0.0,10.257520560688809,,
9,593,P.M.Sarr,M,0.0,0.9016051757958826,,
9,597,Richarlison,F,0.05095248819484142,0.04772449104956561,,
9,603,Diouf,D,0.0,1.8167224593513311,,
9,612,L.Paquetá,M,6.391551632633957,6.324440658953713,,
9,623,Potts,M,0.0,0.2003567057324184,,
9,624,Bowen,F,0.0,10.080618916954318,,
9,625,Füllkrug,F,0.0,0.2321145701047055,,
9,626,Marshall,F,0.013291953442132545,0.0,,
9,631,Agbadou,D,0.1522040879895484,0.36968242443667415,,
9,652,Gonzalez,M,0.0,0.9996631210976282,,
9,654,Strand Larsen,F,7.1863843755994985,8.875646976443745,,
9,660,Stach,M,36.692067410012754,23.288447082111976,,
9,665,Perri,G,0.02577261547606017,0.0,,
9,666,Gyökeres,F,77.16324033628698,34.718128425426784,,
9,683,Alderete,D,1.0979063189497633,4.73017141867149,,
9,691,Calvert-Lewin,F,2.6828081840493647,8.802849602603745,,
9,694,Mukiele,D,1.461674665330099,2.034048856628649,,
9,714,Woltemade,F,0.0,4.834582541804623,,
10,1,Raya,G,93.21875,57.21874999999999,94.0,58.0
10,5,Gabriel,D,73.24660343641679,59.4604179713692,97.0,97.0
10,7,Calafiori,D,0.8373187751548898,0.0,,
10,8,J.Timber,D,4.563831979551869,27.333480674537086,5.0,30.0
10,16,Saka,M,32.694564536943965,61.26945963134206,33.0,64.0
10,33,M.Bizot,G,0.0,0.09581747809918266,,
10,38,Konsa,D,0.0,0.577340571854198,,
10,47,Rogers,M,0.0,2.8513430916401337,,
10,48,Tielemans,M,0.9818272064658309,1.1212116004868145,,
10,64,Watkins,F,4.47889926605483,12.025917376715872,,
10,67,Petrović,G,0.4574572130814544,0.706425996957892,3.0,2.0
10,72,Senesi,D,28.910486572457643,41.37916499434225,,
10,74,Truffert,D,5.359472521422828,0.8771135610861853,,
10,82,Semenyo,M,48.12078095077192,88.25715206700485,44.0,92.0
10,83,O.Dango,M,1.8257883398862447,0.33378343192800247,,
10,100,Kroupi.Jr,F,4.89719283501556,2.313341071504308,,
10,101,Kelleher,G,0.023507475654696817,0.22516491305666245,,
10,105,Valdimarsson,G,0.0,0.09545260899343942,,
10,119,Mbeumo,M,0.31085436382370407,17.62777949301738,0.0,19.0
10,123,Carvalho,M,0.0,0.4399691090517879,,
10,136,Thiago,F,1.0713165492665142,4.0141385352497,2.0,5.0
10,139,Verbruggen,G,0.0701918530876963,0.8949155420207102,,
10,145,De Cuyper,D,0.0,0.23972532079100556,,
10,151,Van Hecke,D,3.952610984549336,0.4885189454150905,,
10,157,Mitoma,M,0.0,0.4399691090517879,,
10,158,Georginio,M,4.011591282003579,1.2067554846627782,,
10,160,Minteh,M,27.335394440832083,12.555392170214862,34.0,16.0
10,178,Welbeck,F,0.0,2.1111395259461383,0.0,3.0
10,190,Ekdal,D,0.0,0.08695918499281574,,
10,191,Estève,D,12.653857579323699,17.008475519083117,,
10,192,Hartman,D,0.0,0.40900146409525373,,
10,217,Foster,F,0.05830738063626092,0.0,,
10,220,Sánchez,G,1.106235987601061,10.323786896540664,3.0,11.0
10,225,James,D,0.0,1.1964906748694306,,
10,232,Tosin,D,0.0,0.3854407118600482,,
10,235,Palmer,M,0.3331992782123861,0.7805903547693013,,
10,237,Enzo,M,74.90408232189188,54.95342019364775,81.0,55.0
10,242,Dewsbury-Hall,M,0.0,4.420314102466161,,
10,249,João Pedro,F,1.346013100360492,4.0141385352497,2.0,5.0
10,252,Marc Guiu,F,1.1078402320889575,3.407692124163638,,
10,256,Muñoz,D,3.8842287625240726,24.878864811978836,6.0,28.0
10,257,Lacroix,D,13.908331292245574,5.178407707544574,28.0,9.0
10,261,Richards,D,2.3849652720331584,16.198844121832206,2.0,23.0
10,266,Eze,M,0.08719579600576349,3.56769037082066,,
10,267,Sarr,M,31.187029704728076,42.50327189804456,31.0,48.0
10,283,Mateta,F,50.406817125744965,77.50260808983957,56.0,81.0
10,291,Tarkowski,D,51.51836352689114,12.753631617162513,70.0,14.0
10,295,Keane,D,8.03920878213424,5.118346223553562,,
10,299,Ndiaye,M,48.66978680388366,27.459979035253507,52.0,31.0
10,317,Andersen,D,54.764696551801165,24.254246514034516,92.0,47.0
10,335,King,M,0.0,0.9940897667739482,,
10,337,Raúl,F,0.0,0.11893743808147259,,
10,338,Muniz,F,0.045479756896283516,0.0,,
10,347,Gudmundsson,D,1.007472737207301,0.0,,
10,348,Rodon,D,5.309381325082475,16.340107272878676,,
10,367,Mamardashvili,G,0.0,0.8433326502063323,0.0,3.0
10,370,Frimpong,D,0.0,0.02115223418744167,,
10,373,Virgil,D,18.025612520695546,12.082387847838172,25.0,14.0
10,381,M.Salah,M,16.9516182964169,5.76002057190362,17.0,2.0
10,382,Wirtz,M,8.73472223520903,4.661657695914538,,
10,384,Gakpo,M,0.8601286214464033,1.3730972804968407,,
10,389,Elliott,M,0.11106642607079537,0.0,,
10,402,Aït-Nouri,D,0.0,0.22797407957576019,,
10,403,Gvardiol,D,7.597661636865088,3.342263207486509,14.0,5.0
10,413,Marmoush,M,0.0,0.4399691090517879,,
10,414,Foden,M,6.670478394440907,3.469368195246863,,
10,427,Reijnders,M,18.70351558767779,8.703720601878247,27.0,20.0
10,430,Haaland,F,180.90625,193.822265625,181.0,195.0
10,441,Dorgu,D,2.8211517876124357,2.082469384615542,,
10,449,B.Fernandes,M,99.4733964235853,64.85692454978093,100.0,59.0
10,450,Cunha,M,0.5977164996491955,0.10335140820943962,,
10,467,Obi,F,0.05830738063626092,0.0,,
10,469,Pope,G,0.0,10.311467647954117,0.0,22.0
10,470,Dúbravka,G,3.734751302292009,18.653946670242156,0.0,9.0
10,478,Trippier,D,0.0,0.7601843629352713,,
10,485,Gordon,M,0.0,10.290847360282774,,
10,486,Elanga,M,0.0,0.15611807095386024,,
10,487,Barnes,M,0.31106560666698824,0.0,,
10,491,Tonali,M,0.34121113021393135,0.41027751163732223,,
10,497,L.Miley,M,0.0,0.66704993953013,,
10,502,Sels,G,0.0,3.0278120528265187,,
10,505,Milenković,D,0.3488828229812041,2.4564665600805737,,
10,506,Murillo,D,8.128969775462057,7.597908197458519,,
10,508,N.Williams,D,0.8543004869519382,3.5992338400735506,,
10,517,Anderson,M,4.101594932561352,2.0668897130926305,,
10,525,Wood,F,0.01399377135270262,0.3439689233310715,,
10,554,Ba,M,0.0,0.66704993953013,,
10,565,Vicario,G,0.2573140502270349,0.9655113633110051,0.0,2.0
10,568,Pedro Porro,D,11.322686599396658,15.237951487386713,,
10,569,Romero,D,0.951817168464986,1.5621613334942976,,
10,573,Spence,D,0.4019604391067121,0.0,,
10,575,Van de Ven,D,0.23952350101456207,4.320683830288739,,
10,580,Johnson,M,0.0,0.3811418241942704,,
10,582,Kudus,M,0.0,7.1460116533383955,,
10,593,P.M.Sarr,M,0.0,0.40386555186357903,,
10,597,Richarlison,F,0.16305853551271923,0.1764094461149729,,
10,603,Diouf,D,0.0,1.1240306840690089,,
10,612,L.Paquetá,M,5.81423765884539,3.308689609978406,,
10,623,Potts,M,0.0,0.10084968648431361,,
10,624,Bowen,F,0.0,6.110410881435655,0.0,5.0
10,625,Füllkrug,F,0.0,0.1973155064069712,,
10,626,Marshall,F,0.017492214190878274,0.0,,
10,631,Agbadou,D,1.8864844780387107,1.3840013922600187,,
10,652,Gonzalez,M,0.0,0.4399691090517879,,
10,654,Strand Larsen,F,7.471746189756202,6.705098071843017,2.0,2.0
10,660,Stach,M,20.484979394744247,14.507947755671974,,
10,665,Perri,G,0.02577261547606017,0.0,,
10,666,Gyökeres,F,65.2287803764274,29.605422595586738,67.0,34.0
10,668,Xhaka,M,0.0,1.3351337277120099,,
10,683,Alderete,D,0.07021345129157444,0.8437391192546175,,
10,691,Calvert-Lewin,F,2.3882007935376324,7.894053347686867,0.0,5.0
10,694,Mukiele,D,4.6545240458977295,8.439396064014261,8.0,14.0
10,714,Woltemade,F,0.0,9.723135563160385,0.0,11.0
11,1,Raya,G,93.21875,57.21874999999999,94.0,58.0
11,5,Gabriel,D,73.38815368695806,63.30369358611687,97.0,100.0
11,7,Calafiori,D,0.8391526644641484,1.4361335485538984,,
11,8,J.Timber,D,12.171369326652211,31.849487788242488,13.0,36.0
11,16,Saka,M,84.06075577454621,72.08748223773108,86.0,75.0
11,33,M.Bizot,G,0.0,0.1202277288292099,,
11,38,Konsa,D,0.0,0.5898430885159155,,
11,47,Rogers,M,0.0,2.87018366795767,,
11,48,Tielemans,M,1.5295175282945832,0.40700835834514054,,
11,64,Watkins,F,4.479126648055703,12.123441169209501,,
11,67,Petrović,G,0.5809246785020566,0.7677742970592957,3.0,0.0
11,72,Senesi,D,29.167599994415077,43.233340995319686,28.0,47.0
11,74,Truffert,D,8.04582384719992,2.030421400852863,,
11,82,Semenyo,M,51.16206407779378,88.54479165005593,55.0,91.0
11,83,O.Dango,M,1.8279054614063206,0.33787656895534324,,
11,100,Kroupi.Jr,F,4.96221923699383,2.5428760717803427,,
11,101,Kelleher,G,0.030464390097592182,0.24526358262144035,,
11,105,Valdimarsson,G,0.0,0.11987502202699145,,
11,119,Mbeumo,M,1.8651580043028717,19.17861309548264,2.0,20.0
11,123,Carvalho,M,0.0,0.44259157835844154,,
11,136,Thiago,F,14.815683019594958,11.48293414031865,16.0,11.0
11,139,Verbruggen,G,0.09106776163320103,0.97550169062002,,
11,145,De Cuyper,D,0.0,1.3348791905027897,,
11,151,Van Hecke,D,3.955863391539961,0.4990979979750054,,
11,157,Mitoma,M,0.0,0.44259157835844154,,
11,158,Georginio,M,4.016242985625155,1.221553749300087,,
11,160,Minteh,M,28.65434899359486,14.008882358994615,36.0,17.0
11,178,Welbeck,F,1.374367627049625,2.1176320102925303,2.0,3.0
11,190,Ekdal,D,0.0,0.10467670055892286,,
11,191,Estève,D,12.706987586737847,16.47333021912742,,
11,192,Hartman,D,0.0,0.420814042980825,,
11,220,Sánchez,G,1.3506698002947946,10.866639833322642,3.0,14.0
11,225,James,D,0.0,2.2497691646612124,,
11,226,Chalobah,D,0.0,1.4361335485538984,,
11,232,Tosin,D,0.0,0.46397240247738786,,
11,235,Palmer,M,0.34335700583252415,0.7852431228940092,,
11,237,Enzo,M,83.52235380370901,62.521931919747864,92.0,73.0
11,242,Dewsbury-Hall,M,1.4114461234853646,4.487860444361761,,
11,249,João Pedro,F,1.3468802745086326,8.571563696038657,2.0,11.0
11,252,Marc Guiu,F,3.0014006077185957,6.5291037766851385,,
11,256,Muñoz,D,3.892735971264244,25.017446415808912,6.0,28.0
11,257,Lacroix,D,14.032024079058566,5.410449105574684,27.0,9.0
11,260,Guéhi,D,0.0,1.0179950971317704,,
11,261,Richards,D,2.386927741335976,16.549635887398477,2.0,17.0
11,266,Eze,M,0.08722226371448279,3.591264293897774,,
11,267,Sarr,M,31.196496321880012,49.85353504048642,33.0,58.0
11,283,Mateta,F,65.55733581026712,89.81369630866534,73.0,94.0
11,291,Tarkowski,D,50.46570884902448,12.824672588586312,67.0,14.0
11,295,Keane,D,8.04582384719992,5.229185842419944,9.0,8.0
11,299,Ndiaye,M,44.323447010909675,26.22754041409595,45.0,30.0
11,317,Andersen,D,55.107874450916874,25.52176351098181,89.0,39.0
11,335,King,M,0.0,2.447038589728377,,
11,337,Raúl,F,0.0,0.11930321184746649,,
11,338,Muniz,F,0.06327276956812175,0.0,,
11,344,Bijol,D,1.5199865589931618,0.0,,
11,348,Rodon,D,5.331673931696533,15.785658490353875,3.0,11.0
11,367,Mamardashvili,G,0.0,0.9219923951994545,,
11,370,Frimpong,D,0.0,0.02546190013595421,,
11,373,Virgil,D,16.899602270458544,10.713556272212081,,
11,381,M.Salah,M,7.408631237377852,5.6660338627261195,,
11,382,Wirtz,M,10.23701242713576,4.7115634914142515,,
11,384,Gakpo,M,0.8603756883205268,1.3779100776777529,,
11,387,Szoboszlai,M,0.0,1.4138835802747143,,
11,389,Elliott,M,0.11445233527750806,0.0,,
11,402,Aït-Nouri,D,0.0,0.27442270146528425,,
11,403,Gvardiol,D,4.370586794084106,0.5457307484504814,,
11,413,Marmoush,M,0.0,0.44259157835844154,,
11,414,Foden,M,3.7650943836751742,2.0784088630038298,,
11,427,Reijnders,M,9.260155895285758,5.919653211880589,8.0,6.0
11,430,Haaland,F,173.7212318452635,178.9658203125,177.0,188.0
11,441,Dorgu,D,2.841612156310003,2.107015192852442,,
11,449,B.Fernandes,M,99.47509356281982,64.98913916241747,100.0,58.0
11,450,Cunha,M,0.5978881901888407,0.10371366176069108,,
11,467,Obi,F,0.08111893534374583,0.0,,
11,469,Pope,G,0.0,10.675043726355646,0.0,20.0
11,470,Dúbravka,G,4.862186828818696,20.452981781234087,2.0,16.0
11,478,Trippier,D,0.0,0.8592002365960715,,
11,485,Gordon,M,0.0,5.842722517343092,,
11,486,Elanga,M,0.0,0.15704862457880184,,
11,487,Barnes,M,3.281093726646077,0.0,,
11,491,Tonali,M,0.3414458965306888,0.4145187519734041,,
11,497,L.Miley,M,0.0,0.6192509552019768,,
11,502,Sels,G,0.0,3.2617808177323013,,
11,505,Milenković,D,0.34964694352672854,2.470149703512705,,
11,506,Murillo,D,6.111830990122562,5.415733916741019,,
11,508,N.Williams,D,0.8618981495173748,3.7605133876207937,,
11,517,Anderson,M,4.106351001328283,2.092235676992702,,
11,525,Wood,F,0.019468544482498996,0.4053197243466712,,
11,554,Ba,M,0.0,0.6710259413821533,,
11,562,Abdullahi,F,0.08111893534374583,0.0,,
11,565,Vicario,G,0.3118872681922375,1.0145776512006381,,
11,568,Pedro Porro,D,11.40175623908415,12.633319155405271,,
11,569,Romero,D,0.9587202107915209,1.5621822483564933,,
11,573,Spence,D,0.2713782392527095,0.0,,
11,575,Van de Ven,D,0.2416536867805723,4.514291126787546,,
11,580,Johnson,M,0.0,0.3826468147378348,,
11,582,Kudus,M,0.0,5.689435159443624,,
11,593,P.M.Sarr,M,0.0,0.40844211938853797,,
11,597,Richarlison,F,0.17868396033722111,0.23550364576040614,,
11,603,Diouf,D,0.0,1.7468429929125187,,
11,612,L.Paquetá,M,5.818238076882936,3.34289316107584,9.0,6.0
11,623,Potts,M,0.0,0.10135662797691504,,
11,624,Bowen,F,0.0,6.1292025086635915,0.0,8.0
11,625,Füllkrug,F,0.0,0.23250898916010593,,
11,626,Marshall,F,0.024335680603123747,0.0,,
11,631,Agbadou,D,1.9901070878532028,0.8217961768507535,,
11,652,Gonzalez,M,0.0,0.44259157835844154,,
11,654,Strand Larsen,F,7.476559891149962,6.725718567900923,,
11,660,Stach,M,0.0,4.044894537170359,,
11,665,Perri,G,0.03269413710924673,0.0,,
11,666,Gyökeres,F,0.41434334560159597,2.9187856544143207,0.0,3.0
11,683,Alderete,D,0.10416662607238883,0.7327369039124599,,
11,691,Calvert-Lewin,F,15.668720727091928,4.282388218831821,,
11,694,Mukiele,D,4.674067090026184,8.683138545409218,,
11,714,Woltemade,F,0.0,9.753037568530386,0.0,11.0
12,1,Raya,G,93.21875,57.21874999999999,92.0,58.0
12,5,Gabriel,D,1.7310096985632957,2.544262500804354,0.0,5.0
12,6,Saliba,D,0.6716121792723093,0.0,,
12,7,Calafiori,D,0.6656252910084647,1.3676606063368317,,
12,8,J.Timber,D,16.75617681637128,18.792540427986644,23.0,34.0
12,16,Saka,M,114.66743006481224,85.97777119214037,117.0,92.0
12,33,M.Bizot,G,0.0,0.0476994305658249,,
12,38,Konsa,D,0.0,0.49840032151677593,,
12,47,Rogers,M,0.0,2.7098760245579756,,
12,48,Tielemans,M,1.2664830722535272,0.2406336223150312,,
12,64,Watkins,F,4.3833834807263035,11.307153910468603,,
12,67,Petrović,G,0.8299130500318873,0.5734772262246809,5.0,3.0
12,72,Senesi,D,51.75595217581868,68.62259584216164,84.0,83.0
12,74,Truffert,D,7.5854269370748355,1.7156472606058248,9.0,3.0
12,82,Semenyo,M,49.660425571054176,78.32094946607158,55.0,86.0
12,83,O.Dango,M,1.6205212710457317,0.30508533026277496,,
12,84,Tavernier,M,1.2533518709760676,0.0,,
12,97,Evanilson,F,0.8731969473134396,0.0,2.0,0.0
12,100,Kroupi.Jr,F,4.355288877154388,1.1865501518309427,0.0,2.0
12,101,Kelleher,G,0.04437821898338291,0.18171894687313722,,
12,105,Valdimarsson,G,0.0,0.046528331521463004,,
12,113,Van den Berg,D,2.1930656110590507,0.0,,
12,119,Mbeumo,M,15.980122544143255,29.315138179622053,16.0,31.0
12,123,Carvalho,M,0.0,0.42011746814512735,,
12,136,Thiago,F,16.48998850503457,19.471093805159697,13.0,19.0
12,139,Verbruggen,G,0.13281957872421052,0.7208563473773761,,
12,145,De Cuyper,D,0.0,1.2096849407864263,,
12,151,Van Hecke,D,3.186395329009327,0.42172334897573344,,
12,157,Mitoma,M,0.0,0.42011746814512735,,
12,158,Georginio,M,3.839214678463534,1.1518139409809625,,
12,160,Minteh,M,42.16692425080749,22.399861917282184,47.0,27.0
12,178,Welbeck,F,1.5896662374167745,2.0181717666661876,3.0,3.0
12,190,Ekdal,D,0.0,0.039497992247925696,,
12,191,Estève,D,10.513724463560164,13.297840450287735,,
12,192,Hartman,D,0.0,0.33969561274878324,,
12,220,Sánchez,G,1.8395374256822614,9.817784905837318,3.0,14.0
12,225,James,D,0.0,1.809454119207511,,
12,226,Chalobah,D,0.0,1.3676606063368317,,
12,232,Tosin,D,0.0,1.9449836302840577,,
12,235,Palmer,M,0.2886301720835267,0.7453697015478067,,
12,237,Enzo,M,73.07222911076376,57.694995951426456,80.0,66.0
12,242,Dewsbury-Hall,M,1.2778109127351884,2.865183035386463,,
12,249,João Pedro,F,1.27633613173403,6.8187901728539115,0.0,8.0
12,252,Marc Guiu,F,4.182865464754918,3.143159035300499,,
12,256,Muñoz,D,9.23145895398625,29.295290187734935,14.0,34.0
12,257,Lacroix,D,21.869214682344705,5.23456109214821,48.0,14.0
12,260,Guéhi,D,0.0,0.8187575200033986,,
12,261,Richards,D,11.24913654613819,16.85934933746171,13.0,25.0
12,266,Eze,M,0.07155680918019333,0.7754549452086295,,
12,267,Sarr,M,30.62631432912274,53.50639121939543,33.0,59.0
12,283,Mateta,F,73.52606879165378,74.534420711022,73.0,92.0
12,291,Tarkowski,D,32.975731629960336,12.213209214587907,,
12,295,Keane,D,4.10746616846223,2.5199895876232308,,
12,299,Ndiaye,M,28.182558905965653,14.083345841914605,20.0,13.0
12,317,Andersen,D,76.82179831680381,32.808159625998535,83.0,31.0
12,335,King,M,0.0,3.726288441120604,,
12,337,Raúl,F,0.0,0.11606451358049209,,
12,338,Muniz,F,0.0873105672401466,0.0,,
12,344,Bijol,D,1.266902832831558,0.0,,
12,348,Rodon,D,4.20363387642785,12.742728107503137,2.0,6.0
12,366,A.Becker,G,0.0,0.7057033712879799,,
12,367,Mamardashvili,G,0.0,0.09371630309297027,0.0,2.0
12,370,Frimpong,D,0.0,0.009607619735981926,,
12,373,Virgil,D,53.228199500644116,73.11513601476702,77.0,84.0
12,381,M.Salah,M,15.421875000000002,7.065902623010444,16.0,3.0
12,382,Wirtz,M,9.345319278933248,4.56656801067304,,
12,384,Gakpo,M,0.7871249009821267,1.3355057389704175,,
12,387,Szoboszlai,M,1.3542453697859065,2.6698285956236214,,
12,389,Elliott,M,0.09895891614292344,0.0,,
12,402,Aït-Nouri,D,0.0,0.10354879048780521,,
12,403,Gvardiol,D,0.6328896209588681,1.8873716367448274,,
12,411,O'Reilly,D,0.0,0.618742445880403,,
12,413,Marmoush,M,0.0,0.42011746814512735,,
12,414,Foden,M,3.4355066749305636,1.9623240177833616,,
12,427,Reijnders,M,3.0210254747901204,1.6722513753285078,,
12,430,Haaland,F,96.8776649095112,145.94645932237262,98.0,166.0
12,436,De Ligt,D,0.8259962326219654,0.0,,
12,441,Dorgu,D,2.144268770742821,1.9094046614373985,,
12,449,B.Fernandes,M,135.2623485280052,80.54047465077804,136.0,77.0
12,450,Cunha,M,16.458066111444463,8.716687995215521,17.0,9.0
12,467,Obi,F,0.11258467880966272,0.0,,
12,469,Pope,G,0.0,8.739033591883993,0.0,20.0
12,470,Dúbravka,G,7.117057881872071,15.280913467387203,5.0,2.0
12,478,Trippier,D,0.0,0.05871323171988956,,
12,485,Gordon,M,0.0,1.3145611100024952,,
12,486,Elanga,M,0.0,0.1490739403095613,,
12,487,Barnes,M,3.00538598556812,0.0,,
12,491,Tonali,M,0.31663626214132234,0.3798535337277643,,
12,497,L.Miley,M,0.0,0.5631257663778519,,
12,502,Sels,G,0.0,2.5149148716897405,,
12,505,Milenković,D,0.2727972504133052,2.3523762428993504,,
12,506,Murillo,D,4.6143707375885725,4.355790006418081,,
12,508,N.Williams,D,0.6513002387197299,2.7781535820030094,,
12,517,Anderson,M,3.646172859852896,1.8891822373964144,,
12,525,Wood,F,0.026422934822675943,0.1705077861874535,,
12,554,Ba,M,0.0,0.6369522904135801,,
12,562,Abdullahi,F,0.11258467880966272,0.0,,
12,565,Vicario,G,0.4210337041226426,0.8706817957319318,0.0,2.0
12,568,Pedro Porro,D,8.604537214441704,10.160780823242177,,
12,569,Romero,D,0.9037370545157977,0.0,,
12,573,Spence,D,0.2049633816597919,0.0,,
12,575,Van de Ven,D,0.24294006841822513,5.725070234646325,,
12,580,Johnson,M,0.0,0.3694537966457982,,
12,582,Kudus,M,0.0,1.2062632481023123,,
12,593,P.M.Sarr,M,0.0,0.4294235749990287,,
12,597,Richarlison,F,0.16792248986796915,0.22739963568069724,,
12,603,Diouf,D,0.0,1.476031721415067,,
12,612,L.Paquetá,M,1.4908290675820592,3.0633349494174538,,
12,623,Potts,M,0.0,0.09491825666118145,,
12,624,Bowen,F,0.0,3.0612015456854786,0.0,2.0
12,625,Füllkrug,F,0.0,0.09781066804551596,,
12,626,Marshall,F,0.03446469759479471,0.0,,
12,631,Agbadou,D,1.5003319537496769,0.5848999693615742,,
12,652,Gonzalez,M,0.0,0.42011746814512735,,
12,654,Strand Larsen,F,7.112914900809439,5.09233053334409,,
12,660,Stach,M,0.0,2.8674412911225464,,
12,665,Perri,G,0.04448373968699382,0.0,,
12,666,Gyökeres,F,0.042506460366913475,0.07798418127953298,,
12,683,Alderete,D,0.9590729410958799,1.8856853488729588,,
12,691,Calvert-Lewin,F,10.264013581924473,2.658151782465458,3.0,2.0
12,694,Mukiele,D,3.5819043626956955,7.00932898501148,,
12,714,Woltemade,F,0.0,6.5866611456929265,0.0,6.0
13,1,Raya,G,93.21875,57.21874999999999,50.0,20.0
13,5,Gabriel,D,0.0,0.16721445481964056,,
13,6,Saliba,D,0.754216215576283,0.0,,
13,7,Calafiori,D,0.6455179985558464,1.360539719801251,,
13,8,J.Timber,D,17.64668444883461,19.149050531717698,,
13,16,Saka,M,64.2842197099004,65.84303024738179,38.0,20.0
13,33,M.Bizot,G,0.0,0.04786689933464868,,
13,38,Konsa,D,0.0,1.4692253503485295,,
13,47,Rogers,M,0.0,2.6580908460538875,13.0,56.0
13,48,Tielemans,M,2.5966212495259295,0.9514405364539,,
13,64,Watkins,F,4.30403336860755,11.384069057048944,0.0,3.0
13,67,Petrović,G,0.5830454451149,0.7023532051794138,6.0,2.0
13,72,Senesi,D,50.59852283190131,68.6832850421275,55.0,27.0
13,74,Truffert,D,7.494980756922552,1.7222045497462894,,
13,82,Semenyo,M,48.88478693781401,77.02531346651188,,
13,83,O.Dango,M,1.593997462822711,0.29620147762520516,,
13,84,Tavernier,M,2.491707259646094,0.0,,
13,100,Kroupi.Jr,F,6.9260287860197725,2.9979066257501645,,
13,101,Kelleher,G,0.030464390097592182,0.22255615208714744,3.0,13.0
13,105,Valdimarsson,G,0.0,0.046691688658076436,,
13,113,Van den Berg,D,4.753227112509858,1.955723810728837,14.0,25.0
13,119,Mbeumo,M,14.274802939003228,29.29441230796052,,
13,120,Schade,M,8.526476568388103,2.6580908460538875,48.0,64.0
13,123,Carvalho,M,0.0,0.40866016147178597,,
13,136,Thiago,F,24.775915208550725,26.784597135570888,78.0,89.0
13,139,Verbruggen,G,0.09106776163320103,0.882852435810703,0.0,2.0
13,145,De Cuyper,D,0.0,0.5663296301890781,,
13,151,Van Hecke,D,3.1389235648650016,0.42811864513467085,,
13,157,Mitoma,M,0.0,0.40866016147178597,,
13,158,Georginio,M,3.685103894529223,1.1244297249000637,,
13,160,Minteh,M,45.6592820237183,22.472949880273774,34.0,6.0
13,178,Welbeck,F,1.5471133493296616,2.0252464287811853,2.0,2.0
13,190,Ekdal,D,0.0,0.43096067681535083,,
13,191,Estève,D,10.234270325937105,13.391787148213918,,
13,192,Hartman,D,0.0,0.624803987089265,,
13,220,Sánchez,G,1.3506698002947946,12.024109033538712,0.0,3.0
13,225,James,D,0.0,1.8266772277336016,,
13,226,Chalobah,D,0.0,1.360539719801251,,
13,232,Tosin,D,0.0,1.939323045669079,,
13,235,Palmer,M,0.2548107320796474,0.7355882906492148,,
13,237,Enzo,M,43.3855549388148,52.517431261428314,,
13,242,Dewsbury-Hall,M,1.2310871038850986,2.8207579029062146,,
13,249,João Pedro,F,1.038776105978487,3.8080337780603974,0.0,2.0
13,252,Marc Guiu,F,2.4135140370656685,3.1186537239679053,,
13,256,Muñoz,D,6.463871337744948,18.692162864616446,8.0,36.0
13,257,Lacroix,D,21.028526265873005,5.359653079067915,28.0,8.0
13,260,Guéhi,D,0.0,0.8257581988384775,,
13,261,Richards,D,6.036997441229104,11.131099834423551,,
13,266,Eze,M,0.07134382215092529,0.7634826283383449,,
13,267,Sarr,M,30.378199471863987,53.54462131195524,28.0,27.0
13,283,Mateta,F,65.43293186801066,72.2529235765423,27.0,30.0
13,291,Tarkowski,D,26.993410972943643,12.244857478211257,23.0,5.0
13,295,Keane,D,3.962344060554621,2.5793230681878803,,
13,299,Ndiaye,M,25.963121150741774,12.766890881804278,19.0,9.0
13,317,Andersen,D,75.91070253806174,32.079708477477496,27.0,6.0
13,335,King,M,0.0,1.9707258920325563,,
13,337,Raúl,F,0.0,0.11638599902990975,,
13,338,Muniz,F,0.05057657244479606,0.0,,
13,344,Bijol,D,1.2503605969091736,0.0,,
13,348,Rodon,D,4.082820608751504,12.8517276790988,,
13,366,A.Becker,G,0.0,1.4257849630375823,0.0,3.0
13,367,Mamardashvili,G,0.0,0.09404533330803831,,
13,370,Frimpong,D,0.0,0.009966424459448776,,
13,373,Virgil,D,52.426820116043984,73.57908747288785,55.0,31.0
13,381,M.Salah,M,5.697295710349199,5.050736097115263,44.0,64.0
13,382,Wirtz,M,9.017859119876958,4.451247776538652,,
13,384,Gakpo,M,0.7562445147998081,0.0,17.0,34.0
13,387,Szoboszlai,M,1.2931822795388626,2.617816742325798,,
13,389,Elliott,M,0.08618598290929251,0.0,,
13,402,Aït-Nouri,D,0.0,0.1063085275674536,,
13,403,Gvardiol,D,0.6240007319373181,1.8827670869976907,,
13,411,O'Reilly,D,6.5304904187233115,6.926384028079095,45.0,67.0
13,413,Marmoush,M,0.0,0.40866016147178597,,
13,414,Foden,M,29.132128275326018,8.932660982240325,75.0,66.0
13,418,Doku,M,0.0,2.6580908460538875,,
13,427,Reijnders,M,1.760877281428351,1.6787859081925234,,
13,430,Haaland,F,210.25,205.84375,214.0,203.0
13,436,De Ligt,D,0.8001272435767528,0.0,,
13,441,Dorgu,D,2.0590102685232528,1.9153807858460041,,
13,449,B.Fernandes,M,99.30297696697899,71.09035662323481,77.0,22.0
13,450,Cunha,M,13.070188218049514,7.0874236441974645,,
13,467,Obi,F,0.06541236702860291,0.0,,
13,469,Pope,G,0.0,1.2741910540616583,0.0,5.0
13,470,Dúbravka,G,4.862186828818696,18.714951633813932,0.0,2.0
13,485,Gordon,M,0.0,1.3622005382392866,,
13,486,Elanga,M,0.0,0.14259669562077276,,
13,487,Barnes,M,4.294898093485703,0.0,,
13,491,Tonali,M,0.30162772090452716,0.370691118098922,,
13,493,Longstaff,M,0.0,1.2090342895905255,,
13,497,L.Miley,M,0.0,0.5561557732116418,,
13,502,Sels,G,0.0,3.080084857968932,0.0,2.0
13,505,Milenković,D,0.2689658327316026,2.336280326931441,,
13,506,Murillo,D,4.381996212498204,6.308785463380275,,
13,508,N.Williams,D,0.619714846908178,2.812867573411529,,
13,517,Anderson,M,7.130400864229836,1.8601452794862885,,
13,525,Wood,F,0.015510148883070795,0.17676025061153766,,
13,554,Ba,M,0.0,1.3622005382392866,,
13,562,Abdullahi,F,0.06541236702860291,0.0,,
13,565,Vicario,G,0.3118872681922375,1.0663477501094385,,
13,568,Pedro Porro,D,8.292114236823105,10.259420046175025,,
13,569,Romero,D,0.8763298382031102,0.0,,
13,573,Spence,D,0.1989128544455131,0.0,,
13,575,Van de Ven,D,0.2381331082073669,4.370635184220993,,
13,580,Johnson,M,0.0,0.3564917390519319,,
13,582,Kudus,M,0.0,1.1812372740329107,,
13,593,P.M.Sarr,M,0.0,0.3627102868771577,,
13,597,Richarlison,F,0.15471133493296618,0.22819678070773922,,
13,603,Diouf,D,0.0,1.4886852887637418,,
13,612,L.Paquetá,M,1.4294531121127594,3.0396671684111607,,
13,623,Potts,M,0.0,0.09739356654831784,,
13,624,Bowen,F,0.0,3.0696807244138693,,
13,625,Füllkrug,F,0.0,0.10139735306398286,,
13,626,Marshall,F,0.019556274678654482,0.0,,
13,631,Agbadou,D,1.4480855803633352,0.5887585264341901,,
13,650,Chirewa,M,0.0,1.3485785328568936,,
13,652,Gonzalez,M,0.0,0.40866016147178597,,
13,654,Strand Larsen,F,6.9534863244617595,5.1064357074372895,,
13,660,Stach,M,1.433682395721972,2.810500063251457,,
13,665,Perri,G,0.03057337049640345,0.0,,
13,666,Gyökeres,F,0.0,0.08084383555101335,,
13,683,Alderete,D,1.8378794316014357,2.452355649325365,,
13,691,Calvert-Lewin,F,6.975642172739112,2.699079920289537,,
13,694,Mukiele,D,2.567640516170391,7.0629652445211395,,
13,714,Woltemade,F,0.0,6.604905444947377,0.0,2.0
14,1,Raya,G,93.21875,60.34374999999999,86.0,61.0
14,5,Gabriel,D,0.0,0.05593825999846391,,
14,7,Calafiori,D,0.4417265700854164,0.8217915181661222,,
14,8,J.Timber,D,29.24768715513963,26.292508994270698,52.0,52.0
14,16,Saka,M,64.14192708955176,65.90831097881814,73.0,73.0
14,21,Rice,M,0.0,1.3405155657368928,,
14,33,M.Bizot,G,0.0,0.04612222304443233,,
14,38,Konsa,D,0.0,1.4635082420839978,,
14,47,Rogers,M,0.0,2.654220820159048,,
14,48,Tielemans,M,2.5710466695175604,0.9493841590209156,,
14,64,Watkins,F,4.299029803944851,11.36415572323037,,
14,67,Petrović,G,0.45961164265640636,0.6497925016546191,6.0,3.0
14,72,Senesi,D,26.077214759666973,35.81138178175191,,
14,74,Truffert,D,7.4117433050929895,1.7155030387342225,,
14,82,Semenyo,M,45.79145739693437,75.52373942706613,47.0,81.0
14,83,O.Dango,M,0.37198159410078535,0.29546197970310495,,
14,84,Tavernier,M,2.467165996001699,0.0,,
14,100,Kroupi.Jr,F,5.7892008956122485,2.986062871525529,,
14,101,Kelleher,G,0.023507475654696817,0.20590113031005802,,
14,105,Valdimarsson,G,0.0,0.0449898470246255,,
14,113,Van den Berg,D,4.700438916563247,1.9481136202575067,,
14,119,Mbeumo,M,17.3709021936767,30.842855038881613,30.0,34.0
14,120,Schade,M,5.677800049216909,2.8499524312100433,,
14,123,Carvalho,M,0.0,0.40811845854024614,,
14,136,Thiago,F,24.30853123821863,26.760432017219244,3.0,11.0
14,139,Verbruggen,G,0.0701918530876963,1.5873350333729674,2.0,5.0
14,145,De Cuyper,D,0.0,0.5625948740425469,,
14,151,Van Hecke,D,3.1040634354662955,1.3956634891397064,,
14,157,Mitoma,M,0.0,0.40811845854024614,,
14,158,Georginio,M,3.6488086572446186,1.121999460661082,,
14,160,Minteh,M,52.47802571642875,38.5264173592783,52.0,45.0
14,178,Welbeck,F,1.5179279096122247,2.023419247308377,3.0,3.0
14,190,Ekdal,D,0.0,0.5623217623636435,,
14,191,Estève,D,10.819650335338086,15.008000368650995,,
14,192,Hartman,D,0.0,0.6248019581818262,,
14,220,Sánchez,G,1.106235987601061,11.124283097811409,2.0,13.0
14,225,James,D,0.0,0.9878100066845308,,
14,226,Chalobah,D,0.0,1.3588448944597056,,
14,232,Tosin,D,0.0,1.9346387085657244,,
14,235,Palmer,M,1.0201389854475071,0.7361712921670509,,
14,237,Enzo,M,34.669700264583824,49.75993780015346,36.0,58.0
14,242,Dewsbury-Hall,M,14.79726626258894,3.9195533528857305,,
14,249,João Pedro,F,1.0191801678824937,3.8045981621925122,0.0,5.0
14,252,Marc Guiu,F,1.5866024835980301,3.089470098743959,,
14,256,Muñoz,D,6.2209825287029465,21.092648966263805,28.0,39.0
14,257,Lacroix,D,34.995684987197926,12.984517880392744,63.0,17.0
14,260,Guéhi,D,0.0,1.3588448944597056,,
14,261,Richards,D,7.780843823195398,11.062996212209043,19.0,28.0
14,266,Eze,M,0.07097250061521136,0.76286605481885,,
14,267,Sarr,M,4.669990540480908,4.562802629765574,,
14,283,Mateta,F,65.38095232255648,72.11072963781625,70.0,88.0
14,291,Tarkowski,D,26.44704025086735,10.857033449673002,41.0,11.0
14,295,Keane,D,4.618226511491519,6.027528583829447,8.0,8.0
14,299,Ndiaye,M,22.995353579485478,11.407787464420958,20.0,14.0
14,317,Andersen,D,73.80069188404559,32.92408939310821,8.0,20.0
14,335,King,M,0.0,1.9661206483066043,,
14,337,Raúl,F,0.0,0.11630301374984964,,
14,338,Muniz,F,0.03148853830903739,0.0,,
14,344,Bijol,D,1.247706782148295,0.0,,
14,348,Rodon,D,3.964855578910536,11.950970634913467,,
14,366,A.Becker,G,0.0,1.3190861394546733,5.0,3.0
14,367,Mamardashvili,G,0.0,0.09061752274356208,0.0,2.0
14,370,Frimpong,D,0.0,0.009871457646787749,,
14,373,Virgil,D,53.473828295197315,73.48742994886125,80.0,86.0
14,381,M.Salah,M,3.125,6.595960988663037,17.0,3.0
14,382,Wirtz,M,8.970924077762717,4.44765303658537,,
14,384,Gakpo,M,2.1717585188254676,1.439369914752547,,
14,387,Szoboszlai,M,5.5262343267233085,2.614005353186941,,
14,389,Elliott,M,0.07927033485904224,0.0,,
14,402,Aït-Nouri,D,0.0,0.10529554823240264,,
14,403,Gvardiol,D,0.6113704003787589,1.8804217226361584,,
14,411,O'Reilly,D,8.506481260442387,17.89832063005511,11.0,20.0
14,413,Marmoush,M,0.0,0.40811845854024614,,
14,414,Foden,M,36.44787513851808,12.644466647004318,25.0,13.0
14,418,Doku,M,0.0,2.8499524312100433,,
14,427,Reijnders,M,0.0,6.584040791132064,,
14,430,Haaland,F,94.83624493884619,132.33065786898797,86.0,152.0
14,436,De Ligt,D,0.6092738013649777,0.0,,
14,441,Dorgu,D,0.0937091547770811,0.17549258038733775,,
14,449,B.Fernandes,M,197.69979824958114,117.71175249347338,198.0,114.0
14,450,Cunha,M,13.002162112706722,7.081699980582531,,
14,452,Amad,M,0.0,1.3405155657368928,,
14,467,Obi,F,0.04072517621302168,0.0,,
14,469,Pope,G,0.0,0.7460176911135598,0.0,3.0
14,470,Dúbravka,G,3.734751302292009,16.75480287161859,0.0,11.0
14,486,Elanga,M,0.0,0.1439369914752547,,
14,487,Barnes,M,4.272544537035724,0.0,,
14,488,Bruno G.,M,0.0,1.439369914752547,,
14,491,Tonali,M,0.2986569363581005,0.36988993208607096,,
14,497,L.Miley,M,0.0,0.6392897562949335,,
14,502,Sels,G,0.0,2.849586262878787,,
14,505,Milenković,D,0.2635217243011892,2.3333700207893933,,
14,506,Murillo,D,4.214143792774429,6.293546909963807,,
14,508,N.Williams,D,0.593397686601877,2.7956575516339304,,
14,515,Gibbs-White,M,0.0,1.3405155657368928,,
14,517,Anderson,M,20.230998956578194,24.310611689971477,36.0,30.0
14,525,Wood,F,0.009656485081438132,0.1751061699200223,,
14,562,Abdullahi,F,0.04072517621302168,0.0,,
14,565,Vicario,G,0.2573140502270349,0.9865474622563816,,
14,568,Pedro Porro,D,7.244315749400829,8.54995215869804,,
14,569,Romero,D,0.8531663434883932,0.0,,
14,573,Spence,D,0.19183979093661424,0.0,,
14,575,Van de Ven,D,0.23183868029575896,4.363406561772187,,
14,580,Johnson,M,0.0,0.34009871545020515,,
14,582,Kudus,M,0.0,1.099222763904252,,
14,593,P.M.Sarr,M,0.0,0.40811845854024614,,
14,597,Richarlison,F,0.15179279096122247,0.22799090110516926,,
14,603,Diouf,D,0.0,1.284960300169895,,
14,612,L.Paquetá,M,1.4153741766536065,1.8001310028188788,,
14,623,Potts,M,0.0,0.09728322378401161,,
14,624,Bowen,F,0.0,3.067491987652284,0.0,2.0
14,625,Füllkrug,F,0.0,0.10044850057427636,,
14,626,Marshall,F,0.01217556814616112,0.0,,
14,631,Agbadou,D,2.305875694917819,1.0176712941643693,,
14,650,Chirewa,M,0.0,1.3467909131828124,,
14,652,Gonzalez,M,0.0,0.40811845854024614,,
14,654,Strand Larsen,F,6.888014097340194,5.102794728274652,,
14,660,Stach,M,0.0,2.8073158863386207,,
14,665,Perri,G,0.023618185901108268,0.0,,
14,666,Gyökeres,F,0.0,0.08008731802543653,0.0,2.0
14,683,Alderete,D,1.8339786436396628,2.4523476858636677,,
14,684,Thiaw,D,4.000433842259844,3.7779156103161218,9.0,11.0
14,691,Calvert-Lewin,F,0.5731263761376925,3.5902931951716393,3.0,0.0
14,694,Mukiele,D,2.4934536196259596,7.0294887009294245,,
14,714,Woltemade,F,1.3095083835247516,6.600196030303968,3.0,8.0
15,1,Raya,G,92.34375,60.34374999999999,92.0,59.0
15,6,Saliba,D,0.7319280671609675,0.0,,
15,7,Calafiori,D,0.0965419642047366,0.8020557931669215,,
15,8,J.Timber,D,31.233706729943023,25.88632460821897,44.0,50.0
15,16,Saka,M,61.52930357512686,64.11555293249947,64.0,69.0
15,21,Rice,M,0.0,1.2813580743408044,,
15,33,M.Bizot,G,0.0,0.04654048216368468,,
15,38,Konsa,D,0.0,1.4372179607008393,,
15,47,Rogers,M,0.0,2.5493686687405583,,
15,48,Tielemans,M,0.7404032070027455,0.9065798020404907,,
15,64,Watkins,F,2.983258990825716,10.78982041835096,,
15,67,Petrović,G,1.016494149587439,0.6810640651472408,0.0,3.0
15,72,Senesi,D,24.03792246796159,31.281323328860132,,
15,74,Truffert,D,5.0702553299686395,1.6767542874843129,,
15,82,Semenyo,M,22.61477739531873,38.62760694939883,22.0,41.0
15,83,O.Dango,M,0.11690576952674932,0.29402588174286187,,
15,84,Tavernier,M,2.026366671796988,0.0,,
15,100,Kroupi.Jr,F,0.3168746228245216,0.3922572791822019,,
15,101,Kelleher,G,0.32323481261399,0.2158102170620563,2.0,0.0
15,105,Valdimarsson,G,0.0,0.045397837198336115,,
15,113,Van den Berg,D,12.675638324921598,1.906709161196447,,
15,119,Mbeumo,M,18.098619539415363,26.87971254953402,19.0,30.0
15,120,Schade,M,5.408303741432309,2.7426229642403372,,
15,123,Carvalho,M,0.0,0.3929685212221793,,
15,136,Thiago,F,34.5179380311536,45.16376008229424,41.0,52.0
15,139,Verbruggen,G,0.2707286904950142,4.127010293461423,5.0,16.0
15,145,De Cuyper,D,0.0,1.0926632839477104,,
15,151,Van Hecke,D,6.046973205283853,1.977720543945356,13.0,8.0
15,157,Mitoma,M,0.0,0.3929685212221793,,
15,158,Georginio,M,1.0521519257407437,1.0780948997238269,,
15,160,Minteh,M,63.60406142433392,43.7663867267031,70.0,53.0
15,178,Welbeck,F,9.712255704683725,2.2776512408657665,17.0,5.0
15,190,Ekdal,D,0.0,0.562316342993465,,
15,191,Estève,D,8.703693495632699,27.58474060351276,,
15,192,Hartman,D,0.0,0.6247959366594056,,
15,220,Sánchez,G,0.6754787307653735,9.246756377628984,0.0,6.0
15,225,James,D,0.0,0.9657406489152728,,
15,226,Chalobah,D,0.0,1.340164441452275,,
15,232,Tosin,D,0.0,0.1706661122085836,,
15,235,Palmer,M,0.30014294426891147,0.7510720325501178,,
15,237,Enzo,M,16.16813113252336,34.00278104356607,16.0,30.0
15,242,Dewsbury-Hall,M,21.399636811388223,7.438002684926904,,
15,249,João Pedro,F,0.7059993618706684,2.2738205201910255,0.0,3.0
15,252,Marc Guiu,F,2.175178365713297,2.9967399544256432,,
15,256,Muñoz,D,5.3503941709466725,11.569841408418842,8.0,39.0
15,257,Lacroix,D,33.14645977800218,12.840963372690679,28.0,8.0
15,260,Guéhi,D,0.0,1.340164441452275,,
15,261,Richards,D,6.244639248133516,10.828585359383288,5.0,22.0
15,266,Eze,M,0.014195022943391889,0.732323409299776,,
15,267,Sarr,M,0.0805742139182637,0.0,,
15,283,Mateta,F,33.08276653766144,53.605826601498016,31.0,63.0
15,291,Tarkowski,D,34.5407659254516,9.394826237527685,52.0,11.0
15,295,Keane,D,4.654903653749339,5.932889585090188,,
15,299,Ndiaye,M,19.97239728135239,10.654587641184976,22.0,11.0
15,317,Andersen,D,75.83834409800592,34.38783507303542,84.0,44.0
15,329,Wilson,M,0.0,1.1496921107040916,,
15,335,King,M,0.0,0.7994876811071923,,
15,337,Raúl,F,0.0,0.11605741684219617,,
15,338,Muniz,F,0.033834661985369864,0.0,,
15,344,Bijol,D,1.5032285830108287,0.0,,
15,347,Gudmundsson,D,0.0,1.561989841648514,,
15,348,Rodon,D,5.612862976996171,9.151533699056428,,
15,366,A.Becker,G,0.0,1.3196976801621636,0.0,3.0
15,367,Mamardashvili,G,0.0,0.09143928723689622,,
15,370,Frimpong,D,0.0,0.009599968811732825,,
15,373,Virgil,D,51.76889718673954,69.01846873479217,75.0,78.0
15,381,M.Salah,M,0.07543673516402027,4.8375780026316555,,
15,382,Wirtz,M,2.5865651645895804,3.9775490224329135,,
15,384,Gakpo,M,0.2129253441508783,0.0,,
15,387,Szoboszlai,M,6.812701690339769,1.201273194694504,,
15,389,Elliott,M,0.02514557838800676,0.0,,
15,402,Aït-Nouri,D,0.0,0.10133300412384649,,
15,403,Gvardiol,D,1.056292535946532,1.846144893837318,,
15,411,O'Reilly,D,12.358622670574425,19.82896367454897,19.0,25.0
15,413,Marmoush,M,0.0,0.3929685212221793,,
15,414,Foden,M,79.0990134895268,71.13457678052342,81.0,77.0
15,418,Doku,M,0.0,1.3354132757819446,,
15,427,Reijnders,M,3.896858984224977,5.108699695282224,,
15,430,Haaland,F,201.5625,198.0,202.0,198.0
15,441,Dorgu,D,0.034012266994217874,0.1685327858059763,,
15,449,B.Fernandes,M,99.26150712411206,76.65123636742575,100.0,75.0
15,450,Cunha,M,16.267496293127106,6.992970594686096,17.0,8.0
15,452,Amad,M,0.0,1.3784911233878137,,
15,467,Obi,F,0.043594660634995785,0.0,,
15,469,Pope,G,0.0,0.32512296911477834,,
15,470,Dúbravka,G,5.665116827990977,15.772175451485865,2.0,8.0
15,477,Livramento,D,0.9309807307498679,0.0,,
15,485,Gordon,M,7.125901517582728,2.814419376916786,,
15,486,Elanga,M,0.0,0.14359282535289725,,
15,487,Barnes,M,1.0014223729841347,0.0,,
15,488,Bruno G.,M,0.0,2.7857008118462065,,
15,491,Tonali,M,0.09092670963191614,0.3552812737726247,,
15,497,L.Miley,M,0.0,0.6094452851709193,,
15,502,Sels,G,0.0,3.5175790870925954,0.0,2.0
15,505,Milenković,D,0.052814626797326604,2.297424756775329,,
15,506,Murillo,D,0.9149100839512094,6.1657502588990445,,
15,508,N.Williams,D,0.1281297469919404,2.7148766263673685,,
15,515,Gibbs-White,M,0.0,1.2813580743408044,,
15,517,Anderson,M,18.902793782210853,24.941279870988765,16.0,22.0
15,525,Wood,F,0.010410665226267652,0.16244998430778054,,
15,562,Abdullahi,F,0.06506665766417281,0.0,,
15,565,Vicario,G,0.15365465159906957,0.9870048349138568,0.0,2.0
15,568,Pedro Porro,D,2.239340176206648,13.921300014269553,,
15,569,Romero,D,0.1861961461499736,0.0,,
15,575,Van de Ven,D,0.0465490365374934,4.289935546142137,,
15,580,Johnson,M,0.0,0.32521532790801044,,
15,582,Kudus,M,0.0,1.0544509153429538,,
15,593,P.M.Sarr,M,0.0,0.3929685212221793,,
15,597,Richarlison,F,0.1086152864416413,0.2131706737679086,,
15,603,Diouf,D,0.0,0.7966148192407421,,
15,612,L.Paquetá,M,0.025979059894833182,1.7274020552393132,,
15,623,Potts,M,0.0,0.08310617525057991,,
15,624,Bowen,F,0.0,2.930449775265453,0.0,2.0
15,625,Füllkrug,F,0.0,0.09377194216140178,,
15,626,Marshall,F,0.3253332883208641,0.12811096323459117,,
15,631,Agbadou,D,0.30157539003333794,0.5681849076528095,,
15,650,Chirewa,M,0.0,1.287310672969208,,
15,652,Gonzalez,M,0.0,0.3929685212221793,,
15,654,Strand Larsen,F,4.7680510349514105,4.859904330266964,,
15,660,Stach,M,4.279927362277645,1.3296988040092785,,
15,665,Perri,G,0.015588374692091704,0.0,,
15,683,Alderete,D,0.7259538866146467,1.2836992971527117,,
15,684,Thiaw,D,5.23983228488093,6.592388345575433,13.0,19.0
15,691,Calvert-Lewin,F,0.7685078728058543,0.9309620259786748,,
15,694,Mukiele,D,5.896162054699448,6.8491568951309185,,
15,714,Woltemade,F,5.2789136458390615,12.679272790009929,8.0,16.0
15,725,Hincapie,D,1.056292535946532,1.3675147361757911,,
16,1,Raya,G,92.34375,66.796875,77.0,63.0
16,7,Calafiori,D,0.11242139758439261,0.8197088021177501,,
16,8,J.Timber,D,35.2306393475492,28.26018429379422,44.0,55.0
16,10,Lewis-Skelly,D,0.0,0.13061282431863988,5.0,6.0
16,16,Saka,M,167.1875,182.53125,181.0,188.0
16,21,Rice,M,0.0,2.2262732734261403,,
16,33,M.Bizot,G,0.0,0.0529410708170921,,
16,36,Cash,D,0.0,0.6419921345631094,,
16,38,Konsa,D,0.0,1.1588543495005579,,
16,47,Rogers,M,0.0,2.9194841130558373,,
16,48,Tielemans,M,0.7760110530424968,0.6116552665298094,,
16,64,Watkins,F,3.000336870502165,9.487725687876312,,
16,67,Petrović,G,1.0164941495874389,0.7037663104627538,,
16,72,Senesi,D,18.626838637979052,23.88230939972202,,
16,74,Truffert,D,4.008458197827053,1.5419466964428914,,
16,82,Semenyo,M,23.21809385946094,28.02171509426196,14.0,28.0
16,83,O.Dango,M,0.131021113545798,1.693047737134475,20.0,6.0
16,84,Tavernier,M,2.123819724116307,0.0,,
16,100,Kroupi.Jr,F,4.18771917916458,1.7266294545910652,,
16,101,Kelleher,G,0.3237585512972892,0.6256301154669538,5.0,2.0
16,105,Valdimarsson,G,0.0,0.05261407403076572,,
16,106,Collins,D,6.271662841070387,3.2554947382390966,9.0,5.0
16,113,Van den Berg,D,13.426451327823518,4.074323089238793,23.0,13.0
16,119,Mbeumo,M,10.710477984514858,10.103001108071437,30.0,11.0
16,120,Schade,M,2.634980172421049,1.033046076895612,,
16,123,Carvalho,M,0.0,0.2571625165705547,,
16,136,Thiago,F,63.68024482912013,86.10268239252959,95.0,100.0
16,139,Verbruggen,G,0.27072869049501413,3.6683677027563304,,
16,145,De Cuyper,D,0.0,0.8955771240931949,,
16,151,Van Hecke,D,6.999656625571994,2.5540532798213333,,
16,157,Mitoma,M,0.0,0.2571625165705547,,
16,158,Georginio,M,1.1027525490603904,0.7217532145051749,,
16,160,Minteh,M,49.49686511730147,28.738767944748762,25.0,17.0
16,178,Welbeck,F,0.558317141547545,0.1512528227064608,3.0,0.0
16,190,Ekdal,D,0.0,0.24050778640493597,,
16,191,Estève,D,7.275689664895553,24.14827425605509,,
16,192,Hartman,D,0.0,0.37887139317516005,,
16,198,Tuanzebe,D,0.0,0.1268085672996504,,
16,220,Sánchez,G,0.6849838206799643,8.039187395993046,0.0,8.0
16,225,James,D,0.0,0.8197088021177501,,
16,226,Chalobah,D,0.0,1.0791319786645126,,
16,232,Tosin,D,0.0,0.163583051816549,,
16,233,Acheampong,D,0.0,0.1268085672996504,,
16,235,Palmer,M,0.30341297406557677,0.5051500554035718,,
16,237,Enzo,M,3.4793384597161916,18.0639584834941,,
16,242,Dewsbury-Hall,M,23.14418930126745,12.673497122497649,,
16,249,João Pedro,F,0.7696571055955389,1.4198991159717937,0.0,2.0
16,252,Marc Guiu,F,2.905641923796723,4.366668991535524,,
16,256,Muñoz,D,0.36560837416098146,0.5592257817914583,,
16,257,Lacroix,D,34.02286139433157,9.31605075252149,,
16,260,Guéhi,D,0.0,2.2129035511854562,,
16,261,Richards,D,9.679266318051964,19.324616766187283,,
16,266,Eze,M,0.01239707592530173,5.678502556542976,,
16,267,Sarr,M,0.031500995969542284,0.0,,
16,283,Mateta,F,10.248871172469178,12.206305788122336,2.0,3.0
16,291,Tarkowski,D,28.603290552756633,6.46113197352297,11.0,5.0
16,295,Keane,D,5.2263857008919885,7.227198318890796,,
16,299,Ndiaye,M,7.380856063079955,1.6500041505971577,,
16,317,Andersen,D,50.00202749885217,26.820312184709323,100.0,67.0
16,322,Tete,D,0.0,0.9864627933765082,,
16,329,Wilson,M,1.2815205933385327,4.240591558202957,,
16,335,King,M,0.0,5.413947717274836,,
16,337,Raúl,F,2.7403398856869456,4.566492070378309,3.0,5.0
16,338,Muniz,F,0.041474987657817625,0.0,,
16,344,Bijol,D,1.0027683836252246,0.0,,
16,347,Gudmundsson,D,0.0,0.6717631275448211,,
16,348,Rodon,D,5.3547831685587,10.781383528497129,,
16,366,A.Becker,G,0.0,1.1263809930032684,0.0,3.0
16,367,Mamardashvili,G,0.0,0.10721173466626092,,
16,370,Frimpong,D,0.0,0.008876599710975529,,
16,373,Virgil,D,52.12283837164276,59.95329435896893,55.0,63.0
16,381,M.Salah,M,0.09450298790862684,3.2483686303649013,,
16,382,Wirtz,M,2.655569485175845,2.6795265147224803,,
16,384,Gakpo,M,0.18595613887952592,0.0,,
16,387,Szoboszlai,M,44.86745243868327,23.960929839106555,63.0,27.0
16,389,Elliott,M,0.031500995969542284,0.0,,
16,402,Aït-Nouri,D,0.0,0.09637451114773429,,
16,403,Gvardiol,D,1.158027957601483,1.4889289325877453,,
16,411,O'Reilly,D,17.0230109767418,33.35747204935114,14.0,34.0
16,413,Marmoush,M,0.0,0.2571625165705547,,
16,414,Foden,M,80.81269706995542,84.22345530915075,63.0,86.0
16,418,Doku,M,0.0,1.419625639135744,,
16,427,Reijnders,M,4.084268700223668,1.7371009569446583,,
16,430,Haaland,F,98.95626058892815,86.46204420239458,100.0,103.0
16,441,Dorgu,D,0.503918614595092,1.5036458416639167,,
16,449,B.Fernandes,M,106.46715170098456,87.07718795046179,109.0,89.0
16,450,Cunha,M,15.17882886062259,4.865806855093062,16.0,9.0
16,452,Amad,M,0.0,1.4347862179105721,,
16,467,Obi,F,0.053438926405265014,0.0,,
16,470,Dúbravka,G,5.6651168279909765,15.677981457671969,3.0,19.0
16,476,Burn,D,0.0,0.8197088021177501,,
16,485,Gordon,M,5.852276405045644,2.467832294806184,,
16,486,Elanga,M,0.0,0.09937379473950209,,
16,487,Barnes,M,0.39151237847859693,0.0,,
16,488,Bruno G.,M,0.0,5.280013281910906,,
16,491,Tonali,M,0.09529960300521892,0.23242900128132757,,
16,497,L.Miley,M,0.0,0.4150982389358532,,
16,502,Sels,G,0.0,0.8302276101701114,0.0,2.0
16,505,Milenković,D,0.05790139788007416,1.8440862926545472,,
16,506,Murillo,D,1.080974976773006,3.44277696889455,,
16,508,N.Williams,D,0.15120778648387573,2.206458404226609,,
16,515,Gibbs-White,M,0.0,1.3330977685186471,,
16,517,Anderson,M,18.889613545809972,21.62467407857088,20.0,30.0
16,525,Wood,F,0.012761534663943884,0.18150338724775295,,
16,547,E.Le Fée,M,1.407981053497429,0.0,,
16,565,Vicario,G,0.1441495616844788,0.6523212681541742,0.0,2.0
16,568,Pedro Porro,D,2.455019270115144,11.214776639032468,,
16,569,Romero,D,0.20905542803567956,0.0,,
16,575,Van de Ven,D,0.05226385700891989,3.7112640015925713,,
16,580,Johnson,M,0.0,0.21655790869099345,,
16,582,Kudus,M,0.0,0.706541817314883,,
16,593,P.M.Sarr,M,0.0,0.2571625165705547,,
16,597,Richarlison,F,0.11840878547623677,0.1845868850763332,,
16,603,Diouf,D,0.0,0.6404134828578646,,
16,624,Bowen,F,0.0,5.653752087135048,0.0,5.0
16,625,Füllkrug,F,0.0,0.0952892783050703,,
16,626,Marshall,F,0.3190383665985971,0.12856489930049167,,
16,631,Agbadou,D,0.3490877345234115,0.46437332360387873,,
16,652,Gonzalez,M,0.0,0.2571625165705547,,
16,654,Strand Larsen,F,4.310079791335018,4.1887023921167925,,
16,660,Stach,M,4.223943160492287,0.0,,
16,661,Ekitiké,F,0.0,4.917654291409431,0.0,13.0
16,665,Perri,G,0.015064636008792518,0.0,,
16,668,Xhaka,M,0.0,1.1714341321002644,,
16,683,Alderete,D,1.8250384581979089,2.8031597174092533,,
16,684,Thiaw,D,1.4086199056655793,4.151133607951756,,
16,691,Calvert-Lewin,F,2.054549772381935,1.561984104531377,3.0,0.0
16,694,Mukiele,D,6.678437434943996,6.568350580438251,,
16,714,Woltemade,F,1.4112750411287769,3.551716054738684,0.0,3.0
16,725,Hincapie,D,22.00253119442818,20.85866495469254,50.0,27.0
17,1,Raya,G,92.34375,66.796875,89.0,66.0
17,7,Calafiori,D,0.9864716102324635,1.1896679931245773,,
17,8,J.Timber,D,39.00779044574768,27.872982610833535,52.0,55.0
17,10,Lewis-Skelly,D,0.0,0.15397718257964035,,
17,16,Saka,M,68.38302416089877,84.5253496612749,63.0,89.0
17,21,Rice,M,0.0,0.9625787859870463,,
17,33,M.Bizot,G,0.0,0.06499756175650333,,
17,36,Cash,D,0.0,1.3452748720337775,,
17,38,Konsa,D,0.0,1.16998206573848,,
17,47,Rogers,M,0.0,2.92698896373727,,
17,48,Tielemans,M,0.7329484073936546,0.5886605868878841,,
17,64,Watkins,F,3.000739707256429,9.518085328179637,,
17,67,Petrović,G,1.3358573042600212,0.7347581150585831,3.0,5.0
17,72,Senesi,D,14.566421498953547,11.697248891433164,34.0,31.0
17,74,Truffert,D,5.357331497383725,2.523680323617713,,
17,82,Semenyo,M,33.40417153374273,45.46856828600089,44.0,53.0
17,83,O.Dango,M,0.06389337464286905,0.06067824797715009,,
17,84,Tavernier,M,2.005964062340529,2.3546423475515366,,
17,97,Evanilson,F,1.1909227952406871,0.0,3.0,2.0
17,100,Kroupi.Jr,F,0.4257207484450149,0.14229117832938618,,
17,101,Kelleher,G,0.513418829347581,0.6541419390309704,6.0,2.0
17,105,Valdimarsson,G,0.0,0.06467575539535675,,
17,106,Collins,D,4.9045190232166815,1.5944995762586103,,
17,113,Van den Berg,D,13.682714685302056,4.1896320465911225,23.0,8.0
17,119,Mbeumo,M,1.6081103045736174,0.0,,
17,120,Schade,M,9.921830095074547,1.0344130237472735,13.0,2.0
17,123,Carvalho,M,0.0,0.2577551734671324,,
17,136,Thiago,F,76.56913101664894,86.55886905624475,81.0,95.0
17,139,Verbruggen,G,0.43541050181679747,3.8407944058871824,6.0,16.0
17,145,De Cuyper,D,0.0,0.9209231907025264,,
17,151,Van Hecke,D,8.26182212706559,6.034145542520438,13.0,8.0
17,157,Mitoma,M,0.0,0.2577551734671324,,
17,158,Georginio,M,1.104931764002132,0.7247583943792872,,
17,160,Minteh,M,48.079352883621155,30.21348040195162,50.0,31.0
17,178,Welbeck,F,3.2761773131837626,0.0,,
17,190,Ekdal,D,0.0,0.2437604679438723,,
17,191,Estève,D,7.277606117333359,24.148392094498675,,
17,192,Hartman,D,0.0,0.04783757128687856,,
17,198,Tuanzebe,D,0.0,0.14949241027149548,,
17,220,Sánchez,G,1.0069007729564179,8.278396723040776,0.0,6.0
17,226,Chalobah,D,0.0,1.0814473900484356,,
17,232,Tosin,D,0.0,0.1928452092502292,,
17,233,Acheampong,D,0.0,0.14949241027149548,,
17,235,Palmer,M,0.3108319280040853,0.5206594928096835,,
17,237,Enzo,M,2.0251606214616182,3.7210135159797755,,
17,242,Dewsbury-Hall,M,8.519116619049209,0.7955592512559678,,
17,249,João Pedro,F,0.7740998169064466,1.4220204763892184,0.0,2.0
17,252,Marc Guiu,F,5.552169900451884,5.356742286619697,,
17,256,Muñoz,D,0.05471665024719431,0.21078429848280864,,
17,257,Lacroix,D,34.245633222118954,10.704960240732616,36.0,9.0
17,260,Guéhi,D,0.0,2.2176516099727412,,
17,261,Richards,D,10.839679670548971,18.076314785385904,6.0,9.0
17,267,Sarr,M,0.03438082831046445,0.0,,
17,276,Devenny,M,1.2105856593978388,0.0,,
17,283,Mateta,F,11.640484600594892,7.866349267016205,11.0,6.0
17,291,Tarkowski,D,27.62496621389446,6.474995132821645,,
17,295,Keane,D,5.28249496615447,9.860995421218465,,
17,299,Ndiaye,M,1.3322200074203963,0.21326266436847308,,
17,317,Andersen,D,48.088809022639566,26.806726876059756,50.0,52.0
17,322,Tete,D,0.0,0.9959351468682931,,
17,329,Wilson,M,1.2858743989362365,23.099041429480575,2.0,33.0
17,335,King,M,0.0,1.356606176142802,,
17,337,Raúl,F,2.7453973114610593,3.1204152996466497,3.0,3.0
17,338,Muniz,F,0.07713407288899225,0.0,,
17,344,Bijol,D,1.0155324507210512,0.0,,
17,347,Gudmundsson,D,0.0,1.5214015413048585,,
17,348,Rodon,D,6.593906168940872,20.305892446861755,,
17,366,A.Becker,G,0.0,1.1583531200984547,0.0,3.0
17,367,Mamardashvili,G,0.0,0.13130361189378062,,
17,370,Frimpong,D,0.0,0.08327675951872042,,
17,373,Virgil,D,52.464123598624035,55.97516934060827,53.0,52.0
17,381,M.Salah,M,0.10314248493139332,3.255854822742725,,
17,382,Wirtz,M,2.657810169858661,2.6864145283616043,,
17,384,Gakpo,M,0.0736732035224238,0.0,,
17,387,Szoboszlai,M,43.44625160574494,22.55595065671138,39.0,22.0
17,389,Elliott,M,0.03438082831046445,0.0,,
17,402,Aït-Nouri,D,0.0,0.11361423180633658,,
17,403,Gvardiol,D,0.8831871697315444,0.9058743145393846,,
17,411,O'Reilly,D,20.63130388126295,44.380410614392765,27.0,53.0
17,413,Marmoush,M,0.0,0.2577551734671324,,
17,414,Foden,M,88.58709948116432,90.31262954578774,95.0,95.0
17,417,Cherki,M,2.9047105681515415,8.019147845855535,11.0,9.0
17,427,Reijnders,M,5.456453155566084,1.744333762743369,,
17,430,Haaland,F,257.8125,232.861328125,258.0,233.0
17,441,Dorgu,D,0.8964065990034825,1.9837294928857256,,
17,449,B.Fernandes,M,97.11900114083399,87.06470432376645,98.0,89.0
17,450,Cunha,M,15.191636271432566,6.21483958053804,16.0,8.0
17,467,Obi,F,0.0993842862223554,0.0,,
17,470,Dúbravka,G,9.401639565535593,16.57049365675654,2.0,3.0
17,485,Gordon,M,4.386112957908828,0.9622977415026643,,
17,486,Elanga,M,0.0,0.09952257670528745,,
17,487,Barnes,M,0.42730458043005803,0.0,,
17,488,Bruno G.,M,0.0,0.9088367558636274,,
17,491,Tonali,M,0.09548793022240647,0.23339677107129586,,
17,497,L.Miley,M,0.0,4.574875402467754,,
17,502,Sels,G,0.0,0.9988450290563,0.0,2.0
17,505,Milenković,D,0.058280519438595906,1.8480430083106176,,
17,506,Murillo,D,1.1039839621644307,3.49052488171139,,
17,508,N.Williams,D,0.15530976906852825,2.257811399982192,,
17,517,Anderson,M,18.953788640320123,17.02406417279761,,
17,525,Wood,F,0.023733560888920695,0.2082309926771505,,
17,547,E.Le Fée,M,2.819714808728522,0.0,,
17,565,Vicario,G,0.21682044146335167,0.6801614067549017,0.0,2.0
17,568,Pedro Porro,D,2.471094024196467,11.23883933202235,,
17,569,Romero,D,0.2112997986461788,0.0,,
17,575,Van de Ven,D,0.04087099186013902,1.1799296864313717,,
17,580,Johnson,M,0.0,0.21705698818284838,,
17,582,Kudus,M,0.0,0.708358059717239,,
17,593,P.M.Sarr,M,0.0,0.2577551734671324,,
17,597,Richarlison,F,0.11909227952406871,0.1848626619305984,,
17,603,Diouf,D,0.0,0.48776387718107667,,
17,623,Potts,M,0.0,2.828104794252794,,
17,624,Bowen,F,0.0,5.66028821796369,0.0,2.0
17,625,Füllkrug,F,0.0,0.10932127115550402,,
17,626,Marshall,F,0.29666951111150863,0.14749695314631495,,
17,631,Agbadou,D,0.3404636530890804,0.9993211142246449,,
17,652,Gonzalez,M,0.0,0.2577551734671324,,
17,654,Strand Larsen,F,4.334958974676101,4.194960405348194,,
17,660,Stach,M,5.639429617457044,0.0,,
17,661,Ekitiké,F,0.0,12.353064503485578,2.0,16.0
17,665,Perri,G,0.0242128673564576,0.0,,
17,683,Alderete,D,3.8793339617544156,3.68162361929021,,
17,684,Thiaw,D,0.6294132746461408,2.9721472101460495,,
17,691,Calvert-Lewin,F,1.0967233506150555,1.2778378498438852,6.0,2.0
17,694,Mukiele,D,6.763446121802202,6.657182434880927,,
17,712,Yeremy,M,1.2858743989362365,0.0,,
17,714,Woltemade,F,0.03572768385722061,2.0619296907643667,,
17,725,Hincapie,D,20.980986997894526,20.90341980511343,30.0,25.0
18,1,Raya,G,92.34375,65.234375,92.0,64.0
18,7,Calafiori,D,0.11683820289918531,0.23886031002606284,,
18,8,J.Timber,D,42.55409228784996,31.003693680011253,58.0,58.0
18,16,Saka,M,63.541892003095455,69.58826123848121,66.0,75.0
18,21,Rice,M,2.8929001255906552,15.392123791569286,3.0,17.0
18,33,M.Bizot,G,0.0,0.11441908228516855,,
18,38,Konsa,D,0.0,1.2080380064077123,,
18,47,Rogers,M,0.0,5.645497748798983,,
18,48,Tielemans,M,0.7182849638855022,0.5983062224753743,,
18,64,Watkins,F,2.9960057892559795,9.615164444023609,,
18,67,Petrović,G,0.8831189194730219,0.8783987682250249,2.0,2.0
18,72,Senesi,D,8.23475812485954,7.830766452041621,,
18,74,Truffert,D,1.3181287966183155,1.607389413484642,,
18,82,Semenyo,M,23.062679346428126,40.448172415022775,25.0,47.0
18,83,O.Dango,M,0.038046513034500275,0.24595876843883485,,
18,84,Tavernier,M,0.7056834732910199,1.1966124449507487,,
18,100,Kroupi.Jr,F,0.21562582611742123,0.21398062888637795,0.0,2.0
18,101,Kelleher,G,0.32761960738889057,0.7856503107671143,5.0,2.0
18,105,Valdimarsson,G,0.0,0.11410832372597654,,
18,106,Collins,D,4.56640931138237,1.7263594470991228,,
18,113,Van den Berg,D,11.472078912234842,7.696750591916962,,
18,119,Mbeumo,M,0.025364342023000183,0.0,,
18,120,Schade,M,14.189675116022164,1.0386437797497552,16.0,2.0
18,123,Carvalho,M,0.0,0.2596231444632146,,
18,136,Thiago,F,66.0688564969884,38.80183856983967,77.0,42.0
18,139,Verbruggen,G,0.2743685269076373,4.632730370469731,0.0,3.0
18,145,De Cuyper,D,0.0,1.0142018885075048,,
18,151,Van Hecke,D,7.927759930696247,6.091490750866941,,
18,157,Mitoma,M,0.0,0.2596231444632146,,
18,158,Georginio,M,1.0895129234931122,0.734499916356362,,
18,160,Minteh,M,47.73285207224581,23.124249707484136,,
18,190,Ekdal,D,0.0,0.2551576931654777,,
18,191,Estève,D,3.9250898564003487,18.680025769393442,,
18,192,Hartman,D,0.0,0.07643529920834012,,
18,198,Tuanzebe,D,0.0,0.23886031002606284,,
18,220,Sánchez,G,0.6845895616042388,9.579145399354195,0.0,3.0
18,226,Chalobah,D,0.0,1.0887251000099933,,
18,232,Tosin,D,0.0,0.30812979993362105,,
18,235,Palmer,M,0.31065978797199073,0.5218663877364303,,
18,237,Enzo,M,2.0105655872855057,3.7362324854887023,,
18,242,Dewsbury-Hall,M,2.536434202300019,1.858355139315641,,
18,249,João Pedro,F,0.752499737187224,1.4286083412328952,,
18,252,Marc Guiu,F,2.6618895537770846,5.967971930038371,,
18,256,Muñoz,D,0.03205295831747562,0.33679303713674863,,
18,257,Lacroix,D,32.08334556140763,9.398867319073615,44.0,13.0
18,260,Guéhi,D,0.0,2.2325755215394802,,
18,261,Richards,D,5.129658142185007,16.93223859517987,,
18,267,Sarr,M,0.02959173236016688,0.0,,
18,276,Devenny,M,0.0,3.658799822819499,,
18,283,Mateta,F,2.0045491516101444,3.524791641854804,0.0,2.0
18,291,Tarkowski,D,39.22805112687967,7.896702307667419,55.0,9.0
18,295,Keane,D,9.124020380596704,21.821249334815562,14.0,28.0
18,299,Ndiaye,M,0.02959173236016688,0.20496564036569573,,
18,317,Andersen,D,42.490438642412954,27.64246746695116,59.0,47.0
18,329,Wilson,M,1.2601490594482496,23.477536169933693,0.0,30.0
18,337,Raúl,F,2.708850204878573,1.6750042926169524,3.0,2.0
18,338,Muniz,F,0.03906809393068259,0.0,,
18,344,Bijol,D,0.9701846027119477,0.0,,
18,347,Gudmundsson,D,0.0,2.472390061362043,,
18,348,Rodon,D,6.574822917071583,21.86820482772308,,
18,366,A.Becker,G,0.0,1.334495565481709,0.0,3.0
18,367,Mamardashvili,G,0.0,0.23010173177416732,,
18,370,Frimpong,D,0.0,0.08457967683425234,,
18,373,Virgil,D,63.31882258260894,60.486259037264055,88.0,67.0
18,381,M.Salah,M,0.08877519708050065,3.2794502458511317,,
18,382,Wirtz,M,24.588722217983065,17.907472333470086,22.0,17.0
18,384,Gakpo,M,0.06341085505750046,0.0,,
18,386,Mac Allister,M,1.4464500627953276,0.0,,
18,387,Szoboszlai,M,41.686690809761345,18.320522226141517,,
18,389,Elliott,M,0.02959173236016688,0.0,,
18,402,Aït-Nouri,D,0.0,0.18153383561980777,,
18,403,Gvardiol,D,0.0,0.9493716312977015,,
18,411,O'Reilly,D,20.009697548869458,44.67907309154935,28.0,53.0
18,413,Marmoush,M,0.0,0.2596231444632146,,
18,414,Foden,M,90.09133851187731,90.44690022883391,91.0,94.0
18,417,Cherki,M,1.441417459151758,9.431619150738157,,
18,427,Reijnders,M,4.03523304997449,1.7677794597051422,,
18,430,Haaland,F,200.0,170.21484375,200.0,183.0
18,440,Dalot,D,1.3181287966183155,0.0,,
18,441,Dorgu,D,0.8938123320442936,3.5457732113522433,,
18,449,B.Fernandes,M,1.678833984978764,7.188340735825731,,
18,450,Cunha,M,92.2507173857125,68.24450142641251,100.0,80.0
18,467,Obi,F,0.05033773641068719,0.0,,
18,470,Dúbravka,G,5.854534043812372,20.572902720405928,3.0,27.0
18,485,Gordon,M,2.911663267486551,0.9701093983616391,,
18,486,Elanga,M,0.0,0.09565063217065801,,
18,487,Barnes,M,0.3677829593335027,0.0,,
18,488,Bruno G.,M,0.0,0.9162144317859923,,
18,491,Tonali,M,0.08821043416137749,0.22735636454064226,,
18,497,L.Miley,M,0.0,7.24589120846178,,
18,502,Sels,G,0.0,1.6926616697975176,0.0,2.0
18,505,Milenković,D,0.05652456934708886,1.8604796012829001,,
18,506,Murillo,D,1.4131142336772213,5.7881587595468,,
18,508,N.Williams,D,0.14460296152710841,2.4445249770923576,,
18,517,Anderson,M,18.5745971362672,12.516566174184831,9.0,8.0
18,525,Wood,F,0.012020951978671568,0.052190397289360486,,
18,547,E.Le Fée,M,12.55451562229721,6.759283518098176,13.0,9.0
18,565,Vicario,G,0.14406771353651923,0.8190561616046657,0.0,2.0
18,568,Pedro Porro,D,2.396641740316568,11.314472241876008,,
18,569,Romero,D,0.20275600845770453,0.0,,
18,575,Van de Ven,D,0.038053410928186426,1.2775059908533508,,
18,580,Johnson,M,0.0,0.21863001639007545,,
18,582,Kudus,M,1.441417459151758,0.7141083071273175,,
18,593,P.M.Sarr,M,0.0,0.2596231444632146,,
18,597,Richarlison,F,0.115769190336496,0.18571908436027637,,
18,603,Diouf,D,0.0,0.09793272711068575,,
18,612,L.Paquetá,M,4.062134603640986,2.4898302249368203,,
18,623,Potts,M,0.0,4.156133825230908,,
18,624,Bowen,F,1.3544251024392866,10.050025755701716,2.0,11.0
18,625,Füllkrug,F,0.0,0.1643997514614855,,
18,626,Marshall,F,0.07513094986669729,0.22180918847978204,,
18,631,Agbadou,D,0.04032468949617901,0.2006426604218928,,
18,652,Gonzalez,M,0.0,0.2596231444632146,,
18,654,Strand Larsen,F,3.828265349946162,2.9205750668256383,,
18,660,Stach,M,5.5797847210209826,1.126547253016363,,
18,661,Ekitiké,F,33.80109095570848,82.71548851795802,34.0,98.0
18,665,Perri,G,0.015799924150349923,0.0,,
18,670,Roefs,G,0.0,0.5225816781410048,0.0,2.0
18,683,Alderete,D,3.70610518235964,8.25303159273166,5.0,17.0
18,684,Thiaw,D,0.5860225282940709,3.2179340093927653,,
18,691,Calvert-Lewin,F,0.43359267012824676,0.0,5.0,0.0
18,694,Mukiele,D,6.46142945406157,7.848298700124349,11.0,14.0
18,712,Yeremy,M,1.2601490594482496,0.0,,
18,714,Woltemade,F,0.03473075710094879,2.071482094787698,0.0,2.0
18,725,Hincapie,D,7.91343970859244,14.153426300129912,11.0,16.0
19,1,Raya,G,92.34375,62.109375,92.0,63.0
19,5,Gabriel,D,14.406255860104825,3.612007026378518,19.0,6.0
19,7,Calafiori,D,0.13014254782489096,0.138741617963346,,
19,8,J.Timber,D,33.30246146327565,30.32279898644766,44.0,42.0
19,16,Saka,M,63.81879558899085,67.44624048484695,66.0,70.0
19,21,Rice,M,1.4612756497118204,11.239479548010287,,
19,33,M.Bizot,G,0.0,0.04516311865099792,,
19,38,Konsa,D,0.0,1.2824333865460198,,
19,47,Rogers,M,0.0,5.802452308491128,,
19,48,Tielemans,M,0.7377429603741384,0.6252347407086767,,
19,64,Watkins,F,3.0028601517135582,9.931908589664337,,
19,67,Petrović,G,0.7503256340991117,0.7588490009272134,,
19,72,Senesi,D,4.758351210281731,5.3397613832166995,,
19,74,Truffert,D,0.0,0.6465160047876629,,
19,82,Semenyo,M,2.9136763977431834,22.185032453944597,2.0,17.0
19,83,O.Dango,M,0.042089001249958465,0.2522198669483563,,
19,84,Tavernier,M,0.7248001014202063,1.2504694814173534,,
19,100,Kroupi.Jr,F,3.1587057904092988,0.8621930308873288,,
19,101,Kelleher,G,0.33218569322566577,0.6735133618983123,5.0,2.0
19,105,Valdimarsson,G,0.0,0.044068230576889224,,
19,106,Collins,D,4.90551671163065,1.8187198171719006,,
19,113,Van den Berg,D,0.8061927741364928,0.606300870499822,,
19,119,Mbeumo,M,0.02805933416663897,0.0,,
19,120,Schade,M,14.291582730930315,2.3819135968030403,16.0,3.0
19,123,Carvalho,M,0.0,0.2662320817788205,,
19,136,Thiago,F,67.29172139406103,37.86861146821998,75.0,33.0
19,139,Verbruggen,G,0.39703015882289794,4.791212467653332,3.0,17.0
19,145,De Cuyper,D,0.0,1.0553585234943652,,
19,151,Van Hecke,D,7.166207637524699,3.009726159595041,,
19,157,Mitoma,M,0.0,0.2761761826508186,,
19,158,Georginio,M,2.4817105273115256,0.763732974234414,,
19,160,Minteh,M,19.711549300577786,6.09760179365236,27.0,19.0
19,190,Ekdal,D,0.0,0.45301375428976054,,
19,191,Estève,D,2.4431296122122506,18.236678396986587,,
19,192,Hartman,D,0.0,0.044397317748270715,,
19,220,Sánchez,G,0.6845956403452202,8.9375533432392,0.0,3.0
19,226,Chalobah,D,0.0,1.1148568228039981,,
19,232,Tosin,D,0.0,0.17897668717271634,,
19,235,Palmer,M,0.31091013943234974,2.032037368605842,,
19,237,Enzo,M,0.56989750338761,2.329957298740073,,
19,242,Dewsbury-Hall,M,0.935311138887966,1.9056612169431366,,
19,249,João Pedro,F,0.7800021109514195,1.4537726966113396,0.0,2.0
19,252,Marc Guiu,F,2.935729070565562,3.9082920731306157,,
19,256,Muñoz,D,0.03570282285461611,0.1956256813283178,,
19,257,Lacroix,D,30.9878695677233,9.624460166485147,42.0,11.0
19,260,Guéhi,D,0.0,2.286162092332249,,
19,261,Richards,D,0.6057962845654217,1.0877342848326326,,
19,267,Sarr,M,0.03273588986107882,0.0,,
19,276,Devenny,M,0.0,4.275760199609439,,
19,283,Mateta,F,2.0416512436082472,3.5741825176713085,0.0,2.0
19,291,Tarkowski,D,40.76114761182709,8.08623999324925,36.0,8.0
19,295,Keane,D,8.516189756119608,23.863872199320873,,
19,299,Ndiaye,M,0.03273588986107882,0.2101832224569636,,
19,317,Andersen,D,38.287557934277224,27.666365858818953,11.0,30.0
19,329,Wilson,M,0.0,24.534211225408473,0.0,22.0
19,337,Raúl,F,1.379494083519086,1.6984751633562,,
19,338,Muniz,F,0.04308718929421655,0.0,,
19,347,Gudmundsson,D,0.0,2.6344178118340804,,
19,348,Rodon,D,5.081029165219908,4.686349182307868,,
19,366,A.Becker,G,0.0,1.2540211692787488,,
19,367,Mamardashvili,G,0.0,0.08959233662391711,,
19,370,Frimpong,D,0.0,0.06496606966283687,,
19,373,Virgil,D,65.79342587142463,60.526847000080345,88.0,64.0
19,381,M.Salah,M,0.0982076695832364,3.3629315593114177,,
19,382,Wirtz,M,16.835784050261736,16.57239365062987,14.0,20.0
19,384,Gakpo,M,0.18808593013951777,0.0,,
19,387,Szoboszlai,M,81.56840676691382,25.937260495408353,88.0,28.0
19,389,Elliott,M,0.03273588986107882,0.0,,
19,402,Aït-Nouri,D,0.0,0.10544362965214296,,
19,403,Gvardiol,D,0.0,1.011614513321317,,
19,411,O'Reilly,D,15.687406614841814,30.08857112098816,28.0,44.0
19,413,Marmoush,M,0.0,0.2662320817788205,,
19,414,Foden,M,91.71849113254316,91.30621242935584,92.0,92.0
19,417,Cherki,M,2.922551299423641,10.257673642251893,,
19,427,Reijnders,M,4.113332365709711,1.8381369888353694,,
19,430,Haaland,F,111.51311883048116,165.69942359475488,113.0,180.0
19,440,Dalot,D,1.3468617710761683,3.179586908791785,,
19,441,Dorgu,D,7.762751857856985,11.503311939930308,11.0,27.0
19,447,Heaven,D,0.0,0.9375152355281425,,
19,449,B.Fernandes,M,0.16710239311780867,4.561674074263425,,
19,450,Cunha,M,188.5537446183519,97.88488310689574,189.0,106.0
19,467,Obi,F,0.05551618620600979,0.0,,
19,470,Dúbravka,G,5.8588882657178445,16.06734956032372,2.0,6.0
19,473,Hall,D,27.017475362306143,11.289689344850611,36.0,20.0
19,485,Gordon,M,5.856489559463799,16.230248461937,6.0,27.0
19,486,Elanga,M,0.0,0.09808550381324968,,
19,487,Barnes,M,1.090898394809203,0.0,,
19,488,Bruno G.,M,0.0,0.9416867708291091,,
19,491,Tonali,M,0.09060001267752579,0.23758920146929713,,
19,497,L.Miley,M,0.0,7.429703033177455,,
19,502,Sels,G,0.0,0.7189709051579367,,
19,505,Milenković,D,0.05873364209196988,1.905135076943541,,
19,506,Murillo,D,1.4683410522992466,5.927086906046571,,
19,508,N.Williams,D,0.15534136253497058,2.575307261115411,,
19,517,Anderson,M,22.96063178427582,13.079910775625518,25.0,16.0
19,525,Wood,F,0.013257596705912783,0.03417833032908278,,
19,547,E.Le Fée,M,11.325376899998227,5.924981942322629,,
19,565,Vicario,G,0.14406897548258946,0.704376989804168,0.0,2.0
19,568,Pedro Porro,D,2.490306424699523,11.586043690152941,,
19,569,Romero,D,0.21290474390299025,0.0,,
19,575,Van de Ven,D,0.06734308855380843,1.960745260421601,,
19,580,Johnson,M,0.0,0.2325694169691104,,
19,582,Kudus,M,1.4612756497118204,0.7766524329133576,,
19,593,P.M.Sarr,M,0.0,0.2662320817788205,,
19,597,Richarlison,F,0.12000032476175684,0.18899045055947414,,
19,603,Diouf,D,0.0,0.05688406336497184,,
19,612,L.Paquetá,M,4.14075458148111,2.5889253363878444,,
19,623,Potts,M,0.0,4.3327703356042315,,
19,624,Bowen,F,1.379494083519086,10.190850980137203,2.0,9.0
19,625,Füllkrug,F,0.0,0.10766174053661075,,
19,626,Marshall,F,0.08285997941195489,0.14525790389860177,,
19,631,Agbadou,D,0.04491645455903317,0.11654295908921063,,
19,652,Gonzalez,M,0.0,0.2662320817788205,,
19,654,Strand Larsen,F,0.30161032505951585,0.504130372353971,,
19,660,Stach,M,4.2470163374993355,1.1849963884645256,,
19,661,Ekitiké,F,33.87842222446066,77.00115045934857,34.0,91.0
19,665,Perri,G,0.016020220204035193,0.0,,
19,670,Roefs,G,0.0,0.4646477772363095,,
19,683,Alderete,D,1.8614240291567477,8.793892909253978,,
19,684,Thiaw,D,3.0822996671412586,7.027533373552224,6.0,14.0
19,691,Calvert-Lewin,F,0.4859468520907798,0.0,,
19,694,Mukiele,D,6.811584634166999,8.36263590091103,,
19,712,Yeremy,M,1.2942858953932257,0.0,,
19,714,Woltemade,F,0.03600009742852705,2.107970410086442,0.0,3.0
19,725,Hincapie,D,3.5240185255181924,10.259505192132993,,
19,749,Mané,F,1.3995211439213453,0.0,,
20,1,Raya,G,92.34375,60.546875,92.0,61.0
20,5,Gabriel,D,36.39120816997082,35.265509897727334,48.0,63.0
20,7,Calafiori,D,0.011190310242236672,0.0,,
20,8,J.Timber,D,30.216441880485444,26.078844569369362,41.0,47.0
20,16,Saka,M,65.17131582650734,68.78516357016301,67.0,73.0
20,21,Rice,M,1.4524495162294908,9.739343297249963,,
20,33,M.Bizot,G,0.0,0.04618668500307116,,
20,38,Konsa,D,0.0,1.2591781284238452,,
20,47,Rogers,M,0.0,18.147485708342277,0.0,19.0
20,48,Tielemans,M,0.7257577942811659,0.6181476461289356,,
20,64,Watkins,F,2.9988377216510242,9.854103859613181,,
20,67,Petrović,G,0.5116262621282054,0.7910579646638364,,
20,72,Senesi,D,3.7467252248397482,4.474976027636255,,
20,74,Truffert,D,0.0,0.6347922796186327,,
20,82,Semenyo,M,1.4476500488149973,9.65847988419733,,
20,83,O.Dango,M,0.0384574279846967,0.25073403821563695,,
20,84,Tavernier,M,3.2595437778241845,1.2362952922578712,,
20,100,Kroupi.Jr,F,1.8927943810222165,0.6289569432952116,,
20,101,Kelleher,G,0.2605816104303694,0.5671653964982144,2.0,2.0
20,105,Valdimarsson,G,0.0,0.045066982641875614,,
20,106,Collins,D,6.99595996339372,1.7645804525379554,,
20,113,Van den Berg,D,0.4303965477783335,0.44431547708021046,,
20,119,Mbeumo,M,0.025638285323131137,0.0,,
20,120,Schade,M,14.201446978875124,2.3664651568118815,16.0,3.0
20,123,Carvalho,M,0.0,0.26466370700539454,,
20,136,Thiago,F,66.55196775847104,36.27762155665319,58.0,36.0
20,139,Verbruggen,G,0.3400979658667972,5.571505585866279,6.0,20.0
20,145,De Cuyper,D,0.0,1.021174870975146,,
20,151,Van Hecke,D,10.395616954677521,4.807771035800137,13.0,8.0
20,157,Mitoma,M,0.0,0.2774325676877801,,
20,158,Georginio,M,2.453157275321816,0.7562846341370175,,
20,160,Minteh,M,7.264180841553822,8.399590280223837,14.0,9.0
20,190,Ekdal,D,0.0,0.4530073691636699,,
20,191,Estève,D,2.7163949866913244,21.02579030669999,,
20,192,Hartman,D,0.0,0.042190193669337496,,
20,220,Sánchez,G,0.576738227988938,9.467175928296289,0.0,5.0
20,226,Chalobah,D,0.0,1.1086937484919877,,
20,232,Tosin,D,0.0,1.6091083939702697,,
20,235,Palmer,M,0.3107635998323447,2.0277690726080997,,
20,237,Enzo,M,0.5645835190378489,2.1876044182156344,,
20,242,Dewsbury-Hall,M,0.8546095107710379,0.5014680764312739,,
20,249,João Pedro,F,0.7626862792027023,0.0,,
20,252,Marc Guiu,F,1.9611206826469065,3.880751676580722,,
20,256,Muñoz,D,0.02668458596225668,0.18590054085551833,,
20,257,Lacroix,D,24.51601282182587,2.5542058509562247,,
20,260,Guéhi,D,0.0,1.469251511980204,,
20,261,Richards,D,0.45277716826280684,0.901815389682089,,
20,267,Sarr,M,0.029911332876986326,0.0,,
20,276,Devenny,M,0.0,4.254306150498122,,
20,283,Mateta,F,2.0192068938609498,3.5629806885998665,0.0,2.0
20,291,Tarkowski,D,40.93646668564938,15.058587242175985,56.0,17.0
20,295,Keane,D,8.251192247715224,23.687420489815104,,
20,299,Ndiaye,M,0.029911332876986326,0.2089450318463641,,
20,303,Garner,M,0.0,2.4725905845157423,,
20,317,Andersen,D,34.84765390654894,25.431133481977014,19.0,23.0
20,329,Wilson,M,0.0,24.25611363409943,0.0,23.0
20,337,Raúl,F,1.3643289823384797,0.22084591045040494,,
20,338,Muniz,F,0.028783030058605462,0.0,,
20,347,Gudmundsson,D,0.0,3.4917483845456716,,
20,348,Rodon,D,5.068580589692191,0.0,,
20,365,Nmecha,F,0.05535198088193358,0.0,,
20,366,A.Becker,G,0.0,0.656873910574977,0.0,2.0
20,367,Mamardashvili,G,0.0,0.09162283637484242,,
20,370,Frimpong,D,0.0,0.06348617644358907,,
20,373,Virgil,D,59.638813230269584,41.94791916762723,81.0,45.0
20,381,M.Salah,M,0.08973399863095897,3.3431205095418255,,
20,382,Wirtz,M,4.397304937627677,12.031429830808058,,
20,384,Gakpo,M,0.21786742743442364,0.0,,
20,387,Szoboszlai,M,81.07573199593018,27.30520534611309,88.0,30.0
20,389,Elliott,M,0.029911332876986326,0.0,,
20,402,Aït-Nouri,D,0.0,0.10020170996467655,,
20,403,Gvardiol,D,0.0,0.5810578589346957,,
20,411,O'Reilly,D,9.914845440952266,20.333715369503814,13.0,30.0
20,413,Marmoush,M,0.0,0.26466370700539454,,
20,414,Foden,M,91.67526195054168,89.61237249762904,92.0,94.0
20,417,Cherki,M,10.167146613606436,16.061885497713586,11.0,17.0
20,427,Reijnders,M,4.066006533682567,1.8202104753806185,,
20,430,Haaland,F,197.36005175487423,196.875,198.0,197.0
20,440,Dalot,D,1.3293627819280718,3.121929244026063,,
20,441,Dorgu,D,7.498978770261896,12.161548835412352,6.0,19.0
20,447,Heaven,D,0.0,1.5620943764264479,,
20,449,B.Fernandes,M,0.16667154669415082,4.535193920841495,,
20,450,Cunha,M,98.56166774177836,78.71008076253263,102.0,84.0
20,467,Obi,F,0.0370858271908955,0.0,,
20,470,Dúbravka,G,4.845711085358715,16.431496210692004,0.0,6.0
20,473,Hall,D,26.373633999157864,12.630688273959354,36.0,14.0
20,485,Gordon,M,14.505453489126271,20.252539016436565,16.0,23.0
20,486,Elanga,M,0.0,0.09750768152830326,,
20,487,Barnes,M,1.263631079119657,1.460171408883053,,
20,488,Bruno G.,M,0.0,0.9355792480419067,,
20,491,Tonali,M,0.08912815017488004,0.2348961055289955,,
20,497,L.Miley,M,0.0,7.515940865880015,,
20,502,Sels,G,0.0,0.7352654934995025,,
20,505,Milenković,D,0.057333986954691,1.894603241093903,,
20,506,Murillo,D,1.433349673867275,5.894321194514364,,
20,508,N.Williams,D,0.14769248811608965,2.4986459207937446,,
20,517,Anderson,M,25.134138349316164,14.167944049275205,25.0,13.0
20,525,Wood,F,0.008856316941109372,0.03251572414395243,,
20,547,E.Le Fée,M,11.225796294451849,9.35027573989493,,
20,565,Vicario,G,0.11973080323260529,0.7342739164572876,0.0,2.0
20,568,Pedro Porro,D,4.724320525066538,11.521994525467367,,
20,569,Romero,D,0.2062798061928806,0.0,,
20,575,Van de Ven,D,0.0664681390964036,1.925189700482739,,
20,580,Johnson,M,0.0,0.23362742542128853,,
20,582,Kudus,M,5.809798064917963,3.694233664474124,,
20,593,P.M.Sarr,M,0.0,0.26466370700539454,,
20,597,Richarlison,F,0.1173363506465696,0.18823843667297668,,
20,603,Diouf,D,0.0,0.054056185638838655,,
20,612,L.Paquetá,M,4.093113243907117,2.5636767258881954,,
20,623,Potts,M,0.0,5.729132282670804,,
20,624,Bowen,F,1.3643289823384797,14.575830089726727,2.0,14.0
20,625,Füllkrug,F,0.0,0.10242453105345016,,
20,626,Marshall,F,0.05535198088193358,0.1381918276117978,,
20,631,Agbadou,D,0.03357093072671002,0.11074925838201093,,
20,652,Gonzalez,M,0.0,0.26466370700539454,,
20,654,Strand Larsen,F,0.2014812104102382,0.4796069311232984,,
20,660,Stach,M,5.832296495728567,1.4181020501660406,,
20,661,Ekitiké,F,32.29517546393411,69.28624993285686,33.0,81.0
20,665,Perri,G,0.013264289064012665,0.0,,
20,670,Roefs,G,0.0,0.9843638595154253,0.0,3.0
20,683,Alderete,D,1.7981740924738674,9.512952291754349,,
20,684,Thiaw,D,3.707858780598672,8.230003230637024,8.0,19.0
20,691,Calvert-Lewin,F,0.39957039594016636,0.0,3.0,0.0
20,694,Mukiele,D,8.853556127640958,9.282536285570826,,
20,712,Yeremy,M,1.273259288212572,0.0,,
20,714,Woltemade,F,0.03520090519397087,2.0995825628908937,0.0,2.0
20,725,Hincapie,D,0.8474226872608774,2.0587660075278165,,
20,749,Mané,F,1.352223995344655,0.0,,
21,1,Raya,G,92.34375,54.21875000000001,92.0,53.0
21,5,Gabriel,D,51.47743787798058,71.66046483245393,53.0,80.0
21,7,Calafiori,D,0.010058677423823166,0.0,,
21,8,J.Timber,D,34.42932168662583,36.07550097374074,36.0,41.0
21,16,Saka,M,66.44951286444619,64.17819742063557,69.0,70.0
21,21,Rice,M,1.4403707995419637,12.335010778379988,,
21,33,M.Bizot,G,0.0,0.05025163127182,,
21,38,Konsa,D,0.0,1.0054098718136828,,
21,47,Rogers,M,0.0,21.324788168886872,0.0,23.0
21,48,Tielemans,M,0.7101069519466134,0.537950493953808,,
21,64,Watkins,F,3.0101849266526295,11.016084277492343,0.0,3.0
21,67,Petrović,G,0.4012942805291098,0.7743287236572625,2.0,2.0
21,72,Senesi,D,3.5352134793337138,2.8631065807786973,,
21,74,Truffert,D,0.0,0.507316907795895,,
21,82,Semenyo,M,1.4350907695785347,8.643051096211396,,
21,83,O.Dango,M,0.03539564163197869,0.22733650498206426,,
21,84,Tavernier,M,16.758466246761845,2.3743379940982083,20.0,3.0
21,100,Kroupi.Jr,F,1.7709399851587175,0.46824345650944843,2.0,2.0
21,101,Kelleher,G,0.2793496376058102,1.139508697366617,5.0,3.0
21,105,Valdimarsson,G,0.0,0.04903338254526073,,
21,106,Collins,D,8.067914579392294,1.8543134270623742,,
21,113,Van den Berg,D,0.30949776688686664,0.02829173570183626,,
21,119,Mbeumo,M,0.09058523190052681,0.0,,
21,120,Schade,M,14.078240449565428,2.1311632839973305,,
21,123,Carvalho,M,0.0,0.2407092405692445,,
21,136,Thiago,F,65.56194203359175,43.5286372905707,77.0,48.0
21,139,Verbruggen,G,0.33098728878870826,5.2346804300495196,,
21,145,De Cuyper,D,0.0,1.690308675456317,,
21,151,Van Hecke,D,7.601844337450061,3.007005671662941,,
21,157,Mitoma,M,0.0,0.2563859053242954,,
21,158,Georginio,M,1.1220444226297064,0.15491499583361992,,
21,160,Minteh,M,3.146279256175884,6.4456585530208805,,
21,190,Ekdal,D,0.0,0.3010138737113989,,
21,191,Estève,D,2.707120345824708,19.04003322213126,,
21,192,Hartman,D,0.0,0.02829173570183626,,
21,220,Sánchez,G,0.5763004625207562,11.424163390406656,,
21,226,Chalobah,D,0.0,0.9589439545734311,,
21,232,Tosin,D,0.0,1.3545624317012952,,
21,235,Palmer,M,0.3020432402929372,1.8062213256645259,,
21,237,Enzo,M,1.994776169714163,5.341063538906889,,
21,242,Dewsbury-Hall,M,0.786569814043971,0.4413002743769483,,
21,249,João Pedro,F,0.740722256413692,0.0,,
21,252,Marc Guiu,F,1.7590978587482344,2.73162122446289,,
21,256,Muñoz,D,0.023986076933732163,0.1238982908321795,,
21,257,Lacroix,D,23.76306877830782,1.9178879091468621,33.0,3.0
21,260,Guéhi,D,0.0,1.1482879576350071,,
21,261,Richards,D,4.169644697932343,7.166445685667536,,
21,267,Sarr,M,0.027529943491538984,0.0,,
21,276,Devenny,M,0.0,2.5473108443621104,,
21,283,Mateta,F,1.9891692129913034,3.356112669987748,0.0,2.0
21,287,Pickford,G,0.0,0.7733137079604219,0.0,2.0
21,291,Tarkowski,D,39.679212132160394,15.842834629783589,56.0,19.0
21,295,Keane,D,6.341664939821054,33.20681758018955,13.0,34.0
21,299,Ndiaye,M,0.027529943491538984,0.18721829822052352,,
21,303,Garner,M,0.0,2.140356220624726,,
21,317,Andersen,D,32.880419144923316,19.085433480425003,42.0,33.0
21,329,Wilson,M,0.0,22.43368017339285,0.0,31.0
21,337,Raúl,F,1.344033252021151,0.21605875557861037,2.0,0.0
21,338,Muniz,F,0.025817975911630875,0.0,,
21,347,Gudmundsson,D,0.0,5.388688647772999,,
21,348,Rodon,D,5.051274835225992,1.5775581258697764,,
21,365,Nmecha,F,0.04964995367621322,0.0,,
21,366,A.Becker,G,0.0,0.7535283440658829,0.0,2.0
21,367,Mamardashvili,G,0.0,0.0996866735354729,,
21,370,Frimpong,D,0.0,0.04686889623000029,,
21,373,Virgil,D,57.80716591018661,29.092468706354513,,
21,381,M.Salah,M,0.08258983047461695,3.008865507115556,,
21,382,Wirtz,M,2.841607022781676,8.28840658276482,,
21,384,Gakpo,M,0.21605561993129457,0.0,,
21,387,Szoboszlai,M,80.1067667578738,23.24546619026718,69.0,27.0
21,389,Elliott,M,0.027529943491538984,0.0,,
21,402,Aït-Nouri,D,0.0,0.06731481942850698,,
21,403,Gvardiol,D,0.0,0.006829039652167374,,
21,411,O'Reilly,D,9.402513429576057,17.60708201707011,19.0,36.0
21,413,Marmoush,M,0.0,0.2407092405692445,,
21,414,Foden,M,89.10275588641647,85.52314626122667,92.0,94.0
21,417,Cherki,M,10.082595596793746,15.61105290196821,11.0,17.0
21,427,Reijnders,M,4.002818371041841,1.5948836020962711,,
21,430,Haaland,F,200.0,196.875,200.0,197.0
21,440,Dalot,D,1.3061588208677077,3.357515535231014,,
21,441,Dorgu,D,7.184469524676702,10.282286468311568,11.0,17.0
21,447,Heaven,D,0.0,1.4213642520212837,,
21,449,B.Fernandes,M,0.16612378216111545,4.3578673254128235,,
21,450,Cunha,M,96.6538368937399,78.34124143062857,100.0,84.0
21,467,Obi,F,0.03326546896306286,0.0,,
21,469,Pope,G,0.0,0.7489796627562525,0.0,2.0
21,470,Dúbravka,G,5.017543708195403,15.817865000668322,2.0,31.0
21,473,Hall,D,25.56363806833863,12.088096328777757,36.0,14.0
21,485,Gordon,M,14.379609511176916,19.325178174025176,16.0,23.0
21,486,Elanga,M,0.0,0.08023641352308149,,
21,487,Barnes,M,2.6934933951434723,1.338904172249098,,
21,488,Bruno G.,M,0.0,2.2647421636979423,,
21,491,Tonali,M,0.08720611690572448,0.20602359342911797,,
21,497,L.Miley,M,0.0,6.792828918298961,,
21,502,Sels,G,0.0,3.770571532215354,0.0,2.0
21,505,Milenković,D,0.055573126235518765,1.6477628515205436,,
21,506,Murillo,D,1.3893281558879689,5.132376094900054,,
21,508,N.Williams,D,0.13935488818950326,1.8659757756602509,,
21,517,Anderson,M,28.329529977659636,14.078278884323064,36.0,20.0
21,525,Wood,F,0.007943992588194115,0.02298529816864257,,
21,547,E.Le Fée,M,11.091185044118632,8.515025001231981,13.0,13.0
21,565,Vicario,G,0.11963992316156218,0.8117119217475617,0.0,2.0
21,568,Pedro Porro,D,4.579225601806746,10.035145890817738,,
21,569,Romero,D,0.1466893559889508,0.0,,
21,575,Van de Ven,D,0.0653079410433854,1.5403986109438992,,
21,580,Johnson,M,0.0,0.2136549211035795,,
21,582,Kudus,M,0.0,2.0839524840447354,,
21,593,P.M.Sarr,M,0.0,0.2407092405692445,,
21,597,Richarlison,F,0.10302739719830094,0.10957158045131732,,
21,603,Diouf,D,0.0,0.03609635244717041,,
21,612,L.Paquetá,M,1.8721404178683498,0.5633272575767997,,
21,623,Potts,M,0.0,4.436311842431314,,
21,624,Bowen,F,1.344033252021151,14.130242614841118,2.0,14.0
21,625,Füllkrug,F,0.0,0.07137539957631113,,
21,626,Marshall,F,0.04964995367621322,0.09678020281533714,,
21,631,Agbadou,D,0.015845690455399047,0.07414385908067435,,
21,652,Gonzalez,M,0.0,0.2407092405692445,,
21,654,Strand Larsen,F,0.18072583138141612,0.3363112047832965,,
21,660,Stach,M,5.786253863756606,1.2873506417743996,,
21,661,Ekitiké,F,20.60547943966019,40.76062792789005,,
21,665,Perri,G,0.013477543997821625,0.0,,
21,670,Roefs,G,0.0,1.0881768536205265,0.0,3.0
21,683,Alderete,D,1.7227581732426347,11.468704137732134,,
21,684,Thiaw,D,5.301676242868489,18.341491412827036,8.0,22.0
21,691,Calvert-Lewin,F,0.3606928872719894,0.0,5.0,0.0
21,694,Mukiele,D,10.005176567846643,12.194053674657694,,
21,714,Woltemade,F,0.030908219159490283,0.3743695665420009,,
21,725,Hincapie,D,0.8036336264594921,1.5622965410000098,,
21,749,Mané,F,1.3308989806336098,4.024770083211932,0.0,2.0
22,1,Raya,G,92.34375,54.21875000000001,92.0,55.0
22,5,Gabriel,D,82.86433684753834,83.16192362190678,86.0,92.0
22,7,Calafiori,D,0.00873985729566926,0.0,,
22,8,J.Timber,D,31.247388113053542,36.2013853209518,33.0,41.0
22,16,Saka,M,69.0784650385498,60.30055612392291,72.0,70.0
22,21,Rice,M,1.416750224622164,15.421390180263028,2.0,19.0
22,33,M.Bizot,G,0.0,0.05025163127181999,,
22,36,Cash,D,0.6764638160440716,0.01191442933743256,,
22,38,Konsa,D,0.0,1.0195078312143122,,
22,47,Rogers,M,0.0,34.66506317535969,0.0,41.0
22,48,Tielemans,M,0.7432989930990094,0.5680643458517526,,
22,64,Watkins,F,2.9848739838221996,11.411569930254677,0.0,3.0
22,67,Petrović,G,0.3644650766735172,0.6003941888802571,0.0,3.0
22,72,Senesi,D,3.260555593332425,2.3292709354680654,,
22,74,Truffert,D,0.0,0.5144305570347446,,
22,82,Semenyo,M,1.416750224622164,8.68941110500241,,
22,83,O.Dango,M,0.03163717914662291,0.22844803410902856,,
22,84,Tavernier,M,64.62789139997703,18.105540214594157,78.0,22.0
22,100,Kroupi.Jr,F,1.61572846333675,0.48173555125416107,0.0,2.0
22,101,Kelleher,G,0.18398459980540613,1.3220148482665017,0.0,3.0
22,105,Valdimarsson,G,0.0,0.04903338254526073,,
22,106,Collins,D,8.432144683085212,4.103672775874943,,
22,113,Van den Berg,D,0.1344593430102963,0.02921634981938976,,
22,119,Mbeumo,M,0.09013414958636871,0.0,,
22,120,Schade,M,11.064819254299099,2.1425945190416904,,
22,123,Carvalho,M,0.0,0.24188615376250078,,
22,136,Thiago,F,64.13823573422574,45.08796678606451,73.0,48.0
22,139,Verbruggen,G,0.35187392919768856,5.377520827017162,6.0,20.0
22,145,De Cuyper,D,0.0,1.705218952192079,,
22,151,Van Hecke,D,7.408874829950392,3.049170210787759,,
22,157,Mitoma,M,0.0,0.2380660576712989,,
22,158,Georginio,M,2.3603003114196617,0.664756149400987,,
22,160,Minteh,M,1.757621063701273,3.7895497422791795,,
22,190,Ekdal,D,0.0,0.026193968803590824,,
22,191,Estève,D,2.69339818316931,19.040264084038736,,
22,192,Hartman,D,0.0,0.02921634981938976,,
22,220,Sánchez,G,0.5672982106215636,11.424163390406656,0.0,8.0
22,226,Chalobah,D,1.0627584553105043,0.9633533473206782,,
22,232,Tosin,D,0.0,1.366511078126529,,
22,235,Palmer,M,0.3004471652878957,3.373768593511954,,
22,237,Enzo,M,23.220536181557268,23.88596111968699,25.0,29.0
22,242,Dewsbury-Hall,M,0.3515242127402546,0.4434579485645848,,
22,249,João Pedro,F,0.7102035171091262,0.0,,
22,252,Marc Guiu,F,1.5247258700687414,2.694557892983875,,
22,256,Muñoz,D,0.22791322862306054,1.483306896769822,,
22,257,Lacroix,D,21.659017319228077,1.9267066946413565,31.0,3.0
22,260,Guéhi,D,0.0,1.168003317184188,,
22,261,Richards,D,3.3112048267808905,3.248545799815641,,
22,267,Sarr,M,0.08101553817811044,0.0,,
22,276,Devenny,M,0.0,2.1957805745539565,,
22,283,Mateta,F,1.6170787774177027,3.2924641401717794,0.0,2.0
22,287,Pickford,G,0.0,0.7733137079604219,0.0,2.0
22,291,Tarkowski,D,28.375650756790467,14.558847065846308,,
22,295,Keane,D,0.0,19.692467471651458,,
22,299,Ndiaye,M,0.08101553817811044,0.19779047365033456,,
22,303,Garner,M,0.0,2.1598563153082626,,
22,317,Andersen,D,30.325872873255726,20.093685077580012,28.0,17.0
22,329,Wilson,M,0.0,22.638066192535803,0.0,31.0
22,337,Raúl,F,1.314846981021438,0.2166302055704573,2.0,0.0
22,338,Muniz,F,0.02237813865186976,0.0,,
22,347,Gudmundsson,D,0.0,5.388753986048699,,
22,348,Rodon,D,5.02567035295279,0.01561957677115565,,
22,365,Nmecha,F,0.04303488202282646,0.0,,
22,366,A.Becker,G,0.12081822727955834,0.7535283440658829,2.0,2.0
22,367,Mamardashvili,G,0.0,0.0996866735354729,,
22,370,Frimpong,D,0.0,0.04767360478302808,,
22,373,Virgil,D,58.462342626630836,29.226240987728747,86.0,31.0
22,381,M.Salah,M,0.31535820995859687,3.0305171158996322,,
22,382,Wirtz,M,2.8388064894790137,14.393617581140813,,
22,384,Gakpo,M,5.87951343218198,1.322589209284994,,
22,387,Szoboszlai,M,82.06224776303135,23.370151328065845,91.0,28.0
22,389,Elliott,M,0.024606694891817823,0.0,,
22,402,Aït-Nouri,D,0.0,0.06951476336337564,,
22,403,Gvardiol,D,0.0,0.007052222370197529,,
22,411,O'Reilly,D,7.983324411176829,16.320264037389943,2.0,16.0
22,413,Marmoush,M,0.0,0.24188615376250078,,
22,414,Foden,M,88.63191375992923,85.76213038803427,91.0,94.0
22,417,Cherki,M,7.113581406982866,14.229148042197126,,
22,427,Reijnders,M,2.608066642452665,1.6075012340060233,,
22,430,Haaland,F,196.875,178.125,198.0,188.0
22,440,Dalot,D,0.0,3.4045949592844917,,
22,441,Dorgu,D,8.41122672844494,18.74349212538678,,
22,447,Heaven,D,0.0,1.0628419496539672,,
22,449,B.Fernandes,M,19.694311684621564,14.432648157825408,20.0,11.0
22,450,Cunha,M,3.6955001330411172,10.867611561071723,,
22,467,Obi,F,0.02883337095529373,0.0,,
22,469,Pope,G,0.0,0.7489796627562525,0.0,2.0
22,470,Dúbravka,G,5.029956623683743,15.817865000668318,,
22,473,Hall,D,23.380686016831095,12.143679519042355,34.0,14.0
22,485,Gordon,M,14.19583725071408,19.428835484396558,16.0,23.0
22,486,Elanga,M,0.0,0.0806287179208336,,
22,487,Barnes,M,4.083195727608166,1.342911562215391,,
22,488,Bruno G.,M,0.0,3.7001499426998548,,
22,491,Tonali,M,0.08448744982914821,0.2079006078906349,,
22,497,L.Miley,M,0.0,6.821266124937569,,
22,502,Sels,G,0.0,3.619159519124831,0.0,2.0
22,505,Milenković,D,0.05313792276552522,1.6553395545510248,,
22,506,Murillo,D,1.3284480691381304,5.155975661716307,,
22,508,N.Williams,D,0.12852812504837358,1.9063086939892098,,
22,517,Anderson,M,28.653315127771123,14.206541539193388,,
22,525,Wood,F,0.006885581123652234,0.02372409637010826,,
22,531,Ballard,D,0.0,1.2904631370675923,,
22,547,E.Le Fée,M,10.896219501410641,9.684672606341916,11.0,11.0
22,565,Vicario,G,0.11777105649296805,0.8117119217475617,0.0,2.0
22,568,Pedro Porro,D,3.8200580360023704,5.90358139229831,,
22,569,Romero,D,0.1352927632088143,0.0,,
22,575,Van de Ven,D,0.04684524823936229,4.735999713038063,,
22,580,Johnson,M,0.0,0.19838838139274906,,
22,582,Kudus,M,0.0,0.6450297433666689,,
22,593,P.M.Sarr,M,0.0,0.24188615376250078,,
22,597,Richarlison,F,0.004303488202282646,0.014983639812699952,,
22,603,Diouf,D,0.0,0.03727603252818694,,
22,612,L.Paquetá,M,0.35855469699505965,0.0,,
22,623,Potts,M,0.0,5.09304734866599,,
22,624,Bowen,F,1.314846981021438,14.16761544430791,2.0,14.0
22,625,Füllkrug,F,0.0,0.07366956241244144,,
22,626,Marshall,F,0.04303488202282646,0.09989093208466636,,
22,631,Agbadou,D,0.013723600950482135,0.07656698573357316,,
22,652,Gonzalez,M,0.0,0.24188615376250078,,
22,654,Strand Larsen,F,0.15664697056308832,0.34712098899421556,,
22,660,Stach,M,5.718886455422792,1.2927399510970394,,
22,661,Ekitiké,F,18.570941052888486,47.59059778490256,30.0,75.0
22,665,Perri,G,0.002023528857466369,0.0,,
22,670,Roefs,G,0.0,1.0881768536205265,0.0,3.0
22,683,Alderete,D,3.4029366046907787,12.467455547230426,5.0,25.0
22,684,Thiaw,D,2.943840921210097,18.42582881213354,5.0,22.0
22,691,Calvert-Lewin,F,3.026524831802259,0.0,3.0,0.0
22,694,Mukiele,D,14.843209710862812,13.300368220061943,19.0,23.0
22,714,Woltemade,F,0.02932253850456077,0.379696350622985,,
22,749,Mané,F,1.3003003356808491,4.040845700663405,0.0,2.0
23,1,Raya,G,92.34375,55.21875000000001,89.0,56.0
23,5,Gabriel,D,84.73066067327734,83.95659106156359,84.0,92.0
23,7,Calafiori,D,0.009686843862382173,0.0,,
23,8,J.Timber,D,31.36195731570495,36.54731361279632,33.0,41.0
23,16,Saka,M,117.73682521263567,78.60058718514128,119.0,84.0
23,21,Rice,M,1.4303803937938773,18.41383582210941,,
23,33,M.Bizot,G,0.0,0.050363233398056116,,
23,36,Cash,D,0.718060051438381,0.012656487780499565,,
23,38,Konsa,D,0.0,1.0598181009442373,,
23,47,Rogers,M,0.0,35.176868578534084,0.0,36.0
23,48,Tielemans,M,0.7560754819602425,0.5681705408151979,,
23,64,Watkins,F,10.660557844587284,11.237721097732695,8.0,3.0
23,67,Petrović,G,0.3644650766735172,0.5837495741807206,,
23,72,Senesi,D,3.461049447932997,2.474343361087665,,
23,74,Truffert,D,0.0,0.5347706013938812,,
23,82,Semenyo,M,5.853641181381632,23.915764752171864,9.0,25.0
23,83,O.Dango,M,0.054465345330601954,0.37669195726751015,,
23,84,Tavernier,M,20.914692606951153,3.0794567506618957,,
23,97,Evanilson,F,1.3364866217317986,0.0,2.0,0.0
23,100,Kroupi.Jr,F,1.6092603343511729,3.7773227865463306,3.0,5.0
23,101,Kelleher,G,0.18398459980540613,1.2917762058718698,3.0,3.0
23,105,Valdimarsson,G,0.0,0.04915008442215787,,
23,106,Collins,D,8.791736465448444,4.3824475598447545,14.0,6.0
23,113,Van den Berg,D,0.0,0.3470108543012331,,
23,119,Mbeumo,M,0.0904906868221569,0.0,,
23,120,Schade,M,12.776397903560593,2.3189196855748206,,
23,123,Carvalho,M,0.0,0.24513726831406052,,
23,136,Thiago,F,85.05429065154073,73.6139795393426,95.0,78.0
23,139,Verbruggen,G,0.35187392919768856,5.242845043258286,3.0,5.0
23,145,De Cuyper,D,0.0,0.8176733033682717,,
23,151,Van Hecke,D,4.768564596329574,1.825763677383949,,
23,157,Mitoma,M,0.0,0.24158093644166861,,
23,158,Georginio,M,2.4008712672772616,0.679334342279041,,
23,160,Minteh,M,1.9087419460858674,2.4377539460120463,,
23,190,Ekdal,D,0.0,0.028741899785976584,,
23,191,Estève,D,2.5995475357883313,10.260733490454516,,
23,192,Hartman,D,0.0,0.03205827283820465,,
23,220,Sánchez,G,0.5672982106215636,10.7652535513125,0.0,9.0
23,226,Chalobah,D,1.098654653797336,3.805904394190323,,
23,232,Tosin,D,0.0,1.4000093087325611,,
23,235,Palmer,M,9.350704304956214,3.317051314922664,,
23,237,Enzo,M,32.026217017044914,36.706881175997985,34.0,41.0
23,242,Dewsbury-Hall,M,1.1495537655672365,1.6556758092793957,,
23,249,João Pedro,F,0.7327128078769295,0.0,,
23,252,Marc Guiu,F,1.597338805665099,2.8383889405565923,,
23,256,Muñoz,D,0.2443340316480362,1.0583823122126075,,
23,257,Lacroix,D,20.193272536795035,1.9510412417870968,,
23,260,Guéhi,D,0.0,1.2250566920886088,,
23,261,Richards,D,3.490392642674224,4.037961998140575,,
23,267,Sarr,M,0.10050868799606166,0.0,,
23,276,Devenny,M,0.0,2.2478518286566977,,
23,283,Mateta,F,1.6683307010120858,3.1942334153353293,,
23,287,Pickford,G,0.0,0.7491069912886219,0.0,2.0
23,291,Tarkowski,D,29.334079256388872,14.742727129841937,44.0,17.0
23,295,Keane,D,0.0,14.590663732177745,,
23,299,Ndiaye,M,11.587215887545966,4.6666458268710675,,
23,303,Garner,M,0.0,2.2145849050522264,,
23,317,Andersen,D,32.908692157421,21.338838397922263,45.0,39.0
23,329,Wilson,M,0.0,24.797877453007857,0.0,33.0
23,337,Raúl,F,2.672973243463597,0.20364922607743757,2.0,0.0
23,338,Muniz,F,0.024846430719289613,0.0,,
23,347,Gudmundsson,D,1.5104002470924855,5.373311134211243,,
23,348,Rodon,D,3.1120031432018016,0.008431169671696397,,
23,366,A.Becker,G,0.12081822727955834,0.7299852936458896,2.0,0.0
23,367,Mamardashvili,G,0.0,0.09894740978941886,,
23,370,Frimpong,D,0.0,0.05000231396280035,,
23,373,Virgil,D,60.43699250539145,29.581632349067743,81.0,28.0
23,381,M.Salah,M,0.31671740387754915,3.259111553963316,,
23,382,Wirtz,M,2.8408940957897455,11.336389388296375,,
23,384,Gakpo,M,1.6449374528629588,0.0,,
23,387,Szoboszlai,M,79.84383358157423,20.93701449161128,84.0,22.0
23,389,Elliott,M,0.026722387245202147,0.0,,
23,402,Aït-Nouri,D,0.0,0.8256465154063821,,
23,403,Gvardiol,D,0.0,0.007738203788532157,,
23,411,O'Reilly,D,7.645290667696616,16.259085756903918,13.0,28.0
23,413,Marmoush,M,3.125,0.24565337610221097,,
23,414,Foden,M,31.66166658436913,25.070291772208975,20.0,25.0
23,417,Cherki,M,4.7554187031946995,14.280044881151355,,
23,427,Reijnders,M,0.0,0.41750025263815715,,
23,430,Haaland,F,110.8694132577662,108.95082707795021,83.0,109.0
23,440,Dalot,D,0.0,3.529485969199616,,
23,441,Dorgu,D,4.580116167265003,6.70940148928212,,
23,447,Heaven,D,0.0,0.09949119156684202,,
23,449,B.Fernandes,M,76.23842024275103,68.78970625878715,75.0,69.0
23,450,Cunha,M,0.6604856639741195,7.921775323392244,,
23,467,Obi,F,0.03201367034985392,0.0,,
23,469,Pope,G,0.0,0.7257650661669992,0.0,2.0
23,470,Dúbravka,G,5.029956623683743,15.455777639390009,0.0,17.0
23,473,Hall,D,24.170402383541393,12.297055714080644,33.0,11.0
23,485,Gordon,M,12.951262367492516,21.143938499526936,14.0,22.0
23,486,Elanga,M,0.0,0.0817124227713535,,
23,487,Barnes,M,4.1051917301884275,1.2615893347509362,,
23,488,Bruno G.,M,0.0,2.2325003184105414,,
23,491,Tonali,M,0.08649808087352844,0.2131686004863106,,
23,497,L.Miley,M,0.0,5.994271543084527,,
23,502,Sels,G,0.0,3.521704881258185,0.0,2.0
23,505,Milenković,D,0.0549327326898668,1.6762467006903228,,
23,506,Murillo,D,0.9852178695485331,3.1584794986502227,,
23,508,N.Williams,D,0.1856033253816894,4.1987521531446745,,
23,517,Anderson,M,34.2779537633097,15.786319136013999,36.0,16.0
23,525,Wood,F,0.007645055605935264,0.02462216912290056,,
23,531,Ballard,D,0.0,0.6328243890249782,,
23,541,Reinildo,D,1.5104002470924855,0.0,,
23,547,E.Le Fée,M,12.421047146912365,9.967203461084226,,
23,565,Vicario,G,0.11777105649296805,0.7962437388099101,3.0,2.0
23,568,Pedro Porro,D,4.035452393670791,6.183619493399645,,
23,569,Romero,D,0.14361201028767623,0.0,,
23,575,Van de Ven,D,0.04884298036360247,4.815443875637799,,
23,580,Johnson,M,0.0,0.21604841791069757,,
23,582,Kudus,M,0.0,0.653699382170828,,
23,593,P.M.Sarr,M,0.0,0.24513726831406052,,
23,597,Richarlison,F,0.00477815975370954,0.01641477941526704,,
23,603,Diouf,D,0.0,1.6752248138680217,,
23,623,Potts,M,0.0,5.147882634595271,,
23,624,Bowen,F,1.3364866217317986,15.774306705546891,2.0,16.0
23,625,Füllkrug,F,0.0,0.07797020222251844,,
23,626,Marshall,F,0.0477815975370954,0.10532816791463018,,
23,631,Agbadou,D,0.015245987436389693,0.0840147839897777,,
23,652,Gonzalez,M,0.0,0.24513726831406052,,
23,654,Strand Larsen,F,0.17392501503502728,0.3665967402742973,,
23,660,Stach,M,5.768966790736846,1.3075883131455448,,
23,661,Ekitiké,F,33.83147108592207,67.3726605704844,34.0,75.0
23,665,Perri,G,0.002023528857466369,0.0,,
23,670,Roefs,G,0.0,1.4074059966048882,0.0,3.0
23,683,Alderete,D,4.49097459587805,13.059881821457719,2.0,16.0
23,684,Thiaw,D,1.9446187372212846,17.22961772676774,3.0,14.0
23,691,Calvert-Lewin,F,3.1164959017140568,0.0,3.0,0.0
23,694,Mukiele,D,16.427131998915634,15.829209801258884,14.0,23.0
23,714,Woltemade,F,0.030488808297528588,0.38530653308163165,,
23,749,Mané,F,1.3229795000957139,3.9312137148871065,,
24,1,Raya,G,92.34375,53.48437499999999,92.0,53.0
24,5,Gabriel,D,83.07627598628416,82.4501379017877,84.0,92.0
24,7,Calafiori,D,0.009380248369963227,0.0,,
24,8,J.Timber,D,34.34826392596548,38.89051943756755,36.0,42.0
24,16,Saka,M,70.77662598445328,50.3615030736283,73.0,56.0
24,21,Rice,M,2.8524824546543535,27.28679351939552,3.0,33.0
24,32,Martinez,G,0.0,0.5827366082008058,,
24,33,M.Bizot,G,0.0,0.060060146416190854,,
24,36,Cash,D,0.0,0.79194798152823,,
24,38,Konsa,D,0.0,1.1182498585314493,,
24,47,Rogers,M,0.0,36.25133087158886,0.0,44.0
24,48,Tielemans,M,0.3378427659120581,0.06720350511772705,,
24,64,Watkins,F,4.522143364306386,6.735860981019896,0.0,2.0
24,67,Petrović,G,0.3644650766735172,0.6273296814301048,0.0,2.0
24,72,Senesi,D,4.807986031922445,5.097862445510207,11.0,13.0
24,74,Truffert,D,0.0,0.28414545585635187,,
24,77,Hill,D,0.0,1.9668262193185855,,
24,82,Semenyo,M,2.8524824546543535,13.420593930768982,,
24,83,O.Dango,M,0.11876452933912961,1.1811606710375127,,
24,84,Tavernier,M,8.766616791382376,7.436142701743808,,
24,97,Evanilson,F,3.9896527203620553,7.187632107390337,5.0,6.0
24,100,Kroupi.Jr,F,2.8727731531763947,1.7798646432614462,8.0,8.0
24,101,Kelleher,G,0.18398459980540613,1.191669929700064,0.0,2.0
24,105,Valdimarsson,G,0.0,0.058992896790155576,,
24,106,Collins,D,6.876579119840614,4.592055492956398,,
24,113,Van den Berg,D,0.0,0.5150601622227617,,
24,119,Mbeumo,M,26.4780898424942,20.392806641576673,27.0,22.0
24,120,Schade,M,8.319075278926155,1.421187250854933,,
24,123,Carvalho,M,0.0,0.11993778551199691,,
24,136,Thiago,F,68.86140595344908,46.029596015727726,80.0,47.0
24,139,Verbruggen,G,0.35187392919768856,5.609302910692109,6.0,19.0
24,145,De Cuyper,D,0.0,0.9557044188476937,,
24,151,Van Hecke,D,4.691971479309885,1.7203009418240243,9.0,6.0
24,157,Mitoma,M,0.0,0.11795443884464922,,
24,158,Georginio,M,0.4800923515592405,0.07889107122515783,,
24,160,Minteh,M,0.37209748690077993,0.46642472143554353,,
24,190,Ekdal,D,0.0,0.017506103203326854,,
24,191,Estève,D,2.5640220294702862,5.428440365319296,,
24,192,Hartman,D,0.0,0.01984025029710377,,
24,220,Sánchez,G,0.5672982106215636,11.42164090111312,0.0,11.0
24,226,Chalobah,D,1.087573513278293,14.808078496812941,2.0,17.0
24,232,Tosin,D,0.0,0.07702685409463816,,
24,235,Palmer,M,9.339559976749149,7.98223044677542,,
24,237,Enzo,M,49.048435807781615,59.99949122564491,53.0,72.0
24,242,Dewsbury-Hall,M,1.43844190387285,0.9011500428133188,,
24,249,João Pedro,F,0.7257738815158263,5.254296499987028,0.0,6.0
24,252,Marc Guiu,F,1.5459028588799109,2.57303052512276,,
24,256,Muñoz,D,0.24024768205178418,0.6760670227204759,,
24,257,Lacroix,D,19.98960117405503,2.692377908511444,20.0,3.0
24,260,Guéhi,D,0.0,2.331265595587848,,
24,261,Richards,D,5.49563046169036,9.440961920388466,,
24,267,Sarr,M,0.10022982263766453,0.0,,
24,276,Devenny,M,0.0,1.3326420612444103,,
24,283,Mateta,F,1.4862821071545957,0.5988719513996852,,
24,287,Pickford,G,0.0,1.1151728261325544,0.0,3.0
24,291,Tarkowski,D,29.038212804530428,15.642715648451489,23.0,13.0
24,295,Keane,D,0.0,12.011192768991394,,
24,299,Ndiaye,M,17.28248513195158,3.837205577308319,19.0,5.0
24,303,Garner,M,0.0,1.0357883897527702,,
24,317,Andersen,D,33.014367430341366,19.341546761226365,,
24,329,Wilson,M,0.0,24.613159572250144,0.0,20.0
24,337,Raúl,F,2.65976848024137,0.11500211371824542,2.0,0.0
24,338,Muniz,F,0.02404635018299592,0.0,,
24,347,Gudmundsson,D,1.508673679386745,3.732997492573399,,
24,348,Rodon,D,3.0694744008712394,5.365501926301102,,
24,366,A.Becker,G,0.12081822727955834,0.7069740807328372,2.0,0.0
24,367,Mamardashvili,G,0.0,0.11690777247184428,,
24,373,Virgil,D,59.82741896543891,24.05639661254975,86.0,22.0
24,381,M.Salah,M,0.3163399346963421,1.5592529008934062,,
24,382,Wirtz,M,2.8402640335149116,6.222573858794175,,
24,384,Gakpo,M,0.2139361840990765,0.0,,
24,387,Szoboszlai,M,68.47128740761596,15.760966611981205,75.0,17.0
24,389,Elliott,M,0.026046824083054598,0.0,,
24,402,Aït-Nouri,D,0.0,0.30306452742642026,,
24,407,Matheus N.,D,0.0,0.7770885318626161,,
24,411,O'Reilly,D,6.461832890379034,18.725737756780404,3.0,14.0
24,413,Marmoush,M,0.0,0.12022639991051849,,
24,414,Foden,M,3.0117713184873733,3.6067919973155553,,
24,417,Cherki,M,1.1791765553236888,1.7136035966242062,,
24,427,Reijnders,M,0.0,0.8528909191964226,,
24,430,Haaland,F,90.44286728612771,93.78280224727668,92.0,113.0
24,440,Dalot,D,0.0,2.282329629297794,,
24,441,Dorgu,D,4.27111969776767,10.420632518761,,
24,442,Maguire,D,1.2900540989883476,0.5499589468187455,,
24,447,Heaven,D,0.0,0.11670735468884569,,
24,449,B.Fernandes,M,200.0,178.23092399843944,200.0,183.0
24,450,Cunha,M,0.6586531201903669,3.7803580872741223,,
24,452,Amad,M,1.4262412273271767,0.0,,
24,467,Obi,F,0.03098279735116782,0.13893253375392872,,
24,469,Pope,G,0.0,0.7047117499977659,,
24,470,Dúbravka,G,5.029956623683743,16.099045087591907,0.0,5.0
24,473,Hall,D,11.624887841215365,6.100144975121536,,
24,485,Gordon,M,2.892346310401176,7.162783744308862,,
24,487,Barnes,M,4.093312322428997,2.6212097521033164,,
24,488,Bruno G.,M,0.0,1.421187250854933,,
24,491,Tonali,M,0.09237241170821192,0.10737824282159207,,
24,497,L.Miley,M,0.0,5.330568244977641,,
24,502,Sels,G,0.0,3.5978019335890767,0.0,2.0
24,505,Milenković,D,0.05437867566391466,0.928870378436448,,
24,506,Murillo,D,0.9687406534346136,1.6707403435046244,,
24,508,N.Williams,D,0.18324600733910693,2.3119771718808004,,
24,517,Anderson,M,42.62178835982402,18.166134835663968,55.0,23.0
24,525,Wood,F,0.00739887697938336,0.013893253375392873,,
24,531,Ballard,D,0.0,0.5832794560080328,,
24,541,Reinildo,D,1.838008623276191,0.0,,
24,547,E.Le Fée,M,13.7460931483652,9.226080150722035,16.0,14.0
24,565,Vicario,G,0.11777105649296805,0.7999108901145299,0.0,2.0
24,568,Pedro Porro,D,2.3838807615447464,4.847609160661193,,
24,569,Romero,D,0.19289053404116518,0.0,,
24,575,Van de Ven,D,0.048222633510291296,3.768139589529482,,
24,580,Johnson,M,0.0,0.09948310755984531,,
24,582,Kudus,M,0.0,0.3065076740862144,,
24,593,P.M.Sarr,M,0.0,0.1047866241965339,,
24,597,Richarlison,F,0.0046242981121146,0.009725277362775012,,
24,603,Diouf,D,0.0,1.2339196732773996,,
24,623,Potts,M,0.0,4.504330167006106,,
24,624,Bowen,F,2.65976848024137,11.960219826697523,3.0,11.0
24,625,Füllkrug,F,0.0,0.04445841080125719,,
24,626,Marshall,F,0.046242981121146005,0.27786506750785744,,
24,628,José Sá,G,0.0,0.6268591222012626,,
24,631,Agbadou,D,0.014752325903148188,0.05018416251620365,,
24,652,Gonzalez,M,0.0,0.11993778551199691,,
24,654,Strand Larsen,F,3.655450587866709,1.3792202517083658,,
24,660,Stach,M,3.417660343631871,1.1642958244059323,,
24,661,Ekitiké,F,24.526879264034633,46.394188554665135,23.0,53.0
24,665,Perri,G,0.002023528857466369,0.0,,
24,670,Roefs,G,0.0,1.4396664799249974,0.0,3.0
24,683,Alderete,D,7.186613717009907,13.704845096211905,13.0,28.0
24,684,Thiaw,D,1.925005118502579,10.621430849077644,,
24,691,Calvert-Lewin,F,0.3372261323178127,0.0,5.0,0.0
24,694,Mukiele,D,20.202247190157525,18.90025580567089,25.0,33.0
24,714,Woltemade,F,0.00138728943363438,0.031954482763403604,,
24,749,Mané,F,0.40561302006295563,7.998697059656713,0.0,2.0
25,1,Raya,G,93.90625,55.04687499999999,94.0,55.0
25,5,Gabriel,D,95.4172135768991,90.89137114231858,98.0,100.0
25,7,Calafiori,D,0.01000669430687702,0.0,,
25,8,J.Timber,D,48.04755820856092,49.387603892910974,50.0,53.0
25,16,Saka,M,1.5094753650192534,2.316883821497125,,
25,21,Rice,M,53.20275340488714,66.76519384583018,58.0,78.0
25,32,Martinez,G,0.0,0.5632847320271375,0.0,2.0
25,33,M.Bizot,G,0.0,0.05929249320420403,,
25,36,Cash,D,0.0,0.812195501154741,,
25,38,Konsa,D,0.0,1.1847010497475157,,
25,47,Rogers,M,0.0,35.727821516054455,0.0,41.0
25,48,Tielemans,M,0.22325930928410656,0.3127975439052293,,
25,64,Watkins,F,4.527767327515772,6.917920660628184,,
25,67,Petrović,G,0.31032418266397716,0.8227307087922244,,
25,72,Senesi,D,4.987643109862659,6.201343087115075,11.0,11.0
25,74,Truffert,D,0.0,0.30103059460797527,,
25,77,Hill,D,0.0,2.951628193843947,,
25,82,Semenyo,M,2.8689029669381747,13.722914190712586,,
25,83,O.Dango,M,2.7864056939509223,1.2205296841000681,,
25,84,Tavernier,M,8.836368451665692,7.588740413005128,,
25,97,Evanilson,F,4.029020871736947,7.267177105859465,5.0,8.0
25,100,Kroupi.Jr,F,2.9951393085893643,1.9897286568905819,3.0,3.0
25,101,Kelleher,G,0.14847851128582737,1.2815928859558985,,
25,105,Valdimarsson,G,0.0,0.058242191322010604,,
25,106,Collins,D,4.919731046061617,0.2528815662692886,8.0,2.0
25,119,Mbeumo,M,37.35887600288965,39.81759792284779,38.0,42.0
25,120,Schade,M,4.566186037055857,0.0,,
25,123,Carvalho,M,0.0,0.12239903891943751,,
25,136,Thiago,F,69.5409002461797,47.99243760709591,81.0,45.0
25,139,Verbruggen,G,0.26777283893576714,5.399566621480606,6.0,17.0
25,145,De Cuyper,D,0.0,0.9912590853378145,,
25,151,Van Hecke,D,4.013291424631568,1.3233922318677533,,
25,157,Mitoma,M,0.0,0.12061155050430983,,
25,158,Georginio,M,0.5004802535789765,0.08811646694944285,,
25,160,Minteh,M,0.0,0.4759962624644793,,
25,190,Ekdal,D,0.0,0.01955269842288314,,
25,191,Estève,D,2.635253921361332,5.818924153578068,,
25,192,Hartman,D,0.0,0.02215972487926756,,
25,220,Sánchez,G,0.4578187188345775,11.040933306919683,0.0,11.0
25,226,Chalobah,D,2.2194234914750455,16.465907736076822,3.0,19.0
25,232,Tosin,D,0.0,0.08603187306068583,,
25,235,Palmer,M,18.421268703089584,8.07558189413137,19.0,9.0
25,237,Enzo,M,52.199689483440096,65.37146037333595,56.0,77.0
25,242,Dewsbury-Hall,M,1.4459770709764697,0.9169688722800013,,
25,249,João Pedro,F,0.7396280793177118,6.752366401457868,0.0,8.0
25,252,Marc Guiu,F,1.5522836510234699,2.5699184039341687,,
25,256,Muñoz,D,0.34401064117863206,1.1937783108655695,,
25,257,Lacroix,D,13.930175535449294,1.6674226412228736,,
25,260,Guéhi,D,0.0,4.116476934019206,,
25,261,Richards,D,5.559251828562296,10.001984272458534,,
25,267,Sarr,M,8.707120504657361,4.020385016810328,,
25,276,Devenny,M,0.0,1.3599893213270837,,
25,283,Mateta,F,0.07309512578793304,0.10267228490293896,,
25,287,Pickford,G,0.0,1.077886887069396,0.0,3.0
25,291,Tarkowski,D,28.519591865454334,15.944487324434393,38.0,17.0
25,295,Keane,D,0.0,8.763851456008416,,
25,299,Ndiaye,M,20.182732372410058,3.6183465151292955,22.0,5.0
25,303,Garner,M,0.0,1.0756005660069925,,
25,317,Andersen,D,36.441973044641685,21.74926897904014,78.0,53.0
25,329,Wilson,M,0.0,25.167610205232656,0.0,27.0
25,337,Raúl,F,2.686013914491298,0.11627483369375145,3.0,0.0
25,338,Muniz,F,0.025682071222787286,0.0,,
25,347,Gudmundsson,D,3.02418504906012,3.7331861700348052,,
25,348,Rodon,D,3.1547484219881183,5.751458366290206,6.0,11.0
25,366,A.Becker,G,0.0,0.683352978826514,,
25,367,Mamardashvili,G,0.0,0.11541572650492116,,
25,373,Virgil,D,58.82581964154608,23.148321958968,23.0,9.0
25,381,M.Salah,M,0.3260749775813311,1.623080842778762,,
25,382,Wirtz,M,4.273130363093732,6.092867343063274,,
25,384,Gakpo,M,0.21516772252036306,0.0,,
25,387,Szoboszlai,M,58.77082932507687,13.080459290084542,55.0,14.0
25,389,Elliott,M,0.027417809912083268,0.0,,
25,402,Aït-Nouri,D,0.0,0.3251474150384604,,
25,407,Matheus N.,D,0.0,1.3721589780064019,,
25,411,O'Reilly,D,2.7059060859958706,6.7870962329206055,,
25,413,Marmoush,M,0.0,0.13025132087308663,,
25,414,Foden,M,0.0,2.3119818462560424,,
25,417,Cherki,M,1.1984740254739783,1.737627007793162,,
25,427,Reijnders,M,0.0,0.8703931656493336,,
25,430,Haaland,F,90.55534655031542,83.43751605837102,92.0,100.0
25,440,Dalot,D,0.0,2.417955421205995,,
25,441,Dorgu,D,0.19936414042162676,0.9189768258755076,,
25,442,Maguire,D,1.3049886921507736,0.5826398605315651,,
25,447,Heaven,D,0.0,0.13035132281922093,,
25,449,B.Fernandes,M,196.25023126288187,193.78662109375,197.0,195.0
25,450,Cunha,M,0.6622876406059619,3.8277251607948175,,
25,452,Amad,M,2.8689029669381747,0.0,,
25,467,Obi,F,0.033090360998591306,0.15556406803475598,,
25,469,Pope,G,0.0,0.6811771411208415,,
25,470,Dúbravka,G,4.059255351299808,17.604809976826242,0.0,13.0
25,473,Hall,D,10.419578939058734,6.544633866799779,19.0,13.0
25,485,Gordon,M,0.028795114808954865,1.4965541982054926,,
25,487,Barnes,M,4.1320989750850226,2.87798884270287,,
25,488,Bruno G.,M,0.0,1.4242844326173458,,
25,491,Tonali,M,0.09332459262036584,0.11095724400909711,,
25,497,L.Miley,M,0.0,4.079967963981251,,
25,502,Sels,G,0.0,0.9141620628736762,,
25,505,Milenković,D,0.055485587286876144,0.9467896948244174,,
25,506,Murillo,D,1.0018825902941093,1.7924793393145888,,
25,508,N.Williams,D,0.1879680060005161,2.3710868662743247,,
25,517,Anderson,M,44.47568233059539,20.046357801624826,56.0,25.0
25,525,Wood,F,0.007902175760857626,0.015556406803475602,,
25,531,Ballard,D,0.0,0.6366882019625334,,
25,541,Reinildo,D,1.51209252453006,0.0,,
25,547,E.Le Fée,M,13.855446511915742,6.325655257366973,,
25,565,Vicario,G,0.09504312403934773,0.7735460980661291,0.0,2.0
25,568,Pedro Porro,D,0.24016066336504846,0.5487790690689202,,
25,569,Romero,D,0.1978610589479117,0.0,,
25,575,Van de Ven,D,0.04163165378248514,1.1028268598897943,,
25,580,Johnson,M,0.0,0.09969991028321423,,
25,582,Kudus,M,0.0,0.3127975439052293,,
25,593,P.M.Sarr,M,0.0,0.12504120985636383,,
25,597,Richarlison,F,0.004938859850536016,0.01088948476243292,,
25,603,Diouf,D,0.0,1.2339820394675718,,
25,623,Potts,M,0.0,4.596763906085543,,
25,624,Bowen,F,4.029020871736947,12.09258270415015,5.0,13.0
25,625,Füllkrug,F,0.0,0.049780501771121914,,
25,626,Marshall,F,0.04938859850536016,0.31112813606951195,,
25,628,José Sá,G,0.0,0.6855960085193463,,
25,631,Agbadou,D,0.01576178475498143,0.056051068812264994,,
25,652,Gonzalez,M,0.0,0.12239903891943751,,
25,654,Strand Larsen,F,4.141917244179186,2.165315808062439,,
25,660,Stach,M,2.8919541419529393,0.0,,
25,661,Ekitiké,F,24.557382115339774,47.64815016814693,25.0,53.0
25,665,Perri,G,0.0016330201148264214,0.0,,
25,670,Roefs,G,0.0,1.3916294638429934,,
25,683,Alderete,D,5.497196352087081,13.8473528408336,,
25,684,Thiaw,D,1.9641897899554155,9.45417535846411,,
25,691,Calvert-Lewin,F,0.49182460906324316,0.0,6.0,0.0
25,694,Mukiele,D,9.258586769921006,12.491822522504906,,
25,714,Woltemade,F,0.0014816579551608048,0.03577973564799388,,
25,749,Mané,F,0.4263308399318078,8.132625864236564,0.0,2.0
26,1,Raya,G,93.90625,56.60937499999999,94.0,56.0
26,5,Gabriel,D,243.20037222582064,272.0205078125,247.0,277.0
26,7,Calafiori,D,0.008374570045967927,0.0,,
26,8,J.Timber,D,50.86743753091345,54.18828013961205,53.0,61.0
26,16,Saka,M,0.0,2.2465256877448527,,
26,19,Martinelli,M,0.0,1.3181237687774383,,
26,21,Rice,M,58.447830044069626,73.09238297415345,64.0,88.0
26,32,Martinez,G,0.0,0.5556092742076945,0.0,2.0
26,33,M.Bizot,G,0.0,0.07108237203061371,,
26,36,Cash,D,0.0,0.7814168371221194,,
26,38,Konsa,D,0.0,1.0893421587251146,,
26,47,Rogers,M,0.0,34.526205605659435,0.0,42.0
26,48,Tielemans,M,0.19353218903589212,0.3031684668188108,,
26,64,Watkins,F,4.511394248114142,6.641747330387643,,
26,67,Petrović,G,0.2254447329241891,0.8248573920611039,0.0,3.0
26,72,Senesi,D,5.156664695134329,5.524674543265963,13.0,16.0
26,74,Truffert,D,0.0,0.276800056725234,,
26,77,Hill,D,0.0,3.440138211999022,,
26,82,Semenyo,M,2.821504326706466,13.261378297147509,3.0,16.0
26,83,O.Dango,M,2.4966600585055447,1.1055835424441218,,
26,84,Tavernier,M,5.962149542930291,3.400759323445791,,
26,97,Evanilson,F,3.233540644020522,5.5767631076155695,5.0,6.0
26,100,Kroupi.Jr,F,2.663996672429256,2.0716776596949713,5.0,3.0
26,101,Kelleher,G,0.14857134947849282,1.2824511523338236,,
26,105,Valdimarsson,G,0.0,0.07003049981286909,,
26,106,Collins,D,3.7895150788488507,0.2563806046934631,,
26,119,Mbeumo,M,37.31109141117828,39.35868857946138,38.0,42.0
26,120,Schade,M,4.358055529348365,0.0,,
26,123,Carvalho,M,0.0,0.11863113918996945,,
26,136,Thiago,F,68.89987017404216,47.17804504651402,66.0,34.0
26,139,Verbruggen,G,0.2723800399691194,5.42057900911266,3.0,13.0
26,145,De Cuyper,D,0.0,0.9381455394126101,,
26,151,Van Hecke,D,0.6230955885351596,0.6728434957397578,,
26,157,Mitoma,M,0.0,0.11655508268977302,,
26,158,Georginio,M,0.4452956818688019,0.07911982026842203,,
26,160,Minteh,M,0.0,0.46134331907210335,,
26,190,Ekdal,D,0.0,0.01982324263093787,,
26,191,Estève,D,1.5639268314126507,5.274878591731834,,
26,192,Hartman,D,0.0,0.022466341648396254,,
26,220,Sánchez,G,0.4581049761660723,10.907166635491434,0.0,11.0
26,226,Chalobah,D,2.0949763601785194,14.655683912301285,3.0,16.0
26,232,Tosin,D,0.0,0.08722226757612664,,
26,235,Palmer,M,18.919173533515174,8.213219232363295,19.0,9.0
26,237,Enzo,M,51.33727122442415,63.17285481785698,56.0,77.0
26,242,Dewsbury-Hall,M,1.3541086131325257,1.7202522076772042,,
26,249,João Pedro,F,0.7006004728711132,8.002655059428342,0.0,9.0
26,252,Marc Guiu,F,1.0067198972290847,2.3645084118457254,,
26,256,Muñoz,D,20.226996757523604,26.4734944852206,30.0,31.0
26,257,Lacroix,D,14.123171680464901,1.510038090743994,31.0,3.0
26,260,Guéhi,D,0.0,3.9970047033548965,,
26,261,Richards,D,6.639919621354457,10.982711928130254,9.0,20.0
26,267,Sarr,M,25.49229159179292,10.360451794646492,28.0,13.0
26,276,Devenny,M,0.0,1.3181237687774383,,
26,283,Mateta,F,0.06098835234953113,0.10055254844189299,,
26,287,Pickford,G,0.0,1.0613401752385951,0.0,3.0
26,291,Tarkowski,D,21.683005327847678,11.484726847639735,31.0,14.0
26,295,Keane,D,0.0,4.650690530613905,,
26,299,Ndiaye,M,19.84928293837999,3.4966524806931916,22.0,5.0
26,303,Garner,M,0.0,1.016243458206213,,
26,317,Andersen,D,44.92914518678024,43.05354702595419,,
26,329,Wilson,M,0.0,15.388829509979796,,
26,337,Raúl,F,2.6108325189102755,0.11430174451002789,,
26,338,Muniz,F,0.02142834001470013,0.0,,
26,347,Gudmundsson,D,0.8737021404539947,1.8270956281505917,,
26,348,Rodon,D,2.9181651491163425,4.449245420852069,,
26,366,A.Becker,G,0.0,0.6733687850117384,,
26,367,Mamardashvili,G,0.0,0.13850319450200219,,
26,373,Virgil,D,55.52734842653165,22.4764897818657,83.0,24.0
26,381,M.Salah,M,0.3256579050850973,1.6043743661784933,,
26,382,Wirtz,M,5.743466373117892,7.405088428692739,,
26,384,Gakpo,M,0.21161282450298494,0.0,,
26,387,Szoboszlai,M,43.67004507520455,11.418554034011938,,
26,389,Elliott,M,0.02376711093423237,0.0,,
26,402,Aït-Nouri,D,0.0,0.5196106114361365,,
26,407,Matheus N.,D,0.0,1.3323349011182988,,
26,411,O'Reilly,D,1.7804341019005996,4.344867248605469,5.0,11.0
26,413,Marmoush,M,0.0,0.1279189939697402,,
26,414,Foden,M,0.0,0.9226866381442067,,
26,417,Cherki,M,1.143846595629492,1.700526992302915,,
26,427,Reijnders,M,0.0,0.8435992120175605,,
26,430,Haaland,F,90.22788496228284,78.60644780533691,92.0,98.0
26,440,Dalot,D,0.0,2.2233294878897834,,
26,441,Dorgu,D,0.16684720322351482,0.6673825019082416,,
26,442,Maguire,D,1.2623421333373492,0.5357420452746465,,
26,447,Heaven,D,0.0,0.13215495087291912,,
26,449,B.Fernandes,M,99.24812345450583,93.46584610305901,100.0,98.0
26,450,Cunha,M,0.7133458873292607,2.4433591264736685,,
26,452,Amad,M,2.8338770327842018,0.0,,
26,458,Mainoo,M,0.0,1.0362965106489181,,
26,467,Obi,F,0.027609591942017474,0.0,,
26,469,Pope,G,0.0,0.6715558917746709,,
26,470,Dúbravka,G,3.925183608562248,17.24128340409751,0.0,6.0
26,473,Hall,D,7.287498287133593,4.416861415426183,,
26,485,Gordon,M,0.028338770327842017,1.4678981700089515,,
26,487,Barnes,M,1.2327365092611278,2.82288109617106,,
26,488,Bruno G.,M,0.0,1.3938745838548485,,
26,491,Tonali,M,0.09059923705345488,0.10557854481122264,,
26,497,L.Miley,M,0.0,2.6362475375548766,,
26,502,Sels,G,0.0,0.9095340267773234,,
26,505,Milenković,D,0.05237440900446299,0.919311081771626,,
26,506,Murillo,D,0.9109372858916991,1.6232909475497936,,
26,508,N.Williams,D,0.17482157660225775,2.281233024501671,,
26,517,Anderson,M,43.888655765308,20.056848911410537,58.0,27.0
26,525,Wood,F,0.006593335389138501,0.015235234612408027,,
26,547,E.Le Fée,M,13.541086131325258,4.880956565156405,,
26,565,Vicario,G,0.09510255103511081,0.773221000427348,0.0,2.0
26,568,Pedro Porro,D,0.13656991151886158,0.5563723431749895,,
26,569,Romero,D,0.14357586116786658,0.0,,
26,575,Van de Ven,D,0.037993633447265834,0.9791379229048713,,
26,580,Johnson,M,0.0,0.09757122086983941,,
26,582,Kudus,M,0.0,0.3031684668188108,,
26,593,P.M.Sarr,M,0.0,0.12172556408451583,,
26,597,Richarlison,F,0.004120834618211563,0.01066466422868562,,
26,603,Diouf,D,0.0,0.603935374995384,,
26,623,Potts,M,0.0,3.137134569690303,,
26,624,Bowen,F,3.916248778365413,9.029837816292204,5.0,8.0
26,625,Füllkrug,F,0.0,0.048752750759705685,,
26,626,Marshall,F,0.04120834618211563,0.30470469224816055,,
26,628,José Sá,G,0.15458994409175508,1.1045851546290046,3.0,5.0
26,631,Agbadou,D,0.013138248669101418,0.05682662887535522,,
26,646,J.Gomes,M,3.882824445148066,1.1730949423469184,,
26,652,Gonzalez,M,0.0,0.11863113918996945,,
26,654,Strand Larsen,F,3.9233626480782333,6.301742311605593,0.0,5.0
26,661,Ekitiké,F,24.636186220918006,41.94654434478811,25.0,50.0
26,665,Perri,G,0.0017613063371356376,0.0,,
26,670,Roefs,G,0.0,1.3732548963539237,0.0,3.0
26,683,Alderete,D,4.211244316988255,11.788206939783317,,
26,684,Thiaw,D,1.8540540787579898,5.182782765350182,,
26,691,Calvert-Lewin,F,0.4141506066434748,0.0,,
26,694,Mukiele,D,7.04806987775418,19.686662896528233,,
26,709,Krejčí,D,0.7178793058393329,0.0,,
26,714,Woltemade,F,0.02883047533952351,0.20325635429161112,,
26,720,Tolu,F,0.11193259639012833,0.0,,
26,749,Mané,F,1.855132874714003,10.650441014403055,8.0,13.0
26,817,Armstrong,F,3.3200402045521873,0.0,5.0,0.0
27,1,Raya,G,93.90625,55.04687499999999,94.0,55.0
27,5,Gabriel,D,94.77606594609045,89.34398090460112,98.0,100.0
27,7,Calafiori,D,0.008404620356497076,0.0,,
27,8,J.Timber,D,47.749084652839855,47.22746849317928,42.0,34.0
27,16,Saka,M,0.0,2.429855911141851,,
27,21,Rice,M,50.80547834764172,58.6337277800785,56.0,69.0
27,32,Martinez,G,0.0,0.5541308607086394,0.0,2.0
27,33,M.Bizot,G,0.0,0.05018570045503401,,
27,36,Cash,D,0.0,0.7902343844913897,,
27,38,Konsa,D,0.0,1.109216206284454,,
27,47,Rogers,M,0.0,34.87673321322831,0.0,42.0
27,48,Tielemans,M,0.19409873381424195,0.30600960689039913,,
27,64,Watkins,F,4.542543355545178,6.523649597891455,2.0,2.0
27,67,Petrović,G,0.2254447329241891,0.7834685693932151,0.0,3.0
27,72,Senesi,D,5.167803227357126,5.556135031209703,,
27,74,Truffert,D,0.0,0.28185001962965633,,
27,77,Hill,D,0.0,6.607398685541977,,
27,82,Semenyo,M,2.8225265748689843,17.574923650784495,,
27,83,O.Dango,M,15.650719434503735,5.657798308806193,20.0,8.0
27,84,Tavernier,M,9.676961003407932,0.7061759266222467,,
27,97,Evanilson,F,2.1581901761294224,1.4034630593167778,3.0,0.0
27,100,Kroupi.Jr,F,2.6704689014352354,1.9176790425765669,,
27,101,Kelleher,G,0.14857134947849282,1.7421748437445224,3.0,5.0
27,105,Valdimarsson,G,0.0,0.0490777334947537,,
27,106,Collins,D,3.7979533806363084,0.1831753029272495,,
27,108,Ajer,D,0.7613310912601963,0.0,,
27,119,Mbeumo,M,37.31213760580317,38.025973177509634,38.0,41.0
27,120,Schade,M,4.362414433700029,0.0,,
27,123,Carvalho,M,0.0,0.11974288965276488,,
27,136,Thiago,F,71.55460708847336,66.10373719020491,86.0,72.0
27,139,Verbruggen,G,0.2723800399691194,5.135154179032556,3.0,17.0
27,145,De Cuyper,D,0.0,0.07836881516990572,,
27,151,Van Hecke,D,0.6242914948333609,0.6713115955147478,,
27,157,Mitoma,M,0.0,0.1177384091969448,,
27,158,Georginio,M,0.44637462487246166,0.07390213185581651,,
27,160,Minteh,M,0.0,0.46566679309408565,,
27,190,Ekdal,D,0.0,0.014163038886127539,,
27,191,Estève,D,1.5665020764227198,5.363653050616428,,
27,192,Hartman,D,0.0,0.016051444070944547,,
27,220,Sánchez,G,0.4581049761660723,11.186148218012077,0.0,11.0
27,225,James,D,0.7302028609746645,0.7675450551082554,,
27,226,Chalobah,D,2.0975546175328463,14.785819732412014,3.0,17.0
27,232,Tosin,D,0.0,0.062317371098961176,,
27,235,Palmer,M,37.66970402289272,21.21875,38.0,22.0
27,237,Enzo,M,51.355871029741174,63.81421778474407,56.0,77.0
27,242,Dewsbury-Hall,M,1.3547824350183828,1.7493664089687,,
27,249,João Pedro,F,0.8490415225905018,9.80751198330674,0.0,11.0
27,252,Marc Guiu,F,1.0103884659014155,1.2323645502976577,,
27,256,Muñoz,D,20.25188983227963,26.708567098456975,30.0,31.0
27,257,Lacroix,D,9.770114279841012,0.0,19.0,0.0
27,260,Guéhi,D,0.0,4.032496290657822,,
27,261,Richards,D,6.6446797597066105,11.183081424015398,9.0,19.0
27,267,Sarr,M,25.50152760394127,11.77384091969448,28.0,14.0
27,276,Devenny,M,0.0,1.3304765516973875,,
27,283,Mateta,F,0.061210598834797174,0.07731564669167815,,
27,287,Pickford,G,0.0,1.062174636571384,0.0,3.0
27,291,Tarkowski,D,21.709690291464955,7.554209717832321,,
27,295,Keane,D,0.0,5.763480571174755,,
27,299,Ndiaye,M,19.856474454203305,3.532152275908344,,
27,303,Garner,M,0.0,1.0317828579185642,,
27,317,Andersen,D,39.45979046001597,17.614414700222785,59.0,27.0
27,329,Wilson,M,0.0,16.38936101679994,,
27,337,Raúl,F,2.6124354541246206,0.11491305900079081,,
27,338,Muniz,F,0.02150642661763144,0.0,,
27,347,Gudmundsson,D,0.8751408248171617,1.8578450421700379,,
27,348,Rodon,D,2.92297035488932,4.524124747041682,,
27,366,A.Becker,G,0.0,0.6729007224483522,,
27,367,Mamardashvili,G,0.0,0.09754322758234163,,
27,373,Virgil,D,57.69323975524093,24.020236238018427,83.0,25.0
27,381,M.Salah,M,0.32566703645962863,4.65007901868668,,
27,382,Wirtz,M,5.742220780207413,9.61610066508756,,
27,384,Gakpo,M,0.2116894931151738,0.0,,
27,387,Szoboszlai,M,43.68522175630469,12.907047564442406,47.0,14.0
27,389,Elliott,M,0.02383668660876656,0.0,,
27,402,Aït-Nouri,D,0.0,0.5242245177855168,,
27,407,Matheus N.,D,0.0,1.344165430219274,,
27,411,O'Reilly,D,2.488121344055785,9.76321836323233,,
27,413,Marmoush,M,0.0,0.1286394305898627,,
27,414,Foden,M,0.0,0.9336020063191804,,
27,417,Cherki,M,0.0,1.7118565623969846,,
27,427,Reijnders,M,0.0,0.8515049930863281,,
27,430,Haaland,F,171.48503798736542,168.75,173.0,181.0
27,440,Dalot,D,0.0,1.247437218531136,,
27,441,Dorgu,D,0.16744589787174943,0.47682230916629387,,
27,442,Maguire,D,1.2632471026058194,0.5455161670251413,,
27,447,Heaven,D,0.0,0.09442025924085026,,
27,449,B.Fernandes,M,99.25090634960112,93.80921898880581,100.0,98.0
27,450,Cunha,M,0.713365889387758,2.4523354885262623,,
27,452,Amad,M,2.8348618920379423,0.0,,
27,458,Mainoo,M,0.0,1.053835186125723,,
27,467,Obi,F,0.027710203526563587,0.0,,
27,469,Pope,G,0.0,0.6704367721127565,,
27,470,Dúbravka,G,3.925183608562248,15.909553750309819,,
27,473,Hall,D,7.302028609746645,4.490138572383294,,
27,485,Gordon,M,0.028348618920379424,1.4767139127634876,,
27,487,Barnes,M,1.233164923036505,2.8398344476220916,,
27,491,Tonali,M,0.09065727312344729,0.10704227079187188,,
27,497,L.Miley,M,0.0,2.660953103394775,,
27,502,Sels,G,0.0,0.6617894565498988,,
27,505,Milenković,D,0.05243886543832116,0.927474146851299,,
27,506,Murillo,D,0.9127535762183306,1.650221868482749,,
27,508,N.Williams,D,0.17509002050762926,2.306974574079702,,
27,517,Anderson,M,36.75348475299043,20.36353860243672,23.0,9.0
27,525,Wood,F,0.006617362036194289,0.011714491922981539,,
27,547,E.Le Fée,M,13.547824350183829,4.963563726652155,,
27,565,Vicario,G,0.09510255103511081,0.7510609660348002,0.0,2.0
27,568,Pedro Porro,D,1.5249782507995908,4.829767915336541,,
27,569,Romero,D,0.1265984460212103,0.0,,
27,575,Van de Ven,D,0.06316235513029098,1.7729275428317093,,
27,580,Johnson,M,0.0,0.09313335861881714,,
27,582,Kudus,M,0.0,0.30600960689039913,,
27,593,P.M.Sarr,M,0.0,0.1227198039724454,,
27,597,Richarlison,F,0.004135851272621432,0.008200144346087077,,
27,603,Diouf,D,0.0,0.6140994072444895,,
27,623,Potts,M,0.0,3.166534193039782,,
27,624,Bowen,F,3.918653181186931,7.641718423552589,5.0,8.0
27,625,Füllkrug,F,0.0,0.03748637415354092,,
27,626,Marshall,F,0.04135851272621431,0.11714491922981538,,
27,628,José Sá,G,0.15458994409175508,1.0246244506090292,,
27,631,Agbadou,D,0.013186363055800955,0.040600711473565615,,
27,652,Gonzalez,M,0.0,0.11974288965276488,,
27,654,Strand Larsen,F,4.75463252650681,5.056174596034796,0.0,3.0
27,661,Ekitiké,F,23.09767807904328,42.48923839225933,23.0,48.0
27,665,Perri,G,0.0017613063371356376,0.0,,
27,670,Roefs,G,0.0,1.0276155235918265,0.0,3.0
27,683,Alderete,D,4.21817877561872,11.986598556594972,0.0,16.0
27,684,Thiaw,D,1.1696945923813444,2.219031342033444,,
27,691,Calvert-Lewin,F,0.4155893991445259,0.0,2.0,0.0
27,694,Mukiele,D,7.058892405728632,19.90880820283146,5.0,16.0
27,706,Justin,D,0.0,0.7773410218284678,,
27,714,Woltemade,F,0.02887192258626804,0.20696360100279343,,
27,720,Tolu,F,0.962397419542268,0.0,,
27,749,Mané,F,1.8604233163125503,9.361216645516143,,
27,817,Armstrong,F,3.3236560109726505,0.0,,
28,1,Raya,G,93.90625,55.04687499999999,94.0,53.0
28,5,Gabriel,D,94.75353864970153,88.11744982233274,98.0,97.0
28,7,Calafiori,D,0.00835343612588542,0.0,,
28,8,J.Timber,D,44.729686340351165,33.32736828783687,45.0,30.0
28,16,Saka,M,0.0,0.5957428746317001,,
28,21,Rice,M,42.311721561577656,35.19657518126859,47.0,41.0
28,32,Martinez,G,0.0,0.5727003877910516,0.0,2.0
28,33,M.Bizot,G,0.0,0.0613274913083498,,
28,36,Cash,D,0.0,0.7931247694376778,,
28,38,Konsa,D,0.0,1.1219918348470435,,
28,47,Rogers,M,0.0,34.986603069821804,0.0,42.0
28,48,Tielemans,M,0.19313329941147145,0.30687498206102576,,
28,64,Watkins,F,3.0024199006879098,5.325908596801421,,
28,67,Petrović,G,0.21367933592470792,0.6222846221528708,0.0,3.0
28,72,Senesi,D,7.782475581687247,5.709562818115379,19.0,14.0
28,74,Truffert,D,0.0,0.28509628590375696,,
28,77,Hill,D,0.872686990679237,12.243145081070631,2.0,25.0
28,82,Semenyo,M,3.1014423246677834,21.05665273848171,3.0,22.0
28,83,O.Dango,M,49.05457317018919,37.63305416067983,64.0,52.0
28,84,Tavernier,M,25.304552916541407,5.4748681563543835,,
28,97,Evanilson,F,2.1539308021454344,0.0,3.0,0.0
28,100,Kroupi.Jr,F,1.5672650898104896,1.7910061732109481,0.0,2.0
28,101,Kelleher,G,0.14857134947849282,2.362447337082386,3.0,6.0
28,105,Valdimarsson,G,0.0,0.06023226207348054,,
28,106,Collins,D,2.867427123240731,3.030140974885074,2.0,3.0
28,108,Ajer,D,0.7588440694179978,0.0,,
28,119,Mbeumo,M,37.31035116575343,39.540371785603995,38.0,42.0
28,120,Schade,M,6.813799260650025,1.4222350128283026,,
28,123,Carvalho,M,0.0,0.12008151471953181,,
28,136,Thiago,F,80.61361692780466,84.89813317447742,97.0,92.0
28,139,Verbruggen,G,0.28414543696860056,5.01497504595366,3.0,17.0
28,145,De Cuyper,D,0.0,0.09745911215445321,,
28,151,Van Hecke,D,1.0345961037918325,1.2323516874549496,,
28,157,Mitoma,M,0.0,0.12800115115454722,,
28,158,Georginio,M,0.2744525833741963,0.36024454415859547,,
28,160,Minteh,M,0.0,0.4669836683537347,,
28,190,Ekdal,D,0.0,0.017613092558033713,,
28,191,Estève,D,1.5621097133158341,5.450174261895958,,
28,192,Hartman,D,0.0,0.019961504899104875,,
28,220,Sánchez,G,0.4581049761660723,10.68794970219487,,
28,225,James,D,0.7277251607484769,0.780237347600793,,
28,226,Chalobah,D,1.0465779135184479,5.390829113970436,,
28,232,Tosin,D,0.0,0.07749760725534835,,
28,235,Palmer,M,0.31014423246677836,5.2937371350958236,,
28,237,Enzo,M,21.705913161089335,16.77152240181255,,
28,242,Dewsbury-Hall,M,0.0,2.8249764776175237,,
28,249,João Pedro,F,0.8481523309011496,5.379854592893012,0.0,3.0
28,252,Marc Guiu,F,0.8397291082888537,0.4921095474303156,,
28,256,Muñoz,D,9.686021889562229,9.261417316021413,,
28,257,Lacroix,D,7.553787168569191,0.0,,
28,260,Guéhi,D,0.0,4.043121835477827,,
28,261,Richards,D,4.113150363855334,8.55288857711271,,
28,267,Sarr,M,5.740290225187368,10.498605572339626,,
28,276,Devenny,M,0.0,1.3342390524392422,,
28,283,Mateta,F,0.06083206462396004,0.09227054014318417,,
28,287,Pickford,G,0.0,1.0805135601737195,0.0,3.0
28,291,Tarkowski,D,15.063910827493471,4.384933893516457,,
28,295,Keane,D,0.0,4.2015872280622935,,
28,299,Ndiaye,M,19.84419741237992,3.5432793806646234,,
28,303,Garner,M,0.0,1.0380745464146304,,
28,317,Andersen,D,44.64279660386081,18.72369865165755,73.0,34.0
28,329,Wilson,M,15.524265592970188,39.18475505792504,19.0,52.0
28,337,Raúl,F,2.609699479695845,0.11507710359129435,3.0,0.0
28,338,Muniz,F,0.0213734281111211,0.0,,
28,347,Gudmundsson,D,0.872686990679237,1.8878139834683103,,
28,348,Rodon,D,2.9147745488686514,5.386983835671077,,
28,366,A.Becker,G,0.0,0.6850170086090742,,
28,367,Mamardashvili,G,0.0,0.11937104209088531,,
28,373,Virgil,D,61.75856267672361,55.08079647199293,92.0,61.0
28,374,Konaté,D,0.0,0.780237347600793,,
28,381,M.Salah,M,24.747345114508555,5.985811481555806,25.0,5.0
28,382,Wirtz,M,4.2418493117818326,5.6305694890802656,,
28,384,Gakpo,M,1.6219493265271432,0.0,,
28,387,Szoboszlai,M,54.9920347813792,21.461526343579084,61.0,24.0
28,389,Elliott,M,0.02371812448912808,0.0,,
28,402,Aït-Nouri,D,0.0,0.5256058386121175,,
28,407,Matheus N.,D,0.0,1.347707278492609,,
28,411,O'Reilly,D,2.481614395187071,14.915862599424717,5.0,19.0
28,413,Marmoush,M,0.0,0.12883431499677106,,
28,414,Foden,M,0.0,0.9361992024599015,,
28,417,Cherki,M,0.0,1.7150151262261195,,
28,427,Reijnders,M,0.0,0.853912993561115,,
28,430,Haaland,F,90.32272297985105,119.50611060339031,92.0,138.0
28,440,Dalot,D,0.0,1.2893254879045162,,
28,441,Dorgu,D,0.05342569112875027,0.35813288201335214,,
28,442,Maguire,D,1.261702565599796,0.5517992630395296,,
28,449,B.Fernandes,M,183.62115438936905,148.5847927593812,184.0,153.0
28,450,Cunha,M,0.6487797306108574,2.178460656260472,,
28,467,Obi,F,0.027538840066252183,0.0,,
28,469,Pope,G,0.0,0.6747897433804287,,
28,470,Dúbravka,G,3.925183608562248,15.379854839180588,0.0,16.0
28,473,Hall,D,7.27725160748477,4.564388483464638,14.0,9.0
28,485,Gordon,M,2.8489892518128954,2.6771444209466044,,
28,487,Barnes,M,1.2324335461050981,1.4222350128283026,,
28,491,Tonali,M,0.09055821595899279,0.10758474543054465,,
28,497,L.Miley,M,0.0,2.6684781048784845,,
28,502,Sels,G,0.0,2.8279128702463505,,
28,505,Milenković,D,0.0523288956759224,0.9299180221599,,
28,506,Murillo,D,0.9096564509355962,1.6775102973417049,,
28,508,N.Williams,D,0.12509901527246844,1.0610173204095312,,
28,517,Anderson,M,31.923078281111188,20.487713025941495,25.0,19.0
28,525,Wood,F,0.006576439418806491,0.01398038487017942,,
28,547,E.Le Fée,M,11.390981668314284,5.070762795475759,,
28,565,Vicario,G,0.09510255103511081,0.7907907348231755,,
28,568,Pedro Porro,D,1.5427773407867713,3.284799233399339,,
28,569,Romero,D,0.12611889353775463,0.0,,
28,575,Van de Ven,D,0.03794220347089989,1.0097127314914884,,
28,580,Johnson,M,0.0,0.0984025072424823,,
28,582,Kudus,M,0.0,0.30687498206102576,,
28,593,P.M.Sarr,M,0.0,0.12301041821908848,,
28,597,Richarlison,F,0.004110274636754057,0.009786269409125595,,
28,603,Diouf,D,0.0,0.6240054589706967,,
28,623,Potts,M,0.0,1.8412498923661542,,
28,624,Bowen,F,3.9145492195437672,3.337236004147536,3.0,3.0
28,625,Füllkrug,F,0.0,0.04473723158457415,,
28,626,Marshall,F,0.04110274636754057,0.13980384870179421,,
28,628,José Sá,G,0.15458994409175508,0.9876068014515667,,
28,631,Agbadou,D,0.013104414805165158,0.05049086533302998,,
28,652,Gonzalez,M,0.0,0.12008151471953181,,
28,654,Strand Larsen,F,4.749653053046438,2.186464968234593,,
28,661,Ekitiké,F,32.113208617444144,55.60972486295813,33.0,64.0
28,665,Perri,G,0.0017613063371356376,0.0,,
28,670,Roefs,G,0.0,1.0804784054019154,0.0,2.0
28,683,Alderete,D,4.206351295073922,11.39007432703474,,
28,684,Thiaw,D,2.482227829353716,2.280307942758606,6.0,6.0
28,691,Calvert-Lewin,F,0.4131385298992753,0.0,2.0,0.0
28,694,Mukiele,D,4.774266160195817,19.711535620128675,,
28,706,Justin,D,0.0,0.7898803278110085,,
28,714,Woltemade,F,0.03230896203218152,0.32339084710458765,,
28,749,Mané,F,1.4811260256942036,6.63085080410731,0.0,2.0
28,807,Rayan,M,0.0,2.281482519592594,,
28,817,Armstrong,F,2.2116576210038454,0.0,,
29,1,Raya,G,93.92063492063492,55.04687499999999,94.0,53.0
29,5,Gabriel,D,94.03771897663528,89.25052968998743,98.0,98.0
29,7,Calafiori,D,0.007090275624421522,0.0,,
29,8,J.Timber,D,30.132859352017267,19.041918485058606,46.0,33.0
29,16,Saka,M,0.0,2.4586407997404995,,
29,21,Rice,M,30.24327440123438,27.859645748099688,29.0,31.0
29,32,Martinez,G,0.0,0.5624456320417031,0.0,2.0
29,33,M.Bizot,G,0.0,0.050396181646577554,,
29,36,Cash,D,0.0,0.8107567977042448,,
29,38,Konsa,D,0.0,1.1768050035190298,,
29,47,Rogers,M,0.0,35.67426299924773,0.0,33.0
29,48,Tielemans,M,0.16902355356171223,0.3123815300756472,,
29,64,Watkins,F,2.9941843963100854,5.465771619361096,,
29,67,Petrović,G,0.2250751752129036,0.7493348728586153,0.0,2.0
29,72,Senesi,D,6.958968786596836,6.087011059485534,6.0,9.0
29,74,Truffert,D,0.0,0.19373443823824596,,
29,77,Hill,D,0.7966079482407858,12.942125277113695,0.0,13.0
29,82,Semenyo,M,3.098615993414087,25.88314179980229,3.0,27.0
29,83,O.Dango,M,51.346812715955664,40.56772255301416,56.0,45.0
29,84,Tavernier,M,24.435751416122283,13.010200200390717,27.0,14.0
29,97,Evanilson,F,2.0260474730494007,0.0,,
29,100,Kroupi.Jr,F,1.3800966430033972,0.9983430859111014,,
29,101,Kelleher,G,0.15044244542519122,2.4516268785060022,3.0,6.0
29,105,Valdimarsson,G,0.0,0.049283567820678637,,
29,106,Collins,D,2.531127004926622,2.536884173461669,,
29,108,Ajer,D,0.6423046413501095,0.0,,
29,119,Mbeumo,M,37.262036996944026,39.80136669429166,38.0,42.0
29,120,Schade,M,6.69290878447612,1.4379416579389979,,
29,123,Carvalho,M,0.0,0.12223625089916627,,
29,136,Thiago,F,77.96797058215692,85.72736894289947,97.0,92.0
29,139,Verbruggen,G,0.27196152493062603,4.91142881052003,3.0,13.0
29,145,De Cuyper,D,0.0,0.08998222278822798,,
29,151,Van Hecke,D,0.9987292802050973,1.2925563153405737,,
29,157,Mitoma,M,0.0,0.12941474921450982,,
29,158,Georginio,M,0.23722604008661363,0.3667087526974988,,
29,160,Minteh,M,0.0,0.10804015020429543,,
29,190,Ekdal,D,0.0,0.016261847491848433,,
29,191,Estève,D,1.4306428458201867,5.761333187876419,,
29,192,Hartman,D,0.0,0.20241629852059412,,
29,220,Sánchez,G,0.4564826377063871,10.641701203799805,0.0,9.0
29,225,James,D,0.6528818101428483,0.8252169130073422,,
29,226,Chalobah,D,0.6528818101428483,3.300867652029369,,
29,232,Tosin,D,0.0,0.07155212896413311,,
29,235,Palmer,M,0.298851288704912,5.328679609781756,,
29,237,Enzo,M,19.876559813166114,17.101165833847933,,
29,242,Dewsbury-Hall,M,0.0,2.934423961142881,,
29,249,João Pedro,F,0.8205805159115347,5.432401895060048,0.0,6.0
29,252,Marc Guiu,F,0.5954102190272835,0.3381756790456151,,
29,256,Muñoz,D,8.733959725482388,9.795324757397152,5.0,8.0
29,257,Lacroix,D,6.142418662772512,0.0,,
29,260,Guéhi,D,0.0,4.111412619942058,,
29,261,Richards,D,2.724928036115142,8.970726666169654,,
29,267,Sarr,M,4.250138278749603,11.503533263511983,,
29,276,Devenny,M,0.0,1.358180565546292,,
29,283,Mateta,F,0.050806482745753,0.088569820702423,,
29,287,Pickford,G,0.0,1.0624463150971117,0.0,3.0
29,291,Tarkowski,D,13.577276827256375,3.8125021380939215,33.0,8.0
29,295,Keane,D,0.0,3.5176383642329334,,
29,299,Ndiaye,M,35.637282116309784,9.189780536223257,40.0,11.0
29,303,Garner,M,0.0,1.0721892975286402,,
29,317,Andersen,D,40.378517212739226,19.979953919231363,59.0,44.0
29,329,Wilson,M,14.991492167501518,42.76888118805191,11.0,45.0
29,337,Raúl,F,2.0260474730494007,0.11386909654737278,3.0,0.0
29,338,Muniz,F,0.017747470000228787,0.0,,
29,343,Struijk,D,2.4659982227286354,0.9645942651795325,3.0,2.0
29,347,Gudmundsson,D,1.4835381980942561,3.733176790181527,,
29,348,Rodon,D,2.674326683379781,5.694535121930025,,
29,366,A.Becker,G,0.0,0.6730728341425515,,
29,367,Mamardashvili,G,0.0,0.09795232847328028,,
29,373,Virgil,D,89.59511148547854,59.33502188186367,95.0,63.0
29,374,Konaté,D,0.0,0.8252169130073422,,
29,381,M.Salah,M,41.26984126984127,6.031441218351849,41.0,5.0
29,382,Wirtz,M,4.1979590201407335,3.0080151016390086,,
29,384,Gakpo,M,1.587315377305845,0.0,,
29,387,Szoboszlai,M,57.887846636083076,20.192221630106836,67.0,23.0
29,389,Elliott,M,0.020757278507578695,0.0,,
29,402,Aït-Nouri,D,0.0,0.3218345960728635,,
29,407,Matheus N.,D,0.0,1.3704708733140196,,
29,411,O'Reilly,D,1.772107770387731,9.62202920566561,2.0,19.0
29,413,Marmoush,M,0.0,0.13016333645684997,,
29,414,Foden,M,0.0,0.9507263958824043,,
29,417,Cherki,M,0.0,1.7542888226855773,,
29,427,Reijnders,M,0.0,0.8692355619496269,,
29,430,Haaland,F,145.7342880986119,159.375,148.0,175.0
29,440,Dalot,D,0.0,3.2561039133605965,,
29,441,Dorgu,D,0.04434212010356246,0.2222452490552619,,
29,442,Maguire,D,1.2083391291370313,0.5787565591077195,,
29,444,Yoro,D,0.0,0.8349758243299157,,
29,449,B.Fernandes,M,105.44200207767717,103.89208246400598,106.0,108.0
29,450,Cunha,M,0.6321167431748942,2.221278191250984,,
29,467,Obi,F,0.02296731411794314,0.0,,
29,469,Pope,G,0.0,0.10219618291105878,,
29,470,Dúbravka,G,3.916251854759136,15.21641569611249,0.0,8.0
29,473,Hall,D,9.797637435060345,8.017254608887015,,
29,485,Gordon,M,2.795360708706754,2.7297635603325343,,
29,487,Barnes,M,1.2143252224998866,1.4379416579389979,,
29,491,Tonali,M,0.08885727787680832,0.11067278053262423,,
29,502,Sels,G,0.0,2.8572546456147387,,
29,505,Milenković,D,0.049784743064331026,0.9456249025866734,,
29,506,Murillo,D,1.2247046793825431,2.946512377625142,,
29,508,N.Williams,D,0.11359141490149477,1.131159139391049,,
29,517,Anderson,M,28.132156281754103,19.982780753940375,,
29,525,Wood,F,0.005567833725561973,0.013419669803397424,,
29,547,E.Le Fée,M,8.353120062733806,5.148836189490222,,
29,565,Vicario,G,0.09208218740446088,0.7463376386540977,0.0,2.0
29,568,Pedro Porro,D,1.3923703910189313,3.474163203760911,,
29,569,Romero,D,0.11414452711610143,0.0,,
29,575,Van de Ven,D,0.03486316457670457,1.0774587981886383,,
29,580,Johnson,M,0.0,0.10065591605572988,,
29,582,Kudus,M,0.0,0.3123815300756472,,
29,593,P.M.Sarr,M,0.0,0.12490438195528838,,
29,597,Richarlison,F,0.09037415502209721,0.06688541929729254,,
29,603,Diouf,D,0.0,0.6596309012206335,,
29,623,Potts,M,0.0,1.8742891804538826,,
29,624,Bowen,F,3.78236331552973,3.3698321915880505,5.0,3.0
29,625,Füllkrug,F,0.0,0.042942943370871754,,
29,628,José Sá,G,0.15434206893234495,0.9799842168775006,,
29,631,Agbadou,D,0.011085530025890616,0.04661729614329884,,
29,652,Gonzalez,M,0.0,0.12223625089916627,,
29,654,Strand Larsen,F,4.602943831441265,2.207821091040447,,
29,661,Ekitiké,F,33.517123560842194,63.6123353456358,33.0,72.0
29,665,Perri,G,0.0017853713697406912,0.0,,
29,670,Roefs,G,0.0,0.21116852905898742,0.0,3.0
29,683,Alderete,D,3.8529813006748217,12.040351386837385,,
29,684,Thiaw,D,3.194041220502642,5.086845069466955,,
29,691,Calvert-Lewin,F,12.335976284645374,1.5619986569797182,19.0,2.0
29,694,Mukiele,D,0.3577862161246552,1.2597511190351918,,
29,706,Justin,D,0.0,0.8349758243299157,,
29,714,Woltemade,F,0.030853514818011175,0.32737365257369677,,
29,749,Mané,F,1.9282201324231865,1.4070215421320202,,
29,807,Rayan,M,0.0,2.35645999456844,,
29,817,Armstrong,F,1.0279980237204478,0.0,,
30,1,Raya,G,93.92063492063492,55.04687499999999,94.0,55.0
30,5,Gabriel,D,94.075136386983,88.2702735988885,98.0,98.0
30,7,Calafiori,D,0.007151636922386679,0.0,,
30,8,J.Timber,D,30.227305353745557,17.993060518882753,46.0,38.0
30,16,Saka,M,0.0,2.4370012012582674,,
30,21,Rice,M,20.431230843644588,22.127887696697336,24.0,27.0
30,32,Martinez,G,0.0,0.5627131250134793,0.0,2.0
30,33,M.Bizot,G,0.0,0.0507876501302596,,
30,36,Cash,D,0.0,0.7952757738095322,,
30,38,Konsa,D,0.0,0.6258201598382759,,
30,47,Rogers,M,0.0,29.810816599712343,0.0,22.0
30,48,Tielemans,M,0.17025370833402506,0.30758083452790436,,
30,64,Watkins,F,2.9946509295518755,5.342080191085447,,
30,67,Petrović,G,0.2250751752129036,0.7671421678812165,0.0,3.0
30,72,Senesi,D,8.801265183286406,6.8465648469557205,24.0,19.0
30,74,Truffert,D,0.0,0.18078663565215272,,
30,77,Hill,D,0.8000763691878073,13.842759920700043,2.0,28.0
30,82,Semenyo,M,1.5258374689122969,19.59634585375191,2.0,20.0
30,83,O.Dango,M,51.43835220280464,39.561950845530006,65.0,50.0
30,84,Tavernier,M,30.438043045751336,15.544077868710806,41.0,22.0
30,97,Evanilson,F,3.0640833908522485,0.0,5.0,0.0
30,100,Kroupi.Jr,F,1.3886309148441134,0.9100169850255458,2.0,3.0
30,101,Kelleher,G,0.16254285820248748,3.9123644523398107,3.0,8.0
30,105,Valdimarsson,G,0.0,0.04966639372007914,,
30,106,Collins,D,2.541460764600724,2.4884435503072457,3.0,3.0
30,108,Ajer,D,0.05391233987645343,0.0,,
30,119,Mbeumo,M,32.78165408121211,38.33259536567416,35.0,41.0
30,120,Schade,M,6.665109029516541,1.3155700176395562,,
30,123,Carvalho,M,0.0,0.12035771785874516,,
30,136,Thiago,F,78.1013776755888,90.77475177460299,97.0,98.0
30,139,Verbruggen,G,0.27196152493062603,5.028144667447637,3.0,17.0
30,145,De Cuyper,D,0.0,0.08098645566109701,,
30,151,Van Hecke,D,1.0007139981603337,1.2360988797583357,,
30,157,Mitoma,M,0.0,0.12672907649130316,,
30,158,Georginio,M,0.2389525731003861,0.3610731535762356,,
30,160,Minteh,M,0.0,0.41972363734269474,,
30,190,Ekdal,D,0.0,0.014636106444776566,,
30,191,Estève,D,1.4368718467046335,5.458002483018875,,
30,192,Hartman,D,0.0,0.265529602572122,,
30,220,Sánchez,G,0.4443822249290908,8.430461710885833,,
30,225,James,D,0.656265565757009,0.7812180209829855,,
30,226,Chalobah,D,0.656265565757009,3.124872083931942,,
30,232,Tosin,D,0.0,0.06439886835701691,,
30,235,Palmer,M,0.29887538050859425,8.258882920236832,,
30,237,Enzo,M,18.586117726013526,13.930520741095892,19.0,13.0
30,242,Dewsbury-Hall,M,0.0,3.0447162835619106,,
30,249,João Pedro,F,11.096791697370287,14.029610953421662,13.0,16.0
30,252,Marc Guiu,F,0.6006300208606858,0.18391267973572595,,
30,256,Muñoz,D,8.109567348283038,6.148185825136097,18.0,11.0
30,257,Lacroix,D,6.174253588040432,0.0,,
30,260,Guéhi,D,0.0,4.051973965558609,,
30,261,Richards,D,2.7303431307831323,8.578895210263077,3.0,11.0
30,267,Sarr,M,4.254312878730092,11.395108990671487,,
30,276,Devenny,M,0.0,1.3373079762082798,,
30,283,Mateta,F,0.05125188956496793,0.07985682146419681,,
30,287,Pickford,G,0.0,1.0629516029080357,0.0,2.0
30,291,Tarkowski,D,12.977986392215136,2.8280092359584077,6.0,0.0
30,295,Keane,D,0.0,2.6396766373346243,,
30,299,Ndiaye,M,20.881196010194223,4.8676090652663575,,
30,303,Garner,M,0.0,1.0416134654290747,,
30,317,Andersen,D,40.580699384671206,18.548899163731193,,
30,322,Tete,D,0.7007546086111416,0.005129673441297344,,
30,329,Wilson,M,13.746565817362622,42.90774784034748,,
30,337,Raúl,F,2.032405481474387,0.11267155679241642,2.0,0.0
30,338,Muniz,F,0.46267858776578513,0.0,,
30,341,Darlow,G,0.0,0.11249977074255335,0.0,2.0
30,343,Struijk,D,2.470898760889713,0.9224618505659221,,
30,347,Gudmundsson,D,1.4841487226907288,3.7330338243963035,,
30,348,Rodon,D,4.982499283318875,12.21436171831761,,
30,366,A.Becker,G,0.0,0.6733929401979103,,
30,367,Mamardashvili,G,0.0,0.0987132045604702,,
30,373,Virgil,D,89.63076119166116,65.69113565544464,95.0,70.0
30,374,Konaté,D,0.0,0.7812180209829855,,
30,381,M.Salah,M,88.88888888888889,29.96034901291423,91.0,30.0
30,382,Wirtz,M,4.201613570574903,4.601631680022964,,
30,384,Gakpo,M,1.5889394943784156,0.0,,
30,387,Szoboszlai,M,56.54093545925318,19.8519515661809,65.0,23.0
30,389,Elliott,M,0.020908350146283786,0.0,,
30,402,Aït-Nouri,D,0.0,0.3046750281833644,,
30,407,Matheus N.,D,0.0,1.3506579885195364,,
30,411,O'Reilly,D,1.7812922499118817,8.327784103678626,,
30,413,Marmoush,M,0.0,0.1206422177833934,,
30,414,Foden,M,0.0,0.9361155833457958,,
30,417,Cherki,M,0.0,1.7377541210774017,,
30,427,Reijnders,M,0.0,0.8558771047732991,,
30,430,Haaland,F,54.33266881805554,67.31632372688577,56.0,81.0
30,440,Dalot,D,0.0,3.1939301238479603,,
30,441,Dorgu,D,0.04473246577378645,0.20002678807861307,,
30,442,Maguire,D,0.6867395164389187,0.3077804064778406,,
30,444,Yoro,D,0.0,0.7910148526114311,,
30,449,B.Fernandes,M,154.65633961893153,167.4229955976772,156.0,172.0
30,450,Cunha,M,0.6327635154604311,2.183846229281663,,
30,467,Obi,F,0.023168662406081394,0.0,,
30,469,Pope,G,0.0,0.10299002449697188,,
30,470,Dúbravka,G,3.916251854759136,15.578020651789416,0.0,11.0
30,473,Hall,D,9.830191837854574,7.901349232839287,,
30,485,Gordon,M,2.798220879480573,2.683762835984694,,
30,487,Barnes,M,1.2155179653514547,0.0,,
30,491,Tonali,M,0.08901568984416129,0.10792893531669293,,
30,502,Sels,G,0.0,2.9251548305281387,,
30,505,Milenković,D,0.04995016177771633,0.9319540120784799,,
30,506,Murillo,D,1.2287739797318218,2.903914675317003,,
30,508,N.Williams,D,0.11422407000166783,1.0555606791303112,,
30,517,Anderson,M,28.200122166578,20.55755806495185,37.0,27.0
30,525,Wood,F,0.0056166454317773075,0.012099518403666182,,
30,547,E.Le Fée,M,2.6732200144126868,3.7114863532880427,,
30,565,Vicario,G,0.09208218740446088,0.764073706998661,,
30,568,Pedro Porro,D,2.0879167623085424,5.686270131667248,,
30,569,Romero,D,0.13176995700096233,0.0,,
30,575,Van de Ven,D,0.03503773043055708,0.48731897692324766,,
30,580,Johnson,M,0.0,0.09970720366837552,,
30,582,Kudus,M,0.0,0.30758083452790436,,
30,593,P.M.Sarr,M,0.0,0.1232596943896398,,
30,597,Richarlison,F,0.10316779093778615,0.09858761219336436,,
30,603,Diouf,D,0.0,0.6249017335630306,,
30,623,Potts,M,0.0,0.5081770309591462,,
30,624,Bowen,F,6.357536909951727,3.34175538110249,8.0,3.0
30,625,Füllkrug,F,0.0,0.03871845889173178,,
30,628,José Sá,G,0.15434206893234495,1.0032726940317234,0.0,2.0
30,631,Agbadou,D,0.011183116443446613,0.04195683847502616,,
30,652,Gonzalez,M,0.0,0.12035771785874516,,
30,654,Strand Larsen,F,4.610819698328625,2.189425939343011,,
30,661,Ekitiké,F,38.165915140701316,73.11889141711681,38.0,84.0
30,665,Perri,G,0.0017853713697406912,0.0,,
30,670,Roefs,G,0.0,0.21280884824927473,,
30,683,Alderete,D,3.8697571326022513,11.406434174656836,5.0,13.0
30,684,Thiaw,D,3.207081441043771,4.989714129224323,,
30,691,Calvert-Lewin,F,14.498371729402391,3.123877677319082,10.0,3.0
30,694,Mukiele,D,0.2508574182006404,0.9386622933250038,,
30,706,Justin,D,0.0,0.7910148526114311,,
30,714,Woltemade,F,0.030950337281335838,0.3239307257781972,,
30,749,Mané,F,5.181389760088833,3.531399973566379,,
30,807,Rayan,M,0.0,2.2892603635803837,,
30,817,Armstrong,F,1.031042564334334,0.0,,
31,1,Raya,G,0.0,0.0,3.0,6.0
31,5,Gabriel,D,0.0,0.0,8.0,19.0
31,7,Calafiori,D,0.0,0.0,,
31,8,J.Timber,D,0.0,0.0,,
31,16,Saka,M,0.0,0.0,,
31,21,Rice,M,0.0,0.0,,
31,32,Martinez,G,0.0,1.21875,0.0,2.0
31,33,M.Bizot,G,0.0,0.12728706999684314,,
31,36,Cash,D,0.0,0.9384264058844192,,
31,38,Konsa,D,0.0,1.4628706883386795,,
31,47,Rogers,M,0.0,35.96864144553711,0.0,37.0
31,48,Tielemans,M,0.6634800872597034,0.21474236187868073,,
31,64,Watkins,F,3.03876056982759,6.521006714381941,,
31,67,Petrović,G,4.142857142857143,1.8962553689108794,5.0,3.0
31,72,Senesi,D,21.182221134787593,17.927223176624846,21.0,17.0
31,74,Truffert,D,0.0,0.3878845147240678,,
31,77,Hill,D,1.3460704572841304,23.891865597681004,0.0,27.0
31,82,Semenyo,M,0.0,0.0,,
31,83,O.Dango,M,61.68289875937468,49.332974287200344,65.0,48.0
31,84,Tavernier,M,39.2785293329904,18.647772920349727,41.0,19.0
31,97,Evanilson,F,4.537871044713624,0.0,3.0,0.0
31,100,Kroupi.Jr,F,3.2757643308237325,1.2886641520906088,5.0,3.0
31,101,Kelleher,G,2.6507936507936507,8.578125,3.0,8.0
31,105,Valdimarsson,G,0.0,0.1263324169718668,,
31,106,Collins,D,3.673537931812524,2.427406317950618,5.0,2.0
31,119,Mbeumo,M,34.145840687051816,41.23173901226798,35.0,39.0
31,120,Schade,M,7.367371858016833,1.5202299850184746,,
31,123,Carvalho,M,0.0,0.13720247396349297,,
31,136,Thiago,F,92.91176371347994,97.24771068546302,95.0,97.0
31,139,Verbruggen,G,5.0934339663326575,12.428786632394488,2.0,16.0
31,145,De Cuyper,D,0.0,0.4022502262803122,,
31,151,Van Hecke,D,1.2280704481413796,1.898605860711113,,
31,157,Mitoma,M,0.0,0.13837729541194896,,
31,158,Georginio,M,0.9312001224697594,0.2520888595967121,,
31,160,Minteh,M,0.0,0.5233871173240412,,
31,190,Ekdal,D,0.0,0.2228364743344159,,
31,191,Estève,D,2.417432657979663,9.420221292799939,,
31,192,Hartman,D,0.0,0.2656108637960166,,
31,220,Sánchez,G,7.4444444444444455,20.21875,0.0,6.0
31,232,Tosin,D,0.0,0.31986162571687476,,
31,235,Palmer,M,2.824973537870863,9.292591891072673,,
31,237,Enzo,M,20.458139637194325,15.064863871297584,19.0,14.0
31,242,Dewsbury-Hall,M,0.0,3.9430108082774464,,
31,249,João Pedro,F,14.054105801595151,16.513580770936294,14.0,17.0
31,252,Marc Guiu,F,2.7024516089566974,0.858993403267012,,
31,256,Muñoz,D,0.0,0.0,,
31,257,Lacroix,D,0.0,0.0,,
31,261,Richards,D,0.0,0.0,,
31,267,Sarr,M,0.0,0.0,,
31,283,Mateta,F,0.0,0.0,,
31,287,Pickford,G,0.0,2.21875,0.0,3.0
31,291,Tarkowski,D,23.79954592218445,4.926407519667307,,
31,295,Keane,D,0.0,2.6404844695015766,,
31,299,Ndiaye,M,23.081323226065397,5.624850944568356,24.0,6.0
31,303,Garner,M,0.0,1.348924750200179,,
31,314,Leno,G,1.5873015873015872,0.0,2.0,0.0
31,317,Andersen,D,86.3667813337869,69.86735950907223,95.0,70.0
31,322,Tete,D,2.5762526365418714,0.014855764955627727,,
31,329,Wilson,M,36.3082773661486,73.14653494598458,38.0,77.0
31,337,Raúl,F,2.7831230603480335,1.5266828133726598,3.0,2.0
31,338,Muniz,F,0.22750793219028,0.0,,
31,341,Darlow,G,0.0,0.2860659037579167,0.0,2.0
31,343,Struijk,D,3.0322727114601964,1.4168700453068006,,
31,347,Gudmundsson,D,0.0,2.1717594157439,,
31,348,Rodon,D,5.181137369256267,12.218099734616763,5.0,13.0
31,366,A.Becker,G,0.0,0.2590684340907633,,
31,367,Mamardashvili,G,0.0,0.8633841063143978,,
31,373,Virgil,D,93.08113619578708,72.00946563396835,94.0,70.0
31,374,Konaté,D,0.0,1.3608860551567146,,
31,381,M.Salah,M,12.701623175618128,4.764625039188783,,
31,382,Wirtz,M,4.376460908713879,8.05410887216336,,
31,384,Gakpo,M,1.7563565821854472,0.0,,
31,387,Szoboszlai,M,62.4983169643158,24.46050045894726,65.0,25.0
31,389,Elliott,M,0.06493774407419219,0.0,,
31,402,Aït-Nouri,D,0.0,0.0,,
31,411,O'Reilly,D,0.0,0.0,,
31,413,Marmoush,M,0.0,0.0,,
31,414,Foden,M,0.0,0.0,,
31,417,Cherki,M,0.0,0.0,,
31,427,Reijnders,M,0.0,0.0,,
31,430,Haaland,F,0.0,0.0,5.0,16.0
31,440,Dalot,D,0.0,2.2552505560770717,,
31,441,Dorgu,D,0.08925877530704109,0.5088707681859371,,
31,442,Maguire,D,1.2871665004102597,1.9185189355261374,,
31,444,Yoro,D,0.0,1.562416845858921,,
31,449,B.Fernandes,M,198.2633735267011,190.59454086518977,198.0,191.0
31,450,Cunha,M,0.6994340371534968,2.5235817751306677,,
31,467,Obi,F,0.12640808376409782,0.0,,
31,469,Pope,G,0.0,0.2581198071479989,,
31,470,Dúbravka,G,75.71309602882089,39.61199678096773,84.0,53.0
31,473,Hall,D,30.152833910449,16.568174741599623,32.0,17.0
31,485,Gordon,M,35.766739943657605,29.328732935532308,37.0,27.0
31,487,Barnes,M,1.337946774751872,0.0,,
31,491,Tonali,M,0.10674420057246546,0.13458525874046773,,
31,502,Sels,G,0.0,7.230524907273048,,
31,505,Milenković,D,0.0723436514166243,1.0536442923229252,,
31,506,Murillo,D,1.7796538248489575,3.2830945340496944,,
31,508,N.Williams,D,0.2374055126001291,2.264745069840525,,
31,515,Gibbs-White,M,0.0,1.5202299850184746,,
31,517,Anderson,M,36.39062222393625,26.622734630324413,40.0,28.0
31,525,Wood,F,0.030644383942811593,0.05651272389914553,,
31,547,E.Le Fée,M,2.9280013440098895,4.14780978241323,,
31,565,Vicario,G,1.6666666666666667,1.8886706138726974,0.0,2.0
31,568,Pedro Porro,D,3.023964629214895,7.955777917394842,,
31,569,Romero,D,0.25762526365418714,0.0,,
31,575,Van de Ven,D,0.06567176022501325,1.139120617968644,,
31,580,Johnson,M,0.0,0.0,,
31,582,Kudus,M,0.0,0.35062854457337095,,
31,593,P.M.Sarr,M,0.0,0.13775014037534708,,
31,597,Richarlison,F,0.14578947926965924,3.182785120655319,0.0,3.0
31,603,Diouf,D,0.0,1.0785470755524567,,
31,623,Potts,M,0.0,0.5792993345125259,,
31,624,Bowen,F,10.618923825171612,5.123173587364919,11.0,5.0
31,625,Füllkrug,F,0.0,0.18084071647726568,,
31,628,José Sá,G,0.0,0.0,2.0,0.0
31,631,Agbadou,D,0.0,0.0,,
31,652,Gonzalez,M,0.0,0.0,,
31,654,Strand Larsen,F,0.0,0.0,,
31,661,Ekitiké,F,36.265364953875135,74.6095545276009,38.0,75.0
31,665,Perri,G,0.034516675376741905,0.0,,
31,670,Roefs,G,0.0,0.53335436259757,,
31,683,Alderete,D,6.510585681149775,19.686897252489146,3.0,16.0
31,684,Thiaw,D,30.701155267409863,36.594226023164055,37.0,42.0
31,691,Calvert-Lewin,F,22.958693318481608,4.687250537576762,25.0,5.0
31,694,Mukiele,D,4.585729693044532,12.805669391751099,,
31,706,Justin,D,0.0,1.3652494627246288,,
31,714,Woltemade,F,0.04238258467535076,0.32512689544047385,,
31,749,Mané,F,0.0,0.0,,
31,807,Rayan,M,0.0,2.0396020820772223,,
31,817,Armstrong,F,0.0,0.0,,
32,1,Raya,G,62.98412698412698,44.640625,22.0,17.0
32,5,Gabriel,D,81.98113924261119,85.64608557550366,67.0,89.0
32,6,Saliba,D,0.0,1.327991078818711,,
32,7,Calafiori,D,0.009990444927635577,0.0,,
32,8,J.Timber,D,7.9536552878866535,2.6640510118958134,,
32,16,Saka,M,0.0,1.2557720171494515,,
32,21,Rice,M,5.758332358580365,2.0426059897215176,,
32,32,Martinez,G,0.0,0.7093818895918435,0.0,2.0
32,33,M.Bizot,G,0.0,0.03914140482671604,,
32,36,Cash,D,0.0,0.530846099323139,,
32,38,Konsa,D,0.0,0.4382670510514671,,
32,47,Rogers,M,0.0,17.123404757990127,,
32,48,Tielemans,M,0.28225311252468877,0.14570598421190287,,
32,64,Watkins,F,0.47007710294688615,0.6473014282789212,,
32,67,Petrović,G,0.9478292365765223,0.0,,
32,72,Senesi,D,14.523428731081925,10.404576304158553,18.0,8.0
32,74,Truffert,D,0.0,0.12828507549995266,,
32,77,Hill,D,4.311541182060857,9.884849700277924,8.0,3.0
32,82,Semenyo,M,73.714399995958,62.89067364145583,75.0,67.0
32,83,O.Dango,M,11.841190101630993,25.243561764712176,6.0,20.0
32,84,Tavernier,M,8.150716655485446,6.352937765739986,,
32,97,Evanilson,F,0.6365171297171518,0.0,,
32,100,Kroupi.Jr,F,0.0,0.04996022998226601,,
32,101,Kelleher,G,0.6155289396375175,1.6285923841673366,0.0,2.0
32,105,Valdimarsson,G,0.0,0.03898476030258245,,
32,106,Collins,D,1.254596935437339,0.7880368923568523,,
32,119,Mbeumo,M,18.66072294477051,28.63134618888213,11.0,19.0
32,120,Schade,M,0.0,0.7295021391862565,,
32,136,Thiago,F,35.455358417010714,46.158419808392274,32.0,44.0
32,139,Verbruggen,G,28.72587708569389,29.876048337143313,76.0,70.0
32,145,De Cuyper,D,0.0,0.06797985165790167,,
32,148,F.Kadıoğlu,D,5.968659630904226,2.5519934854335724,8.0,5.0
32,151,Van Hecke,D,62.28966813044984,32.79784220168332,76.0,55.0
32,157,Mitoma,M,21.41037293146978,11.972153219685273,29.0,14.0
32,158,Georginio,M,0.12734473921157372,0.20208847238914973,,
32,160,Minteh,M,0.0,0.22066877065641632,,
32,178,Welbeck,F,1.0302693379977155,2.409413710463121,3.0,11.0
32,190,Ekdal,D,0.0,0.15619662302248605,,
32,191,Estève,D,0.9591754612073711,3.746611075497577,,
32,192,Hartman,D,0.0,0.08978806499013803,,
32,220,Sánchez,G,1.8033970471431429,7.31219931660261,,
32,232,Tosin,D,0.0,0.05438388132632132,,
32,235,Palmer,M,19.27396176931111,14.198593945145054,78.0,61.0
32,237,Enzo,M,7.222153089669179,7.6401460375115,,
32,242,Dewsbury-Hall,M,0.0,1.6840511444831772,,
32,249,João Pedro,F,36.15749937249932,49.1153959659113,51.0,55.0
32,252,Marc Guiu,F,0.1802451476188485,0.0,,
32,256,Muñoz,D,0.9800085422500792,1.540637088954386,,
32,261,Richards,D,0.9202779166592421,4.593588273780431,,
32,267,Sarr,M,1.106620231481568,3.9059173562558787,,
32,283,Mateta,F,0.02727393681074682,0.011787483429179072,,
32,287,Pickford,G,0.0,1.3199561563028912,0.0,3.0
32,291,Tarkowski,D,8.577099555725901,1.9439452274241202,,
32,295,Keane,D,0.0,1.4630636395979195,,
32,299,Ndiaye,M,8.122584687166256,2.6792624021022506,,
32,303,Garner,M,0.0,0.5807072912010955,,
32,314,Leno,G,0.3887316503369305,0.0,,
32,317,Andersen,D,24.55001222184189,18.75405627546927,,
32,322,Tete,D,0.1641287380968702,0.0012359973028709392,,
32,329,Wilson,M,13.025144730491606,33.13266079431397,,
32,337,Raúl,F,0.3201985928790475,0.12169141071529974,,
32,338,Muniz,F,0.015356097893852333,0.0,,
32,341,Darlow,G,0.0,0.0837106236699958,,
32,343,Struijk,D,1.5118851487973262,0.6332724574964792,,
32,347,Gudmundsson,D,0.0,1.4370089318068717,,
32,348,Rodon,D,2.8976093823707707,8.122224397169276,,
32,366,A.Becker,G,0.0,0.07672462258566158,,
32,367,Mamardashvili,G,0.0,0.13790253436248284,,
32,373,Virgil,D,60.53802905314708,51.83285883077446,21.0,27.0
32,374,Konaté,D,0.0,0.5404329055494442,,
32,381,M.Salah,M,6.674384908876082,2.4327287611468473,,
32,382,Wirtz,M,1.655617540016169,3.413132359021906,,
32,384,Gakpo,M,0.6236984670502662,0.0,,
32,387,Szoboszlai,M,27.065612546878988,13.661585515669891,14.0,6.0
32,402,Aït-Nouri,D,0.0,0.3052831730660204,,
32,411,O'Reilly,D,46.46965683635782,54.87136021784056,75.0,67.0
32,414,Foden,M,0.0,0.5119574633858459,,
32,417,Cherki,M,0.0,0.9585951020847762,,
32,427,Reijnders,M,0.0,0.47153976890801597,,
32,430,Haaland,F,77.2023295406436,72.98972298970095,79.0,92.0
32,440,Dalot,D,0.0,1.2817991178778234,,
32,441,Dorgu,D,0.03654720126029032,0.08651981120096573,,
32,442,Maguire,D,0.4788575766797354,0.0,,
32,444,Yoro,D,0.0,3.70185996563292,,
32,449,B.Fernandes,M,199.57142857142856,196.884033203125,200.0,198.0
32,450,Cunha,M,20.341427149733562,16.367653683357968,10.0,13.0
32,469,Pope,G,0.0,0.07738340535307454,,
32,470,Dúbravka,G,6.430985263755436,6.500676175023445,5.0,5.0
32,473,Hall,D,10.634307570035983,6.202879169664517,5.0,3.0
32,485,Gordon,M,23.79233497685371,21.618465660449203,16.0,17.0
32,487,Barnes,M,0.4659453606238181,0.0,,
32,502,Sels,G,0.0,2.7338278579789637,,
32,505,Milenković,D,0.033438439135261525,0.6256346535833901,,
32,506,Murillo,D,0.5750463347087241,1.1534612760234406,,
32,508,N.Williams,D,0.08166015556101022,0.7391663874044893,,
32,515,Gibbs-White,M,0.0,0.7295021391862565,,
32,517,Anderson,M,11.493637311421871,9.755882492178406,,
32,547,E.Le Fée,M,1.0384983687129743,2.0397435148376406,,
32,565,Vicario,G,0.08701639680264785,0.12136255284689532,,
32,568,Pedro Porro,D,1.337537565410461,4.705860655214195,,
32,569,Romero,D,0.0879298574540233,0.0,,
32,575,Van de Ven,D,0.02520303035156502,0.34087437304003004,,
32,582,Kudus,M,0.0,0.1751433427372631,,
32,597,Richarlison,F,0.02286278809516239,0.35385731963913036,,
32,603,Diouf,D,0.0,0.43261522222521054,,
32,606,Mavropanos,D,3.405028291639195,0.0,,
32,624,Bowen,F,44.29888364478306,46.23072309756582,51.0,47.0
32,628,José Sá,G,0.24031254790115456,0.40183486360949977,,
32,631,Agbadou,D,0.024364800840193546,0.03584392178325724,,
32,654,Strand Larsen,F,0.10941219749369788,0.22777683762840412,,
32,661,Ekitiké,F,0.38895005538804145,0.6954615223215653,2.0,5.0
32,665,Perri,G,0.011176933968613988,0.0,,
32,670,Roefs,G,0.0,1.360168836304467,0.0,2.0
32,683,Alderete,D,5.612600966074815,9.264495796709696,3.0,9.0
32,684,Thiaw,D,13.27466116320562,16.535633677259113,11.0,13.0
32,691,Calvert-Lewin,F,42.90948956778204,38.20569399130009,59.0,39.0
32,694,Mukiele,D,1.7222070740236097,3.100333583364083,,
32,706,Justin,D,0.0,0.5468909413035681,,
32,733,Lammens,G,0.0,1.761407734138979,0.0,2.0
32,783,Groß,M,30.92514614293249,15.772010029021754,40.0,22.0
32,807,Rayan,M,0.0,0.4015689517438535,,
32,817,Armstrong,F,0.17552286433507783,0.0,,
33,1,Raya,G,28.301587301587297,31.374999999999996,,
33,5,Gabriel,D,27.67646132345668,47.48177779652145,5.0,11.0
33,6,Saliba,D,0.0,1.9866852634527803,,
33,8,J.Timber,D,6.345730722494161,4.963511727814465,,
33,16,Saka,M,0.0,1.1507961588539946,,
33,21,Rice,M,2.923354955147595,0.5580791682139931,,
33,32,Martinez,G,0.0,0.6622337655631786,,
33,33,M.Bizot,G,0.0,0.19476786372991756,,
33,36,Cash,D,0.0,0.3948414689634888,,
33,38,Konsa,D,0.0,0.7702960344242462,,
33,47,Rogers,M,0.0,16.01838044981785,,
33,48,Tielemans,M,0.21817874950001004,0.14794121124927428,,
33,64,Watkins,F,0.4118491984036713,0.733299635383392,,
33,67,Petrović,G,0.908723377476172,0.0,0.0,3.0
33,72,Senesi,D,75.29344838522331,50.866221691824705,95.0,86.0
33,74,Truffert,D,0.0,0.2037891452714781,,
33,77,Hill,D,55.04955202440637,37.64799629320243,75.0,77.0
33,82,Semenyo,M,77.27748990091634,64.64414129424416,94.0,95.0
33,83,O.Dango,M,9.350517835714715,25.549447182749667,,
33,84,Tavernier,M,81.16609759986645,57.57408987322987,100.0,95.0
33,90,Scott,M,1.0644666757560477,0.0,3.0,5.0
33,97,Evanilson,F,3.4626303536019143,0.0,5.0,0.0
33,100,Kroupi.Jr,F,0.0,0.1781148189325816,,
33,101,Kelleher,G,0.5816069014310578,1.8091500359317885,,
33,105,Valdimarsson,G,0.0,0.1947390481401365,,
33,106,Collins,D,1.2380284841265496,1.2482085147878033,,
33,119,Mbeumo,M,12.332170588835057,25.10254645751846,,
33,120,Schade,M,0.0,0.6787449343143158,,
33,136,Thiago,F,33.347313945949956,44.75258655814861,10.0,2.0
33,139,Verbruggen,G,62.6574223366086,44.54856299581982,78.0,61.0
33,145,De Cuyper,D,0.0,0.4211464496327425,,
33,148,F.Kadıoğlu,D,3.5599393656651763,2.883377359648333,8.0,5.0
33,151,Van Hecke,D,62.68793641977258,37.4462554436341,78.0,53.0
33,157,Mitoma,M,0.0,2.4474966565141,,
33,158,Georginio,M,0.26084954473244876,0.1816157001223689,,
33,160,Minteh,M,0.0,0.23439833027269164,,
33,178,Welbeck,F,3.0142120709696787,7.1414706533781445,0.0,14.0
33,190,Ekdal,D,0.0,0.10936706490258315,,
33,191,Estève,D,0.7639529668693128,4.743268071497788,,
33,192,Hartman,D,0.0,0.12499093131723789,,
33,220,Sánchez,G,1.6454482281835763,7.830943773013704,,
33,232,Tosin,D,0.0,0.3409280782741249,,
33,235,Palmer,M,71.6045853963385,52.14460924211989,100.0,103.0
33,237,Enzo,M,34.796505085098545,22.309632589411382,37.0,17.0
33,242,Dewsbury-Hall,M,0.0,1.743337581403144,,
33,249,João Pedro,F,69.72727187415393,63.05633901202769,89.0,98.0
33,252,Marc Guiu,F,1.6320929553268073,0.0,,
33,256,Muñoz,D,0.8972677877499431,1.959969578241748,,
33,261,Richards,D,0.5169751255579701,4.596927947370502,,
33,267,Sarr,M,0.7388659870877189,2.0650753039337717,,
33,283,Mateta,F,0.2510912238964319,0.08155388724525865,,
33,287,Pickford,G,0.0,1.2274102409629026,,
33,291,Tarkowski,D,8.13199756622574,2.790514249044647,,
33,295,Keane,D,0.0,1.0684751445239544,,
33,299,Ndiaye,M,5.626672440552897,2.503814646581698,,
33,303,Garner,M,0.0,0.6006457213237723,,
33,314,Leno,G,0.3442684739410427,0.0,,
33,317,Andersen,D,25.883401938133268,32.75292728920922,,
33,322,Tete,D,0.7346354928236754,0.010027296419827204,,
33,329,Wilson,M,8.889620213318706,30.09088564875679,,
33,337,Raúl,F,0.40836295185073784,0.1676049630416745,,
33,338,Muniz,F,0.09017403952690828,0.0,,
33,341,Darlow,G,65.84969484972244,40.46575251828028,97.0,94.0
33,342,Bogle,D,0.7976187651465827,0.0,5.0,8.0
33,343,Struijk,D,64.96500702670205,38.88360342283044,83.0,77.0
33,344,Bijol,D,0.8088913766851548,3.360944233518432,5.0,17.0
33,347,Gudmundsson,D,4.934961148420846,2.2468397863148724,22.0,9.0
33,348,Rodon,D,1.5022422893036542,6.562023894154987,,
33,366,A.Becker,G,0.0,0.37043947062114,,
33,367,Mamardashvili,G,0.0,0.42979825636106533,,
33,373,Virgil,D,32.02561953142844,45.87714739142497,,
33,374,Konaté,D,0.0,0.7734577538112881,,
33,381,M.Salah,M,5.802444366798033,2.1955132375688926,,
33,382,Wirtz,M,1.062724101675163,2.920808679084902,,
33,384,Gakpo,M,0.4243579773601347,0.0,,
33,387,Szoboszlai,M,18.750335814468173,12.775487985871681,,
33,402,Aït-Nouri,D,0.0,0.2937045472307023,,
33,411,O'Reilly,D,63.87129017353396,47.598248578098016,91.0,92.0
33,414,Foden,M,0.0,0.4691738919827864,,
33,417,Cherki,M,0.0,0.8433194449605677,11.0,8.0
33,427,Reijnders,M,0.0,0.4389046086290582,,
33,430,Haaland,F,183.33333333333334,185.140625,200.0,195.0
33,440,Dalot,D,0.0,1.1403019030305777,,
33,441,Dorgu,D,0.20027996763480665,0.5314467102508418,,
33,442,Maguire,D,0.428350818319461,0.0,,
33,444,Yoro,D,0.0,2.6433409250763207,,
33,449,B.Fernandes,M,80.32290822213471,80.17542554017182,75.0,56.0
33,450,Cunha,M,14.056970422990554,13.063784856480066,,
33,469,Pope,G,0.0,0.3703331869479208,,
33,470,Dúbravka,G,16.52344880051339,22.07474112522338,2.0,2.0
33,473,Hall,D,9.722852585290367,7.920980502411479,,
33,485,Gordon,M,15.100573611105256,17.897319300759353,,
33,487,Barnes,M,0.323253869350877,0.0,,
33,502,Sels,G,0.0,3.119220886624663,,
33,505,Milenković,D,0.029418615991801417,0.4730961050928357,,
33,506,Murillo,D,0.5295350878524253,1.4733564415748315,,
33,508,N.Williams,D,0.07529045347728171,1.380365461563331,,
33,515,Gibbs-White,M,0.0,0.689988636785919,,
33,517,Anderson,M,9.147923282607563,10.222737697324852,,
33,547,E.Le Fée,M,0.707918919780633,1.8555592655787803,,
33,565,Vicario,G,0.31191413148209607,0.594312620904597,,
33,568,Pedro Porro,D,0.9306788959470357,4.003781313846668,,
33,569,Romero,D,0.08812430622180083,0.0,,
33,575,Van de Ven,D,0.031091173499259182,0.6718549187530096,,
33,582,Kudus,M,0.0,0.15134641676864077,,
33,597,Richarlison,F,0.015301134929592697,0.3671402562563476,,
33,603,Diouf,D,0.0,0.5420877795997471,,
33,606,Mavropanos,D,2.0364718642014767,0.0,,
33,624,Bowen,F,17.999438865119856,33.62591325179572,0.0,0.0
33,628,José Sá,G,0.6064044558626298,1.2266869763547037,,
33,631,Agbadou,D,0.13769247774892956,0.22060052123619844,,
33,654,Strand Larsen,F,0.6183362710416567,0.25379183884840095,,
33,661,Ekitiké,F,3.502722573355225,4.719931224319345,,
33,668,Xhaka,M,0.0,1.4649895642043227,,
33,670,Roefs,G,0.0,1.282931684453954,,
33,683,Alderete,D,4.463882041706965,11.722648233844533,,
33,684,Thiaw,D,12.135179096618083,21.127120350288635,,
33,691,Calvert-Lewin,F,69.16145855031242,50.40259305367617,87.0,84.0
33,694,Mukiele,D,1.5213839409277408,5.429344629732187,,
33,706,Justin,D,0.0,0.6911619189896776,,
33,733,Lammens,G,0.0,1.679918537119849,,
33,783,Groß,M,35.7749237802078,17.667774144304136,46.0,25.0
33,807,Rayan,M,0.0,2.2764882179862367,5.0,3.0
33,817,Armstrong,F,0.19944519990107842,0.0,,
34,1,Raya,G,28.301587301587297,34.5,87.0,81.0
34,5,Gabriel,D,29.365079278303345,48.54687452530476,98.0,98.0
34,6,Saliba,D,0.0,3.593749964860024,5.0,13.0
34,8,J.Timber,D,7.95236685930709,4.6093691071505765,,
34,16,Saka,M,0.0,1.1874999832508515,,
34,21,Rice,M,7.714285651050221,3.703124940812403,83.0,25.0
34,32,Martinez,G,0.0,0.75,0.0,2.0
34,33,M.Bizot,G,0.0,0.3125,,
34,36,Cash,D,0.0,0.4843749307367381,,
34,38,Konsa,D,0.0,0.9687498312202416,,
34,47,Rogers,M,1.5873015742901686,18.15624970980596,2.0,25.0
34,48,Tielemans,M,0.2222222170063371,0.15624999514266225,,
34,64,Watkins,F,0.4126984120153569,3.890624922710876,0.0,36.0
34,67,Petrović,G,0.0,0.0,,
34,72,Senesi,D,0.0,0.0,,
34,74,Truffert,D,0.0,0.0,,
34,77,Hill,D,0.0,0.0,,
34,82,Semenyo,M,0.0,0.0,,
34,83,O.Dango,M,7.93650781116614,25.421874344205698,,
34,84,Tavernier,M,0.0,0.0,,
34,90,Scott,M,0.0,0.0,,
34,97,Evanilson,F,0.0,0.0,,
34,100,Kroupi.Jr,F,0.0,0.0,,
34,101,Kelleher,G,0.6190476190476191,2.125,0.0,2.0
34,105,Valdimarsson,G,0.0,0.3125,,
34,106,Collins,D,1.349206208395599,1.5312497810387204,,
34,119,Mbeumo,M,12.380952341376943,25.54687480428607,10.0,19.0
34,120,Schade,M,0.0,0.7031249887618486,,
34,136,Thiago,F,33.9365074271933,45.49999967160171,19.0,34.0
34,139,Verbruggen,G,0.0,0.0,,
34,145,De Cuyper,D,0.0,0.0,,
34,148,F.Kadıoğlu,D,0.0,0.0,,
34,151,Van Hecke,D,0.0,0.0,,
34,157,Mitoma,M,0.0,0.0,,
34,158,Georginio,M,0.0,0.0,,
34,160,Minteh,M,0.0,0.0,,
34,178,Welbeck,F,0.0,0.0,,
34,190,Ekdal,D,0.0,0.0,,
34,191,Estève,D,0.0,0.0,,
34,192,Hartman,D,0.0,0.0,,
34,220,Sánchez,G,0.0,0.0,,
34,232,Tosin,D,0.0,0.0,,
34,235,Palmer,M,0.0,0.0,,
34,237,Enzo,M,0.0,0.0,,
34,242,Dewsbury-Hall,M,0.0,3.421874893624303,,
34,249,João Pedro,F,0.0,0.0,,
34,252,Marc Guiu,F,0.0,0.0,,
34,256,Muñoz,D,0.9682539319753488,2.2656249697408164,,
34,257,Lacroix,D,1.5873015278284408,0.0,,
34,261,Richards,D,0.5555555108363586,7.3437487205405425,,
34,267,Sarr,M,0.7619047406536854,2.1093749803044815,,
34,283,Mateta,F,0.3174603023185531,0.12499999243109831,,
34,287,Pickford,G,0.0,1.375,0.0,3.0
34,291,Tarkowski,D,8.46031714332559,2.8749999616021396,3.0,2.0
34,295,Keane,D,0.0,1.3437497658861417,,
34,299,Ndiaye,M,7.2698412102489725,4.156249933570039,,
34,303,Garner,M,0.0,0.6406249800849151,,
34,314,Leno,G,0.36507936507936506,0.0,,
34,317,Andersen,D,26.428570949677038,36.562497839790915,10.0,17.0
34,322,Tete,D,0.9206332891014196,0.015624980024239244,,
34,329,Wilson,M,9.126983912760272,33.65624895372944,22.0,39.0
34,337,Raúl,F,0.4285714081300467,0.18749998864664746,,
34,338,Muniz,F,0.11111100137948542,0.0,,
34,341,Darlow,G,0.0,0.0,,
34,342,Bogle,D,0.0,0.0,,
34,343,Struijk,D,0.0,0.0,,
34,344,Bijol,D,0.0,0.0,,
34,347,Gudmundsson,D,0.0,0.0,,
34,348,Rodon,D,0.0,0.0,,
34,366,A.Becker,G,0.0,0.59375,,
34,367,Mamardashvili,G,0.0,0.609375,,
34,373,Virgil,D,32.14285704787258,46.906249541346924,83.0,81.0
34,374,Konaté,D,0.0,0.7968749893571146,,
34,381,M.Salah,M,31.222222222222225,17.859375,111.0,84.0
34,382,Wirtz,M,1.0634920600926348,2.9531249773761874,25.0,8.0
34,384,Gakpo,M,0.42857142505834556,0.0,11.0,13.0
34,387,Szoboszlai,M,20.52380935557188,16.35937473852568,68.0,39.0
34,402,Aït-Nouri,D,0.0,0.0,,
34,411,O'Reilly,D,0.0,0.0,,
34,414,Foden,M,0.0,0.0,,
34,417,Cherki,M,0.0,0.0,,
34,427,Reijnders,M,0.0,0.0,,
34,430,Haaland,F,0.0,0.0,,
34,440,Dalot,D,0.0,1.1874999779426516,,
34,441,Dorgu,D,0.25396737564857946,0.8281239412846799,,
34,442,Maguire,D,0.46031742326441144,0.0,,
34,444,Yoro,D,0.0,2.812496404363064,,
34,449,B.Fernandes,M,156.57142852502295,171.6875,173.0,188.0
34,450,Cunha,M,14.190476079383409,13.312499890083457,,
34,469,Pope,G,0.0,0.59375,,
34,470,Dúbravka,G,0.0,0.0,,
34,473,Hall,D,10.492062577293819,9.156249220249535,,
34,485,Gordon,M,12.396821993988166,8.90624987229176,,
34,487,Barnes,M,0.3333332418357894,0.0,,
34,502,Sels,G,0.0,3.6875,,
34,505,Milenković,D,0.031746028978196124,0.5468749534278733,,
34,506,Murillo,D,0.5714285201937046,1.7031249493067908,,
34,508,N.Williams,D,0.07936507514250041,1.4374999732989995,,
34,515,Gibbs-White,M,0.0,0.7031249941945489,,
34,517,Anderson,M,9.317460170309047,10.79687472147888,,
34,547,E.Le Fée,M,0.714285705908654,1.9062499243448943,,
34,565,Vicario,G,0.3968253968253968,0.953125,,
34,567,Kinsky,G,0.0,1.5625,2.0,2.0
34,568,Pedro Porro,D,0.9682539319753488,4.124999944907418,78.0,63.0
34,569,Romero,D,0.09523808454061945,0.0,,
34,570,Danso,D,1.5873015824425243,0.0,14.0,2.0
34,575,Van de Ven,D,0.031746031170783236,0.7499999556880188,,
34,582,Kudus,M,0.0,0.15624999775950454,,
34,596,Solanke,F,6.349206131642475,3.1249999708830125,86.0,61.0
34,597,Richarlison,F,0.015873015329106187,0.37499999650596144,,
34,603,Diouf,D,0.0,0.6249999480930638,,
34,606,Mavropanos,D,2.079365041686301,1.5624999076833725,3.0,9.0
34,624,Bowen,F,18.31746004255429,35.749999741972765,92.0,95.0
34,628,José Sá,G,0.7301587301587301,1.7343750000000002,,
34,631,Agbadou,D,0.17460257075839836,0.34374956053326333,,
34,654,Strand Larsen,F,0.7619040094593285,0.2656249943965162,,
34,661,Ekitiké,F,4.428558969572603,2.5468724162071847,,
34,670,Roefs,G,0.0,6.1875,8.0,6.0
34,683,Alderete,D,4.730158445976124,13.515623877512503,3.0,11.0
34,684,Thiaw,D,13.095237604584637,24.42187467382687,,
34,691,Calvert-Lewin,F,0.0,0.0,,
34,694,Mukiele,D,1.6349204642911375,6.828124023611437,2.0,5.0
34,706,Justin,D,0.0,0.0,,
34,717,Xavi,M,1.5873015430285113,3.1249999708214538,43.0,47.0
34,730,Brobbey,F,0.0,1.562499999952198,0.0,2.0
34,733,Lammens,G,0.0,1.890625,0.0,3.0
34,783,Groß,M,0.0,0.0,,
34,807,Rayan,M,0.0,0.0,,
34,817,Armstrong,F,0.20634919987230282,0.0,,
35,1,Raya,G,20.873015873015873,33.015625,19.0,23.0
35,5,Gabriel,D,33.24938887193166,70.12794242107738,33.0,72.0
35,6,Saliba,D,5.901609983389,4.051036468483289,6.0,5.0
35,8,J.Timber,D,0.20999773444359532,0.7987828698987947,,
35,16,Saka,M,1.0789213986420414,0.7869504871703422,,
35,21,Rice,M,7.044687180941355,3.952031947399111,8.0,5.0
35,32,Martinez,G,0.0,0.8768242548561775,0.0,2.0
35,33,M.Bizot,G,0.0,0.04029287254049852,,
35,36,Cash,D,0.0,0.23854066260840753,,
35,38,Konsa,D,0.0,0.4442865685067623,,
35,47,Rogers,M,3.0562634190634936,16.1447823628934,3.0,16.0
35,48,Tielemans,M,0.04288726879228109,0.09675741275340141,,
35,64,Watkins,F,0.0,2.465420752969447,0.0,3.0
35,67,Petrović,G,0.15534797557596558,0.7628476390626059,0.0,2.0
35,72,Senesi,D,67.11998623658415,33.33658117722894,76.0,36.0
35,74,Truffert,D,0.0,0.11927033130420377,,
35,77,Hill,D,48.76744480966154,27.585826869373538,25.0,22.0
35,82,Semenyo,M,75.42871993053507,64.91272701627706,49.0,67.0
35,83,O.Dango,M,1.6398668981849032,15.75946841616056,,
35,84,Tavernier,M,86.53221266655912,58.57970217841646,89.0,67.0
35,90,Scott,M,0.2144363439614054,0.0,,
35,97,Evanilson,F,2.8611056360208615,0.0,3.0,0.0
35,101,Kelleher,G,0.09999645023519303,1.2836983561945197,0.0,2.0
35,105,Valdimarsson,G,0.0,0.03999536452594115,,
35,106,Collins,D,0.15032747272594116,0.7653179592019742,,
35,119,Mbeumo,M,2.7207583096190615,14.437514706932816,,
35,120,Schade,M,0.0,0.46800342998869826,,
35,136,Thiago,F,27.958783572722,29.00332006259905,33.0,25.0
35,139,Verbruggen,G,53.697172063129734,27.444819400957414,2.0,2.0
35,145,De Cuyper,D,0.0,0.458361905814622,,
35,148,F.Kadıoğlu,D,7.941463284367886,2.0082474432324595,,
35,151,Van Hecke,D,51.83076506057985,22.73093730772617,,
35,157,Mitoma,M,1.4035420826649778,1.653374199622903,,
35,158,Georginio,M,0.02892954602789689,0.11785885463590692,,
35,160,Minteh,M,0.0,0.1520473628982022,,
35,178,Welbeck,F,0.0,7.0900887768446035,0.0,16.0
35,190,Ekdal,D,0.0,0.09373780596401374,,
35,191,Estève,D,0.1116811713198356,3.169980949923786,,
35,192,Hartman,D,0.0,0.10936077362468273,,
35,220,Sánchez,G,0.28996718431003154,4.340438211275535,,
35,232,Tosin,D,0.0,0.09069150487933914,,
35,235,Palmer,M,34.49472545517497,35.41148646029508,79.0,75.0
35,237,Enzo,M,29.863769902678182,12.953127191300101,22.0,9.0
35,242,Dewsbury-Hall,M,0.0,2.0871956179662305,,
35,249,João Pedro,F,57.13088976468743,60.02228036227193,57.0,63.0
35,253,Henderson,G,12.095752913125454,0.0,3.0,0.0
35,256,Muñoz,D,13.288946973198954,4.939848319962054,16.0,6.0
35,257,Lacroix,D,11.749373848255171,2.100175034235364,14.0,3.0
35,261,Richards,D,1.1572447141042204,3.3876850848640636,,
35,266,Eze,M,0.0,9.57269960592229,0.0,11.0
35,267,Sarr,M,1.4035420826649778,1.3978527324084544,,
35,287,Pickford,G,0.0,0.8888156270732486,,
35,291,Tarkowski,D,1.2019474396490923,2.1149649992651907,,
35,295,Keane,D,0.0,0.6201500018740226,,
35,299,Ndiaye,M,3.0409821019681766,2.6785994310149523,,
35,303,Garner,M,0.0,0.38702965101360565,,
35,317,Andersen,D,3.228712752350775,16.845865722548073,,
35,322,Tete,D,0.0249997302909042,0.003488134803051505,,
35,329,Wilson,M,14.153085481631866,21.482495408075753,16.0,3.0
35,341,Darlow,G,16.2707469489959,22.24984506162613,81.0,73.0
35,342,Bogle,D,4.6289788564168814,0.8885731370135246,,
35,343,Struijk,D,51.890852980433245,33.89536278899508,71.0,58.0
35,344,Bijol,D,1.240901903553729,1.1304711475831148,,
35,347,Gudmundsson,D,3.4380616111225395,0.0,,
35,348,Rodon,D,0.25034234415961626,3.8901189475065703,,
35,366,A.Becker,G,0.0,0.07862118866092506,,
35,367,Mamardashvili,G,0.0,0.1968929812797289,,
35,373,Virgil,D,5.306752743684008,32.16823032751175,,
35,374,Konaté,D,0.0,0.5768086361632339,,
35,381,M.Salah,M,1.6259789096779673,5.5002789251300905,,
35,382,Wirtz,M,0.23454813013957423,1.9673762179258556,,
35,384,Gakpo,M,0.0916879025719048,0.0,,
35,387,Szoboszlai,M,8.481130987901196,10.524114704370223,,
35,402,Aït-Nouri,D,0.0,0.052322022045772576,,
35,411,O'Reilly,D,41.91382910466102,44.82624916612841,75.0,97.0
35,414,Foden,M,0.0,0.3093794934192557,,
35,417,Cherki,M,21.965407386131822,29.250186793524925,11.0,31.0
35,427,Reijnders,M,0.0,0.2946471365897674,,
35,430,Haaland,F,196.85865457294028,178.9775390625,198.0,188.0
35,440,Dalot,D,0.0,0.8548999178676119,,
35,441,Dorgu,D,0.005435363446723528,0.1430135269251117,,
35,444,Yoro,D,0.0,0.48833887242721064,,
35,449,B.Fernandes,M,101.31467526251058,100.3259719995219,100.0,103.0
35,450,Cunha,M,3.1116718598516853,6.295603897362738,,
35,469,Pope,G,0.0,0.3781543101994704,,
35,470,Dúbravka,G,0.971250010006057,8.184774250773385,0.0,2.0
35,473,Hall,D,1.2569982610149701,5.281522225195107,,
35,485,Gordon,M,1.2584352522135147,5.775083877159439,,
35,502,Sels,G,0.0,2.013181201470331,,
35,505,Milenković,D,0.0,0.31272171070234184,,
35,506,Murillo,D,0.014999838174542524,0.29649145825937795,,
35,508,N.Williams,D,0.012721343604851346,1.0287778672644143,,
35,515,Gibbs-White,M,0.0,0.46800342998869826,,
35,517,Anderson,M,1.9353384113713725,6.695659658028859,,
35,547,E.Le Fée,M,0.15040730029306112,2.2515475059358483,,
35,565,Vicario,G,0.008668397656492953,0.12601962652242696,,
35,567,Kinsky,G,0.0,0.2107822987663373,,
35,568,Pedro Porro,D,0.13505027411787554,3.0319428311144336,,
35,570,Danso,D,0.21095332360413394,0.0,,
35,575,Van de Ven,D,0.0,0.4644072212475063,,
35,582,Kudus,M,0.0,0.10312649780641857,,
35,596,Solanke,F,0.0,0.6620788818583592,,
35,597,Richarlison,F,0.0,0.09019125524007802,,
35,603,Diouf,D,0.0,0.3612845935574904,,
35,606,Mavropanos,D,0.32175357689888306,0.979020628575824,,
35,624,Bowen,F,5.529494312102495,17.950826426616455,2.0,13.0
35,628,José Sá,G,0.015887485087834777,0.2533507697046275,0.0,2.0
35,631,Agbadou,D,0.0036235756311490193,0.0592982916518756,,
35,661,Ekitiké,F,0.0,0.16869620130371285,,
35,670,Roefs,G,0.0,3.9523045047032337,0.0,2.0
35,683,Alderete,D,0.6204509517768645,8.70579327056275,0.0,6.0
35,684,Thiaw,D,1.4817993740128486,11.13189758839235,,
35,691,Calvert-Lewin,F,83.90542121500901,74.20929962211066,97.0,75.0
35,694,Mukiele,D,0.18254050259578566,3.3793260536191063,,
35,706,Justin,D,1.7248536459396833,5.384305878179372,3.0,8.0
35,730,Brobbey,F,0.0,0.4218201268380619,,
35,733,Lammens,G,0.0,1.3249295599736939,0.0,2.0
35,736,Donnarumma,G,1.3114990399595174,0.0,2.0,0.0
35,783,Groß,M,38.01241590622514,12.619931120550785,,
35,807,Rayan,M,0.0,0.4804372271783818,,
36,1,Raya,G,20.873015873015873,28.578125,16.0,23.0
36,5,Gabriel,D,74.31354896155464,60.0580019742795,91.0,89.0
36,6,Saliba,D,4.894515716021331,2.8357560815013927,6.0,5.0
36,8,J.Timber,D,0.23074933026726682,0.30014661949659777,,
36,16,Saka,M,11.951261935787734,62.259930097107365,13.0,66.0
36,21,Rice,M,5.446538689378725,3.6417422786853093,,
36,32,Martinez,G,0.0,0.9734914838045554,0.0,2.0
36,33,M.Bizot,G,0.0,0.045667156390093964,,
36,36,Cash,D,0.0,0.11224573039641389,,
36,38,Konsa,D,0.0,0.13228005074270455,,
36,47,Rogers,M,3.017472958104557,15.845294975830774,3.0,17.0
36,64,Watkins,F,0.0,2.7868790972439053,0.0,3.0
36,67,Petrović,G,0.1512525471850035,0.7348802762565667,,
36,72,Senesi,D,39.19643446864859,23.82195471185207,25.0,13.0
36,77,Hill,D,42.81059094034976,36.595535859626324,2.0,13.0
36,82,Semenyo,M,5.771353655011054,39.15500087463616,6.0,41.0
36,83,O.Dango,M,1.5954102696925696,5.8507282426267375,,
36,84,Tavernier,M,79.12309683621591,54.513901875026505,89.0,33.0
36,90,Scott,M,0.22692184447989827,1.4548323779499128,,
36,101,Kelleher,G,0.09735017627665027,1.1313434302198444,0.0,2.0
36,105,Valdimarsson,G,0.0,0.043578223417126076,,
36,106,Collins,D,0.1352852257757339,0.23142574779438227,,
36,119,Mbeumo,M,2.704186705886951,5.623381324055936,,
36,120,Schade,M,0.0,0.19323530458330213,,
36,136,Thiago,F,25.78995806365218,20.024794302625025,10.0,9.0
36,139,Verbruggen,G,49.054888867550964,35.994228979504314,71.0,61.0
36,145,De Cuyper,D,0.0,0.09094253488560938,,
36,148,F.Kadıoğlu,D,9.116825474224745,9.093009530232624,11.0,13.0
36,151,Van Hecke,D,47.610736242645785,33.165089856994925,79.0,59.0
36,157,Mitoma,M,1.3423460936279554,4.431380638222722,,
36,163,Hinshelwood,M,0.0,16.556853828774347,0.0,19.0
36,178,Welbeck,F,8.640601489021561,15.696635971488194,24.0,38.0
36,191,Estève,D,0.1399952151575517,1.421602530470864,,
36,220,Sánchez,G,0.2822092713382417,2.8971826451485936,,
36,232,Tosin,D,0.0,0.03508207240869324,,
36,235,Palmer,M,26.790691767636677,5.812104503296636,68.0,14.0
36,237,Enzo,M,24.851732988196982,8.907448064245502,,
36,242,Dewsbury-Hall,M,0.0,0.8423200676006027,,
36,249,João Pedro,F,41.2326897696487,49.72575411941237,6.0,33.0
36,253,Henderson,G,17.76988092812322,15.204376991574268,22.0,20.0
36,256,Muñoz,D,13.840043962219895,14.986175146001484,18.0,17.0
36,257,Lacroix,D,25.39210881799393,23.790816982542093,40.0,36.0
36,261,Richards,D,1.0185470823536793,1.6293534953076338,,
36,266,Eze,M,0.0,3.9241631084609043,,
36,267,Sarr,M,1.5087364790522786,2.7201585183649453,,
36,287,Pickford,G,0.0,0.9829178470676455,0.0,2.0
36,291,Tarkowski,D,1.1363135725438842,0.693002318890242,,
36,295,Keane,D,1.4178577720411738,2.1162758753226822,,
36,299,Ndiaye,M,6.005960909927678,1.3233109744006897,,
36,303,Garner,M,0.0,0.157935012675113,,
36,317,Andersen,D,2.9427419461960245,5.605367150222105,,
36,322,Tete,D,0.027470158365150817,0.0,,
36,329,Wilson,M,13.769396742031367,18.98446462099438,16.0,17.0
36,341,Darlow,G,21.56603177434149,19.04068538534263,2.0,6.0
36,342,Bogle,D,0.0,0.8267503171419034,,
36,343,Struijk,D,17.761926298903603,18.767232199121207,,
36,344,Bijol,D,0.0,0.35085783944441273,,
36,347,Gudmundsson,D,0.013711743134660075,0.38980080454103605,,
36,348,Rodon,D,0.24888038250231417,1.3122484896654127,,
36,354,Ampadu,M,0.0,1.263700401251393,,
36,366,A.Becker,G,0.0,0.08776788111547783,,
36,367,Mamardashvili,G,0.0,0.08748041428005425,,
36,373,Virgil,D,5.2768092099458155,10.623018222887271,,
36,374,Konaté,D,0.0,0.18768812803277388,,
36,381,M.Salah,M,1.6159872723258606,2.2860057572253663,,
36,382,Wirtz,M,0.23307508735469143,0.7907567084741834,,
36,384,Gakpo,M,0.09031520165304778,0.0,,
36,387,Szoboszlai,M,12.869916235559312,9.476614074740423,,
36,411,O'Reilly,D,62.955981539026254,65.81000172411268,98.0,98.0
36,414,Foden,M,0.0,0.13294141914668162,,
36,417,Cherki,M,79.66824065681917,61.82602218765698,95.0,66.0
36,418,Doku,M,0.0,1.2931901152882526,,
36,427,Reijnders,M,0.0,0.10663410159706263,,
36,430,Haaland,F,240.2063492063492,206.43798828125003,241.0,208.0
36,440,Dalot,D,0.0,0.16535006342838068,,
36,441,Dorgu,D,0.0068558715673300375,0.05457211263574505,,
36,444,Yoro,D,0.0,0.05067410459033469,,
36,449,B.Fernandes,M,99.61514527827298,97.13226857526178,98.0,97.0
36,450,Cunha,M,3.092719278571858,2.640155157448012,,
36,469,Pope,G,0.0,0.23861841784244042,,
36,470,Dúbravka,G,0.6592660952174223,3.6664968899127284,,
36,473,Hall,D,1.1411028659098488,1.6149046132781457,,
36,485,Gordon,M,1.107211196088556,1.7804753559969047,,
36,502,Sels,G,0.0,1.3498335431133412,,
36,505,Milenković,D,0.0,0.09499438901636151,,
36,506,Murillo,D,0.01648209501909049,0.11304223331690044,,
36,508,N.Williams,D,0.011836437899618524,1.4030716299551735,,
36,517,Anderson,M,1.8828715795470867,2.729439041594921,,
36,547,E.Le Fée,M,0.14727819736143935,0.9098642889010029,,
36,565,Vicario,G,0.0135493896756853,0.1372295622155569,,
36,567,Kinsky,G,0.0,0.22960158460494776,,
36,568,Pedro Porro,D,0.12767568230830162,2.3244452779443536,,
36,570,Danso,D,0.19511529383001236,0.0,,
36,575,Van de Ven,D,0.0,0.15116256252304874,,
36,596,Solanke,F,0.0,0.08771920678109392,,
36,603,Diouf,D,0.0,1.063205574073978,,
36,606,Mavropanos,D,0.31192870984905824,0.3023251250460975,,
36,624,Bowen,F,5.386144657190517,11.440603167668517,0.0,6.0
36,628,José Sá,G,0.04697720040118746,0.5225900512536706,,
36,631,Agbadou,D,0.004570581044886691,0.023388048272462162,,
36,661,Ekitiké,F,0.0,0.07101078644183795,,
36,666,Gyökeres,F,7.286323602816812,12.322694079910077,10.0,17.0
36,670,Roefs,G,0.0,2.7176965857380186,,
36,683,Alderete,D,0.7777511953197318,4.967797853733348,,
36,684,Thiaw,D,1.333525796932234,3.3467723527187583,,
36,691,Calvert-Lewin,F,69.35392556596396,60.42591854792639,38.0,44.0
36,694,Mukiele,D,0.16427491701339117,1.014712894175368,,
36,706,Justin,D,1.5953544613159831,0.9249888494443607,,
36,723,Canvot,D,1.0547462172745605,5.406947074108048,2.0,11.0
36,730,Brobbey,F,0.0,0.15622005829350152,,
36,733,Lammens,G,0.0,1.0921795811759596,0.0,2.0
36,783,Groß,M,36.57019198461639,24.61153947520511,43.0,30.0
36,796,Gallagher,M,0.0,0.5433911725380991,,
36,807,Rayan,M,0.0,0.18451125407290908,,
37,1,Raya,G,22.46031746031746,33.265625,21.0,28.0
37,5,Gabriel,D,73.50599447445366,55.537809442085084,100.0,97.0
37,6,Saliba,D,20.533341462157654,8.61411623735718,29.0,16.0
37,7,Calafiori,D,0.011262515883393156,1.3997300552543879,,
37,8,J.Timber,D,0.06547998521631848,0.14636503875943915,,
37,10,Lewis-Skelly,D,2.0075921395790943,0.0,3.0,0.0
37,16,Saka,M,86.75294304539476,116.89150745736474,89.0,122.0
37,20,Trossard,M,7.311153927213397,13.432455672331567,,
37,21,Rice,M,12.589807062661468,7.943334735701173,14.0,9.0
37,32,Martinez,G,0.0,0.7357750894395956,0.0,2.0
37,33,M.Bizot,G,0.0,0.024652209486072295,,
37,36,Cash,D,0.0,0.10763191098058969,,
37,38,Konsa,D,0.0,0.1988309705698126,,
37,47,Rogers,M,0.0,5.3344229601222555,,
37,64,Watkins,F,0.0,2.665279727665537,0.0,3.0
37,67,Petrović,G,0.03967240761968176,0.30003818620517486,,
37,72,Senesi,D,27.818414231981095,21.695815856443012,0.0,5.0
37,77,Hill,D,35.74385030661099,30.677971616307254,,
37,82,Semenyo,M,4.179983262698061,32.617218707483715,5.0,34.0
37,83,O.Dango,M,1.502625210092872,5.530111980672006,,
37,84,Tavernier,M,63.83601823263497,42.393181211152545,,
37,90,Scott,M,0.2202852721895131,0.0,,
37,101,Kelleher,G,0.09189212589887141,0.9687552988555,0.0,2.0
37,105,Valdimarsson,G,0.0,0.021981611750157948,,
37,106,Collins,D,0.1038289439094317,0.18639113289539616,,
37,110,Kayode,D,0.0,0.7168889726746006,,
37,119,Mbeumo,M,2.6687032209634345,4.056859235278141,,
37,120,Schade,M,0.0,0.18947403956718392,,
37,136,Thiago,F,29.81034571503171,21.151658775611345,37.0,20.0
37,139,Verbruggen,G,46.38001257445433,31.026549126404745,71.0,55.0
37,145,De Cuyper,D,0.0,0.07104669604319475,,
37,148,F.Kadıoğlu,D,8.519645757664167,7.082710167727166,5.0,8.0
37,151,Van Hecke,D,36.54037190298357,26.711283121855615,65.0,42.0
37,163,Hinshelwood,M,0.0,16.72572344123915,,
37,178,Welbeck,F,18.16440095719224,30.603025414053388,22.0,33.0
37,191,Estève,D,0.13823377562388078,1.4214941822529268,,
37,220,Sánchez,G,0.2665662561937297,2.5008977148389957,,
37,232,Tosin,D,0.0,0.11184242094551958,,
37,235,Palmer,M,29.02328001269597,10.294432515066939,29.0,11.0
37,237,Enzo,M,24.052221158959966,7.215718974364124,27.0,9.0
37,242,Dewsbury-Hall,M,0.0,6.946471296656025,,
37,249,João Pedro,F,20.522887255215924,41.41557256390887,29.0,44.0
37,253,Henderson,G,14.449862368250594,11.61132298389657,0.0,3.0
37,256,Muñoz,D,4.324806099222973,7.530547697268608,0.0,5.0
37,257,Lacroix,D,13.575843235400637,15.939791974136938,,
37,261,Richards,D,0.0,1.5285130862554346,,
37,266,Eze,M,0.0,2.3902878837706276,,
37,267,Sarr,M,0.0,2.6672114800611277,,
37,287,Pickford,G,0.0,0.8894479590815617,0.0,2.0
37,291,Tarkowski,D,5.507370266979254,2.0716004817764944,6.0,2.0
37,295,Keane,D,5.299935152512701,8.121230720179828,6.0,13.0
37,299,Ndiaye,M,23.294670886236812,8.134831467296436,25.0,9.0
37,303,Garner,M,0.0,0.14779726163097923,,
37,314,Leno,G,1.0947636336509106,0.9326975501050928,2.0,2.0
37,317,Andersen,D,2.2370887535033535,7.182768811834481,,
37,318,Bassey,D,0.0,1.0385205524526635,,
37,322,Tete,D,0.007795236335276012,0.0,,
37,329,Wilson,M,6.001270589438527,5.620638829496167,16.0,19.0
37,341,Darlow,G,14.29274050989739,13.703662438742109,6.0,11.0
37,343,Struijk,D,16.649490308476306,29.21092440453816,,
37,344,Bijol,D,0.0,0.3029243157804128,,
37,347,Gudmundsson,D,0.002455504240255581,0.1900844659213495,,
37,348,Rodon,D,0.15332482705248682,2.606985020655673,,
37,366,A.Becker,G,0.0,0.04753234029245044,,
37,367,Mamardashvili,G,0.0,0.046728366095052466,,
37,373,Virgil,D,5.212654509844518,10.380511537410367,,
37,374,Konaté,D,0.0,0.18196490718307043,,
37,381,M.Salah,M,1.5945945242498032,2.212725902355818,,
37,382,Wirtz,M,0.22998959484372158,0.7654083310035849,,
37,384,Gakpo,M,0.08740964685267097,0.0,,
37,387,Szoboszlai,M,12.455874676505614,9.136252541685375,,
37,411,O'Reilly,D,49.783511361433234,56.66168925812076,87.0,98.0
37,414,Foden,M,0.0,0.1300353009088659,,
37,417,Cherki,M,66.12026306559994,54.52813618111778,78.0,53.0
37,418,Doku,M,0.0,1.268018572488077,,
37,427,Reijnders,M,0.0,0.10027033861125557,,
37,430,Haaland,F,95.62009210896262,88.2440194623146,98.0,103.0
37,440,Dalot,D,0.0,0.24853871321226578,,
37,441,Dorgu,D,0.02405471777960595,0.17397709924858604,,
37,444,Yoro,D,0.0,0.024710980569775443,,
37,449,B.Fernandes,M,132.70652033332496,106.95875102479107,132.0,108.0
37,450,Cunha,M,3.0521375917915137,2.5922891142391014,,
37,469,Pope,G,0.0,0.2114317688148093,,
37,470,Dúbravka,G,0.1627171155104931,1.9560539626251607,,
37,473,Hall,D,0.9023464665445934,1.39041514939735,,
37,485,Gordon,M,0.6906423259475993,1.722534006919392,,
37,487,Barnes,M,0.060828208891996284,1.444836676765177,,
37,488,Bruno G.,M,0.0,5.487238763774999,,
37,502,Sels,G,0.0,1.18928135660194,,
37,505,Milenković,D,0.0,0.08178912643513822,,
37,506,Murillo,D,0.004677141801165608,0.055124495117191356,,
37,517,Anderson,M,1.773368491190687,2.579867482900104,,
37,547,E.Le Fée,M,0.14070127489560316,0.8384861967727385,,
37,565,Vicario,G,0.0033525433441330623,0.07422583334107291,,
37,567,Kinsky,G,0.0,0.1247550002815181,,
37,568,Pedro Porro,D,0.11262515883393158,2.2535653889595646,,
37,570,Danso,D,0.16290762874326728,0.0,,
37,575,Van de Ven,D,0.0,0.13500767181884626,,
37,596,Solanke,F,0.0,0.04568323451306279,,
37,606,Mavropanos,D,0.2914964333881985,0.27001534363769253,,
37,624,Bowen,F,5.086577745520049,11.244627493636331,2.0,5.0
37,628,José Sá,G,0.006140475817135142,0.20108347303136614,,
37,631,Agbadou,D,0.0008185014134185271,0.01140506795528097,,
37,660,Stach,M,1.4685684812634208,0.0,,
37,661,Ekitiké,F,0.0,0.03698166603438417,,
37,666,Gyökeres,F,50.79365079365079,56.81103515625,60.0,69.0
37,670,Roefs,G,0.0,1.6033992673789736,,
37,683,Alderete,D,0.7679654201326709,4.967419230290448,,
37,684,Thiaw,D,1.023456732821541,2.695502537256498,,
37,691,Calvert-Lewin,F,57.4906228795499,47.9246610016701,68.0,36.0
37,694,Mukiele,D,0.12607800331859562,0.8172534288490445,,
37,706,Justin,D,1.3320094350184792,0.7986186506938154,,
37,723,Canvot,D,0.8445505084598032,3.5781699643572624,,
37,730,Brobbey,F,0.0,0.15620815189592602,,
37,733,Lammens,G,0.0,0.9959803401447291,0.0,2.0
37,783,Groß,M,29.80193291327645,21.800096090569436,35.0,25.0
37,796,Gallagher,M,0.0,0.5007625897392745,,
37,807,Rayan,M,0.0,0.34486027713895157,,
38,1,Raya,G,22.46031746031746,33.265625,0.0,3.0
38,5,Gabriel,D,76.97201452902252,48.93648113871446,64.0,36.0
38,6,Saliba,D,21.976103762543865,7.809951274636717,11.0,6.0
38,7,Calafiori,D,0.012111525802131241,1.371518631597869,,
38,8,J.Timber,D,0.08498217962353752,0.08396318792561042,,
38,10,Lewis-Skelly,D,2.2030411402742573,0.0,,
38,16,Saka,M,24.261931172107445,34.35008031178961,,
38,20,Trossard,M,5.962302985977263,2.8773090929341847,,
38,21,Rice,M,3.8904026983501643,6.402012731778561,,
38,32,Martinez,G,0.0,0.7008968777204019,,
38,33,M.Bizot,G,0.0,0.016329555201250345,,
38,36,Cash,D,0.0,0.10471994217755463,,
38,38,Konsa,D,0.0,0.08876351543878576,,
38,47,Rogers,M,0.0,2.3881665471353735,,
38,67,Petrović,G,0.03967240761968176,0.2548556379857572,0.0,2.0
38,72,Senesi,D,29.915468731264163,21.258538789766966,40.0,25.0
38,77,Hill,D,39.52383836579106,27.985890898723763,60.0,53.0
38,82,Semenyo,M,3.9387278583978635,29.11670640126715,5.0,34.0
38,83,O.Dango,M,1.557955932135965,5.331649395432428,,
38,84,Tavernier,M,67.1433442741304,39.43673434769009,81.0,53.0
38,90,Scott,M,0.22433508461738,0.0,,
38,100,Kroupi.Jr,F,0.0,1.4247777842979303,0.0,2.0
38,101,Kelleher,G,0.09189212589887143,0.9295649856844591,0.0,2.0
38,105,Valdimarsson,G,0.0,0.013841363147706703,,
38,106,Collins,D,0.11914879504556976,0.1630952626901063,,
38,110,Kayode,D,0.0,0.6272894718850242,,
38,119,Mbeumo,M,2.690615694038684,4.0079916791768,,
38,120,Schade,M,0.0,0.187025091040722,,
38,136,Thiago,F,30.8595059952076,19.45767454982802,37.0,19.0
38,139,Verbruggen,G,46.380012574454334,29.66771137852301,73.0,55.0
38,145,De Cuyper,D,0.0,0.10635835524422642,,
38,148,F.Kadıoğlu,D,8.873554474611014,6.5942180251420375,11.0,11.0
38,151,Van Hecke,D,41.93186522782301,23.372805722436,79.0,59.0
38,163,Hinshelwood,M,0.0,16.024860934818413,0.0,22.0
38,178,Welbeck,F,18.803688008058792,31.81707685791033,22.0,34.0
38,191,Estève,D,0.13932195709742567,1.421421612832672,,
38,215,Flemming,F,0.0,1.5620017723435957,0.0,2.0
38,220,Sánchez,G,0.26656625619372976,2.4087287499950123,,
38,232,Tosin,D,0.0,0.00981387910818823,,
38,235,Palmer,M,29.067251108418134,11.790377965237631,30.0,13.0
38,237,Enzo,M,24.53901771401839,7.044796488991041,27.0,9.0
38,242,Dewsbury-Hall,M,0.0,6.65539143390102,,
38,249,João Pedro,F,21.96701796075413,39.39204438532825,27.0,44.0
38,253,Henderson,G,14.449862368250594,11.3908757535964,14.0,9.0
38,256,Muñoz,D,4.650825908018397,7.378770237996535,,
38,257,Lacroix,D,15.38754909343309,14.516884096122759,11.0,11.0
38,261,Richards,D,0.0,1.4667109795807272,,
38,266,Eze,M,0.0,0.9207389097389391,,
38,267,Sarr,M,0.0,0.30956435192639586,,
38,287,Pickford,G,0.0,0.8732527767413107,0.0,2.0
38,291,Tarkowski,D,5.922536117242177,2.0298475747648457,,
38,295,Keane,D,5.520096096181034,7.561112163725914,6.0,13.0
38,299,Ndiaye,M,23.766135266332768,7.942137486638188,25.0,9.0
38,303,Garner,M,0.0,0.14160407306172382,,
38,314,Leno,G,1.0947636336509108,0.912849006392058,2.0,2.0
38,317,Andersen,D,2.540489878879406,6.89234915607854,,
38,318,Bassey,D,0.0,0.9668941385838764,,
38,322,Tete,D,0.01011692614565923,0.0,,
38,329,Wilson,M,7.028010031023358,4.04854827980475,8.0,9.0
38,341,Darlow,G,14.267784931229318,11.393841857483277,11.0,23.0
38,343,Struijk,D,16.780555721512158,29.209433142825237,18.0,30.0
38,344,Bijol,D,0.0,0.2763418311364106,,
38,347,Gudmundsson,D,0.003210293848655898,0.0,,
38,348,Rodon,D,0.16953925304360776,2.378214546749715,,
38,366,A.Becker,G,0.0,0.03158888561056538,,
38,367,Mamardashvili,G,0.0,0.07309714609895304,,
38,373,Virgil,D,5.252300049354041,11.641328512801802,,
38,374,Konaté,D,0.0,0.17829742210772295,,
38,381,M.Salah,M,51.57473671429475,68.99295335785074,51.0,73.0
38,382,Wirtz,M,0.0726951394136647,0.7476069915732121,,
38,384,Gakpo,M,0.0891787439637252,0.0,,
38,387,Szoboszlai,M,12.707971014830843,11.821652301458437,11.0,9.0
38,411,O'Reilly,D,54.85272770741771,61.232202277618164,,
38,413,Marmoush,M,15.873015873015873,18.497161807408435,,
38,414,Foden,M,18.250394042860105,16.345347909117564,21.0,17.0
38,417,Cherki,M,20.039626765033567,26.83229457028219,,
38,418,Doku,M,0.0,1.2387803499199266,,
38,427,Reijnders,M,0.0,0.09635807465363103,,
38,430,Haaland,F,6.962683156935879,9.290843399978101,5.0,6.0
38,440,Dalot,D,0.0,0.23848959017572802,,
38,441,Dorgu,D,0.027317095471821567,0.16694271312300962,,
38,444,Yoro,D,0.0,0.014175603156271888,,
38,449,B.Fernandes,M,101.11104179547239,110.91437968646191,103.0,119.0
38,450,Cunha,M,3.077198408699415,2.561063275141854,,
38,469,Pope,G,0.0,0.20415587219914416,,
38,470,Dúbravka,G,0.1627171155104931,1.3107062066886936,,
38,473,Hall,D,1.344379364036568,2.0984235063447394,,
38,485,Gordon,M,0.8432636171985105,1.685513944637787,,
38,487,Barnes,M,0.06446178816470105,1.4238854596780766,,
38,488,Bruno G.,M,0.0,6.696574609307072,,
38,500,Osula,F,0.0,1.5620017723435957,0.0,2.0
38,502,Sels,G,0.0,1.1394201938118713,,
38,505,Milenković,D,0.0,0.12343667684380819,,
38,506,Murillo,D,0.006070155687395537,0.03162249934860652,,
38,515,Gibbs-White,M,0.0,1.4386545464670923,,
38,517,Anderson,M,1.7407041559293657,2.3836685632056844,,
38,547,E.Le Fée,M,0.14466682714942705,0.7957342491774569,,
38,565,Vicario,G,0.003346689697024258,0.04926578564802117,,
38,567,Kinsky,G,0.0,0.0831856540560767,,
38,568,Pedro Porro,D,1.3322678382344366,14.551812681253388,2.0,17.0
38,570,Danso,D,0.18013545635883324,0.0,,
38,575,Van de Ven,D,0.0,0.12569623801590393,,
38,596,Solanke,F,0.0,0.02834235209442704,,
38,597,Richarlison,F,0.0,23.716859453990498,0.0,25.0
38,606,Mavropanos,D,0.30360528528995695,3.152074891783437,,
38,615,Summerville,M,1.3287817984193628,0.0,,
38,624,Bowen,F,147.2853650924356,105.07073314780682,162.0,108.0
38,628,José Sá,G,0.03110190813231876,0.31630076051262773,0.0,2.0
38,631,Agbadou,D,0.0010700979495519662,0.0065425860721254865,,
38,661,Ekitiké,F,0.0,0.022943808838345705,,
38,666,Gyökeres,F,22.751231125121347,26.14013315911733,19.0,25.0
38,670,Roefs,G,0.0,1.547777510036956,,
38,683,Alderete,D,0.774010872763476,3.405163863709039,,
38,684,Thiaw,D,1.1744666940206157,2.3586084142876906,,
38,691,Calvert-Lewin,F,61.26641024964695,47.92221437550152,78.0,48.0
38,694,Mukiele,D,0.14468067969819184,0.7151099979489275,,
38,706,Justin,D,1.4728722608163423,0.7285375548141735,,
38,723,Canvot,D,0.9520674463167852,3.073436722067957,,
38,730,Brobbey,F,0.0,0.15620017723435958,,
38,733,Lammens,G,0.0,0.965044947037093,0.0,2.0
38,783,Groß,M,31.34596262471277,20.886600776604265,38.0,28.0
38,791,Taty,F,0.172794812417046,1.2807980003188886,2.0,2.0
38,796,Gallagher,M,0.0,0.47523017659209243,,
38,807,Rayan,M,0.0,0.33040950381068895,,
