fpl_id,pts,gw,player,ae64,e64,pts2,ae64_net_pct,e64_net_pct,bucket
1,10,2,,0.0,0.0,0.0,0.0,0.0,10–14
5,6,2,,0.0,0.0,0.0,0.0,0.0,6–9
6,9,2,,0.0,0.0,0.0,0.0,0.0,6–9
7,13,2,,0.0,0.0,0.0,0.0,0.0,10–14
8,0,2,,0.0,0.0,0.0,0.0,0.0,≤2
10,0,2,,0.0,0.0,0.0,0.0,0.0,≤2
11,6,2,,0.0,0.0,0.0,0.0,0.0,6–9
16,3,2,,0.0,0.0,0.0,0.0,0.0,3–5
17,5,2,,0.0,0.0,0.0,0.0,0.0,3–5
18,1,2,,0.0,0.0,0.0,0.0,0.0,≤2
19,1,2,,0.0,0.0,0.0,0.0,0.0,≤2
21,6,2,,0.0,0.0,0.0,0.0,0.0,6–9
22,1,2,,0.0,0.0,0.0,0.0,0.0,≤2
26,5,2,,0.0,0.0,0.0,0.0,0.0,3–5
30,1,2,,0.0,0.0,0.0,0.0,0.0,≤2
33,7,2,,0.0,0.0,0.0,0.0,0.0,6–9
36,8,2,,0.0,0.0,0.0,0.0,0.0,6–9
37,6,2,,0.0,0.0,0.0,0.0,0.0,6–9
38,3,2,Konsa,0.0,-1.0,0.0,0.0,-1.5625,3–5
40,6,2,,0.0,0.0,0.0,0.0,0.0,6–9
47,3,2,Rogers,0.0,-1.0,0.0,0.0,-1.5625,3–5
48,3,2,Tielemans,-1.0,0.0,0.0,-1.5625,0.0,3–5
53,1,2,,0.0,0.0,0.0,0.0,0.0,≤2
54,3,2,,0.0,0.0,0.0,0.0,0.0,3–5
58,2,2,,0.0,0.0,0.0,0.0,0.0,≤2
59,5,2,,0.0,0.0,0.0,0.0,0.0,3–5
64,2,2,,0.0,0.0,0.0,0.0,0.0,≤2
67,2,2,,0.0,0.0,0.0,0.0,0.0,≤2
72,2,2,,0.0,0.0,0.0,0.0,0.0,≤2
73,1,2,,0.0,0.0,0.0,0.0,0.0,≤2
74,0,2,,0.0,0.0,0.0,0.0,0.0,≤2
77,1,2,,0.0,0.0,0.0,0.0,0.0,≤2
82,15,2,Semenyo,0.0,1.0,0.0,0.0,1.5625,15+
84,4,2,,0.0,0.0,0.0,0.0,0.0,3–5
85,4,2,,0.0,0.0,0.0,0.0,0.0,3–5
86,4,2,,0.0,0.0,0.0,0.0,0.0,3–5
90,2,2,,0.0,0.0,0.0,0.0,0.0,≤2
93,4,2,,0.0,0.0,0.0,0.0,0.0,3–5
96,1,2,,0.0,0.0,0.0,0.0,0.0,≤2
97,1,2,,0.0,0.0,0.0,0.0,0.0,≤2
100,2,2,,0.0,0.0,0.0,0.0,0.0,≤2
101,1,2,,0.0,0.0,0.0,0.0,0.0,≤2
106,0,2,,0.0,0.0,0.0,0.0,0.0,≤2
107,1,2,,0.0,0.0,0.0,0.0,0.0,≤2
109,1,2,,0.0,0.0,0.0,0.0,0.0,≤2
110,1,2,,0.0,0.0,0.0,0.0,0.0,≤2
113,3,2,,0.0,0.0,0.0,0.0,0.0,3–5
116,0,2,,0.0,0.0,0.0,0.0,0.0,≤2
119,2,2,,0.0,0.0,0.0,0.0,0.0,≤2
120,1,2,,0.0,0.0,0.0,0.0,0.0,≤2
122,1,2,,0.0,0.0,0.0,0.0,0.0,≤2
123,2,2,,0.0,0.0,0.0,0.0,0.0,≤2
124,1,2,,0.0,0.0,0.0,0.0,0.0,≤2
126,2,2,,0.0,0.0,0.0,0.0,0.0,≤2
128,4,2,,0.0,0.0,0.0,0.0,0.0,3–5
129,2,2,,0.0,0.0,0.0,0.0,0.0,≤2
136,6,2,,0.0,0.0,0.0,0.0,0.0,6–9
139,2,2,,0.0,0.0,0.0,0.0,0.0,≤2
145,2,2,,0.0,0.0,0.0,0.0,0.0,≤2
146,2,2,,0.0,0.0,0.0,0.0,0.0,≤2
148,0,2,,0.0,0.0,0.0,0.0,0.0,≤2
151,2,2,,0.0,0.0,0.0,0.0,0.0,≤2
157,2,2,,0.0,0.0,0.0,0.0,0.0,≤2
158,6,2,Georginio,-2.0,-2.0,0.0,-3.125,-3.125,6–9
160,3,2,,0.0,0.0,0.0,0.0,0.0,3–5
162,1,2,,0.0,0.0,0.0,0.0,0.0,≤2
164,10,2,,0.0,0.0,0.0,0.0,0.0,10–14
166,3,2,,0.0,0.0,0.0,0.0,0.0,3–5
167,3,2,,0.0,0.0,0.0,0.0,0.0,3–5
169,0,2,,0.0,0.0,0.0,0.0,0.0,≤2
170,1,2,,0.0,0.0,0.0,0.0,0.0,≤2
173,4,2,,0.0,0.0,0.0,0.0,0.0,3–5
178,1,2,,0.0,0.0,0.0,0.0,0.0,≤2
182,7,2,,0.0,0.0,0.0,0.0,0.0,6–9
187,1,2,,0.0,0.0,0.0,0.0,0.0,≤2
190,1,2,,0.0,0.0,0.0,0.0,0.0,≤2
191,1,2,,0.0,0.0,0.0,0.0,0.0,≤2
192,1,2,,0.0,0.0,0.0,0.0,0.0,≤2
197,1,2,,0.0,0.0,0.0,0.0,0.0,≤2
200,2,2,,0.0,0.0,0.0,0.0,0.0,≤2
202,1,2,,0.0,0.0,0.0,0.0,0.0,≤2
205,4,2,,0.0,0.0,0.0,0.0,0.0,3–5
206,1,2,,0.0,0.0,0.0,0.0,0.0,≤2
207,2,2,,0.0,0.0,0.0,0.0,0.0,≤2
209,2,2,,0.0,0.0,0.0,0.0,0.0,≤2
210,1,2,,0.0,0.0,0.0,0.0,0.0,≤2
215,1,2,,0.0,0.0,0.0,0.0,0.0,≤2
217,2,2,,0.0,0.0,0.0,0.0,0.0,≤2
220,8,2,,0.0,0.0,0.0,0.0,0.0,6–9
224,8,2,,0.0,0.0,0.0,0.0,0.0,6–9
225,5,2,,0.0,0.0,0.0,0.0,0.0,3–5
226,6,2,,0.0,0.0,0.0,0.0,0.0,6–9
228,1,2,,0.0,0.0,0.0,0.0,0.0,≤2
233,9,2,,0.0,0.0,0.0,0.0,0.0,6–9
235,3,2,,0.0,0.0,0.0,0.0,0.0,3–5
236,3,2,,0.0,0.0,0.0,0.0,0.0,3–5
237,3,2,,0.0,0.0,0.0,0.0,0.0,3–5
238,0,2,,0.0,0.0,0.0,0.0,0.0,≤2
239,1,2,,0.0,0.0,0.0,0.0,0.0,≤2
241,5,2,,0.0,0.0,0.0,0.0,0.0,3–5
242,2,2,,0.0,0.0,0.0,0.0,0.0,≤2
246,1,2,,0.0,0.0,0.0,0.0,0.0,≤2
249,2,2,,0.0,0.0,0.0,0.0,0.0,≤2
250,1,2,,0.0,0.0,0.0,0.0,0.0,≤2
253,6,2,,0.0,0.0,0.0,0.0,0.0,6–9
256,5,2,Muñoz,0.0,1.0,0.0,0.0,1.5625,3–5
257,8,2,,0.0,0.0,0.0,0.0,0.0,6–9
258,9,2,,0.0,0.0,0.0,0.0,0.0,6–9
260,6,2,,0.0,0.0,0.0,0.0,0.0,6–9
261,6,2,Richards,0.0,1.0,0.0,0.0,1.5625,6–9
266,3,2,Eze,-1.0,0.0,0.0,-1.5625,0.0,3–5
267,3,2,Sarr,1.0,0.0,0.0,1.5625,0.0,3–5
270,2,2,,0.0,0.0,0.0,0.0,0.0,≤2
272,1,2,,0.0,0.0,0.0,0.0,0.0,≤2
273,3,2,,0.0,0.0,0.0,0.0,0.0,3–5
276,1,2,,0.0,0.0,0.0,0.0,0.0,≤2
283,1,2,,0.0,0.0,0.0,0.0,0.0,≤2
287,2,2,,0.0,0.0,0.0,0.0,0.0,≤2
291,4,2,,0.0,0.0,0.0,0.0,0.0,3–5
293,2,2,,0.0,0.0,0.0,0.0,0.0,≤2
295,2,2,,0.0,0.0,0.0,0.0,0.0,≤2
299,2,2,,0.0,0.0,0.0,0.0,0.0,≤2
301,1,2,,0.0,0.0,0.0,0.0,0.0,≤2
302,2,2,,0.0,0.0,0.0,0.0,0.0,≤2
303,2,2,,0.0,0.0,0.0,0.0,0.0,≤2
304,2,2,,0.0,0.0,0.0,0.0,0.0,≤2
310,1,2,,0.0,0.0,0.0,0.0,0.0,≤2
311,2,2,,0.0,0.0,0.0,0.0,0.0,≤2
314,3,2,,0.0,0.0,0.0,0.0,0.0,3–5
317,2,2,,0.0,0.0,0.0,0.0,0.0,≤2
318,1,2,,0.0,0.0,0.0,0.0,0.0,≤2
319,1,2,,0.0,0.0,0.0,0.0,0.0,≤2
321,2,2,,0.0,0.0,0.0,0.0,0.0,≤2
322,2,2,,0.0,0.0,0.0,0.0,0.0,≤2
324,2,2,,0.0,0.0,0.0,0.0,0.0,≤2
325,1,2,,0.0,0.0,0.0,0.0,0.0,≤2
326,1,2,,0.0,0.0,0.0,0.0,0.0,≤2
329,5,2,,0.0,0.0,0.0,0.0,0.0,3–5
330,2,2,,0.0,0.0,0.0,0.0,0.0,≤2
331,0,2,,0.0,0.0,0.0,0.0,0.0,≤2
332,2,2,,0.0,0.0,0.0,0.0,0.0,≤2
335,2,2,,0.0,0.0,0.0,0.0,0.0,≤2
337,2,2,,0.0,0.0,0.0,0.0,0.0,≤2
338,7,2,,0.0,0.0,0.0,0.0,0.0,6–9
342,6,2,,0.0,0.0,0.0,0.0,0.0,6–9
343,8,2,,0.0,0.0,0.0,0.0,0.0,6–9
347,9,2,,0.0,0.0,0.0,0.0,0.0,6–9
348,7,2,,0.0,0.0,0.0,0.0,0.0,6–9
350,1,2,,0.0,0.0,0.0,0.0,0.0,≤2
351,3,2,,0.0,0.0,0.0,0.0,0.0,3–5
352,1,2,,0.0,0.0,0.0,0.0,0.0,≤2
353,3,2,,0.0,0.0,0.0,0.0,0.0,3–5
354,3,2,,0.0,0.0,0.0,0.0,0.0,3–5
356,1,2,,0.0,0.0,0.0,0.0,0.0,≤2
358,3,2,,0.0,0.0,0.0,0.0,0.0,3–5
362,2,2,,0.0,0.0,0.0,0.0,0.0,≤2
365,5,2,,0.0,0.0,0.0,0.0,0.0,3–5
366,1,2,,0.0,0.0,0.0,0.0,0.0,≤2
370,1,2,Frimpong,0.0,-1.0,0.0,0.0,-1.5625,≤2
371,0,2,,0.0,0.0,0.0,0.0,0.0,≤2
372,0,2,,0.0,0.0,0.0,0.0,0.0,≤2
373,3,2,,0.0,0.0,0.0,0.0,0.0,3–5
374,1,2,,0.0,0.0,0.0,0.0,0.0,≤2
376,1,2,,0.0,0.0,0.0,0.0,0.0,≤2
381,8,2,,0.0,0.0,0.0,0.0,0.0,6–9
382,2,2,Wirtz,0.0,-3.0,0.0,0.0,-4.6875,≤2
384,7,2,,0.0,0.0,0.0,0.0,0.0,6–9
385,6,2,,0.0,0.0,0.0,0.0,0.0,6–9
386,5,2,,0.0,0.0,0.0,0.0,0.0,3–5
387,2,2,,0.0,0.0,0.0,0.0,0.0,≤2
388,1,2,,0.0,0.0,0.0,0.0,0.0,≤2
392,4,2,,0.0,0.0,0.0,0.0,0.0,3–5
402,9,2,,0.0,0.0,0.0,0.0,0.0,6–9
406,1,2,,0.0,0.0,0.0,0.0,0.0,≤2
407,1,2,,0.0,0.0,0.0,0.0,0.0,≤2
408,6,2,,0.0,0.0,0.0,0.0,0.0,6–9
409,6,2,,0.0,0.0,0.0,0.0,0.0,6–9
410,11,2,,0.0,0.0,0.0,0.0,0.0,10–14
411,0,2,,0.0,0.0,0.0,0.0,0.0,≤2
413,1,2,,0.0,0.0,0.0,0.0,0.0,≤2
416,3,2,,0.0,0.0,0.0,0.0,0.0,3–5
417,6,2,,0.0,0.0,0.0,0.0,0.0,6–9
418,3,2,,0.0,0.0,0.0,0.0,0.0,3–5
419,1,2,,0.0,0.0,0.0,0.0,0.0,≤2
423,3,2,,0.0,0.0,0.0,0.0,0.0,3–5
424,6,2,,0.0,0.0,0.0,0.0,0.0,6–9
427,10,2,Reijnders,3.0,7.0,0.0,4.6875,10.9375,10–14
430,13,2,,0.0,0.0,0.0,0.0,0.0,10–14
431,2,2,,0.0,0.0,0.0,0.0,0.0,≤2
436,4,2,,0.0,0.0,0.0,0.0,0.0,3–5
440,1,2,,0.0,0.0,0.0,0.0,0.0,≤2
441,1,2,,0.0,0.0,0.0,0.0,0.0,≤2
442,1,2,,0.0,0.0,0.0,0.0,0.0,≤2
443,2,2,,0.0,0.0,0.0,0.0,0.0,≤2
444,4,2,,0.0,0.0,0.0,0.0,0.0,3–5
449,2,2,,0.0,0.0,0.0,0.0,0.0,≤2
450,2,2,,0.0,0.0,0.0,0.0,0.0,≤2
452,1,2,,0.0,0.0,0.0,0.0,0.0,≤2
455,2,2,,0.0,0.0,0.0,0.0,0.0,≤2
457,2,2,,0.0,0.0,0.0,0.0,0.0,≤2
459,1,2,,0.0,0.0,0.0,0.0,0.0,≤2
469,9,2,,0.0,0.0,0.0,0.0,0.0,6–9
470,2,2,,0.0,0.0,0.0,0.0,0.0,≤2
474,8,2,,0.0,0.0,0.0,0.0,0.0,6–9
476,9,2,,0.0,0.0,0.0,0.0,0.0,6–9
477,9,2,,0.0,0.0,0.0,0.0,0.0,6–9
478,6,2,,0.0,0.0,0.0,0.0,0.0,6–9
485,3,2,,0.0,0.0,0.0,0.0,0.0,3–5
486,3,2,,0.0,0.0,0.0,0.0,0.0,3–5
487,3,2,,0.0,0.0,0.0,0.0,0.0,3–5
488,3,2,,0.0,0.0,0.0,0.0,0.0,3–5
489,1,2,,0.0,0.0,0.0,0.0,0.0,≤2
490,2,2,,0.0,0.0,0.0,0.0,0.0,≤2
491,3,2,,0.0,0.0,0.0,0.0,0.0,3–5
493,1,2,,0.0,0.0,0.0,0.0,0.0,≤2
497,1,2,,0.0,0.0,0.0,0.0,0.0,≤2
500,1,2,,0.0,0.0,0.0,0.0,0.0,≤2
502,2,2,,0.0,0.0,0.0,0.0,0.0,≤2
505,2,2,,0.0,0.0,0.0,0.0,0.0,≤2
506,2,2,,0.0,0.0,0.0,0.0,0.0,≤2
507,4,2,,0.0,0.0,0.0,0.0,0.0,3–5
508,1,2,,0.0,0.0,0.0,0.0,0.0,≤2
515,5,2,,0.0,0.0,0.0,0.0,0.0,3–5
516,2,2,,0.0,0.0,0.0,0.0,0.0,≤2
517,6,2,Anderson,0.0,-2.0,0.0,0.0,-3.125,6–9
518,1,2,,0.0,0.0,0.0,0.0,0.0,≤2
521,2,2,,0.0,0.0,0.0,0.0,0.0,≤2
522,1,2,,0.0,0.0,0.0,0.0,0.0,≤2
525,13,2,,0.0,0.0,0.0,0.0,0.0,10–14
526,1,2,,0.0,0.0,0.0,0.0,0.0,≤2
531,17,2,,0.0,0.0,0.0,0.0,0.0,15+
532,6,2,,0.0,0.0,0.0,0.0,0.0,6–9
541,6,2,,0.0,0.0,0.0,0.0,0.0,6–9
542,1,2,,0.0,0.0,0.0,0.0,0.0,≤2
543,6,2,,0.0,0.0,0.0,0.0,0.0,6–9
544,3,2,,0.0,0.0,0.0,0.0,0.0,3–5
547,1,2,,0.0,0.0,0.0,0.0,0.0,≤2
551,1,2,,0.0,0.0,0.0,0.0,0.0,≤2
552,3,2,,0.0,0.0,0.0,0.0,0.0,3–5
553,6,2,,0.0,0.0,0.0,0.0,0.0,6–9
560,5,2,,0.0,0.0,0.0,0.0,0.0,3–5
561,8,2,,0.0,0.0,0.0,0.0,0.0,6–9
565,9,2,,0.0,0.0,0.0,0.0,0.0,6–9
568,6,2,,0.0,0.0,0.0,0.0,0.0,6–9
569,6,2,,0.0,0.0,0.0,0.0,0.0,6–9
573,6,2,,0.0,0.0,0.0,0.0,0.0,6–9
575,6,2,,0.0,0.0,0.0,0.0,0.0,6–9
580,8,2,,0.0,0.0,0.0,0.0,0.0,6–9
582,10,2,,0.0,0.0,0.0,0.0,0.0,10–14
584,1,2,,0.0,0.0,0.0,0.0,0.0,≤2
585,1,2,,0.0,0.0,0.0,0.0,0.0,≤2
586,3,2,,0.0,0.0,0.0,0.0,0.0,3–5
588,1,2,,0.0,0.0,0.0,0.0,0.0,≤2
591,3,2,,0.0,0.0,0.0,0.0,0.0,3–5
593,6,2,,0.0,0.0,0.0,0.0,0.0,6–9
596,1,2,,0.0,0.0,0.0,0.0,0.0,≤2
597,13,2,,0.0,0.0,0.0,0.0,0.0,10–14
603,1,2,,0.0,0.0,0.0,0.0,0.0,≤2
605,0,2,,0.0,0.0,0.0,0.0,0.0,≤2
607,1,2,,0.0,0.0,0.0,0.0,0.0,≤2
609,1,2,,0.0,0.0,0.0,0.0,0.0,≤2
610,1,2,,0.0,0.0,0.0,0.0,0.0,≤2
612,2,2,,0.0,0.0,0.0,0.0,0.0,≤2
613,1,2,,0.0,0.0,0.0,0.0,0.0,≤2
614,2,2,,0.0,0.0,0.0,0.0,0.0,≤2
618,2,2,,0.0,0.0,0.0,0.0,0.0,≤2
621,1,2,,0.0,0.0,0.0,0.0,0.0,≤2
624,2,2,,0.0,0.0,0.0,0.0,0.0,≤2
625,2,2,,0.0,0.0,0.0,0.0,0.0,≤2
628,0,2,,0.0,0.0,0.0,0.0,0.0,≤2
631,0,2,,0.0,0.0,0.0,0.0,0.0,≤2
632,-1,2,,0.0,0.0,0.0,0.0,0.0,≤2
633,1,2,,0.0,0.0,0.0,0.0,0.0,≤2
635,1,2,,0.0,0.0,0.0,0.0,0.0,≤2
637,0,2,,0.0,0.0,0.0,0.0,0.0,≤2
638,1,2,,0.0,0.0,0.0,0.0,0.0,≤2
642,1,2,,0.0,0.0,0.0,0.0,0.0,≤2
643,4,2,,0.0,0.0,0.0,0.0,0.0,3–5
644,2,2,,0.0,0.0,0.0,0.0,0.0,≤2
645,1,2,,0.0,0.0,0.0,0.0,0.0,≤2
646,2,2,,0.0,0.0,0.0,0.0,0.0,≤2
648,2,2,,0.0,0.0,0.0,0.0,0.0,≤2
654,2,2,,0.0,0.0,0.0,0.0,0.0,≤2
660,8,2,,0.0,0.0,0.0,0.0,0.0,6–9
661,11,2,,0.0,0.0,0.0,0.0,0.0,10–14
663,1,2,,0.0,0.0,0.0,0.0,0.0,≤2
665,6,2,,0.0,0.0,0.0,0.0,0.0,6–9
666,1,2,,0.0,0.0,0.0,0.0,0.0,≤2
668,3,2,,0.0,0.0,0.0,0.0,0.0,3–5
669,9,2,,0.0,0.0,0.0,0.0,0.0,6–9
670,8,2,,0.0,0.0,0.0,0.0,0.0,6–9
671,1,2,,0.0,0.0,0.0,0.0,0.0,≤2
673,1,2,,0.0,0.0,0.0,0.0,0.0,≤2
676,1,2,,0.0,0.0,0.0,0.0,0.0,≤2
679,1,2,,0.0,0.0,0.0,0.0,0.0,≤2
681,1,2,,0.0,0.0,0.0,0.0,0.0,≤2
682,1,2,,0.0,0.0,0.0,0.0,0.0,≤2
683,4,2,,0.0,0.0,0.0,0.0,0.0,3–5
685,0,2,,0.0,0.0,0.0,0.0,0.0,≤2
1,6,3,,0.0,0.0,10.0,0.0,0.0,6–9
5,6,3,,0.0,0.0,6.0,0.0,0.0,6–9
6,6,3,,0.0,0.0,9.0,0.0,0.0,6–9
7,13,3,,0.0,0.0,13.0,0.0,0.0,10–14
8,24,3,,0.0,0.0,0.0,0.0,0.0,15+
10,1,3,,0.0,0.0,0.0,0.0,0.0,≤2
16,6,3,Saka,0.0,-5.0,3.0,0.0,-7.246376811594203,6–9
17,1,3,,0.0,0.0,5.0,0.0,0.0,≤2
18,3,3,,0.0,0.0,1.0,0.0,0.0,3–5
20,1,3,,0.0,0.0,0.0,0.0,0.0,≤2
21,6,3,,0.0,0.0,6.0,0.0,0.0,6–9
25,1,3,,0.0,0.0,0.0,0.0,0.0,≤2
26,3,3,,0.0,0.0,5.0,0.0,0.0,3–5
32,2,3,,0.0,0.0,0.0,0.0,0.0,≤2
36,2,3,,0.0,0.0,8.0,0.0,0.0,≤2
37,2,3,,0.0,0.0,6.0,0.0,0.0,≤2
39,1,3,,0.0,0.0,0.0,0.0,0.0,≤2
40,2,3,,0.0,0.0,6.0,0.0,0.0,≤2
41,2,3,,0.0,0.0,0.0,0.0,0.0,≤2
44,0,3,,0.0,0.0,0.0,0.0,0.0,≤2
47,2,3,,0.0,0.0,3.0,0.0,0.0,≤2
48,2,3,Tielemans,10.0,1.0,3.0,15.625,1.4492753623188406,≤2
50,1,3,,0.0,0.0,0.0,0.0,0.0,≤2
52,1,3,,0.0,0.0,0.0,0.0,0.0,≤2
53,1,3,,0.0,0.0,1.0,0.0,0.0,≤2
54,2,3,,0.0,0.0,3.0,0.0,0.0,≤2
58,1,3,,0.0,0.0,2.0,0.0,0.0,≤2
59,1,3,,0.0,0.0,5.0,0.0,0.0,≤2
64,2,3,Watkins,2.0,-1.0,2.0,3.125,-1.4492753623188406,≤2
67,6,3,,0.0,0.0,2.0,0.0,0.0,6–9
72,9,3,,0.0,0.0,2.0,0.0,0.0,6–9
73,6,3,,0.0,0.0,1.0,0.0,0.0,6–9
74,6,3,,0.0,0.0,0.0,0.0,0.0,6–9
77,1,3,,0.0,0.0,1.0,0.0,0.0,≤2
81,1,3,,0.0,0.0,0.0,0.0,0.0,≤2
82,6,3,Semenyo,0.0,7.0,15.0,0.0,10.144927536231885,6–9
83,13,3,O.Dango,7.0,1.0,0.0,10.9375,1.4492753623188406,10–14
84,11,3,,0.0,0.0,4.0,0.0,0.0,10–14
85,2,3,,0.0,0.0,4.0,0.0,0.0,≤2
86,3,3,,0.0,0.0,4.0,0.0,0.0,3–5
87,1,3,,0.0,0.0,0.0,0.0,0.0,≤2
90,2,3,,0.0,0.0,2.0,0.0,0.0,≤2
97,2,3,,0.0,0.0,1.0,0.0,0.0,≤2
100,2,3,Kroupi.Jr,-3.0,0.0,2.0,-4.6875,0.0,≤2
101,5,3,,0.0,0.0,1.0,0.0,0.0,3–5
106,9,3,,0.0,0.0,0.0,0.0,0.0,6–9
107,6,3,,0.0,0.0,1.0,0.0,0.0,6–9
108,1,3,,0.0,0.0,0.0,0.0,0.0,≤2
109,1,3,,0.0,0.0,1.0,0.0,0.0,≤2
110,10,3,,0.0,0.0,1.0,0.0,0.0,10–14
113,8,3,,0.0,0.0,3.0,0.0,0.0,6–9
116,1,3,,0.0,0.0,0.0,0.0,0.0,≤2
119,2,3,Mbeumo,1.0,1.0,2.0,1.5625,1.4492753623188406,≤2
120,3,3,,0.0,0.0,1.0,0.0,0.0,3–5
121,5,3,,0.0,0.0,0.0,0.0,0.0,3–5
124,3,3,,0.0,0.0,1.0,0.0,0.0,3–5
126,1,3,,0.0,0.0,2.0,0.0,0.0,≤2
128,1,3,,0.0,0.0,4.0,0.0,0.0,≤2
129,5,3,,0.0,0.0,2.0,0.0,0.0,3–5
136,2,3,Thiago,-1.0,0.0,6.0,-1.5625,0.0,≤2
139,1,3,,0.0,0.0,2.0,0.0,0.0,≤2
145,0,3,,0.0,0.0,2.0,0.0,0.0,≤2
146,1,3,,0.0,0.0,2.0,0.0,0.0,≤2
148,0,3,,0.0,0.0,0.0,0.0,0.0,≤2
151,1,3,,0.0,0.0,2.0,0.0,0.0,≤2
157,2,3,Mitoma,5.0,0.0,2.0,7.8125,0.0,≤2
160,2,3,,0.0,0.0,3.0,0.0,0.0,≤2
162,1,3,,0.0,0.0,1.0,0.0,0.0,≤2
163,1,3,,0.0,0.0,0.0,0.0,0.0,≤2
164,2,3,,0.0,0.0,10.0,0.0,0.0,≤2
166,2,3,,0.0,0.0,3.0,0.0,0.0,≤2
167,1,3,,0.0,0.0,3.0,0.0,0.0,≤2
169,1,3,,0.0,0.0,0.0,0.0,0.0,≤2
173,3,3,,0.0,0.0,4.0,0.0,0.0,3–5
178,0,3,,0.0,0.0,1.0,0.0,0.0,≤2
182,2,3,,0.0,0.0,7.0,0.0,0.0,≤2
187,6,3,,0.0,0.0,1.0,0.0,0.0,6–9
190,9,3,,0.0,0.0,1.0,0.0,0.0,6–9
191,6,3,Estève,0.0,-1.0,1.0,0.0,-1.4492753623188406,6–9
192,6,3,,0.0,0.0,1.0,0.0,0.0,6–9
197,1,3,,0.0,0.0,1.0,0.0,0.0,≤2
199,1,3,,0.0,0.0,0.0,0.0,0.0,≤2
200,13,3,,0.0,0.0,2.0,0.0,0.0,10–14
202,3,3,,0.0,0.0,1.0,0.0,0.0,3–5
205,14,3,,0.0,0.0,4.0,0.0,0.0,10–14
207,5,3,,0.0,0.0,2.0,0.0,0.0,3–5
209,1,3,,0.0,0.0,2.0,0.0,0.0,≤2
210,1,3,,0.0,0.0,1.0,0.0,0.0,≤2
215,1,3,,0.0,0.0,1.0,0.0,0.0,≤2
217,2,3,,0.0,0.0,2.0,0.0,0.0,≤2
220,3,3,,0.0,0.0,8.0,0.0,0.0,3–5
224,5,3,,0.0,0.0,8.0,0.0,0.0,3–5
225,1,3,,0.0,0.0,5.0,0.0,0.0,≤2
226,8,3,,0.0,0.0,6.0,0.0,0.0,6–9
228,2,3,,0.0,0.0,1.0,0.0,0.0,≤2
230,1,3,,0.0,0.0,0.0,0.0,0.0,≤2
232,2,3,,0.0,0.0,0.0,0.0,0.0,≤2
236,7,3,,0.0,0.0,3.0,0.0,0.0,6–9
237,10,3,,0.0,0.0,3.0,0.0,0.0,10–14
238,5,3,,0.0,0.0,0.0,0.0,0.0,3–5
239,1,3,,0.0,0.0,1.0,0.0,0.0,≤2
241,8,3,,0.0,0.0,5.0,0.0,0.0,6–9
242,2,3,,0.0,0.0,2.0,0.0,0.0,≤2
246,1,3,,0.0,0.0,1.0,0.0,0.0,≤2
249,15,3,João Pedro,0.0,5.0,2.0,0.0,7.246376811594203,15+
250,2,3,,0.0,0.0,1.0,0.0,0.0,≤2
252,1,3,Marc Guiu,-29.0,-24.0,0.0,-45.3125,-34.78260869565217,≤2
253,2,3,,0.0,0.0,6.0,0.0,0.0,≤2
256,5,3,,0.0,0.0,5.0,0.0,0.0,3–5
257,3,3,,0.0,0.0,8.0,0.0,0.0,3–5
258,1,3,,0.0,0.0,9.0,0.0,0.0,≤2
260,2,3,,0.0,0.0,6.0,0.0,0.0,≤2
261,2,3,,0.0,0.0,6.0,0.0,0.0,≤2
267,8,3,Sarr,13.0,18.0,3.0,20.3125,26.08695652173913,6–9
269,1,3,,0.0,0.0,0.0,0.0,0.0,≤2
270,1,3,,0.0,0.0,2.0,0.0,0.0,≤2
272,1,3,,0.0,0.0,1.0,0.0,0.0,≤2
273,2,3,,0.0,0.0,3.0,0.0,0.0,≤2
276,2,3,,0.0,0.0,1.0,0.0,0.0,≤2
283,2,3,Mateta,2.0,6.0,1.0,3.125,8.695652173913043,≤2
285,1,3,,0.0,0.0,0.0,0.0,0.0,≤2
287,15,3,,0.0,0.0,2.0,0.0,0.0,15+
291,8,3,,0.0,0.0,4.0,0.0,0.0,6–9
293,6,3,,0.0,0.0,2.0,0.0,0.0,6–9
295,8,3,,0.0,0.0,2.0,0.0,0.0,6–9
299,8,3,Ndiaye,0.0,-1.0,2.0,0.0,-1.4492753623188406,6–9
300,1,3,,0.0,0.0,0.0,0.0,0.0,≤2
301,1,3,,0.0,0.0,1.0,0.0,0.0,≤2
302,3,3,,0.0,0.0,2.0,0.0,0.0,3–5
303,10,3,,0.0,0.0,2.0,0.0,0.0,10–14
304,2,3,,0.0,0.0,2.0,0.0,0.0,≤2
305,1,3,,0.0,0.0,0.0,0.0,0.0,≤2
310,2,3,,0.0,0.0,1.0,0.0,0.0,≤2
311,0,3,,0.0,0.0,2.0,0.0,0.0,≤2
314,3,3,,0.0,0.0,3.0,0.0,0.0,3–5
316,1,3,,0.0,0.0,0.0,0.0,0.0,≤2
317,4,3,,0.0,0.0,2.0,0.0,0.0,3–5
318,2,3,,0.0,0.0,1.0,0.0,0.0,≤2
319,2,3,,0.0,0.0,1.0,0.0,0.0,≤2
322,2,3,,0.0,0.0,2.0,0.0,0.0,≤2
324,7,3,,0.0,0.0,2.0,0.0,0.0,6–9
325,6,3,,0.0,0.0,1.0,0.0,0.0,6–9
328,2,3,,0.0,0.0,0.0,0.0,0.0,≤2
329,1,3,,0.0,0.0,5.0,0.0,0.0,≤2
330,2,3,,0.0,0.0,2.0,0.0,0.0,≤2
332,3,3,,0.0,0.0,2.0,0.0,0.0,3–5
335,2,3,,0.0,0.0,2.0,0.0,0.0,≤2
337,1,3,Raúl,0.0,-1.0,2.0,0.0,-1.4492753623188406,≤2
338,0,3,,0.0,0.0,7.0,0.0,0.0,≤2
342,-1,3,,0.0,0.0,6.0,0.0,0.0,≤2
343,0,3,,0.0,0.0,8.0,0.0,0.0,≤2
346,1,3,,0.0,0.0,0.0,0.0,0.0,≤2
347,-1,3,,0.0,0.0,9.0,0.0,0.0,≤2
348,2,3,,0.0,0.0,7.0,0.0,0.0,≤2
350,1,3,,0.0,0.0,1.0,0.0,0.0,≤2
351,2,3,,0.0,0.0,3.0,0.0,0.0,≤2
353,2,3,,0.0,0.0,3.0,0.0,0.0,≤2
356,2,3,,0.0,0.0,1.0,0.0,0.0,≤2
358,1,3,,0.0,0.0,3.0,0.0,0.0,≤2
362,1,3,,0.0,0.0,2.0,0.0,0.0,≤2
365,1,3,,0.0,0.0,5.0,0.0,0.0,≤2
366,1,3,,0.0,0.0,1.0,0.0,0.0,≤2
371,1,3,,0.0,0.0,0.0,0.0,0.0,≤2
373,3,3,,0.0,0.0,3.0,0.0,0.0,3–5
374,0,3,,0.0,0.0,1.0,0.0,0.0,≤2
375,0,3,,0.0,0.0,0.0,0.0,0.0,≤2
381,5,3,,0.0,0.0,8.0,0.0,0.0,3–5
382,2,3,Wirtz,0.0,-2.0,2.0,0.0,-2.898550724637681,≤2
384,10,3,Gakpo,1.0,2.0,7.0,1.5625,2.898550724637681,10–14
385,1,3,,0.0,0.0,6.0,0.0,0.0,≤2
387,2,3,,0.0,0.0,2.0,0.0,0.0,≤2
388,2,3,,0.0,0.0,1.0,0.0,0.0,≤2
389,1,3,,0.0,0.0,0.0,0.0,0.0,≤2
390,7,3,,0.0,0.0,0.0,0.0,0.0,6–9
392,1,3,,0.0,0.0,4.0,0.0,0.0,≤2
402,1,3,,0.0,0.0,9.0,0.0,0.0,≤2
405,1,3,,0.0,0.0,0.0,0.0,0.0,≤2
408,1,3,,0.0,0.0,6.0,0.0,0.0,≤2
409,1,3,,0.0,0.0,6.0,0.0,0.0,≤2
410,1,3,,0.0,0.0,11.0,0.0,0.0,≤2
413,1,3,,0.0,0.0,1.0,0.0,0.0,≤2
414,1,3,,0.0,0.0,0.0,0.0,0.0,≤2
416,1,3,,0.0,0.0,3.0,0.0,0.0,≤2
417,1,3,,0.0,0.0,6.0,0.0,0.0,≤2
418,1,3,,0.0,0.0,3.0,0.0,0.0,≤2
419,11,3,,0.0,0.0,1.0,0.0,0.0,10–14
421,1,3,,0.0,0.0,0.0,0.0,0.0,≤2
423,1,3,,0.0,0.0,3.0,0.0,0.0,≤2
424,2,3,,0.0,0.0,6.0,0.0,0.0,≤2
426,1,3,,0.0,0.0,0.0,0.0,0.0,≤2
427,2,3,Reijnders,3.0,1.0,10.0,4.6875,1.4492753623188406,≤2
430,2,3,Haaland,0.0,1.0,13.0,0.0,1.4492753623188406,≤2
431,2,3,,0.0,0.0,2.0,0.0,0.0,≤2
436,7,3,,0.0,0.0,4.0,0.0,0.0,6–9
440,1,3,,0.0,0.0,1.0,0.0,0.0,≤2
441,2,3,Dorgu,0.0,1.0,1.0,0.0,1.4492753623188406,≤2
442,1,3,,0.0,0.0,1.0,0.0,0.0,≤2
443,2,3,,0.0,0.0,2.0,0.0,0.0,≤2
444,6,3,,0.0,0.0,4.0,0.0,0.0,6–9
447,1,3,,0.0,0.0,0.0,0.0,0.0,≤2
449,2,3,B.Fernandes,0.0,6.0,2.0,0.0,8.695652173913043,≤2
450,2,3,Cunha,3.0,10.0,2.0,4.6875,14.492753623188406,≤2
452,1,3,,0.0,0.0,1.0,0.0,0.0,≤2
455,3,3,,0.0,0.0,2.0,0.0,0.0,3–5
457,0,3,,0.0,0.0,2.0,0.0,0.0,≤2
459,1,3,,0.0,0.0,1.0,0.0,0.0,≤2
469,4,3,,0.0,0.0,9.0,0.0,0.0,3–5
470,6,3,,0.0,0.0,2.0,0.0,0.0,6–9
473,1,3,,0.0,0.0,0.0,0.0,0.0,≤2
474,1,3,,0.0,0.0,8.0,0.0,0.0,≤2
476,2,3,,0.0,0.0,9.0,0.0,0.0,≤2
477,4,3,,0.0,0.0,9.0,0.0,0.0,3–5
478,1,3,,0.0,0.0,6.0,0.0,0.0,≤2
485,-2,3,,0.0,0.0,3.0,0.0,0.0,≤2
486,2,3,Elanga,0.0,3.0,3.0,0.0,4.3478260869565215,≤2
487,2,3,,0.0,0.0,3.0,0.0,0.0,≤2
488,6,3,,0.0,0.0,3.0,0.0,0.0,6–9
490,2,3,,0.0,0.0,2.0,0.0,0.0,≤2
491,2,3,,0.0,0.0,3.0,0.0,0.0,≤2
493,1,3,,0.0,0.0,1.0,0.0,0.0,≤2
497,1,3,,0.0,0.0,1.0,0.0,0.0,≤2
500,5,3,,0.0,0.0,1.0,0.0,0.0,3–5
502,2,3,,0.0,0.0,2.0,0.0,0.0,≤2
505,2,3,,0.0,0.0,2.0,0.0,0.0,≤2
506,1,3,,0.0,0.0,2.0,0.0,0.0,≤2
507,1,3,,0.0,0.0,4.0,0.0,0.0,≤2
508,2,3,,0.0,0.0,1.0,0.0,0.0,≤2
515,2,3,,0.0,0.0,5.0,0.0,0.0,≤2
516,10,3,,0.0,0.0,2.0,0.0,0.0,10–14
517,2,3,Anderson,10.0,3.0,6.0,15.625,4.3478260869565215,≤2
521,2,3,,0.0,0.0,2.0,0.0,0.0,≤2
522,1,3,,0.0,0.0,1.0,0.0,0.0,≤2
525,2,3,Wood,1.0,10.0,13.0,1.5625,14.492753623188406,≤2
526,1,3,,0.0,0.0,1.0,0.0,0.0,≤2
531,1,3,,0.0,0.0,17.0,0.0,0.0,≤2
532,1,3,,0.0,0.0,6.0,0.0,0.0,≤2
541,3,3,,0.0,0.0,6.0,0.0,0.0,3–5
542,1,3,,0.0,0.0,1.0,0.0,0.0,≤2
543,1,3,,0.0,0.0,6.0,0.0,0.0,≤2
544,2,3,,0.0,0.0,3.0,0.0,0.0,≤2
545,1,3,,0.0,0.0,0.0,0.0,0.0,≤2
547,1,3,,0.0,0.0,1.0,0.0,0.0,≤2
552,2,3,,0.0,0.0,3.0,0.0,0.0,≤2
553,2,3,,0.0,0.0,6.0,0.0,0.0,≤2
560,1,3,,0.0,0.0,5.0,0.0,0.0,≤2
561,2,3,,0.0,0.0,8.0,0.0,0.0,≤2
565,9,3,,0.0,0.0,9.0,0.0,0.0,6–9
568,5,3,,0.0,0.0,6.0,0.0,0.0,3–5
569,7,3,,0.0,0.0,6.0,0.0,0.0,6–9
570,1,3,,0.0,0.0,0.0,0.0,0.0,≤2
573,6,3,,0.0,0.0,6.0,0.0,0.0,6–9
575,6,3,Van de Ven,0.0,1.0,6.0,0.0,1.4492753623188406,6–9
580,9,3,Johnson,0.0,1.0,8.0,0.0,1.4492753623188406,6–9
582,3,3,Kudus,2.0,7.0,10.0,3.125,10.144927536231885,3–5
585,3,3,,0.0,0.0,1.0,0.0,0.0,3–5
586,1,3,,0.0,0.0,3.0,0.0,0.0,≤2
588,1,3,,0.0,0.0,1.0,0.0,0.0,≤2
593,3,3,,0.0,0.0,6.0,0.0,0.0,3–5
596,1,3,,0.0,0.0,1.0,0.0,0.0,≤2
597,4,3,,0.0,0.0,13.0,0.0,0.0,3–5
603,3,3,Diouf,0.0,-1.0,1.0,0.0,-1.4492753623188406,3–5
605,0,3,,0.0,0.0,0.0,0.0,0.0,≤2
607,2,3,,0.0,0.0,1.0,0.0,0.0,≤2
609,0,3,,0.0,0.0,1.0,0.0,0.0,≤2
610,0,3,,0.0,0.0,1.0,0.0,0.0,≤2
612,9,3,,0.0,0.0,2.0,0.0,0.0,6–9
613,2,3,,0.0,0.0,1.0,0.0,0.0,≤2
614,2,3,,0.0,0.0,2.0,0.0,0.0,≤2
623,1,3,,0.0,0.0,0.0,0.0,0.0,≤2
624,2,3,Bowen,0.0,-1.0,2.0,0.0,-1.4492753623188406,≤2
625,1,3,,0.0,0.0,2.0,0.0,0.0,≤2
628,3,3,,0.0,0.0,0.0,0.0,0.0,3–5
631,4,3,,0.0,0.0,0.0,0.0,0.0,3–5
632,1,3,,0.0,0.0,-1.0,0.0,0.0,≤2
633,0,3,,0.0,0.0,1.0,0.0,0.0,≤2
636,1,3,,0.0,0.0,0.0,0.0,0.0,≤2
637,-2,3,,0.0,0.0,0.0,0.0,0.0,≤2
638,1,3,,0.0,0.0,1.0,0.0,0.0,≤2
642,1,3,,0.0,0.0,1.0,0.0,0.0,≤2
643,1,3,,0.0,0.0,4.0,0.0,0.0,≤2
644,1,3,,0.0,0.0,2.0,0.0,0.0,≤2
646,1,3,,0.0,0.0,2.0,0.0,0.0,≤2
648,2,3,,0.0,0.0,2.0,0.0,0.0,≤2
654,2,3,Strand Larsen,-16.0,-4.0,2.0,-25.0,-5.797101449275362,≤2
659,1,3,,0.0,0.0,0.0,0.0,0.0,≤2
660,2,3,Stach,1.0,1.0,8.0,1.5625,1.4492753623188406,≤2
661,9,3,Ekitiké,0.0,1.0,11.0,0.0,1.4492753623188406,6–9
662,1,3,,0.0,0.0,0.0,0.0,0.0,≤2
663,1,3,,0.0,0.0,1.0,0.0,0.0,≤2
665,0,3,,0.0,0.0,6.0,0.0,0.0,≤2
666,12,3,Gyökeres,44.0,8.0,1.0,68.75,11.594202898550725,10–14
668,4,3,,0.0,0.0,3.0,0.0,0.0,3–5
669,7,3,Ndoye,0.0,1.0,9.0,0.0,1.4492753623188406,6–9
670,1,3,,0.0,0.0,8.0,0.0,0.0,≤2
671,1,3,,0.0,0.0,1.0,0.0,0.0,≤2
672,0,3,,0.0,0.0,0.0,0.0,0.0,≤2
673,11,3,,0.0,0.0,1.0,0.0,0.0,10–14
676,3,3,,0.0,0.0,1.0,0.0,0.0,3–5
677,1,3,,0.0,0.0,0.0,0.0,0.0,≤2
679,0,3,,0.0,0.0,1.0,0.0,0.0,≤2
681,1,3,,0.0,0.0,1.0,0.0,0.0,≤2
682,1,3,,0.0,0.0,1.0,0.0,0.0,≤2
683,1,3,,0.0,0.0,4.0,0.0,0.0,≤2
684,1,3,,0.0,0.0,0.0,0.0,0.0,≤2
685,10,3,,0.0,0.0,0.0,0.0,0.0,10–14
686,6,3,,0.0,0.0,0.0,0.0,0.0,6–9
693,1,3,,0.0,0.0,0.0,0.0,0.0,≤2
695,1,3,,0.0,0.0,0.0,0.0,0.0,≤2
696,1,3,,0.0,0.0,0.0,0.0,0.0,≤2
697,1,3,,0.0,0.0,0.0,0.0,0.0,≤2
698,1,3,,0.0,0.0,0.0,0.0,0.0,≤2
700,4,3,,0.0,0.0,0.0,0.0,0.0,3–5
1,2,4,,0.0,0.0,6.0,0.0,0.0,≤2
5,2,4,Gabriel,1.0,0.0,6.0,1.5625,0.0,≤2
6,1,4,,0.0,0.0,6.0,0.0,0.0,≤2
7,2,4,,0.0,0.0,13.0,0.0,0.0,≤2
8,2,4,J.Timber,0.0,1.0,24.0,0.0,1.5625,≤2
17,1,4,,0.0,0.0,1.0,0.0,0.0,≤2
18,2,4,,0.0,0.0,3.0,0.0,0.0,≤2
19,3,4,,0.0,0.0,0.0,0.0,0.0,3–5
21,4,4,,0.0,0.0,6.0,0.0,0.0,3–5
22,3,4,,0.0,0.0,0.0,0.0,0.0,3–5
26,1,4,,0.0,0.0,3.0,0.0,0.0,≤2
33,0,4,,0.0,0.0,0.0,0.0,0.0,≤2
36,0,4,,0.0,0.0,2.0,0.0,0.0,≤2
37,1,4,,0.0,0.0,2.0,0.0,0.0,≤2
38,1,4,,0.0,0.0,0.0,0.0,0.0,≤2
39,1,4,,0.0,0.0,1.0,0.0,0.0,≤2
40,1,4,,0.0,0.0,2.0,0.0,0.0,≤2
41,1,4,,0.0,0.0,2.0,0.0,0.0,≤2
44,1,4,,0.0,0.0,0.0,0.0,0.0,≤2
47,2,4,Rogers,0.0,-1.0,2.0,0.0,-1.5625,≤2
48,2,4,,0.0,0.0,2.0,0.0,0.0,≤2
50,1,4,,0.0,0.0,1.0,0.0,0.0,≤2
52,1,4,,0.0,0.0,1.0,0.0,0.0,≤2
53,2,4,,0.0,0.0,1.0,0.0,0.0,≤2
54,2,4,,0.0,0.0,2.0,0.0,0.0,≤2
64,2,4,,0.0,0.0,2.0,0.0,0.0,≤2
67,5,4,,0.0,0.0,6.0,0.0,0.0,3–5
72,14,4,Senesi,0.0,4.0,9.0,0.0,6.25,10–14
73,1,4,,0.0,0.0,6.0,0.0,0.0,≤2
74,7,4,,0.0,0.0,6.0,0.0,0.0,6–9
77,5,4,,0.0,0.0,1.0,0.0,0.0,3–5
81,1,4,,0.0,0.0,1.0,0.0,0.0,≤2
82,2,4,Semenyo,2.0,15.0,6.0,3.125,23.4375,≤2
83,2,4,,0.0,0.0,13.0,0.0,0.0,≤2
84,3,4,,0.0,0.0,11.0,0.0,0.0,3–5
85,4,4,,0.0,0.0,2.0,0.0,0.0,3–5
86,4,4,,0.0,0.0,3.0,0.0,0.0,3–5
87,1,4,,0.0,0.0,1.0,0.0,0.0,≤2
90,3,4,,0.0,0.0,2.0,0.0,0.0,3–5
97,8,4,,0.0,0.0,2.0,0.0,0.0,6–9
100,2,4,,0.0,0.0,2.0,0.0,0.0,≤2
101,1,4,,0.0,0.0,5.0,0.0,0.0,≤2
106,3,4,,0.0,0.0,9.0,0.0,0.0,3–5
107,6,4,,0.0,0.0,6.0,0.0,0.0,6–9
109,-1,4,,0.0,0.0,1.0,0.0,0.0,≤2
110,1,4,,0.0,0.0,10.0,0.0,0.0,≤2
113,3,4,,0.0,0.0,8.0,0.0,0.0,3–5
119,10,4,,0.0,0.0,2.0,0.0,0.0,10–14
120,0,4,,0.0,0.0,3.0,0.0,0.0,≤2
121,2,4,,0.0,0.0,5.0,0.0,0.0,≤2
123,1,4,,0.0,0.0,0.0,0.0,0.0,≤2
124,3,4,,0.0,0.0,3.0,0.0,0.0,3–5
128,4,4,,0.0,0.0,1.0,0.0,0.0,3–5
129,2,4,,0.0,0.0,5.0,0.0,0.0,≤2
136,6,4,Thiago,-2.0,0.0,2.0,-3.125,0.0,6–9
139,2,4,,0.0,0.0,1.0,0.0,0.0,≤2
144,1,4,,0.0,0.0,0.0,0.0,0.0,≤2
145,2,4,,0.0,0.0,0.0,0.0,0.0,≤2
146,5,4,,0.0,0.0,1.0,0.0,0.0,3–5
151,1,4,,0.0,0.0,1.0,0.0,0.0,≤2
152,1,4,,0.0,0.0,0.0,0.0,0.0,≤2
157,5,4,,0.0,0.0,2.0,0.0,0.0,3–5
158,1,4,,0.0,0.0,0.0,0.0,0.0,≤2
160,4,4,Minteh,1.0,0.0,2.0,1.5625,0.0,3–5
162,8,4,,0.0,0.0,1.0,0.0,0.0,6–9
163,2,4,,0.0,0.0,1.0,0.0,0.0,≤2
166,1,4,,0.0,0.0,2.0,0.0,0.0,≤2
167,1,4,,0.0,0.0,1.0,0.0,0.0,≤2
169,2,4,,0.0,0.0,1.0,0.0,0.0,≤2
170,6,4,,0.0,0.0,0.0,0.0,0.0,6–9
178,2,4,,0.0,0.0,0.0,0.0,0.0,≤2
182,2,4,,0.0,0.0,2.0,0.0,0.0,≤2
187,0,4,,0.0,0.0,6.0,0.0,0.0,≤2
190,3,4,Ekdal,0.0,1.0,9.0,0.0,1.5625,3–5
191,1,4,Estève,0.0,-4.0,6.0,0.0,-6.25,≤2
192,1,4,,0.0,0.0,6.0,0.0,0.0,≤2
197,1,4,,0.0,0.0,1.0,0.0,0.0,≤2
199,1,4,,0.0,0.0,1.0,0.0,0.0,≤2
200,6,4,,0.0,0.0,13.0,0.0,0.0,6–9
202,5,4,,0.0,0.0,3.0,0.0,0.0,3–5
205,2,4,,0.0,0.0,14.0,0.0,0.0,≤2
207,2,4,,0.0,0.0,5.0,0.0,0.0,≤2
209,0,4,,0.0,0.0,1.0,0.0,0.0,≤2
210,3,4,,0.0,0.0,1.0,0.0,0.0,3–5
217,6,4,,0.0,0.0,2.0,0.0,0.0,6–9
220,6,4,,0.0,0.0,3.0,0.0,0.0,6–9
224,6,4,,0.0,0.0,5.0,0.0,0.0,6–9
225,1,4,,0.0,0.0,1.0,0.0,0.0,≤2
226,13,4,,0.0,0.0,8.0,0.0,0.0,10–14
228,6,4,,0.0,0.0,2.0,0.0,0.0,6–9
232,8,4,,0.0,0.0,2.0,0.0,0.0,6–9
236,3,4,,0.0,0.0,7.0,0.0,0.0,3–5
237,12,4,,0.0,0.0,10.0,0.0,0.0,10–14
238,3,4,,0.0,0.0,5.0,0.0,0.0,3–5
239,1,4,,0.0,0.0,1.0,0.0,0.0,≤2
241,4,4,,0.0,0.0,8.0,0.0,0.0,3–5
242,12,4,,0.0,0.0,2.0,0.0,0.0,10–14
243,3,4,,0.0,0.0,0.0,0.0,0.0,3–5
246,0,4,,0.0,0.0,1.0,0.0,0.0,≤2
249,9,4,João Pedro,0.0,1.0,15.0,0.0,1.5625,6–9
250,1,4,,0.0,0.0,2.0,0.0,0.0,≤2
252,1,4,Marc Guiu,-2.0,-4.0,1.0,-3.125,-6.25,≤2
253,7,4,,0.0,0.0,2.0,0.0,0.0,6–9
256,9,4,Muñoz,6.0,9.0,5.0,9.375,14.0625,6–9
257,11,4,Lacroix,12.0,3.0,3.0,18.75,4.6875,10–14
258,6,4,,0.0,0.0,1.0,0.0,0.0,6–9
260,15,4,,0.0,0.0,2.0,0.0,0.0,15+
261,8,4,Richards,0.0,1.0,2.0,0.0,1.5625,6–9
263,1,4,,0.0,0.0,0.0,0.0,0.0,≤2
266,1,4,,0.0,0.0,0.0,0.0,0.0,≤2
267,7,4,Sarr,-8.0,-13.0,8.0,-12.5,-20.3125,6–9
270,2,4,,0.0,0.0,1.0,0.0,0.0,≤2
271,6,4,,0.0,0.0,0.0,0.0,0.0,6–9
272,1,4,,0.0,0.0,1.0,0.0,0.0,≤2
273,1,4,,0.0,0.0,2.0,0.0,0.0,≤2
276,1,4,,0.0,0.0,2.0,0.0,0.0,≤2
283,5,4,Mateta,1.0,3.0,2.0,1.5625,4.6875,3–5
287,1,4,,0.0,0.0,15.0,0.0,0.0,≤2
291,3,4,,0.0,0.0,8.0,0.0,0.0,3–5
292,1,4,,0.0,0.0,0.0,0.0,0.0,≤2
293,1,4,,0.0,0.0,6.0,0.0,0.0,≤2
294,1,4,,0.0,0.0,0.0,0.0,0.0,≤2
295,3,4,,0.0,0.0,8.0,0.0,0.0,3–5
299,7,4,,0.0,0.0,8.0,0.0,0.0,6–9
301,1,4,,0.0,0.0,1.0,0.0,0.0,≤2
302,2,4,,0.0,0.0,3.0,0.0,0.0,≤2
303,4,4,,0.0,0.0,10.0,0.0,0.0,3–5
304,1,4,,0.0,0.0,2.0,0.0,0.0,≤2
310,1,4,,0.0,0.0,2.0,0.0,0.0,≤2
311,7,4,,0.0,0.0,0.0,0.0,0.0,6–9
314,2,4,,0.0,0.0,3.0,0.0,0.0,≤2
316,1,4,,0.0,0.0,1.0,0.0,0.0,≤2
317,3,4,,0.0,0.0,4.0,0.0,0.0,3–5
318,1,4,,0.0,0.0,2.0,0.0,0.0,≤2
319,0,4,,0.0,0.0,2.0,0.0,0.0,≤2
322,3,4,,0.0,0.0,2.0,0.0,0.0,3–5
324,1,4,,0.0,0.0,7.0,0.0,0.0,≤2
325,1,4,,0.0,0.0,6.0,0.0,0.0,≤2
326,1,4,,0.0,0.0,0.0,0.0,0.0,≤2
328,2,4,,0.0,0.0,2.0,0.0,0.0,≤2
329,1,4,,0.0,0.0,1.0,0.0,0.0,≤2
330,2,4,,0.0,0.0,2.0,0.0,0.0,≤2
332,1,4,,0.0,0.0,3.0,0.0,0.0,≤2
335,2,4,King,0.0,1.0,2.0,0.0,1.5625,≤2
337,1,4,,0.0,0.0,1.0,0.0,0.0,≤2
338,1,4,,0.0,0.0,0.0,0.0,0.0,≤2
342,6,4,,0.0,0.0,-1.0,0.0,0.0,6–9
343,6,4,,0.0,0.0,0.0,0.0,0.0,6–9
347,9,4,Gudmundsson,-1.0,0.0,-1.0,-1.5625,0.0,6–9
348,7,4,,0.0,0.0,2.0,0.0,0.0,6–9
350,1,4,,0.0,0.0,1.0,0.0,0.0,≤2
351,0,4,,0.0,0.0,2.0,0.0,0.0,≤2
352,1,4,,0.0,0.0,0.0,0.0,0.0,≤2
353,1,4,,0.0,0.0,2.0,0.0,0.0,≤2
356,3,4,,0.0,0.0,2.0,0.0,0.0,3–5
365,2,4,,0.0,0.0,1.0,0.0,0.0,≤2
366,8,4,,0.0,0.0,1.0,0.0,0.0,6–9
371,6,4,,0.0,0.0,1.0,0.0,0.0,6–9
373,8,4,Virgil,12.0,1.0,3.0,18.75,1.5625,6–9
374,6,4,,0.0,0.0,0.0,0.0,0.0,6–9
376,1,4,,0.0,0.0,0.0,0.0,0.0,≤2
381,3,4,M.Salah,0.0,2.0,5.0,0.0,3.125,3–5
382,3,4,,0.0,0.0,2.0,0.0,0.0,3–5
384,3,4,,0.0,0.0,10.0,0.0,0.0,3–5
385,1,4,,0.0,0.0,1.0,0.0,0.0,≤2
386,3,4,,0.0,0.0,0.0,0.0,0.0,3–5
387,13,4,,0.0,0.0,2.0,0.0,0.0,10–14
388,4,4,,0.0,0.0,2.0,0.0,0.0,3–5
390,2,4,,0.0,0.0,7.0,0.0,0.0,≤2
392,0,4,,0.0,0.0,1.0,0.0,0.0,≤2
402,0,4,Aït-Nouri,0.0,-2.0,1.0,0.0,-3.125,≤2
406,1,4,,0.0,0.0,0.0,0.0,0.0,≤2
407,2,4,,0.0,0.0,0.0,0.0,0.0,≤2
408,1,4,,0.0,0.0,1.0,0.0,0.0,≤2
409,1,4,,0.0,0.0,1.0,0.0,0.0,≤2
410,1,4,,0.0,0.0,1.0,0.0,0.0,≤2
411,1,4,,0.0,0.0,0.0,0.0,0.0,≤2
413,7,4,,0.0,0.0,1.0,0.0,0.0,6–9
416,2,4,,0.0,0.0,1.0,0.0,0.0,≤2
418,1,4,,0.0,0.0,1.0,0.0,0.0,≤2
419,10,4,Grealish,0.0,2.0,11.0,0.0,3.125,10–14
421,2,4,,0.0,0.0,1.0,0.0,0.0,≤2
424,2,4,,0.0,0.0,2.0,0.0,0.0,≤2
426,1,4,,0.0,0.0,1.0,0.0,0.0,≤2
427,2,4,Reijnders,1.0,-1.0,2.0,1.5625,-1.5625,≤2
430,9,4,,0.0,0.0,2.0,0.0,0.0,6–9
431,1,4,,0.0,0.0,2.0,0.0,0.0,≤2
436,1,4,,0.0,0.0,7.0,0.0,0.0,≤2
438,1,4,,0.0,0.0,0.0,0.0,0.0,≤2
440,4,4,,0.0,0.0,1.0,0.0,0.0,3–5
443,1,4,,0.0,0.0,2.0,0.0,0.0,≤2
444,1,4,,0.0,0.0,6.0,0.0,0.0,≤2
449,10,4,B.Fernandes,0.0,-1.0,2.0,0.0,-1.5625,10–14
450,1,4,Cunha,-1.0,-5.0,2.0,-1.5625,-7.8125,≤2
452,5,4,,0.0,0.0,1.0,0.0,0.0,3–5
455,1,4,,0.0,0.0,3.0,0.0,0.0,≤2
457,5,4,,0.0,0.0,0.0,0.0,0.0,3–5
458,1,4,,0.0,0.0,0.0,0.0,0.0,≤2
466,1,4,,0.0,0.0,0.0,0.0,0.0,≤2
469,5,4,,0.0,0.0,4.0,0.0,0.0,3–5
470,2,4,,0.0,0.0,6.0,0.0,0.0,≤2
473,1,4,,0.0,0.0,1.0,0.0,0.0,≤2
474,6,4,,0.0,0.0,1.0,0.0,0.0,6–9
475,8,4,,0.0,0.0,0.0,0.0,0.0,6–9
476,6,4,,0.0,0.0,2.0,0.0,0.0,6–9
477,6,4,,0.0,0.0,4.0,0.0,0.0,6–9
478,6,4,,0.0,0.0,1.0,0.0,0.0,6–9
486,1,4,,0.0,0.0,2.0,0.0,0.0,≤2
487,1,4,Barnes,1.0,0.0,2.0,1.5625,0.0,≤2
488,3,4,,0.0,0.0,6.0,0.0,0.0,3–5
489,3,4,,0.0,0.0,0.0,0.0,0.0,3–5
491,3,4,Tonali,1.0,0.0,2.0,1.5625,0.0,3–5
493,5,4,,0.0,0.0,1.0,0.0,0.0,3–5
497,1,4,,0.0,0.0,1.0,0.0,0.0,≤2
500,2,4,,0.0,0.0,5.0,0.0,0.0,≤2
502,2,4,,0.0,0.0,2.0,0.0,0.0,≤2
505,1,4,,0.0,0.0,2.0,0.0,0.0,≤2
506,1,4,Murillo,-15.0,-4.0,1.0,-23.4375,-6.25,≤2
507,1,4,,0.0,0.0,1.0,0.0,0.0,≤2
508,1,4,N.Williams,-3.0,-1.0,2.0,-4.6875,-1.5625,≤2
515,2,4,,0.0,0.0,2.0,0.0,0.0,≤2
516,2,4,,0.0,0.0,10.0,0.0,0.0,≤2
517,2,4,,0.0,0.0,2.0,0.0,0.0,≤2
521,4,4,,0.0,0.0,2.0,0.0,0.0,3–5
525,2,4,,0.0,0.0,2.0,0.0,0.0,≤2
526,1,4,,0.0,0.0,1.0,0.0,0.0,≤2
532,2,4,,0.0,0.0,1.0,0.0,0.0,≤2
541,1,4,,0.0,0.0,3.0,0.0,0.0,≤2
543,1,4,,0.0,0.0,1.0,0.0,0.0,≤2
544,4,4,,0.0,0.0,2.0,0.0,0.0,3–5
547,11,4,,0.0,0.0,1.0,0.0,0.0,10–14
552,2,4,,0.0,0.0,2.0,0.0,0.0,≤2
553,3,4,,0.0,0.0,2.0,0.0,0.0,3–5
560,8,4,,0.0,0.0,1.0,0.0,0.0,6–9
561,2,4,,0.0,0.0,2.0,0.0,0.0,≤2
565,3,4,,0.0,0.0,9.0,0.0,0.0,3–5
568,4,4,Pedro Porro,-1.0,-1.0,5.0,-1.5625,-1.5625,3–5
569,2,4,Romero,-4.0,-1.0,7.0,-6.25,-1.5625,≤2
573,1,4,,0.0,0.0,6.0,0.0,0.0,≤2
574,1,4,,0.0,0.0,0.0,0.0,0.0,≤2
575,1,4,,0.0,0.0,6.0,0.0,0.0,≤2
580,1,4,,0.0,0.0,9.0,0.0,0.0,≤2
582,2,4,,0.0,0.0,3.0,0.0,0.0,≤2
584,1,4,,0.0,0.0,0.0,0.0,0.0,≤2
585,2,4,,0.0,0.0,3.0,0.0,0.0,≤2
586,1,4,,0.0,0.0,1.0,0.0,0.0,≤2
588,1,4,,0.0,0.0,1.0,0.0,0.0,≤2
593,2,4,,0.0,0.0,3.0,0.0,0.0,≤2
597,2,4,,0.0,0.0,4.0,0.0,0.0,≤2
603,10,4,Diouf,0.0,-1.0,3.0,0.0,-1.5625,10–14
605,6,4,,0.0,0.0,0.0,0.0,0.0,6–9
606,6,4,,0.0,0.0,0.0,0.0,0.0,6–9
612,10,4,L.Paquetá,5.0,5.0,9.0,7.8125,7.8125,10–14
613,3,4,,0.0,0.0,2.0,0.0,0.0,3–5
614,3,4,,0.0,0.0,2.0,0.0,0.0,3–5
615,7,4,,0.0,0.0,0.0,0.0,0.0,6–9
621,1,4,,0.0,0.0,0.0,0.0,0.0,≤2
624,9,4,,0.0,0.0,2.0,0.0,0.0,6–9
625,2,4,,0.0,0.0,1.0,0.0,0.0,≤2
628,1,4,,0.0,0.0,3.0,0.0,0.0,≤2
631,1,4,Agbadou,0.0,-1.0,4.0,0.0,-1.5625,≤2
633,1,4,,0.0,0.0,0.0,0.0,0.0,≤2
635,7,4,,0.0,0.0,0.0,0.0,0.0,6–9
636,3,4,,0.0,0.0,1.0,0.0,0.0,3–5
637,3,4,,0.0,0.0,-2.0,0.0,0.0,3–5
642,7,4,,0.0,0.0,1.0,0.0,0.0,6–9
643,2,4,,0.0,0.0,1.0,0.0,0.0,≤2
644,1,4,,0.0,0.0,1.0,0.0,0.0,≤2
645,1,4,,0.0,0.0,0.0,0.0,0.0,≤2
646,2,4,,0.0,0.0,1.0,0.0,0.0,≤2
648,5,4,,0.0,0.0,2.0,0.0,0.0,3–5
656,1,4,,0.0,0.0,0.0,0.0,0.0,≤2
659,6,4,,0.0,0.0,1.0,0.0,0.0,6–9
660,3,4,Stach,2.0,0.0,2.0,3.125,0.0,3–5
661,2,4,,0.0,0.0,9.0,0.0,0.0,≤2
662,2,4,,0.0,0.0,1.0,0.0,0.0,≤2
663,2,4,,0.0,0.0,1.0,0.0,0.0,≤2
665,6,4,,0.0,0.0,0.0,0.0,0.0,6–9
666,1,4,Gyökeres,7.0,4.0,12.0,10.9375,6.25,≤2
668,4,4,,0.0,0.0,4.0,0.0,0.0,3–5
669,1,4,,0.0,0.0,7.0,0.0,0.0,≤2
670,8,4,,0.0,0.0,1.0,0.0,0.0,6–9
671,7,4,,0.0,0.0,1.0,0.0,0.0,6–9
673,1,4,,0.0,0.0,11.0,0.0,0.0,≤2
676,2,4,,0.0,0.0,3.0,0.0,0.0,≤2
677,1,4,,0.0,0.0,1.0,0.0,0.0,≤2
679,7,4,,0.0,0.0,0.0,0.0,0.0,6–9
681,1,4,,0.0,0.0,1.0,0.0,0.0,≤2
682,4,4,,0.0,0.0,1.0,0.0,0.0,3–5
683,4,4,,0.0,0.0,1.0,0.0,0.0,3–5
685,6,4,,0.0,0.0,10.0,0.0,0.0,6–9
691,1,4,,0.0,0.0,0.0,0.0,0.0,≤2
693,1,4,,0.0,0.0,1.0,0.0,0.0,≤2
694,4,4,,0.0,0.0,0.0,0.0,0.0,3–5
695,1,4,,0.0,0.0,1.0,0.0,0.0,≤2
696,1,4,,0.0,0.0,1.0,0.0,0.0,≤2
697,1,4,,0.0,0.0,1.0,0.0,0.0,≤2
700,1,4,,0.0,0.0,4.0,0.0,0.0,≤2
702,1,4,,0.0,0.0,0.0,0.0,0.0,≤2
706,1,4,,0.0,0.0,0.0,0.0,0.0,≤2
708,3,4,,0.0,0.0,0.0,0.0,0.0,3–5
712,1,4,,0.0,0.0,0.0,0.0,0.0,≤2
1,6,5,,0.0,0.0,2.0,0.0,0.0,6–9
5,9,5,,0.0,0.0,2.0,0.0,0.0,6–9
7,5,5,,0.0,0.0,2.0,0.0,0.0,3–5
8,8,5,,0.0,0.0,2.0,0.0,0.0,6–9
10,1,5,,0.0,0.0,0.0,0.0,0.0,≤2
17,1,5,,0.0,0.0,1.0,0.0,0.0,≤2
18,3,5,,0.0,0.0,2.0,0.0,0.0,3–5
19,1,5,,0.0,0.0,3.0,0.0,0.0,≤2
20,4,5,,0.0,0.0,0.0,0.0,0.0,3–5
21,1,5,,0.0,0.0,4.0,0.0,0.0,≤2
22,3,5,,0.0,0.0,3.0,0.0,0.0,3–5
25,3,5,,0.0,0.0,0.0,0.0,0.0,3–5
26,16,5,,0.0,0.0,1.0,0.0,0.0,15+
32,6,5,,0.0,0.0,0.0,0.0,0.0,6–9
36,5,5,,0.0,0.0,0.0,0.0,0.0,3–5
37,5,5,,0.0,0.0,1.0,0.0,0.0,3–5
38,6,5,,0.0,0.0,1.0,0.0,0.0,6–9
40,9,5,,0.0,0.0,1.0,0.0,0.0,6–9
44,9,5,,0.0,0.0,1.0,0.0,0.0,6–9
47,3,5,Rogers,0.0,-2.0,2.0,0.0,-3.125,3–5
48,1,5,Tielemans,-1.0,-1.0,2.0,-1.5625,-1.5625,≤2
50,2,5,,0.0,0.0,1.0,0.0,0.0,≤2
53,1,5,,0.0,0.0,2.0,0.0,0.0,≤2
54,3,5,,0.0,0.0,2.0,0.0,0.0,3–5
64,2,5,,0.0,0.0,2.0,0.0,0.0,≤2
67,2,5,,0.0,0.0,5.0,0.0,0.0,≤2
72,3,5,Senesi,2.0,1.0,14.0,3.125,1.5625,3–5
74,2,5,,0.0,0.0,7.0,0.0,0.0,≤2
77,2,5,,0.0,0.0,5.0,0.0,0.0,≤2
80,1,5,,0.0,0.0,0.0,0.0,0.0,≤2
81,1,5,,0.0,0.0,1.0,0.0,0.0,≤2
82,13,5,Semenyo,0.0,5.0,2.0,0.0,7.8125,10–14
83,1,5,,0.0,0.0,2.0,0.0,0.0,≤2
84,2,5,,0.0,0.0,3.0,0.0,0.0,≤2
85,1,5,,0.0,0.0,4.0,0.0,0.0,≤2
86,1,5,,0.0,0.0,4.0,0.0,0.0,≤2
88,1,5,,0.0,0.0,0.0,0.0,0.0,≤2
90,9,5,,0.0,0.0,3.0,0.0,0.0,6–9
97,5,5,Evanilson,2.0,0.0,8.0,3.125,0.0,3–5
101,2,5,,0.0,0.0,1.0,0.0,0.0,≤2
106,3,5,,0.0,0.0,3.0,0.0,0.0,3–5
107,1,5,,0.0,0.0,6.0,0.0,0.0,≤2
108,4,5,,0.0,0.0,0.0,0.0,0.0,3–5
109,1,5,,0.0,0.0,-1.0,0.0,0.0,≤2
110,2,5,,0.0,0.0,1.0,0.0,0.0,≤2
111,1,5,,0.0,0.0,0.0,0.0,0.0,≤2
113,1,5,,0.0,0.0,3.0,0.0,0.0,≤2
116,1,5,,0.0,0.0,0.0,0.0,0.0,≤2
119,2,5,,0.0,0.0,10.0,0.0,0.0,≤2
120,7,5,,0.0,0.0,0.0,0.0,0.0,6–9
123,7,5,,0.0,0.0,1.0,0.0,0.0,6–9
124,6,5,,0.0,0.0,3.0,0.0,0.0,6–9
126,2,5,,0.0,0.0,0.0,0.0,0.0,≤2
129,3,5,,0.0,0.0,2.0,0.0,0.0,3–5
136,1,5,Thiago,1.0,0.0,6.0,1.5625,0.0,≤2
139,2,5,,0.0,0.0,2.0,0.0,0.0,≤2
145,1,5,,0.0,0.0,2.0,0.0,0.0,≤2
146,2,5,,0.0,0.0,5.0,0.0,0.0,≤2
148,4,5,,0.0,0.0,0.0,0.0,0.0,3–5
151,3,5,,0.0,0.0,1.0,0.0,0.0,3–5
152,3,5,,0.0,0.0,1.0,0.0,0.0,3–5
157,7,5,,0.0,0.0,5.0,0.0,0.0,6–9
158,1,5,,0.0,0.0,1.0,0.0,0.0,≤2
160,6,5,,0.0,0.0,4.0,0.0,0.0,6–9
162,1,5,,0.0,0.0,8.0,0.0,0.0,≤2
163,1,5,,0.0,0.0,2.0,0.0,0.0,≤2
166,2,5,,0.0,0.0,1.0,0.0,0.0,≤2
167,0,5,,0.0,0.0,1.0,0.0,0.0,≤2
168,1,5,,0.0,0.0,0.0,0.0,0.0,≤2
170,1,5,,0.0,0.0,6.0,0.0,0.0,≤2
178,2,5,,0.0,0.0,2.0,0.0,0.0,≤2
180,1,5,,0.0,0.0,0.0,0.0,0.0,≤2
187,2,5,,0.0,0.0,0.0,0.0,0.0,≤2
190,4,5,,0.0,0.0,3.0,0.0,0.0,3–5
191,4,5,,0.0,0.0,1.0,0.0,0.0,3–5
192,4,5,,0.0,0.0,1.0,0.0,0.0,3–5
199,1,5,,0.0,0.0,1.0,0.0,0.0,≤2
200,3,5,,0.0,0.0,6.0,0.0,0.0,3–5
205,3,5,,0.0,0.0,2.0,0.0,0.0,3–5
207,1,5,,0.0,0.0,2.0,0.0,0.0,≤2
209,2,5,,0.0,0.0,0.0,0.0,0.0,≤2
210,3,5,,0.0,0.0,3.0,0.0,0.0,3–5
217,2,5,,0.0,0.0,6.0,0.0,0.0,≤2
220,2,5,,0.0,0.0,6.0,0.0,0.0,≤2
224,1,5,,0.0,0.0,6.0,0.0,0.0,≤2
225,1,5,,0.0,0.0,1.0,0.0,0.0,≤2
226,3,5,,0.0,0.0,13.0,0.0,0.0,3–5
230,1,5,,0.0,0.0,0.0,0.0,0.0,≤2
232,1,5,,0.0,0.0,8.0,0.0,0.0,≤2
235,7,5,Palmer,0.0,1.0,0.0,0.0,1.5625,6–9
236,2,5,,0.0,0.0,3.0,0.0,0.0,≤2
237,4,5,,0.0,0.0,12.0,0.0,0.0,3–5
239,1,5,,0.0,0.0,1.0,0.0,0.0,≤2
241,12,5,,0.0,0.0,4.0,0.0,0.0,10–14
242,2,5,,0.0,0.0,12.0,0.0,0.0,≤2
243,0,5,,0.0,0.0,3.0,0.0,0.0,≤2
249,7,5,,0.0,0.0,9.0,0.0,0.0,6–9
253,6,5,,0.0,0.0,7.0,0.0,0.0,6–9
256,5,5,,0.0,0.0,9.0,0.0,0.0,3–5
257,6,5,Lacroix,1.0,1.0,11.0,1.5625,1.5625,6–9
258,6,5,,0.0,0.0,6.0,0.0,0.0,6–9
260,6,5,,0.0,0.0,15.0,0.0,0.0,6–9
261,6,5,,0.0,0.0,8.0,0.0,0.0,6–9
266,6,5,,0.0,0.0,1.0,0.0,0.0,6–9
270,3,5,,0.0,0.0,2.0,0.0,0.0,3–5
271,3,5,,0.0,0.0,6.0,0.0,0.0,3–5
272,3,5,,0.0,0.0,1.0,0.0,0.0,3–5
276,1,5,,0.0,0.0,1.0,0.0,0.0,≤2
283,2,5,,0.0,0.0,5.0,0.0,0.0,≤2
287,6,5,,0.0,0.0,1.0,0.0,0.0,6–9
291,8,5,,0.0,0.0,3.0,0.0,0.0,6–9
293,6,5,,0.0,0.0,1.0,0.0,0.0,6–9
295,6,5,,0.0,0.0,3.0,0.0,0.0,6–9
299,5,5,,0.0,0.0,7.0,0.0,0.0,3–5
302,3,5,,0.0,0.0,2.0,0.0,0.0,3–5
303,5,5,,0.0,0.0,4.0,0.0,0.0,3–5
304,2,5,,0.0,0.0,1.0,0.0,0.0,≤2
310,1,5,,0.0,0.0,1.0,0.0,0.0,≤2
311,2,5,,0.0,0.0,7.0,0.0,0.0,≤2
314,8,5,,0.0,0.0,2.0,0.0,0.0,6–9
317,10,5,,0.0,0.0,3.0,0.0,0.0,10–14
318,9,5,,0.0,0.0,1.0,0.0,0.0,6–9
322,6,5,,0.0,0.0,3.0,0.0,0.0,6–9
324,3,5,,0.0,0.0,1.0,0.0,0.0,3–5
325,1,5,,0.0,0.0,1.0,0.0,0.0,≤2
326,1,5,,0.0,0.0,1.0,0.0,0.0,≤2
328,3,5,,0.0,0.0,2.0,0.0,0.0,3–5
329,1,5,,0.0,0.0,1.0,0.0,0.0,≤2
330,4,5,,0.0,0.0,2.0,0.0,0.0,3–5
331,1,5,,0.0,0.0,0.0,0.0,0.0,≤2
332,6,5,,0.0,0.0,1.0,0.0,0.0,6–9
335,1,5,,0.0,0.0,2.0,0.0,0.0,≤2
337,1,5,,0.0,0.0,1.0,0.0,0.0,≤2
338,2,5,,0.0,0.0,1.0,0.0,0.0,≤2
341,3,5,,0.0,0.0,0.0,0.0,0.0,3–5
342,2,5,,0.0,0.0,6.0,0.0,0.0,≤2
343,2,5,,0.0,0.0,6.0,0.0,0.0,≤2
347,0,5,,0.0,0.0,9.0,0.0,0.0,≤2
348,4,5,,0.0,0.0,7.0,0.0,0.0,3–5
350,5,5,,0.0,0.0,1.0,0.0,0.0,3–5
351,1,5,,0.0,0.0,0.0,0.0,0.0,≤2
352,1,5,,0.0,0.0,1.0,0.0,0.0,≤2
353,1,5,,0.0,0.0,1.0,0.0,0.0,≤2
354,4,5,,0.0,0.0,0.0,0.0,0.0,3–5
365,1,5,,0.0,0.0,2.0,0.0,0.0,≤2
366,6,5,,0.0,0.0,8.0,0.0,0.0,6–9
370,4,5,,0.0,0.0,0.0,0.0,0.0,3–5
371,0,5,,0.0,0.0,6.0,0.0,0.0,≤2
372,1,5,,0.0,0.0,0.0,0.0,0.0,≤2
373,8,5,Virgil,1.0,1.0,8.0,1.5625,1.5625,6–9
374,9,5,,0.0,0.0,6.0,0.0,0.0,6–9
375,0,5,,0.0,0.0,0.0,0.0,0.0,≤2
381,9,5,,0.0,0.0,3.0,0.0,0.0,6–9
382,3,5,Wirtz,0.0,-2.0,3.0,0.0,-3.125,3–5
384,3,5,,0.0,0.0,3.0,0.0,0.0,3–5
385,1,5,,0.0,0.0,1.0,0.0,0.0,≤2
386,1,5,,0.0,0.0,3.0,0.0,0.0,≤2
387,3,5,,0.0,0.0,13.0,0.0,0.0,3–5
389,1,5,,0.0,0.0,0.0,0.0,0.0,≤2
390,3,5,,0.0,0.0,2.0,0.0,0.0,3–5
403,6,5,,0.0,0.0,0.0,0.0,0.0,6–9
405,1,5,,0.0,0.0,0.0,0.0,0.0,≤2
406,8,5,,0.0,0.0,1.0,0.0,0.0,6–9
408,6,5,,0.0,0.0,1.0,0.0,0.0,6–9
411,6,5,,0.0,0.0,1.0,0.0,0.0,6–9
414,12,5,,0.0,0.0,0.0,0.0,0.0,10–14
415,1,5,,0.0,0.0,0.0,0.0,0.0,≤2
416,6,5,,0.0,0.0,2.0,0.0,0.0,6–9
418,10,5,,0.0,0.0,1.0,0.0,0.0,10–14
419,2,5,,0.0,0.0,10.0,0.0,0.0,≤2
421,3,5,,0.0,0.0,2.0,0.0,0.0,3–5
423,1,5,,0.0,0.0,0.0,0.0,0.0,≤2
424,1,5,,0.0,0.0,2.0,0.0,0.0,≤2
426,1,5,,0.0,0.0,1.0,0.0,0.0,≤2
427,3,5,,0.0,0.0,2.0,0.0,0.0,3–5
430,13,5,,0.0,0.0,9.0,0.0,0.0,10–14
431,2,5,,0.0,0.0,1.0,0.0,0.0,≤2
436,1,5,,0.0,0.0,1.0,0.0,0.0,≤2
438,1,5,,0.0,0.0,1.0,0.0,0.0,≤2
441,1,5,,0.0,0.0,0.0,0.0,0.0,≤2
442,1,5,,0.0,0.0,0.0,0.0,0.0,≤2
443,1,5,,0.0,0.0,1.0,0.0,0.0,≤2
444,1,5,,0.0,0.0,1.0,0.0,0.0,≤2
449,2,5,,0.0,0.0,10.0,0.0,0.0,≤2
452,2,5,,0.0,0.0,5.0,0.0,0.0,≤2
453,1,5,,0.0,0.0,0.0,0.0,0.0,≤2
457,1,5,,0.0,0.0,5.0,0.0,0.0,≤2
458,1,5,,0.0,0.0,1.0,0.0,0.0,≤2
459,4,5,,0.0,0.0,0.0,0.0,0.0,3–5
466,1,5,,0.0,0.0,1.0,0.0,0.0,≤2
469,8,5,,0.0,0.0,5.0,0.0,0.0,6–9
470,3,5,,0.0,0.0,2.0,0.0,0.0,3–5
474,8,5,,0.0,0.0,6.0,0.0,0.0,6–9
475,1,5,,0.0,0.0,8.0,0.0,0.0,≤2
476,6,5,,0.0,0.0,6.0,0.0,0.0,6–9
477,6,5,,0.0,0.0,6.0,0.0,0.0,6–9
478,8,5,,0.0,0.0,6.0,0.0,0.0,6–9
486,1,5,Elanga,0.0,-1.0,1.0,0.0,-1.5625,≤2
487,3,5,,0.0,0.0,1.0,0.0,0.0,3–5
488,2,5,,0.0,0.0,3.0,0.0,0.0,≤2
489,6,5,,0.0,0.0,3.0,0.0,0.0,6–9
490,3,5,,0.0,0.0,0.0,0.0,0.0,3–5
491,3,5,,0.0,0.0,3.0,0.0,0.0,3–5
493,2,5,,0.0,0.0,5.0,0.0,0.0,≤2
494,1,5,,0.0,0.0,0.0,0.0,0.0,≤2
500,1,5,,0.0,0.0,2.0,0.0,0.0,≤2
502,1,5,,0.0,0.0,2.0,0.0,0.0,≤2
505,1,5,,0.0,0.0,1.0,0.0,0.0,≤2
506,3,5,Murillo,-5.0,-2.0,1.0,-7.8125,-3.125,3–5
508,0,5,,0.0,0.0,1.0,0.0,0.0,≤2
511,1,5,,0.0,0.0,0.0,0.0,0.0,≤2
515,2,5,,0.0,0.0,2.0,0.0,0.0,≤2
516,1,5,,0.0,0.0,2.0,0.0,0.0,≤2
517,4,5,Anderson,0.0,1.0,2.0,0.0,1.5625,3–5
521,2,5,,0.0,0.0,4.0,0.0,0.0,≤2
522,1,5,,0.0,0.0,0.0,0.0,0.0,≤2
525,1,5,,0.0,0.0,2.0,0.0,0.0,≤2
532,6,5,,0.0,0.0,2.0,0.0,0.0,6–9
541,6,5,,0.0,0.0,1.0,0.0,0.0,6–9
543,3,5,,0.0,0.0,1.0,0.0,0.0,3–5
544,3,5,,0.0,0.0,4.0,0.0,0.0,3–5
551,1,5,,0.0,0.0,0.0,0.0,0.0,≤2
552,3,5,,0.0,0.0,2.0,0.0,0.0,3–5
553,3,5,,0.0,0.0,3.0,0.0,0.0,3–5
560,2,5,,0.0,0.0,8.0,0.0,0.0,≤2
565,8,5,,0.0,0.0,3.0,0.0,0.0,6–9
568,6,5,Pedro Porro,0.0,-1.0,4.0,0.0,-1.5625,6–9
569,12,5,,0.0,0.0,2.0,0.0,0.0,10–14
570,1,5,,0.0,0.0,0.0,0.0,0.0,≤2
573,5,5,,0.0,0.0,1.0,0.0,0.0,3–5
574,1,5,,0.0,0.0,1.0,0.0,0.0,≤2
575,14,5,,0.0,0.0,1.0,0.0,0.0,10–14
580,1,5,,0.0,0.0,1.0,0.0,0.0,≤2
582,3,5,,0.0,0.0,2.0,0.0,0.0,3–5
584,3,5,,0.0,0.0,1.0,0.0,0.0,3–5
586,11,5,,0.0,0.0,1.0,0.0,0.0,10–14
588,1,5,,0.0,0.0,1.0,0.0,0.0,≤2
593,8,5,,0.0,0.0,2.0,0.0,0.0,6–9
597,1,5,,0.0,0.0,2.0,0.0,0.0,≤2
603,1,5,,0.0,0.0,10.0,0.0,0.0,≤2
605,1,5,,0.0,0.0,6.0,0.0,0.0,≤2
606,3,5,,0.0,0.0,6.0,0.0,0.0,3–5
612,2,5,,0.0,0.0,10.0,0.0,0.0,≤2
613,-2,5,,0.0,0.0,3.0,0.0,0.0,≤2
614,2,5,,0.0,0.0,3.0,0.0,0.0,≤2
615,2,5,,0.0,0.0,7.0,0.0,0.0,≤2
619,1,5,,0.0,0.0,0.0,0.0,0.0,≤2
621,1,5,,0.0,0.0,1.0,0.0,0.0,≤2
624,2,5,,0.0,0.0,9.0,0.0,0.0,≤2
627,3,5,,0.0,0.0,0.0,0.0,0.0,3–5
631,4,5,Agbadou,1.0,0.0,1.0,1.5625,0.0,3–5
633,4,5,,0.0,0.0,1.0,0.0,0.0,3–5
634,2,5,,0.0,0.0,0.0,0.0,0.0,≤2
635,2,5,,0.0,0.0,7.0,0.0,0.0,≤2
637,2,5,,0.0,0.0,3.0,0.0,0.0,≤2
642,2,5,,0.0,0.0,7.0,0.0,0.0,≤2
643,1,5,,0.0,0.0,2.0,0.0,0.0,≤2
644,1,5,,0.0,0.0,1.0,0.0,0.0,≤2
645,1,5,,0.0,0.0,1.0,0.0,0.0,≤2
646,3,5,,0.0,0.0,2.0,0.0,0.0,3–5
648,0,5,,0.0,0.0,5.0,0.0,0.0,≤2
659,1,5,,0.0,0.0,6.0,0.0,0.0,≤2
660,1,5,Stach,1.0,0.0,3.0,1.5625,0.0,≤2
661,2,5,,0.0,0.0,2.0,0.0,0.0,≤2
662,7,5,,0.0,0.0,2.0,0.0,0.0,6–9
663,1,5,,0.0,0.0,2.0,0.0,0.0,≤2
666,6,5,Gyökeres,1.0,0.0,1.0,1.5625,0.0,6–9
668,5,5,,0.0,0.0,4.0,0.0,0.0,3–5
669,2,5,,0.0,0.0,1.0,0.0,0.0,≤2
670,10,5,,0.0,0.0,8.0,0.0,0.0,10–14
671,1,5,,0.0,0.0,7.0,0.0,0.0,≤2
672,0,5,,0.0,0.0,0.0,0.0,0.0,≤2
673,3,5,,0.0,0.0,1.0,0.0,0.0,3–5
676,-1,5,,0.0,0.0,2.0,0.0,0.0,≤2
677,1,5,,0.0,0.0,1.0,0.0,0.0,≤2
679,1,5,,0.0,0.0,7.0,0.0,0.0,≤2
680,1,5,,0.0,0.0,0.0,0.0,0.0,≤2
681,2,5,,0.0,0.0,1.0,0.0,0.0,≤2
683,9,5,,0.0,0.0,4.0,0.0,0.0,6–9
686,1,5,,0.0,0.0,0.0,0.0,0.0,≤2
691,2,5,,0.0,0.0,1.0,0.0,0.0,≤2
694,10,5,,0.0,0.0,4.0,0.0,0.0,10–14
695,1,5,,0.0,0.0,1.0,0.0,0.0,≤2
696,1,5,,0.0,0.0,1.0,0.0,0.0,≤2
697,1,5,,0.0,0.0,1.0,0.0,0.0,≤2
698,2,5,,0.0,0.0,0.0,0.0,0.0,≤2
708,2,5,,0.0,0.0,3.0,0.0,0.0,≤2
709,1,5,,0.0,0.0,0.0,0.0,0.0,≤2
712,3,5,,0.0,0.0,1.0,0.0,0.0,3–5
713,0,5,,0.0,0.0,0.0,0.0,0.0,≤2
714,9,5,,0.0,0.0,0.0,0.0,0.0,6–9
716,0,5,,0.0,0.0,0.0,0.0,0.0,≤2
717,6,5,,0.0,0.0,0.0,0.0,0.0,6–9
718,1,5,,0.0,0.0,0.0,0.0,0.0,≤2
719,1,5,,0.0,0.0,0.0,0.0,0.0,≤2
720,2,5,,0.0,0.0,0.0,0.0,0.0,≤2
721,4,5,,0.0,0.0,0.0,0.0,0.0,3–5
722,1,5,,0.0,0.0,0.0,0.0,0.0,≤2
724,1,5,,0.0,0.0,0.0,0.0,0.0,≤2
728,1,5,,0.0,0.0,0.0,0.0,0.0,≤2
730,1,5,,0.0,0.0,0.0,0.0,0.0,≤2
731,1,5,,0.0,0.0,0.0,0.0,0.0,≤2
732,1,5,,0.0,0.0,0.0,0.0,0.0,≤2
734,1,5,,0.0,0.0,0.0,0.0,0.0,≤2
736,6,5,,0.0,0.0,0.0,0.0,0.0,6–9
1,2,6,,0.0,0.0,6.0,0.0,0.0,≤2
5,2,6,Gabriel,0.0,2.0,9.0,0.0,3.125,≤2
6,2,6,,0.0,0.0,0.0,0.0,0.0,≤2
7,2,6,,0.0,0.0,5.0,0.0,0.0,≤2
8,1,6,,0.0,0.0,8.0,0.0,0.0,≤2
12,2,6,,0.0,0.0,0.0,0.0,0.0,≤2
16,1,6,,0.0,0.0,0.0,0.0,0.0,≤2
18,1,6,,0.0,0.0,3.0,0.0,0.0,≤2
19,7,6,,0.0,0.0,1.0,0.0,0.0,6–9
20,2,6,,0.0,0.0,4.0,0.0,0.0,≤2
21,3,6,,0.0,0.0,1.0,0.0,0.0,3–5
22,1,6,,0.0,0.0,3.0,0.0,0.0,≤2
25,1,6,,0.0,0.0,3.0,0.0,0.0,≤2
26,2,6,,0.0,0.0,16.0,0.0,0.0,≤2
32,3,6,,0.0,0.0,6.0,0.0,0.0,3–5
36,10,6,,0.0,0.0,5.0,0.0,0.0,10–14
37,1,6,,0.0,0.0,5.0,0.0,0.0,≤2
38,2,6,,0.0,0.0,6.0,0.0,0.0,≤2
39,0,6,,0.0,0.0,0.0,0.0,0.0,≤2
40,4,6,,0.0,0.0,9.0,0.0,0.0,3–5
44,1,6,,0.0,0.0,9.0,0.0,0.0,≤2
47,2,6,Rogers,0.0,-3.0,3.0,0.0,-4.6875,≤2
50,1,6,,0.0,0.0,2.0,0.0,0.0,≤2
53,1,6,,0.0,0.0,1.0,0.0,0.0,≤2
54,2,6,,0.0,0.0,3.0,0.0,0.0,≤2
58,6,6,,0.0,0.0,0.0,0.0,0.0,6–9
64,2,6,Watkins,0.0,-12.0,2.0,0.0,-18.75,≤2
67,6,6,Petrović,0.0,1.0,2.0,0.0,1.5625,6–9
72,9,6,Senesi,0.0,4.0,3.0,0.0,6.25,6–9
74,9,6,,0.0,0.0,2.0,0.0,0.0,6–9
77,1,6,,0.0,0.0,2.0,0.0,0.0,≤2
81,1,6,,0.0,0.0,1.0,0.0,0.0,≤2
82,5,6,Semenyo,3.0,7.0,13.0,4.6875,10.9375,3–5
83,1,6,,0.0,0.0,1.0,0.0,0.0,≤2
84,3,6,,0.0,0.0,2.0,0.0,0.0,3–5
85,3,6,,0.0,0.0,1.0,0.0,0.0,3–5
86,3,6,,0.0,0.0,1.0,0.0,0.0,3–5
87,1,6,,0.0,0.0,0.0,0.0,0.0,≤2
90,3,6,,0.0,0.0,9.0,0.0,0.0,3–5
97,2,6,Evanilson,0.0,-1.0,5.0,0.0,-1.5625,≤2
101,1,6,,0.0,0.0,2.0,0.0,0.0,≤2
106,0,6,,0.0,0.0,3.0,0.0,0.0,≤2
107,1,6,,0.0,0.0,1.0,0.0,0.0,≤2
108,1,6,,0.0,0.0,4.0,0.0,0.0,≤2
109,1,6,,0.0,0.0,1.0,0.0,0.0,≤2
110,1,6,,0.0,0.0,2.0,0.0,0.0,≤2
111,-1,6,,0.0,0.0,1.0,0.0,0.0,≤2
113,1,6,,0.0,0.0,1.0,0.0,0.0,≤2
119,3,6,Mbeumo,0.0,3.0,2.0,0.0,4.6875,3–5
120,2,6,,0.0,0.0,7.0,0.0,0.0,≤2
121,8,6,,0.0,0.0,0.0,0.0,0.0,6–9
123,1,6,,0.0,0.0,7.0,0.0,0.0,≤2
124,2,6,,0.0,0.0,6.0,0.0,0.0,≤2
125,1,6,,0.0,0.0,0.0,0.0,0.0,≤2
129,2,6,,0.0,0.0,3.0,0.0,0.0,≤2
136,2,6,Thiago,-4.0,-1.0,1.0,-6.25,-1.5625,≤2
139,1,6,,0.0,0.0,2.0,0.0,0.0,≤2
144,1,6,,0.0,0.0,0.0,0.0,0.0,≤2
146,3,6,,0.0,0.0,2.0,0.0,0.0,3–5
148,1,6,,0.0,0.0,4.0,0.0,0.0,≤2
151,1,6,,0.0,0.0,3.0,0.0,0.0,≤2
152,3,6,,0.0,0.0,3.0,0.0,0.0,3–5
157,2,6,,0.0,0.0,7.0,0.0,0.0,≤2
158,5,6,,0.0,0.0,1.0,0.0,0.0,3–5
160,9,6,,0.0,0.0,6.0,0.0,0.0,6–9
162,2,6,,0.0,0.0,1.0,0.0,0.0,≤2
166,8,6,,0.0,0.0,2.0,0.0,0.0,6–9
167,1,6,,0.0,0.0,0.0,0.0,0.0,≤2
169,0,6,,0.0,0.0,0.0,0.0,0.0,≤2
170,1,6,,0.0,0.0,1.0,0.0,0.0,≤2
173,1,6,,0.0,0.0,0.0,0.0,0.0,≤2
178,1,6,,0.0,0.0,2.0,0.0,0.0,≤2
187,2,6,,0.0,0.0,2.0,0.0,0.0,≤2
190,2,6,,0.0,0.0,4.0,0.0,0.0,≤2
191,4,6,,0.0,0.0,4.0,0.0,0.0,3–5
192,2,6,,0.0,0.0,4.0,0.0,0.0,≤2
200,10,6,,0.0,0.0,3.0,0.0,0.0,10–14
205,4,6,,0.0,0.0,3.0,0.0,0.0,3–5
207,1,6,,0.0,0.0,1.0,0.0,0.0,≤2
209,2,6,,0.0,0.0,2.0,0.0,0.0,≤2
210,2,6,,0.0,0.0,3.0,0.0,0.0,≤2
215,1,6,,0.0,0.0,0.0,0.0,0.0,≤2
217,6,6,,0.0,0.0,2.0,0.0,0.0,6–9
220,-3,6,,0.0,0.0,2.0,0.0,0.0,≤2
221,1,6,,0.0,0.0,0.0,0.0,0.0,≤2
224,0,6,Cucurella,0.0,-1.0,1.0,0.0,-1.5625,≤2
225,4,6,,0.0,0.0,1.0,0.0,0.0,3–5
226,8,6,,0.0,0.0,3.0,0.0,0.0,6–9
228,1,6,,0.0,0.0,0.0,0.0,0.0,≤2
230,1,6,,0.0,0.0,1.0,0.0,0.0,≤2
232,0,6,,0.0,0.0,1.0,0.0,0.0,≤2
235,1,6,,0.0,0.0,7.0,0.0,0.0,≤2
236,1,6,,0.0,0.0,2.0,0.0,0.0,≤2
237,1,6,,0.0,0.0,4.0,0.0,0.0,≤2
238,1,6,,0.0,0.0,0.0,0.0,0.0,≤2
241,4,6,,0.0,0.0,12.0,0.0,0.0,3–5
242,1,6,Dewsbury-Hall,0.0,1.0,2.0,0.0,1.5625,≤2
243,0,6,,0.0,0.0,0.0,0.0,0.0,≤2
246,2,6,,0.0,0.0,0.0,0.0,0.0,≤2
249,2,6,João Pedro,0.0,1.0,7.0,0.0,1.5625,≤2
253,1,6,,0.0,0.0,6.0,0.0,0.0,≤2
256,2,6,Muñoz,0.0,-2.0,5.0,0.0,-3.125,≤2
257,2,6,,0.0,0.0,6.0,0.0,0.0,≤2
258,8,6,,0.0,0.0,6.0,0.0,0.0,6–9
260,7,6,,0.0,0.0,6.0,0.0,0.0,6–9
261,4,6,,0.0,0.0,6.0,0.0,0.0,3–5
266,4,6,,0.0,0.0,6.0,0.0,0.0,3–5
270,2,6,,0.0,0.0,3.0,0.0,0.0,≤2
271,2,6,,0.0,0.0,3.0,0.0,0.0,≤2
272,0,6,,0.0,0.0,3.0,0.0,0.0,≤2
273,7,6,,0.0,0.0,0.0,0.0,0.0,6–9
276,1,6,,0.0,0.0,1.0,0.0,0.0,≤2
283,6,6,Mateta,-6.0,-5.0,2.0,-9.375,-7.8125,6–9
284,1,6,,0.0,0.0,0.0,0.0,0.0,≤2
287,1,6,,0.0,0.0,6.0,0.0,0.0,≤2
291,3,6,Tarkowski,0.0,1.0,8.0,0.0,1.5625,3–5
292,1,6,,0.0,0.0,0.0,0.0,0.0,≤2
293,1,6,,0.0,0.0,6.0,0.0,0.0,≤2
295,1,6,,0.0,0.0,6.0,0.0,0.0,≤2
299,6,6,Ndiaye,4.0,3.0,5.0,6.25,4.6875,6–9
301,1,6,,0.0,0.0,0.0,0.0,0.0,≤2
302,10,6,,0.0,0.0,3.0,0.0,0.0,10–14
303,4,6,,0.0,0.0,5.0,0.0,0.0,3–5
310,1,6,,0.0,0.0,1.0,0.0,0.0,≤2
311,1,6,,0.0,0.0,2.0,0.0,0.0,≤2
314,1,6,,0.0,0.0,8.0,0.0,0.0,≤2
317,4,6,,0.0,0.0,10.0,0.0,0.0,3–5
318,4,6,,0.0,0.0,9.0,0.0,0.0,3–5
321,1,6,,0.0,0.0,0.0,0.0,0.0,≤2
322,2,6,,0.0,0.0,6.0,0.0,0.0,≤2
324,13,6,,0.0,0.0,3.0,0.0,0.0,10–14
325,1,6,,0.0,0.0,1.0,0.0,0.0,≤2
328,5,6,,0.0,0.0,3.0,0.0,0.0,3–5
329,9,6,,0.0,0.0,1.0,0.0,0.0,6–9
330,2,6,,0.0,0.0,4.0,0.0,0.0,≤2
331,1,6,,0.0,0.0,1.0,0.0,0.0,≤2
332,1,6,,0.0,0.0,6.0,0.0,0.0,≤2
335,1,6,King,0.0,1.0,1.0,0.0,1.5625,≤2
337,1,6,,0.0,0.0,1.0,0.0,0.0,≤2
338,5,6,Muniz,0.0,-1.0,2.0,0.0,-1.5625,3–5
341,3,6,,0.0,0.0,3.0,0.0,0.0,3–5
342,4,6,,0.0,0.0,2.0,0.0,0.0,3–5
343,4,6,,0.0,0.0,2.0,0.0,0.0,3–5
347,4,6,,0.0,0.0,0.0,0.0,0.0,3–5
348,2,6,,0.0,0.0,4.0,0.0,0.0,≤2
350,2,6,,0.0,0.0,5.0,0.0,0.0,≤2
352,1,6,,0.0,0.0,1.0,0.0,0.0,≤2
354,4,6,,0.0,0.0,4.0,0.0,0.0,3–5
356,1,6,,0.0,0.0,0.0,0.0,0.0,≤2
358,1,6,,0.0,0.0,0.0,0.0,0.0,≤2
365,1,6,,0.0,0.0,1.0,0.0,0.0,≤2
366,2,6,,0.0,0.0,6.0,0.0,0.0,≤2
371,4,6,,0.0,0.0,0.0,0.0,0.0,3–5
373,4,6,,0.0,0.0,8.0,0.0,0.0,3–5
374,4,6,,0.0,0.0,9.0,0.0,0.0,3–5
375,2,6,,0.0,0.0,0.0,0.0,0.0,≤2
381,5,6,M.Salah,-11.0,-24.0,9.0,-17.1875,-37.5,3–5
382,0,6,Wirtz,-1.0,-4.0,3.0,-1.5625,-6.25,≤2
384,2,6,Gakpo,0.0,-1.0,3.0,0.0,-1.5625,≤2
386,2,6,,0.0,0.0,1.0,0.0,0.0,≤2
387,1,6,,0.0,0.0,3.0,0.0,0.0,≤2
388,1,6,,0.0,0.0,0.0,0.0,0.0,≤2
389,1,6,Elliott,0.0,-1.0,1.0,0.0,-1.5625,≤2
390,15,6,,0.0,0.0,3.0,0.0,0.0,15+
403,4,6,Gvardiol,0.0,1.0,6.0,0.0,1.5625,3–5
405,1,6,,0.0,0.0,1.0,0.0,0.0,≤2
406,1,6,,0.0,0.0,8.0,0.0,0.0,≤2
407,1,6,,0.0,0.0,0.0,0.0,0.0,≤2
408,2,6,,0.0,0.0,6.0,0.0,0.0,≤2
409,1,6,,0.0,0.0,0.0,0.0,0.0,≤2
411,6,6,,0.0,0.0,6.0,0.0,0.0,6–9
414,3,6,Foden,1.0,3.0,12.0,1.5625,4.6875,3–5
415,1,6,,0.0,0.0,1.0,0.0,0.0,≤2
416,1,6,,0.0,0.0,6.0,0.0,0.0,≤2
418,3,6,,0.0,0.0,10.0,0.0,0.0,3–5
419,1,6,Grealish,0.0,2.0,2.0,0.0,3.125,≤2
421,4,6,,0.0,0.0,3.0,0.0,0.0,3–5
423,1,6,,0.0,0.0,1.0,0.0,0.0,≤2
427,9,6,Reijnders,5.0,7.0,3.0,7.8125,10.9375,6–9
430,9,6,Haaland,11.0,27.0,13.0,17.1875,42.1875,6–9
431,2,6,,0.0,0.0,2.0,0.0,0.0,≤2
436,2,6,,0.0,0.0,1.0,0.0,0.0,≤2
438,7,6,,0.0,0.0,1.0,0.0,0.0,6–9
441,5,6,,0.0,0.0,1.0,0.0,0.0,3–5
442,11,6,,0.0,0.0,1.0,0.0,0.0,10–14
443,2,6,,0.0,0.0,1.0,0.0,0.0,≤2
444,1,6,,0.0,0.0,1.0,0.0,0.0,≤2
449,10,6,B.Fernandes,0.0,5.0,2.0,0.0,7.8125,10–14
450,1,6,,0.0,0.0,0.0,0.0,0.0,≤2
452,2,6,,0.0,0.0,2.0,0.0,0.0,≤2
455,1,6,,0.0,0.0,0.0,0.0,0.0,≤2
456,1,6,,0.0,0.0,0.0,0.0,0.0,≤2
457,3,6,,0.0,0.0,1.0,0.0,0.0,3–5
458,1,6,,0.0,0.0,1.0,0.0,0.0,≤2
459,1,6,,0.0,0.0,4.0,0.0,0.0,≤2
469,6,6,,0.0,0.0,8.0,0.0,0.0,6–9
470,4,6,,0.0,0.0,3.0,0.0,0.0,3–5
473,7,6,,0.0,0.0,0.0,0.0,0.0,6–9
475,8,6,,0.0,0.0,1.0,0.0,0.0,6–9
476,9,6,,0.0,0.0,6.0,0.0,0.0,6–9
477,6,6,,0.0,0.0,6.0,0.0,0.0,6–9
480,1,6,,0.0,0.0,0.0,0.0,0.0,≤2
486,1,6,Elanga,0.0,-1.0,1.0,0.0,-1.5625,≤2
487,1,6,,0.0,0.0,3.0,0.0,0.0,≤2
489,3,6,,0.0,0.0,6.0,0.0,0.0,3–5
491,3,6,,0.0,0.0,3.0,0.0,0.0,3–5
493,2,6,,0.0,0.0,2.0,0.0,0.0,≤2
494,3,6,,0.0,0.0,1.0,0.0,0.0,3–5
497,3,6,,0.0,0.0,0.0,0.0,0.0,3–5
499,1,6,,0.0,0.0,0.0,0.0,0.0,≤2
500,1,6,,0.0,0.0,1.0,0.0,0.0,≤2
502,3,6,,0.0,0.0,1.0,0.0,0.0,3–5
505,2,6,Milenković,0.0,-1.0,1.0,0.0,-1.5625,≤2
508,10,6,N.Williams,0.0,-1.0,0.0,0.0,-1.5625,10–14
511,1,6,,0.0,0.0,1.0,0.0,0.0,≤2
515,2,6,,0.0,0.0,2.0,0.0,0.0,≤2
516,1,6,,0.0,0.0,1.0,0.0,0.0,≤2
517,4,6,,0.0,0.0,4.0,0.0,0.0,3–5
521,1,6,,0.0,0.0,2.0,0.0,0.0,≤2
525,2,6,Wood,0.0,-2.0,1.0,0.0,-3.125,≤2
526,1,6,,0.0,0.0,0.0,0.0,0.0,≤2
531,1,6,,0.0,0.0,0.0,0.0,0.0,≤2
532,4,6,,0.0,0.0,6.0,0.0,0.0,3–5
541,-2,6,Reinildo,0.0,-1.0,6.0,0.0,-1.5625,≤2
547,2,6,,0.0,0.0,0.0,0.0,0.0,≤2
549,1,6,,0.0,0.0,0.0,0.0,0.0,≤2
551,1,6,,0.0,0.0,1.0,0.0,0.0,≤2
552,1,6,,0.0,0.0,3.0,0.0,0.0,≤2
553,2,6,,0.0,0.0,3.0,0.0,0.0,≤2
560,9,6,,0.0,0.0,2.0,0.0,0.0,6–9
561,1,6,,0.0,0.0,0.0,0.0,0.0,≤2
565,1,6,,0.0,0.0,8.0,0.0,0.0,≤2
568,1,6,Pedro Porro,0.0,-1.0,6.0,0.0,-1.5625,≤2
569,2,6,,0.0,0.0,12.0,0.0,0.0,≤2
573,1,6,,0.0,0.0,5.0,0.0,0.0,≤2
574,1,6,,0.0,0.0,1.0,0.0,0.0,≤2
575,1,6,,0.0,0.0,14.0,0.0,0.0,≤2
580,1,6,,0.0,0.0,1.0,0.0,0.0,≤2
582,7,6,,0.0,0.0,3.0,0.0,0.0,6–9
585,2,6,,0.0,0.0,0.0,0.0,0.0,≤2
586,4,6,,0.0,0.0,11.0,0.0,0.0,3–5
588,2,6,,0.0,0.0,1.0,0.0,0.0,≤2
591,1,6,,0.0,0.0,0.0,0.0,0.0,≤2
597,9,6,Richarlison,0.0,1.0,1.0,0.0,1.5625,6–9
600,1,6,,0.0,0.0,0.0,0.0,0.0,≤2
603,3,6,,0.0,0.0,1.0,0.0,0.0,3–5
605,2,6,,0.0,0.0,1.0,0.0,0.0,≤2
606,3,6,,0.0,0.0,3.0,0.0,0.0,3–5
612,1,6,L.Paquetá,0.0,-1.0,2.0,0.0,-1.5625,≤2
614,2,6,,0.0,0.0,2.0,0.0,0.0,≤2
615,2,6,,0.0,0.0,2.0,0.0,0.0,≤2
619,1,6,,0.0,0.0,1.0,0.0,0.0,≤2
624,9,6,,0.0,0.0,2.0,0.0,0.0,6–9
625,1,6,,0.0,0.0,0.0,0.0,0.0,≤2
628,1,6,,0.0,0.0,0.0,0.0,0.0,≤2
631,3,6,,0.0,0.0,4.0,0.0,0.0,3–5
633,1,6,,0.0,0.0,4.0,0.0,0.0,≤2
634,1,6,,0.0,0.0,2.0,0.0,0.0,≤2
635,0,6,,0.0,0.0,2.0,0.0,0.0,≤2
637,1,6,,0.0,0.0,2.0,0.0,0.0,≤2
643,1,6,,0.0,0.0,1.0,0.0,0.0,≤2
644,1,6,,0.0,0.0,1.0,0.0,0.0,≤2
645,3,6,,0.0,0.0,1.0,0.0,0.0,3–5
646,4,6,,0.0,0.0,3.0,0.0,0.0,3–5
648,1,6,,0.0,0.0,0.0,0.0,0.0,≤2
654,1,6,Strand Larsen,-1.0,-3.0,0.0,-1.5625,-4.6875,≤2
659,1,6,,0.0,0.0,1.0,0.0,0.0,≤2
660,15,6,Stach,0.0,3.0,1.0,0.0,4.6875,15+
661,8,6,Ekitiké,0.0,-2.0,2.0,0.0,-3.125,6–9
662,1,6,,0.0,0.0,7.0,0.0,0.0,≤2
663,1,6,,0.0,0.0,1.0,0.0,0.0,≤2
666,2,6,,0.0,0.0,6.0,0.0,0.0,≤2
668,4,6,,0.0,0.0,5.0,0.0,0.0,3–5
669,2,6,,0.0,0.0,2.0,0.0,0.0,≤2
670,2,6,,0.0,0.0,10.0,0.0,0.0,≤2
671,1,6,,0.0,0.0,1.0,0.0,0.0,≤2
673,4,6,,0.0,0.0,3.0,0.0,0.0,3–5
677,3,6,,0.0,0.0,1.0,0.0,0.0,3–5
678,1,6,,0.0,0.0,0.0,0.0,0.0,≤2
681,1,6,,0.0,0.0,2.0,0.0,0.0,≤2
683,4,6,,0.0,0.0,9.0,0.0,0.0,3–5
684,7,6,,0.0,0.0,0.0,0.0,0.0,6–9
685,5,6,,0.0,0.0,0.0,0.0,0.0,3–5
691,11,6,,0.0,0.0,2.0,0.0,0.0,10–14
694,4,6,,0.0,0.0,10.0,0.0,0.0,3–5
695,1,6,,0.0,0.0,1.0,0.0,0.0,≤2
696,1,6,,0.0,0.0,1.0,0.0,0.0,≤2
697,1,6,,0.0,0.0,1.0,0.0,0.0,≤2
698,8,6,,0.0,0.0,2.0,0.0,0.0,6–9
699,5,6,,0.0,0.0,0.0,0.0,0.0,3–5
706,1,6,,0.0,0.0,0.0,0.0,0.0,≤2
707,1,6,,0.0,0.0,0.0,0.0,0.0,≤2
708,2,6,,0.0,0.0,2.0,0.0,0.0,≤2
709,7,6,,0.0,0.0,1.0,0.0,0.0,6–9
712,1,6,,0.0,0.0,3.0,0.0,0.0,≤2
713,0,6,,0.0,0.0,0.0,0.0,0.0,≤2
714,2,6,,0.0,0.0,9.0,0.0,0.0,≤2
717,1,6,Xavi,0.0,1.0,6.0,0.0,1.5625,≤2
718,1,6,,0.0,0.0,1.0,0.0,0.0,≤2
720,2,6,,0.0,0.0,2.0,0.0,0.0,≤2
722,3,6,,0.0,0.0,1.0,0.0,0.0,3–5
724,1,6,,0.0,0.0,1.0,0.0,0.0,≤2
731,0,6,,0.0,0.0,1.0,0.0,0.0,≤2
734,1,6,,0.0,0.0,1.0,0.0,0.0,≤2
736,1,6,,0.0,0.0,6.0,0.0,0.0,≤2
1,2,7,Raya,0.0,2.0,2.0,0.0,3.125,≤2
5,13,7,Gabriel,4.0,8.0,2.0,6.25,12.5,10–14
6,1,7,,0.0,0.0,2.0,0.0,0.0,≤2
7,1,7,Calafiori,1.0,0.0,2.0,1.5625,0.0,≤2
8,2,7,J.Timber,0.0,3.0,1.0,0.0,4.6875,≤2
10,1,7,,0.0,0.0,0.0,0.0,0.0,≤2
12,2,7,,0.0,0.0,2.0,0.0,0.0,≤2
16,2,7,Saka,2.0,7.0,1.0,3.125,10.9375,≤2
17,4,7,,0.0,0.0,0.0,0.0,0.0,3–5
19,1,7,,0.0,0.0,7.0,0.0,0.0,≤2
20,2,7,,0.0,0.0,2.0,0.0,0.0,≤2
21,9,7,,0.0,0.0,3.0,0.0,0.0,6–9
22,6,7,,0.0,0.0,1.0,0.0,0.0,6–9
26,2,7,,0.0,0.0,2.0,0.0,0.0,≤2
32,3,7,Martinez,0.0,-1.0,3.0,0.0,-1.5625,3–5
36,2,7,,0.0,0.0,10.0,0.0,0.0,≤2
37,5,7,,0.0,0.0,1.0,0.0,0.0,3–5
38,2,7,,0.0,0.0,2.0,0.0,0.0,≤2
40,1,7,,0.0,0.0,4.0,0.0,0.0,≤2
41,1,7,,0.0,0.0,0.0,0.0,0.0,≤2
44,2,7,,0.0,0.0,1.0,0.0,0.0,≤2
47,5,7,,0.0,0.0,2.0,0.0,0.0,3–5
50,12,7,,0.0,0.0,1.0,0.0,0.0,10–14
53,1,7,,0.0,0.0,1.0,0.0,0.0,≤2
54,6,7,,0.0,0.0,2.0,0.0,0.0,6–9
58,1,7,,0.0,0.0,6.0,0.0,0.0,≤2
64,8,7,,0.0,0.0,2.0,0.0,0.0,6–9
67,3,7,,0.0,0.0,6.0,0.0,0.0,3–5
72,7,7,Senesi,0.0,5.0,9.0,0.0,7.8125,6–9
74,3,7,,0.0,0.0,9.0,0.0,0.0,3–5
81,1,7,,0.0,0.0,1.0,0.0,0.0,≤2
82,7,7,Semenyo,1.0,0.0,5.0,1.5625,0.0,6–9
83,2,7,,0.0,0.0,1.0,0.0,0.0,≤2
84,1,7,,0.0,0.0,3.0,0.0,0.0,≤2
85,2,7,,0.0,0.0,3.0,0.0,0.0,≤2
86,1,7,,0.0,0.0,3.0,0.0,0.0,≤2
87,4,7,,0.0,0.0,1.0,0.0,0.0,3–5
90,1,7,,0.0,0.0,3.0,0.0,0.0,≤2
97,2,7,,0.0,0.0,2.0,0.0,0.0,≤2
100,12,7,,0.0,0.0,0.0,0.0,0.0,10–14
101,8,7,,0.0,0.0,1.0,0.0,0.0,6–9
106,1,7,,0.0,0.0,0.0,0.0,0.0,≤2
107,1,7,,0.0,0.0,1.0,0.0,0.0,≤2
109,1,7,,0.0,0.0,1.0,0.0,0.0,≤2
110,2,7,,0.0,0.0,1.0,0.0,0.0,≤2
113,2,7,,0.0,0.0,1.0,0.0,0.0,≤2
116,2,7,,0.0,0.0,0.0,0.0,0.0,≤2
119,2,7,,0.0,0.0,3.0,0.0,0.0,≤2
120,4,7,,0.0,0.0,2.0,0.0,0.0,3–5
121,2,7,,0.0,0.0,8.0,0.0,0.0,≤2
124,6,7,,0.0,0.0,2.0,0.0,0.0,6–9
125,1,7,,0.0,0.0,1.0,0.0,0.0,≤2
126,6,7,,0.0,0.0,0.0,0.0,0.0,6–9
128,1,7,,0.0,0.0,0.0,0.0,0.0,≤2
129,7,7,,0.0,0.0,2.0,0.0,0.0,6–9
136,13,7,,0.0,0.0,2.0,0.0,0.0,10–14
139,2,7,,0.0,0.0,1.0,0.0,0.0,≤2
145,8,7,,0.0,0.0,0.0,0.0,0.0,6–9
146,1,7,,0.0,0.0,3.0,0.0,0.0,≤2
148,2,7,,0.0,0.0,1.0,0.0,0.0,≤2
149,1,7,,0.0,0.0,0.0,0.0,0.0,≤2
151,3,7,,0.0,0.0,1.0,0.0,0.0,3–5
152,0,7,,0.0,0.0,3.0,0.0,0.0,≤2
157,2,7,Mitoma,-1.0,0.0,2.0,-1.5625,0.0,≤2
158,2,7,,0.0,0.0,5.0,0.0,0.0,≤2
160,5,7,Minteh,1.0,0.0,9.0,1.5625,0.0,3–5
162,4,7,,0.0,0.0,2.0,0.0,0.0,3–5
166,2,7,,0.0,0.0,8.0,0.0,0.0,≤2
167,2,7,,0.0,0.0,1.0,0.0,0.0,≤2
169,2,7,,0.0,0.0,0.0,0.0,0.0,≤2
173,3,7,,0.0,0.0,1.0,0.0,0.0,3–5
178,11,7,,0.0,0.0,1.0,0.0,0.0,10–14
180,1,7,,0.0,0.0,0.0,0.0,0.0,≤2
187,-1,7,,0.0,0.0,2.0,0.0,0.0,≤2
190,0,7,,0.0,0.0,2.0,0.0,0.0,≤2
191,-2,7,,0.0,0.0,4.0,0.0,0.0,≤2
192,3,7,,0.0,0.0,2.0,0.0,0.0,3–5
193,0,7,,0.0,0.0,0.0,0.0,0.0,≤2
200,6,7,,0.0,0.0,10.0,0.0,0.0,6–9
202,1,7,,0.0,0.0,0.0,0.0,0.0,≤2
205,4,7,,0.0,0.0,4.0,0.0,0.0,3–5
207,1,7,,0.0,0.0,1.0,0.0,0.0,≤2
209,2,7,,0.0,0.0,2.0,0.0,0.0,≤2
210,2,7,,0.0,0.0,2.0,0.0,0.0,≤2
217,2,7,,0.0,0.0,6.0,0.0,0.0,≤2
220,1,7,,0.0,0.0,-3.0,0.0,0.0,≤2
224,0,7,Cucurella,0.0,-3.0,0.0,0.0,-4.6875,≤2
225,3,7,,0.0,0.0,4.0,0.0,0.0,3–5
226,-3,7,,0.0,0.0,8.0,0.0,0.0,≤2
228,0,7,,0.0,0.0,1.0,0.0,0.0,≤2
229,-1,7,,0.0,0.0,0.0,0.0,0.0,≤2
233,0,7,,0.0,0.0,0.0,0.0,0.0,≤2
236,2,7,,0.0,0.0,1.0,0.0,0.0,≤2
237,9,7,,0.0,0.0,1.0,0.0,0.0,6–9
238,3,7,,0.0,0.0,1.0,0.0,0.0,3–5
241,2,7,,0.0,0.0,4.0,0.0,0.0,≤2
242,1,7,,0.0,0.0,1.0,0.0,0.0,≤2
244,1,7,,0.0,0.0,0.0,0.0,0.0,≤2
246,1,7,,0.0,0.0,2.0,0.0,0.0,≤2
249,2,7,João Pedro,0.0,-2.0,2.0,0.0,-3.125,≤2
253,3,7,,0.0,0.0,1.0,0.0,0.0,3–5
256,2,7,Muñoz,-2.0,0.0,2.0,-3.125,0.0,≤2
257,4,7,Lacroix,0.0,0.0,2.0,0.0,0.0,3–5
258,4,7,,0.0,0.0,8.0,0.0,0.0,3–5
260,7,7,,0.0,0.0,7.0,0.0,0.0,6–9
261,4,7,,0.0,0.0,4.0,0.0,0.0,3–5
266,2,7,Eze,0.0,1.0,4.0,0.0,1.5625,≤2
267,11,7,Sarr,0.0,2.0,0.0,0.0,3.125,10–14
270,1,7,,0.0,0.0,2.0,0.0,0.0,≤2
271,5,7,,0.0,0.0,2.0,0.0,0.0,3–5
272,1,7,,0.0,0.0,0.0,0.0,0.0,≤2
273,3,7,,0.0,0.0,7.0,0.0,0.0,3–5
276,1,7,,0.0,0.0,1.0,0.0,0.0,≤2
283,2,7,,0.0,0.0,6.0,0.0,0.0,≤2
284,4,7,,0.0,0.0,1.0,0.0,0.0,3–5
287,2,7,,0.0,0.0,1.0,0.0,0.0,≤2
291,1,7,,0.0,0.0,3.0,0.0,0.0,≤2
292,1,7,,0.0,0.0,1.0,0.0,0.0,≤2
293,2,7,,0.0,0.0,1.0,0.0,0.0,≤2
295,11,7,,0.0,0.0,1.0,0.0,0.0,10–14
299,2,7,Ndiaye,0.0,-1.0,6.0,0.0,-1.5625,≤2
302,2,7,,0.0,0.0,10.0,0.0,0.0,≤2
303,7,7,,0.0,0.0,4.0,0.0,0.0,6–9
310,1,7,,0.0,0.0,1.0,0.0,0.0,≤2
311,2,7,,0.0,0.0,1.0,0.0,0.0,≤2
314,1,7,,0.0,0.0,1.0,0.0,0.0,≤2
316,1,7,,0.0,0.0,0.0,0.0,0.0,≤2
317,3,7,,0.0,0.0,4.0,0.0,0.0,3–5
318,0,7,,0.0,0.0,4.0,0.0,0.0,≤2
319,3,7,,0.0,0.0,0.0,0.0,0.0,3–5
324,2,7,,0.0,0.0,13.0,0.0,0.0,≤2
325,1,7,,0.0,0.0,1.0,0.0,0.0,≤2
326,2,7,,0.0,0.0,0.0,0.0,0.0,≤2
328,2,7,,0.0,0.0,5.0,0.0,0.0,≤2
329,1,7,,0.0,0.0,9.0,0.0,0.0,≤2
330,2,7,,0.0,0.0,2.0,0.0,0.0,≤2
332,4,7,,0.0,0.0,1.0,0.0,0.0,3–5
335,1,7,,0.0,0.0,1.0,0.0,0.0,≤2
337,6,7,,0.0,0.0,1.0,0.0,0.0,6–9
341,2,7,,0.0,0.0,3.0,0.0,0.0,≤2
342,3,7,,0.0,0.0,4.0,0.0,0.0,3–5
343,3,7,,0.0,0.0,4.0,0.0,0.0,3–5
347,1,7,Gudmundsson,0.0,-2.0,4.0,0.0,-3.125,≤2
348,7,7,,0.0,0.0,2.0,0.0,0.0,6–9
350,4,7,,0.0,0.0,2.0,0.0,0.0,3–5
352,1,7,,0.0,0.0,1.0,0.0,0.0,≤2
354,1,7,,0.0,0.0,4.0,0.0,0.0,≤2
358,1,7,,0.0,0.0,1.0,0.0,0.0,≤2
365,1,7,,0.0,0.0,1.0,0.0,0.0,≤2
366,2,7,,0.0,0.0,2.0,0.0,0.0,≤2
370,1,7,,0.0,0.0,0.0,0.0,0.0,≤2
371,1,7,,0.0,0.0,4.0,0.0,0.0,≤2
373,2,7,,0.0,0.0,4.0,0.0,0.0,≤2
374,3,7,,0.0,0.0,4.0,0.0,0.0,3–5
375,1,7,,0.0,0.0,2.0,0.0,0.0,≤2
381,2,7,M.Salah,0.0,-2.0,5.0,0.0,-3.125,≤2
382,2,7,Wirtz,-2.0,-6.0,0.0,-3.125,-9.375,≤2
384,1,7,Gakpo,0.0,-3.0,2.0,0.0,-4.6875,≤2
385,5,7,,0.0,0.0,0.0,0.0,0.0,3–5
386,2,7,,0.0,0.0,2.0,0.0,0.0,≤2
387,5,7,,0.0,0.0,1.0,0.0,0.0,3–5
388,1,7,,0.0,0.0,1.0,0.0,0.0,≤2
389,1,7,Elliott,0.0,-1.0,1.0,0.0,-1.5625,≤2
390,8,7,,0.0,0.0,15.0,0.0,0.0,6–9
391,1,7,,0.0,0.0,0.0,0.0,0.0,≤2
403,2,7,,0.0,0.0,4.0,0.0,0.0,≤2
405,1,7,,0.0,0.0,1.0,0.0,0.0,≤2
407,12,7,,0.0,0.0,1.0,0.0,0.0,10–14
408,2,7,,0.0,0.0,2.0,0.0,0.0,≤2
410,1,7,,0.0,0.0,0.0,0.0,0.0,≤2
411,2,7,,0.0,0.0,6.0,0.0,0.0,≤2
414,1,7,,0.0,0.0,3.0,0.0,0.0,≤2
415,2,7,,0.0,0.0,1.0,0.0,0.0,≤2
416,1,7,,0.0,0.0,1.0,0.0,0.0,≤2
418,10,7,,0.0,0.0,3.0,0.0,0.0,10–14
419,2,7,Grealish,0.0,-1.0,1.0,0.0,-1.5625,≤2
423,2,7,,0.0,0.0,1.0,0.0,0.0,≤2
424,1,7,,0.0,0.0,0.0,0.0,0.0,≤2
426,1,7,,0.0,0.0,0.0,0.0,0.0,≤2
427,2,7,Reijnders,0.0,-1.0,9.0,0.0,-1.5625,≤2
430,16,7,,0.0,0.0,9.0,0.0,0.0,15+
431,2,7,,0.0,0.0,2.0,0.0,0.0,≤2
436,3,7,,0.0,0.0,2.0,0.0,0.0,3–5
440,1,7,,0.0,0.0,0.0,0.0,0.0,≤2
441,0,7,,0.0,0.0,5.0,0.0,0.0,≤2
442,1,7,,0.0,0.0,11.0,0.0,0.0,≤2
443,1,7,,0.0,0.0,2.0,0.0,0.0,≤2
444,1,7,,0.0,0.0,1.0,0.0,0.0,≤2
449,-1,7,,0.0,0.0,10.0,0.0,0.0,≤2
450,2,7,,0.0,0.0,1.0,0.0,0.0,≤2
455,1,7,,0.0,0.0,1.0,0.0,0.0,≤2
458,1,7,,0.0,0.0,1.0,0.0,0.0,≤2
459,2,7,,0.0,0.0,1.0,0.0,0.0,≤2
466,1,7,,0.0,0.0,0.0,0.0,0.0,≤2
469,2,7,Pope,0.0,1.0,6.0,0.0,1.5625,≤2
470,1,7,,0.0,0.0,4.0,0.0,0.0,≤2
475,3,7,,0.0,0.0,8.0,0.0,0.0,3–5
476,0,7,,0.0,0.0,9.0,0.0,0.0,≤2
477,6,7,Livramento,0.0,-1.0,6.0,0.0,-1.5625,6–9
478,0,7,Trippier,0.0,1.0,0.0,0.0,1.5625,≤2
480,0,7,,0.0,0.0,1.0,0.0,0.0,≤2
485,3,7,Gordon,0.0,7.0,0.0,0.0,10.9375,3–5
486,1,7,,0.0,0.0,1.0,0.0,0.0,≤2
487,1,7,,0.0,0.0,1.0,0.0,0.0,≤2
488,2,7,,0.0,0.0,0.0,0.0,0.0,≤2
489,3,7,,0.0,0.0,3.0,0.0,0.0,3–5
490,3,7,,0.0,0.0,0.0,0.0,0.0,3–5
491,6,7,,0.0,0.0,3.0,0.0,0.0,6–9
493,15,7,,0.0,0.0,2.0,0.0,0.0,15+
499,2,7,,0.0,0.0,1.0,0.0,0.0,≤2
500,1,7,,0.0,0.0,1.0,0.0,0.0,≤2
502,2,7,Sels,0.0,-3.0,3.0,0.0,-4.6875,≤2
505,1,7,,0.0,0.0,2.0,0.0,0.0,≤2
508,1,7,N.Williams,0.0,-1.0,10.0,0.0,-1.5625,≤2
511,2,7,,0.0,0.0,1.0,0.0,0.0,≤2
515,1,7,,0.0,0.0,2.0,0.0,0.0,≤2
516,1,7,,0.0,0.0,1.0,0.0,0.0,≤2
517,3,7,,0.0,0.0,4.0,0.0,0.0,3–5
519,0,7,,0.0,0.0,0.0,0.0,0.0,≤2
525,2,7,Wood,0.0,-2.0,2.0,0.0,-3.125,≤2
526,1,7,,0.0,0.0,1.0,0.0,0.0,≤2
531,1,7,,0.0,0.0,1.0,0.0,0.0,≤2
532,6,7,,0.0,0.0,4.0,0.0,0.0,6–9
543,1,7,,0.0,0.0,0.0,0.0,0.0,≤2
547,3,7,,0.0,0.0,2.0,0.0,0.0,3–5
551,1,7,,0.0,0.0,1.0,0.0,0.0,≤2
552,2,7,,0.0,0.0,1.0,0.0,0.0,≤2
553,3,7,,0.0,0.0,2.0,0.0,0.0,3–5
560,2,7,,0.0,0.0,9.0,0.0,0.0,≤2
565,2,7,,0.0,0.0,1.0,0.0,0.0,≤2
568,1,7,Pedro Porro,-1.0,-5.0,1.0,-1.5625,-7.8125,≤2
569,2,7,,0.0,0.0,2.0,0.0,0.0,≤2
573,2,7,,0.0,0.0,1.0,0.0,0.0,≤2
574,2,7,,0.0,0.0,1.0,0.0,0.0,≤2
575,2,7,Van de Ven,0.0,-1.0,1.0,0.0,-1.5625,≤2
580,1,7,,0.0,0.0,1.0,0.0,0.0,≤2
582,2,7,,0.0,0.0,7.0,0.0,0.0,≤2
584,1,7,,0.0,0.0,0.0,0.0,0.0,≤2
585,2,7,,0.0,0.0,2.0,0.0,0.0,≤2
586,1,7,,0.0,0.0,4.0,0.0,0.0,≤2
588,1,7,,0.0,0.0,2.0,0.0,0.0,≤2
593,4,7,,0.0,0.0,0.0,0.0,0.0,3–5
597,2,7,Richarlison,0.0,-1.0,9.0,0.0,-1.5625,≤2
600,3,7,,0.0,0.0,1.0,0.0,0.0,3–5
603,5,7,,0.0,0.0,3.0,0.0,0.0,3–5
605,3,7,,0.0,0.0,2.0,0.0,0.0,3–5
606,1,7,,0.0,0.0,3.0,0.0,0.0,≤2
612,4,7,,0.0,0.0,1.0,0.0,0.0,3–5
615,2,7,,0.0,0.0,2.0,0.0,0.0,≤2
619,1,7,,0.0,0.0,1.0,0.0,0.0,≤2
621,1,7,,0.0,0.0,0.0,0.0,0.0,≤2
623,1,7,,0.0,0.0,0.0,0.0,0.0,≤2
624,9,7,Bowen,0.0,-1.0,9.0,0.0,-1.5625,6–9
625,2,7,,0.0,0.0,1.0,0.0,0.0,≤2
627,2,7,,0.0,0.0,0.0,0.0,0.0,≤2
631,1,7,,0.0,0.0,3.0,0.0,0.0,≤2
632,0,7,,0.0,0.0,0.0,0.0,0.0,≤2
633,2,7,,0.0,0.0,1.0,0.0,0.0,≤2
636,12,7,,0.0,0.0,0.0,0.0,0.0,10–14
637,1,7,,0.0,0.0,1.0,0.0,0.0,≤2
642,1,7,,0.0,0.0,0.0,0.0,0.0,≤2
643,5,7,,0.0,0.0,1.0,0.0,0.0,3–5
644,1,7,,0.0,0.0,1.0,0.0,0.0,≤2
646,2,7,,0.0,0.0,4.0,0.0,0.0,≤2
648,4,7,,0.0,0.0,1.0,0.0,0.0,3–5
654,2,7,,0.0,0.0,1.0,0.0,0.0,≤2
659,1,7,,0.0,0.0,1.0,0.0,0.0,≤2
660,2,7,,0.0,0.0,15.0,0.0,0.0,≤2
662,1,7,,0.0,0.0,1.0,0.0,0.0,≤2
663,5,7,,0.0,0.0,1.0,0.0,0.0,3–5
666,2,7,Gyökeres,0.0,6.0,2.0,0.0,9.375,≤2
668,9,7,,0.0,0.0,4.0,0.0,0.0,6–9
669,1,7,Ndoye,0.0,-1.0,2.0,0.0,-1.5625,≤2
670,10,7,,0.0,0.0,2.0,0.0,0.0,10–14
672,2,7,,0.0,0.0,0.0,0.0,0.0,≤2
673,9,7,,0.0,0.0,4.0,0.0,0.0,6–9
676,1,7,,0.0,0.0,0.0,0.0,0.0,≤2
677,2,7,,0.0,0.0,3.0,0.0,0.0,≤2
678,0,7,,0.0,0.0,1.0,0.0,0.0,≤2
680,1,7,,0.0,0.0,0.0,0.0,0.0,≤2
681,8,7,,0.0,0.0,1.0,0.0,0.0,6–9
683,17,7,,0.0,0.0,4.0,0.0,0.0,15+
684,3,7,,0.0,0.0,7.0,0.0,0.0,3–5
685,3,7,,0.0,0.0,5.0,0.0,0.0,3–5
686,1,7,,0.0,0.0,0.0,0.0,0.0,≤2
691,2,7,,0.0,0.0,11.0,0.0,0.0,≤2
693,1,7,,0.0,0.0,0.0,0.0,0.0,≤2
694,6,7,,0.0,0.0,4.0,0.0,0.0,6–9
695,1,7,,0.0,0.0,1.0,0.0,0.0,≤2
696,1,7,,0.0,0.0,1.0,0.0,0.0,≤2
697,1,7,,0.0,0.0,1.0,0.0,0.0,≤2
698,2,7,,0.0,0.0,8.0,0.0,0.0,≤2
707,1,7,,0.0,0.0,1.0,0.0,0.0,≤2
708,2,7,,0.0,0.0,2.0,0.0,0.0,≤2
709,2,7,,0.0,0.0,7.0,0.0,0.0,≤2
712,3,7,,0.0,0.0,1.0,0.0,0.0,3–5
713,0,7,,0.0,0.0,0.0,0.0,0.0,≤2
714,7,7,,0.0,0.0,2.0,0.0,0.0,6–9
717,1,7,,0.0,0.0,1.0,0.0,0.0,≤2
718,0,7,,0.0,0.0,1.0,0.0,0.0,≤2
719,1,7,,0.0,0.0,0.0,0.0,0.0,≤2
720,1,7,,0.0,0.0,2.0,0.0,0.0,≤2
722,4,7,,0.0,0.0,3.0,0.0,0.0,3–5
724,1,7,,0.0,0.0,1.0,0.0,0.0,≤2
727,1,7,,0.0,0.0,0.0,0.0,0.0,≤2
730,1,7,,0.0,0.0,0.0,0.0,0.0,≤2
731,1,7,,0.0,0.0,0.0,0.0,0.0,≤2
734,2,7,,0.0,0.0,1.0,0.0,0.0,≤2
735,1,7,,0.0,0.0,0.0,0.0,0.0,≤2
736,2,7,,0.0,0.0,1.0,0.0,0.0,≤2
1,6,8,Raya,0.0,-1.0,2.0,0.0,-1.5625,6–9
5,9,8,Gabriel,3.0,5.0,13.0,4.6875,7.8125,6–9
6,6,8,,0.0,0.0,1.0,0.0,0.0,6–9
7,6,8,,0.0,0.0,1.0,0.0,0.0,6–9
8,11,8,J.Timber,0.0,3.0,2.0,0.0,4.6875,10–14
10,1,8,,0.0,0.0,1.0,0.0,0.0,≤2
16,8,8,Saka,4.0,7.0,2.0,6.25,10.9375,6–9
17,1,8,,0.0,0.0,4.0,0.0,0.0,≤2
19,1,8,,0.0,0.0,1.0,0.0,0.0,≤2
20,3,8,,0.0,0.0,2.0,0.0,0.0,3–5
21,11,8,,0.0,0.0,9.0,0.0,0.0,10–14
22,1,8,,0.0,0.0,6.0,0.0,0.0,≤2
25,1,8,,0.0,0.0,0.0,0.0,0.0,≤2
26,3,8,,0.0,0.0,2.0,0.0,0.0,3–5
32,1,8,,0.0,0.0,3.0,0.0,0.0,≤2
36,2,8,Cash,-1.0,0.0,2.0,-1.5625,0.0,≤2
37,1,8,,0.0,0.0,5.0,0.0,0.0,≤2
38,2,8,Konsa,0.0,-1.0,2.0,0.0,-1.5625,≤2
39,1,8,,0.0,0.0,0.0,0.0,0.0,≤2
41,4,8,,0.0,0.0,1.0,0.0,0.0,3–5
44,2,8,,0.0,0.0,2.0,0.0,0.0,≤2
47,5,8,,0.0,0.0,5.0,0.0,0.0,3–5
50,0,8,,0.0,0.0,12.0,0.0,0.0,≤2
53,15,8,,0.0,0.0,1.0,0.0,0.0,15+
54,3,8,,0.0,0.0,6.0,0.0,0.0,3–5
55,1,8,,0.0,0.0,0.0,0.0,0.0,≤2
58,5,8,,0.0,0.0,1.0,0.0,0.0,3–5
59,1,8,,0.0,0.0,0.0,0.0,0.0,≤2
64,2,8,Watkins,0.0,-4.0,8.0,0.0,-6.25,≤2
67,3,8,,0.0,0.0,3.0,0.0,0.0,3–5
72,2,8,,0.0,0.0,7.0,0.0,0.0,≤2
74,5,8,,0.0,0.0,3.0,0.0,0.0,3–5
77,6,8,,0.0,0.0,0.0,0.0,0.0,6–9
81,7,8,,0.0,0.0,1.0,0.0,0.0,6–9
82,18,8,,0.0,0.0,7.0,0.0,0.0,15+
83,0,8,,0.0,0.0,2.0,0.0,0.0,≤2
84,3,8,,0.0,0.0,1.0,0.0,0.0,3–5
85,2,8,,0.0,0.0,2.0,0.0,0.0,≤2
86,2,8,,0.0,0.0,1.0,0.0,0.0,≤2
87,1,8,,0.0,0.0,4.0,0.0,0.0,≤2
90,4,8,,0.0,0.0,1.0,0.0,0.0,3–5
97,2,8,,0.0,0.0,2.0,0.0,0.0,≤2
101,3,8,,0.0,0.0,8.0,0.0,0.0,3–5
106,2,8,,0.0,0.0,1.0,0.0,0.0,≤2
108,2,8,,0.0,0.0,0.0,0.0,0.0,≤2
110,2,8,,0.0,0.0,2.0,0.0,0.0,≤2
113,2,8,,0.0,0.0,2.0,0.0,0.0,≤2
116,2,8,,0.0,0.0,2.0,0.0,0.0,≤2
119,6,8,Mbeumo,0.0,-2.0,2.0,0.0,-3.125,6–9
120,1,8,,0.0,0.0,4.0,0.0,0.0,≤2
121,2,8,,0.0,0.0,2.0,0.0,0.0,≤2
123,1,8,,0.0,0.0,0.0,0.0,0.0,≤2
124,1,8,,0.0,0.0,6.0,0.0,0.0,≤2
125,1,8,,0.0,0.0,1.0,0.0,0.0,≤2
126,1,8,,0.0,0.0,6.0,0.0,0.0,≤2
128,1,8,,0.0,0.0,1.0,0.0,0.0,≤2
129,2,8,,0.0,0.0,7.0,0.0,0.0,≤2
136,2,8,Thiago,0.0,1.0,13.0,0.0,1.5625,≤2
139,1,8,,0.0,0.0,2.0,0.0,0.0,≤2
145,1,8,,0.0,0.0,8.0,0.0,0.0,≤2
146,1,8,,0.0,0.0,1.0,0.0,0.0,≤2
148,2,8,,0.0,0.0,2.0,0.0,0.0,≤2
151,11,8,,0.0,0.0,3.0,0.0,0.0,10–14
158,1,8,Georginio,0.0,-1.0,2.0,0.0,-1.5625,≤2
160,2,8,,0.0,0.0,5.0,0.0,0.0,≤2
162,2,8,,0.0,0.0,4.0,0.0,0.0,≤2
166,2,8,,0.0,0.0,2.0,0.0,0.0,≤2
167,0,8,,0.0,0.0,2.0,0.0,0.0,≤2
169,2,8,,0.0,0.0,2.0,0.0,0.0,≤2
170,1,8,,0.0,0.0,0.0,0.0,0.0,≤2
173,1,8,,0.0,0.0,3.0,0.0,0.0,≤2
178,1,8,,0.0,0.0,11.0,0.0,0.0,≤2
180,4,8,,0.0,0.0,1.0,0.0,0.0,3–5
187,1,8,,0.0,0.0,-1.0,0.0,0.0,≤2
191,1,8,,0.0,0.0,-2.0,0.0,0.0,≤2
192,4,8,,0.0,0.0,3.0,0.0,0.0,3–5
198,1,8,,0.0,0.0,0.0,0.0,0.0,≤2
199,1,8,,0.0,0.0,0.0,0.0,0.0,≤2
200,1,8,,0.0,0.0,6.0,0.0,0.0,≤2
202,1,8,,0.0,0.0,1.0,0.0,0.0,≤2
205,6,8,,0.0,0.0,4.0,0.0,0.0,6–9
209,2,8,,0.0,0.0,2.0,0.0,0.0,≤2
210,1,8,,0.0,0.0,2.0,0.0,0.0,≤2
215,1,8,,0.0,0.0,0.0,0.0,0.0,≤2
217,1,8,Foster,0.0,-1.0,2.0,0.0,-1.5625,≤2
220,2,8,,0.0,0.0,1.0,0.0,0.0,≤2
224,7,8,,0.0,0.0,0.0,0.0,0.0,6–9
225,4,8,,0.0,0.0,3.0,0.0,0.0,3–5
228,5,8,,0.0,0.0,0.0,0.0,0.0,3–5
229,1,8,,0.0,0.0,-1.0,0.0,0.0,≤2
233,2,8,,0.0,0.0,0.0,0.0,0.0,≤2
236,2,8,,0.0,0.0,2.0,0.0,0.0,≤2
237,2,8,Enzo,2.0,0.0,9.0,3.125,0.0,≤2
238,8,8,,0.0,0.0,3.0,0.0,0.0,6–9
239,1,8,,0.0,0.0,0.0,0.0,0.0,≤2
241,10,8,,0.0,0.0,2.0,0.0,0.0,10–14
244,1,8,,0.0,0.0,1.0,0.0,0.0,≤2
249,2,8,João Pedro,2.0,1.0,2.0,3.125,1.5625,≤2
252,1,8,Marc Guiu,1.0,0.0,0.0,1.5625,0.0,≤2
253,2,8,,0.0,0.0,3.0,0.0,0.0,≤2
256,8,8,,0.0,0.0,2.0,0.0,0.0,6–9
257,3,8,,0.0,0.0,4.0,0.0,0.0,3–5
258,1,8,,0.0,0.0,4.0,0.0,0.0,≤2
260,3,8,Guéhi,0.0,-1.0,7.0,0.0,-1.5625,3–5
261,3,8,,0.0,0.0,4.0,0.0,0.0,3–5
266,6,8,Eze,0.0,2.0,2.0,0.0,3.125,6–9
267,7,8,Sarr,1.0,5.0,11.0,1.5625,7.8125,6–9
271,4,8,,0.0,0.0,5.0,0.0,0.0,3–5
272,1,8,,0.0,0.0,1.0,0.0,0.0,≤2
273,3,8,,0.0,0.0,3.0,0.0,0.0,3–5
276,1,8,,0.0,0.0,1.0,0.0,0.0,≤2
283,2,8,Mateta,2.0,0.0,2.0,3.125,0.0,≤2
284,1,8,,0.0,0.0,4.0,0.0,0.0,≤2
287,3,8,,0.0,0.0,2.0,0.0,0.0,3–5
291,5,8,Tarkowski,-1.0,-3.0,1.0,-1.5625,-4.6875,3–5
292,4,8,,0.0,0.0,1.0,0.0,0.0,3–5
293,5,8,,0.0,0.0,2.0,0.0,0.0,3–5
294,1,8,,0.0,0.0,0.0,0.0,0.0,≤2
295,4,8,,0.0,0.0,11.0,0.0,0.0,3–5
299,7,8,Ndiaye,-2.0,-2.0,2.0,-3.125,-3.125,6–9
301,1,8,,0.0,0.0,0.0,0.0,0.0,≤2
302,2,8,,0.0,0.0,2.0,0.0,0.0,≤2
303,1,8,,0.0,0.0,7.0,0.0,0.0,≤2
304,4,8,,0.0,0.0,0.0,0.0,0.0,3–5
310,1,8,,0.0,0.0,1.0,0.0,0.0,≤2
311,1,8,,0.0,0.0,2.0,0.0,0.0,≤2
314,2,8,,0.0,0.0,1.0,0.0,0.0,≤2
317,3,8,Andersen,0.0,-1.0,3.0,0.0,-1.5625,3–5
318,1,8,,0.0,0.0,0.0,0.0,0.0,≤2
319,1,8,,0.0,0.0,3.0,0.0,0.0,≤2
320,2,8,,0.0,0.0,0.0,0.0,0.0,≤2
324,2,8,,0.0,0.0,2.0,0.0,0.0,≤2
325,1,8,,0.0,0.0,1.0,0.0,0.0,≤2
326,1,8,,0.0,0.0,2.0,0.0,0.0,≤2
328,9,8,,0.0,0.0,2.0,0.0,0.0,6–9
329,3,8,,0.0,0.0,1.0,0.0,0.0,3–5
330,2,8,,0.0,0.0,2.0,0.0,0.0,≤2
331,2,8,,0.0,0.0,0.0,0.0,0.0,≤2
332,1,8,,0.0,0.0,4.0,0.0,0.0,≤2
335,3,8,,0.0,0.0,1.0,0.0,0.0,3–5
341,1,8,,0.0,0.0,2.0,0.0,0.0,≤2
342,3,8,,0.0,0.0,3.0,0.0,0.0,3–5
343,1,8,,0.0,0.0,3.0,0.0,0.0,≤2
347,1,8,,0.0,0.0,1.0,0.0,0.0,≤2
348,1,8,,0.0,0.0,7.0,0.0,0.0,≤2
350,5,8,,0.0,0.0,4.0,0.0,0.0,3–5
352,1,8,,0.0,0.0,1.0,0.0,0.0,≤2
354,3,8,,0.0,0.0,1.0,0.0,0.0,3–5
358,1,8,,0.0,0.0,1.0,0.0,0.0,≤2
362,1,8,,0.0,0.0,0.0,0.0,0.0,≤2
365,1,8,,0.0,0.0,1.0,0.0,0.0,≤2
367,2,8,Mamardashvili,0.0,1.0,0.0,0.0,1.5625,≤2
371,1,8,,0.0,0.0,1.0,0.0,0.0,≤2
372,1,8,,0.0,0.0,0.0,0.0,0.0,≤2
373,1,8,Virgil,0.0,-1.0,2.0,0.0,-1.5625,≤2
374,1,8,,0.0,0.0,3.0,0.0,0.0,≤2
375,0,8,,0.0,0.0,1.0,0.0,0.0,≤2
381,2,8,M.Salah,1.0,0.0,2.0,1.5625,0.0,≤2
382,1,8,Wirtz,-1.0,-1.0,2.0,-1.5625,-1.5625,≤2
384,7,8,Gakpo,0.0,0.0,1.0,0.0,0.0,6–9
386,2,8,,0.0,0.0,2.0,0.0,0.0,≤2
387,1,8,,0.0,0.0,5.0,0.0,0.0,≤2
388,1,8,,0.0,0.0,1.0,0.0,0.0,≤2
390,2,8,,0.0,0.0,8.0,0.0,0.0,≤2
391,4,8,,0.0,0.0,1.0,0.0,0.0,3–5
392,1,8,,0.0,0.0,0.0,0.0,0.0,≤2
403,12,8,,0.0,0.0,2.0,0.0,0.0,10–14
407,5,8,,0.0,0.0,12.0,0.0,0.0,3–5
408,9,8,,0.0,0.0,2.0,0.0,0.0,6–9
411,5,8,,0.0,0.0,2.0,0.0,0.0,3–5
414,3,8,Foden,-1.0,0.0,1.0,-1.5625,0.0,3–5
415,3,8,,0.0,0.0,2.0,0.0,0.0,3–5
416,1,8,,0.0,0.0,1.0,0.0,0.0,≤2
418,1,8,,0.0,0.0,10.0,0.0,0.0,≤2
419,10,8,Grealish,0.0,-1.0,2.0,0.0,-1.5625,10–14
421,1,8,,0.0,0.0,0.0,0.0,0.0,≤2
423,3,8,,0.0,0.0,2.0,0.0,0.0,3–5
424,3,8,,0.0,0.0,1.0,0.0,0.0,3–5
427,3,8,,0.0,0.0,2.0,0.0,0.0,3–5
430,8,8,Haaland,-2.0,0.0,16.0,-3.125,0.0,6–9
436,8,8,,0.0,0.0,3.0,0.0,0.0,6–9
440,9,8,,0.0,0.0,1.0,0.0,0.0,6–9
441,1,8,,0.0,0.0,0.0,0.0,0.0,≤2
442,1,8,,0.0,0.0,1.0,0.0,0.0,≤2
443,6,8,,0.0,0.0,1.0,0.0,0.0,6–9
444,6,8,Yoro,0.0,-1.0,1.0,0.0,-1.5625,6–9
449,3,8,B.Fernandes,0.0,-4.0,-1.0,0.0,-6.25,3–5
450,1,8,Cunha,-3.0,-2.0,2.0,-4.6875,-3.125,≤2
452,3,8,,0.0,0.0,0.0,0.0,0.0,3–5
453,2,8,,0.0,0.0,0.0,0.0,0.0,≤2
455,10,8,,0.0,0.0,1.0,0.0,0.0,10–14
457,4,8,,0.0,0.0,0.0,0.0,0.0,3–5
458,1,8,,0.0,0.0,1.0,0.0,0.0,≤2
459,1,8,,0.0,0.0,2.0,0.0,0.0,≤2
469,7,8,Pope,0.0,1.0,2.0,0.0,1.5625,6–9
470,2,8,,0.0,0.0,1.0,0.0,0.0,≤2
475,6,8,,0.0,0.0,3.0,0.0,0.0,6–9
476,11,8,Burn,0.0,-1.0,0.0,0.0,-1.5625,10–14
478,6,8,,0.0,0.0,0.0,0.0,0.0,6–9
485,3,8,,0.0,0.0,3.0,0.0,0.0,3–5
486,3,8,,0.0,0.0,1.0,0.0,0.0,3–5
487,1,8,,0.0,0.0,1.0,0.0,0.0,≤2
488,14,8,,0.0,0.0,2.0,0.0,0.0,10–14
489,1,8,,0.0,0.0,3.0,0.0,0.0,≤2
490,3,8,,0.0,0.0,3.0,0.0,0.0,3–5
491,3,8,,0.0,0.0,6.0,0.0,0.0,3–5
493,2,8,,0.0,0.0,15.0,0.0,0.0,≤2
497,1,8,,0.0,0.0,0.0,0.0,0.0,≤2
499,5,8,,0.0,0.0,2.0,0.0,0.0,3–5
500,1,8,,0.0,0.0,1.0,0.0,0.0,≤2
502,3,8,Sels,0.0,-1.0,2.0,0.0,-1.5625,3–5
505,3,8,,0.0,0.0,1.0,0.0,0.0,3–5
508,0,8,N.Williams,0.0,-1.0,1.0,0.0,-1.5625,≤2
510,3,8,,0.0,0.0,0.0,0.0,0.0,3–5
511,3,8,,0.0,0.0,2.0,0.0,0.0,3–5
515,4,8,,0.0,0.0,1.0,0.0,0.0,3–5
516,1,8,,0.0,0.0,1.0,0.0,0.0,≤2
517,1,8,,0.0,0.0,3.0,0.0,0.0,≤2
522,1,8,,0.0,0.0,0.0,0.0,0.0,≤2
525,2,8,Wood,0.0,-1.0,2.0,0.0,-1.5625,≤2
526,1,8,,0.0,0.0,1.0,0.0,0.0,≤2
531,3,8,,0.0,0.0,1.0,0.0,0.0,3–5
532,1,8,,0.0,0.0,6.0,0.0,0.0,≤2
543,1,8,,0.0,0.0,1.0,0.0,0.0,≤2
547,2,8,,0.0,0.0,3.0,0.0,0.0,≤2
552,1,8,,0.0,0.0,2.0,0.0,0.0,≤2
553,1,8,,0.0,0.0,3.0,0.0,0.0,≤2
560,1,8,,0.0,0.0,2.0,0.0,0.0,≤2
561,1,8,,0.0,0.0,0.0,0.0,0.0,≤2
565,3,8,,0.0,0.0,2.0,0.0,0.0,3–5
568,7,8,,0.0,0.0,1.0,0.0,0.0,6–9
569,1,8,Romero,-1.0,0.0,2.0,-1.5625,0.0,≤2
570,1,8,,0.0,0.0,0.0,0.0,0.0,≤2
574,2,8,,0.0,0.0,2.0,0.0,0.0,≤2
575,2,8,,0.0,0.0,2.0,0.0,0.0,≤2
580,1,8,,0.0,0.0,1.0,0.0,0.0,≤2
582,12,8,,0.0,0.0,2.0,0.0,0.0,10–14
584,9,8,,0.0,0.0,1.0,0.0,0.0,6–9
585,4,8,,0.0,0.0,2.0,0.0,0.0,3–5
588,2,8,,0.0,0.0,1.0,0.0,0.0,≤2
593,1,8,,0.0,0.0,4.0,0.0,0.0,≤2
597,1,8,Richarlison,0.0,-3.0,2.0,0.0,-4.6875,≤2
600,2,8,,0.0,0.0,3.0,0.0,0.0,≤2
603,3,8,,0.0,0.0,5.0,0.0,0.0,3–5
605,1,8,,0.0,0.0,3.0,0.0,0.0,≤2
606,3,8,,0.0,0.0,1.0,0.0,0.0,3–5
610,1,8,,0.0,0.0,0.0,0.0,0.0,≤2
612,1,8,L.Paquetá,0.0,1.0,4.0,0.0,1.5625,≤2
615,1,8,,0.0,0.0,2.0,0.0,0.0,≤2
623,1,8,,0.0,0.0,1.0,0.0,0.0,≤2
624,2,8,Bowen,0.0,6.0,9.0,0.0,9.375,≤2
625,2,8,,0.0,0.0,2.0,0.0,0.0,≤2
626,1,8,,0.0,0.0,0.0,0.0,0.0,≤2
627,3,8,,0.0,0.0,2.0,0.0,0.0,3–5
631,1,8,,0.0,0.0,1.0,0.0,0.0,≤2
633,8,8,,0.0,0.0,2.0,0.0,0.0,6–9
634,1,8,,0.0,0.0,0.0,0.0,0.0,≤2
636,1,8,,0.0,0.0,12.0,0.0,0.0,≤2
642,1,8,,0.0,0.0,1.0,0.0,0.0,≤2
643,3,8,,0.0,0.0,5.0,0.0,0.0,3–5
644,1,8,,0.0,0.0,1.0,0.0,0.0,≤2
646,4,8,,0.0,0.0,2.0,0.0,0.0,3–5
648,5,8,,0.0,0.0,4.0,0.0,0.0,3–5
654,2,8,,0.0,0.0,2.0,0.0,0.0,≤2
659,1,8,,0.0,0.0,1.0,0.0,0.0,≤2
660,2,8,Stach,0.0,-1.0,2.0,0.0,-1.5625,≤2
661,1,8,,0.0,0.0,0.0,0.0,0.0,≤2
663,3,8,,0.0,0.0,5.0,0.0,0.0,3–5
666,2,8,Gyökeres,-3.0,-3.0,2.0,-4.6875,-4.6875,≤2
668,3,8,,0.0,0.0,9.0,0.0,0.0,3–5
669,2,8,,0.0,0.0,1.0,0.0,0.0,≤2
670,2,8,,0.0,0.0,10.0,0.0,0.0,≤2
672,1,8,,0.0,0.0,2.0,0.0,0.0,≤2
673,1,8,,0.0,0.0,9.0,0.0,0.0,≤2
676,7,8,,0.0,0.0,1.0,0.0,0.0,6–9
677,1,8,,0.0,0.0,2.0,0.0,0.0,≤2
678,0,8,,0.0,0.0,0.0,0.0,0.0,≤2
680,1,8,,0.0,0.0,1.0,0.0,0.0,≤2
681,9,8,,0.0,0.0,8.0,0.0,0.0,6–9
682,1,8,,0.0,0.0,0.0,0.0,0.0,≤2
683,0,8,,0.0,0.0,17.0,0.0,0.0,≤2
684,8,8,,0.0,0.0,3.0,0.0,0.0,6–9
685,2,8,,0.0,0.0,3.0,0.0,0.0,≤2
691,2,8,Calvert-Lewin,0.0,4.0,2.0,0.0,6.25,≤2
693,1,8,,0.0,0.0,1.0,0.0,0.0,≤2
694,3,8,Mukiele,1.0,2.0,6.0,1.5625,3.125,3–5
695,4,8,,0.0,0.0,1.0,0.0,0.0,3–5
698,8,8,,0.0,0.0,2.0,0.0,0.0,6–9
706,1,8,,0.0,0.0,0.0,0.0,0.0,≤2
707,1,8,,0.0,0.0,1.0,0.0,0.0,≤2
708,4,8,,0.0,0.0,2.0,0.0,0.0,3–5
709,2,8,,0.0,0.0,2.0,0.0,0.0,≤2
712,1,8,,0.0,0.0,3.0,0.0,0.0,≤2
713,1,8,,0.0,0.0,0.0,0.0,0.0,≤2
714,6,8,,0.0,0.0,7.0,0.0,0.0,6–9
716,1,8,,0.0,0.0,0.0,0.0,0.0,≤2
717,2,8,Xavi,0.0,-1.0,1.0,0.0,-1.5625,≤2
718,2,8,,0.0,0.0,0.0,0.0,0.0,≤2
719,1,8,,0.0,0.0,1.0,0.0,0.0,≤2
720,1,8,,0.0,0.0,1.0,0.0,0.0,≤2
721,1,8,,0.0,0.0,0.0,0.0,0.0,≤2
722,4,8,,0.0,0.0,4.0,0.0,0.0,3–5
724,1,8,,0.0,0.0,1.0,0.0,0.0,≤2
727,4,8,,0.0,0.0,1.0,0.0,0.0,3–5
730,1,8,,0.0,0.0,1.0,0.0,0.0,≤2
731,1,8,,0.0,0.0,1.0,0.0,0.0,≤2
732,1,8,,0.0,0.0,0.0,0.0,0.0,≤2
733,9,8,,0.0,0.0,0.0,0.0,0.0,6–9
734,1,8,,0.0,0.0,2.0,0.0,0.0,≤2
735,0,8,,0.0,0.0,1.0,0.0,0.0,≤2
736,6,8,,0.0,0.0,2.0,0.0,0.0,6–9
1,6,9,,0.0,0.0,6.0,0.0,0.0,6–9
5,12,9,,0.0,0.0,9.0,0.0,0.0,10–14
6,6,9,,0.0,0.0,6.0,0.0,0.0,6–9
7,6,9,,0.0,0.0,6.0,0.0,0.0,6–9
8,6,9,J.Timber,1.0,2.0,11.0,1.5625,3.125,6–9
12,1,9,,0.0,0.0,0.0,0.0,0.0,≤2
16,7,9,Saka,4.0,5.0,8.0,6.25,7.8125,6–9
19,1,9,,0.0,0.0,1.0,0.0,0.0,≤2
20,10,9,,0.0,0.0,3.0,0.0,0.0,10–14
21,3,9,,0.0,0.0,11.0,0.0,0.0,3–5
22,1,9,,0.0,0.0,1.0,0.0,0.0,≤2
24,1,9,,0.0,0.0,0.0,0.0,0.0,≤2
26,3,9,,0.0,0.0,3.0,0.0,0.0,3–5
32,2,9,,0.0,0.0,1.0,0.0,0.0,≤2
36,2,9,,0.0,0.0,2.0,0.0,0.0,≤2
37,5,9,,0.0,0.0,1.0,0.0,0.0,3–5
38,2,9,Konsa,0.0,-1.0,2.0,0.0,-1.5625,≤2
39,1,9,,0.0,0.0,1.0,0.0,0.0,≤2
41,2,9,,0.0,0.0,4.0,0.0,0.0,≤2
47,7,9,Rogers,0.0,-1.0,5.0,0.0,-1.5625,6–9
50,7,9,,0.0,0.0,0.0,0.0,0.0,6–9
52,1,9,,0.0,0.0,0.0,0.0,0.0,≤2
53,2,9,,0.0,0.0,15.0,0.0,0.0,≤2
54,2,9,,0.0,0.0,3.0,0.0,0.0,≤2
55,1,9,,0.0,0.0,1.0,0.0,0.0,≤2
58,2,9,,0.0,0.0,5.0,0.0,0.0,≤2
59,4,9,,0.0,0.0,1.0,0.0,0.0,3–5
64,1,9,Watkins,0.0,-1.0,2.0,0.0,-1.5625,≤2
67,2,9,,0.0,0.0,3.0,0.0,0.0,≤2
72,2,9,Senesi,0.0,1.0,2.0,0.0,1.5625,≤2
74,1,9,Truffert,0.0,1.0,5.0,0.0,1.5625,≤2
77,1,9,,0.0,0.0,6.0,0.0,0.0,≤2
81,2,9,,0.0,0.0,7.0,0.0,0.0,≤2
82,4,9,,0.0,0.0,18.0,0.0,0.0,3–5
83,3,9,,0.0,0.0,0.0,0.0,0.0,3–5
84,5,9,,0.0,0.0,3.0,0.0,0.0,3–5
85,3,9,,0.0,0.0,2.0,0.0,0.0,3–5
87,5,9,,0.0,0.0,1.0,0.0,0.0,3–5
88,1,9,,0.0,0.0,0.0,0.0,0.0,≤2
90,2,9,,0.0,0.0,4.0,0.0,0.0,≤2
100,24,9,Kroupi.Jr,7.0,5.0,0.0,10.9375,7.8125,15+
101,6,9,,0.0,0.0,3.0,0.0,0.0,6–9
106,9,9,,0.0,0.0,2.0,0.0,0.0,6–9
107,4,9,,0.0,0.0,0.0,0.0,0.0,3–5
108,6,9,,0.0,0.0,2.0,0.0,0.0,6–9
110,9,9,,0.0,0.0,2.0,0.0,0.0,6–9
113,6,9,,0.0,0.0,2.0,0.0,0.0,6–9
119,9,9,,0.0,0.0,6.0,0.0,0.0,6–9
120,6,9,,0.0,0.0,1.0,0.0,0.0,6–9
121,3,9,,0.0,0.0,2.0,0.0,0.0,3–5
124,2,9,,0.0,0.0,1.0,0.0,0.0,≤2
125,1,9,,0.0,0.0,1.0,0.0,0.0,≤2
126,6,9,,0.0,0.0,1.0,0.0,0.0,6–9
129,3,9,,0.0,0.0,2.0,0.0,0.0,3–5
136,8,9,,0.0,0.0,2.0,0.0,0.0,6–9
139,2,9,,0.0,0.0,1.0,0.0,0.0,≤2
144,1,9,,0.0,0.0,0.0,0.0,0.0,≤2
145,1,9,,0.0,0.0,1.0,0.0,0.0,≤2
146,2,9,,0.0,0.0,1.0,0.0,0.0,≤2
148,2,9,,0.0,0.0,2.0,0.0,0.0,≤2
151,4,9,Van Hecke,0.0,-1.0,11.0,0.0,-1.5625,3–5
158,7,9,Georginio,-3.0,0.0,1.0,-4.6875,0.0,6–9
160,2,9,Minteh,3.0,1.0,2.0,4.6875,1.5625,≤2
166,2,9,,0.0,0.0,2.0,0.0,0.0,≤2
167,3,9,,0.0,0.0,0.0,0.0,0.0,3–5
169,1,9,,0.0,0.0,2.0,0.0,0.0,≤2
170,1,9,,0.0,0.0,1.0,0.0,0.0,≤2
173,7,9,,0.0,0.0,1.0,0.0,0.0,6–9
178,13,9,,0.0,0.0,1.0,0.0,0.0,10–14
180,1,9,,0.0,0.0,4.0,0.0,0.0,≤2
181,1,9,,0.0,0.0,0.0,0.0,0.0,≤2
187,14,9,,0.0,0.0,1.0,0.0,0.0,10–14
191,8,9,Estève,0.0,1.0,1.0,0.0,1.5625,6–9
192,6,9,,0.0,0.0,4.0,0.0,0.0,6–9
198,8,9,,0.0,0.0,1.0,0.0,0.0,6–9
200,2,9,,0.0,0.0,1.0,0.0,0.0,≤2
202,1,9,,0.0,0.0,1.0,0.0,0.0,≤2
205,3,9,,0.0,0.0,6.0,0.0,0.0,3–5
207,0,9,,0.0,0.0,0.0,0.0,0.0,≤2
209,1,9,,0.0,0.0,2.0,0.0,0.0,≤2
210,6,9,,0.0,0.0,1.0,0.0,0.0,6–9
215,2,9,,0.0,0.0,1.0,0.0,0.0,≤2
218,1,9,,0.0,0.0,0.0,0.0,0.0,≤2
220,5,9,,0.0,0.0,2.0,0.0,0.0,3–5
224,8,9,,0.0,0.0,7.0,0.0,0.0,6–9
225,18,9,James,0.0,2.0,4.0,0.0,3.125,15+
226,6,9,,0.0,0.0,0.0,0.0,0.0,6–9
228,3,9,,0.0,0.0,5.0,0.0,0.0,3–5
232,1,9,,0.0,0.0,0.0,0.0,0.0,≤2
233,14,9,,0.0,0.0,2.0,0.0,0.0,10–14
236,12,9,,0.0,0.0,2.0,0.0,0.0,10–14
238,3,9,,0.0,0.0,8.0,0.0,0.0,3–5
239,1,9,,0.0,0.0,1.0,0.0,0.0,≤2
241,1,9,,0.0,0.0,10.0,0.0,0.0,≤2
242,2,9,,0.0,0.0,0.0,0.0,0.0,≤2
244,1,9,,0.0,0.0,1.0,0.0,0.0,≤2
246,1,9,,0.0,0.0,0.0,0.0,0.0,≤2
249,2,9,João Pedro,0.0,-2.0,2.0,0.0,-3.125,≤2
252,1,9,Marc Guiu,1.0,3.0,1.0,1.5625,4.6875,≤2
253,1,9,,0.0,0.0,2.0,0.0,0.0,≤2
256,10,9,Muñoz,-1.0,0.0,8.0,-1.5625,0.0,10–14
257,1,9,Lacroix,0.0,-1.0,3.0,0.0,-1.5625,≤2
258,1,9,,0.0,0.0,1.0,0.0,0.0,≤2
260,4,9,,0.0,0.0,3.0,0.0,0.0,3–5
261,3,9,,0.0,0.0,3.0,0.0,0.0,3–5
266,3,9,,0.0,0.0,6.0,0.0,0.0,3–5
267,2,9,,0.0,0.0,7.0,0.0,0.0,≤2
271,2,9,,0.0,0.0,4.0,0.0,0.0,≤2
273,2,9,,0.0,0.0,3.0,0.0,0.0,≤2
283,17,9,Mateta,0.0,1.0,2.0,0.0,1.5625,15+
284,1,9,,0.0,0.0,1.0,0.0,0.0,≤2
287,2,9,,0.0,0.0,3.0,0.0,0.0,≤2
291,3,9,Tarkowski,2.0,-5.0,5.0,3.125,-7.8125,3–5
292,1,9,,0.0,0.0,4.0,0.0,0.0,≤2
293,1,9,,0.0,0.0,5.0,0.0,0.0,≤2
295,1,9,Keane,6.0,5.0,4.0,9.375,7.8125,≤2
299,4,9,Ndiaye,-1.0,-1.0,7.0,-1.5625,-1.5625,3–5
300,1,9,,0.0,0.0,0.0,0.0,0.0,≤2
301,2,9,,0.0,0.0,1.0,0.0,0.0,≤2
302,2,9,,0.0,0.0,2.0,0.0,0.0,≤2
303,3,9,,0.0,0.0,1.0,0.0,0.0,3–5
304,1,9,,0.0,0.0,4.0,0.0,0.0,≤2
310,1,9,,0.0,0.0,1.0,0.0,0.0,≤2
311,2,9,,0.0,0.0,1.0,0.0,0.0,≤2
314,3,9,,0.0,0.0,2.0,0.0,0.0,3–5
317,1,9,Andersen,-1.0,-5.0,3.0,-1.5625,-7.8125,≤2
318,1,9,,0.0,0.0,1.0,0.0,0.0,≤2
319,2,9,,0.0,0.0,1.0,0.0,0.0,≤2
320,1,9,,0.0,0.0,2.0,0.0,0.0,≤2
321,4,9,,0.0,0.0,0.0,0.0,0.0,3–5
324,4,9,,0.0,0.0,2.0,0.0,0.0,3–5
325,1,9,,0.0,0.0,1.0,0.0,0.0,≤2
326,1,9,,0.0,0.0,1.0,0.0,0.0,≤2
328,2,9,,0.0,0.0,9.0,0.0,0.0,≤2
329,2,9,,0.0,0.0,3.0,0.0,0.0,≤2
330,2,9,,0.0,0.0,2.0,0.0,0.0,≤2
331,2,9,,0.0,0.0,2.0,0.0,0.0,≤2
335,2,9,King,-1.0,-1.0,3.0,-1.5625,-1.5625,≤2
337,2,9,,0.0,0.0,0.0,0.0,0.0,≤2
341,1,9,,0.0,0.0,1.0,0.0,0.0,≤2
342,1,9,,0.0,0.0,3.0,0.0,0.0,≤2
343,0,9,,0.0,0.0,1.0,0.0,0.0,≤2
347,1,9,,0.0,0.0,1.0,0.0,0.0,≤2
348,1,9,Rodon,2.0,7.0,1.0,3.125,10.9375,≤2
350,2,9,,0.0,0.0,5.0,0.0,0.0,≤2
352,2,9,,0.0,0.0,1.0,0.0,0.0,≤2
353,1,9,,0.0,0.0,0.0,0.0,0.0,≤2
354,2,9,,0.0,0.0,3.0,0.0,0.0,≤2
358,1,9,,0.0,0.0,1.0,0.0,0.0,≤2
362,1,9,,0.0,0.0,1.0,0.0,0.0,≤2
365,1,9,,0.0,0.0,1.0,0.0,0.0,≤2
367,1,9,,0.0,0.0,2.0,0.0,0.0,≤2
370,1,9,,0.0,0.0,0.0,0.0,0.0,≤2
371,1,9,,0.0,0.0,1.0,0.0,0.0,≤2
373,3,9,Virgil,0.0,1.0,1.0,0.0,1.5625,3–5
374,3,9,,0.0,0.0,1.0,0.0,0.0,3–5
375,2,9,,0.0,0.0,0.0,0.0,0.0,≤2
381,2,9,M.Salah,-1.0,0.0,2.0,-1.5625,0.0,≤2
382,1,9,,0.0,0.0,1.0,0.0,0.0,≤2
384,7,9,,0.0,0.0,7.0,0.0,0.0,6–9
385,4,9,,0.0,0.0,0.0,0.0,0.0,3–5
386,2,9,,0.0,0.0,2.0,0.0,0.0,≤2
387,4,9,,0.0,0.0,1.0,0.0,0.0,3–5
388,1,9,,0.0,0.0,1.0,0.0,0.0,≤2
390,2,9,,0.0,0.0,2.0,0.0,0.0,≤2
391,1,9,,0.0,0.0,4.0,0.0,0.0,≤2
405,6,9,,0.0,0.0,0.0,0.0,0.0,6–9
407,7,9,,0.0,0.0,5.0,0.0,0.0,6–9
408,6,9,,0.0,0.0,9.0,0.0,0.0,6–9
410,1,9,,0.0,0.0,0.0,0.0,0.0,≤2
411,11,9,,0.0,0.0,5.0,0.0,0.0,10–14
414,3,9,Foden,-14.0,-3.0,3.0,-21.875,-4.6875,3–5
415,6,9,,0.0,0.0,3.0,0.0,0.0,6–9
416,1,9,,0.0,0.0,1.0,0.0,0.0,≤2
417,1,9,,0.0,0.0,0.0,0.0,0.0,≤2
418,1,9,,0.0,0.0,1.0,0.0,0.0,≤2
422,1,9,,0.0,0.0,0.0,0.0,0.0,≤2
423,5,9,,0.0,0.0,3.0,0.0,0.0,3–5
424,1,9,,0.0,0.0,3.0,0.0,0.0,≤2
427,1,9,Reijnders,-11.0,-17.0,3.0,-17.1875,-26.5625,≤2
430,13,9,,0.0,0.0,8.0,0.0,0.0,10–14
436,2,9,,0.0,0.0,8.0,0.0,0.0,≤2
440,4,9,,0.0,0.0,9.0,0.0,0.0,3–5
441,1,9,Dorgu,-2.0,-1.0,1.0,-3.125,-1.5625,≤2
442,11,9,,0.0,0.0,1.0,0.0,0.0,10–14
443,2,9,,0.0,0.0,6.0,0.0,0.0,≤2
444,1,9,,0.0,0.0,6.0,0.0,0.0,≤2
449,8,9,B.Fernandes,0.0,-1.0,3.0,0.0,-1.5625,6–9
450,2,9,Cunha,-1.0,0.0,1.0,-1.5625,0.0,≤2
452,3,9,,0.0,0.0,3.0,0.0,0.0,3–5
453,1,9,,0.0,0.0,2.0,0.0,0.0,≤2
455,3,9,,0.0,0.0,10.0,0.0,0.0,3–5
457,0,9,,0.0,0.0,4.0,0.0,0.0,≤2
458,1,9,,0.0,0.0,1.0,0.0,0.0,≤2
459,1,9,,0.0,0.0,1.0,0.0,0.0,≤2
469,2,9,,0.0,0.0,7.0,0.0,0.0,≤2
470,9,9,,0.0,0.0,2.0,0.0,0.0,6–9
475,1,9,,0.0,0.0,6.0,0.0,0.0,≤2
476,2,9,,0.0,0.0,11.0,0.0,0.0,≤2
478,1,9,,0.0,0.0,6.0,0.0,0.0,≤2
485,2,9,Gordon,0.0,1.0,3.0,0.0,1.5625,≤2
486,1,9,,0.0,0.0,3.0,0.0,0.0,≤2
487,1,9,,0.0,0.0,1.0,0.0,0.0,≤2
488,2,9,,0.0,0.0,14.0,0.0,0.0,≤2
489,1,9,,0.0,0.0,1.0,0.0,0.0,≤2
490,1,9,,0.0,0.0,3.0,0.0,0.0,≤2
491,2,9,,0.0,0.0,3.0,0.0,0.0,≤2
493,2,9,,0.0,0.0,2.0,0.0,0.0,≤2
497,4,9,L.Miley,0.0,1.0,1.0,0.0,1.5625,3–5
499,2,9,,0.0,0.0,5.0,0.0,0.0,≤2
500,1,9,,0.0,0.0,1.0,0.0,0.0,≤2
502,2,9,,0.0,0.0,3.0,0.0,0.0,≤2
505,1,9,,0.0,0.0,3.0,0.0,0.0,≤2
506,1,9,,0.0,0.0,0.0,0.0,0.0,≤2
508,1,9,,0.0,0.0,0.0,0.0,0.0,≤2
511,0,9,,0.0,0.0,3.0,0.0,0.0,≤2
515,2,9,,0.0,0.0,4.0,0.0,0.0,≤2
516,1,9,,0.0,0.0,1.0,0.0,0.0,≤2
517,4,9,Anderson,0.0,0.0,1.0,0.0,0.0,3–5
521,1,9,,0.0,0.0,0.0,0.0,0.0,≤2
525,1,9,,0.0,0.0,2.0,0.0,0.0,≤2
526,1,9,,0.0,0.0,1.0,0.0,0.0,≤2
527,1,9,,0.0,0.0,0.0,0.0,0.0,≤2
531,10,9,,0.0,0.0,3.0,0.0,0.0,10–14
532,11,9,,0.0,0.0,1.0,0.0,0.0,10–14
547,5,9,,0.0,0.0,2.0,0.0,0.0,3–5
549,1,9,,0.0,0.0,0.0,0.0,0.0,≤2
551,3,9,,0.0,0.0,0.0,0.0,0.0,3–5
552,3,9,,0.0,0.0,1.0,0.0,0.0,3–5
553,4,9,,0.0,0.0,1.0,0.0,0.0,3–5
560,2,9,,0.0,0.0,1.0,0.0,0.0,≤2
561,1,9,,0.0,0.0,1.0,0.0,0.0,≤2
565,1,9,,0.0,0.0,3.0,0.0,0.0,≤2
568,1,9,Pedro Porro,0.0,-1.0,7.0,0.0,-1.5625,≤2
570,0,9,,0.0,0.0,1.0,0.0,0.0,≤2
573,1,9,,0.0,0.0,0.0,0.0,0.0,≤2
575,0,9,Van de Ven,0.0,-1.0,2.0,0.0,-1.5625,≤2
580,1,9,,0.0,0.0,1.0,0.0,0.0,≤2
582,2,9,Kudus,-2.0,-1.0,12.0,-3.125,-1.5625,≤2
584,1,9,,0.0,0.0,9.0,0.0,0.0,≤2
585,12,9,,0.0,0.0,4.0,0.0,0.0,10–14
586,1,9,,0.0,0.0,0.0,0.0,0.0,≤2
588,2,9,,0.0,0.0,2.0,0.0,0.0,≤2
593,1,9,,0.0,0.0,1.0,0.0,0.0,≤2
597,1,9,Richarlison,-2.0,-2.0,1.0,-3.125,-3.125,≤2
600,2,9,,0.0,0.0,2.0,0.0,0.0,≤2
603,1,9,,0.0,0.0,3.0,0.0,0.0,≤2
605,3,9,,0.0,0.0,1.0,0.0,0.0,3–5
606,1,9,,0.0,0.0,3.0,0.0,0.0,≤2
608,1,9,,0.0,0.0,0.0,0.0,0.0,≤2
609,1,9,,0.0,0.0,0.0,0.0,0.0,≤2
610,1,9,,0.0,0.0,1.0,0.0,0.0,≤2
612,2,9,L.Paquetá,-3.0,0.0,1.0,-4.6875,0.0,≤2
613,2,9,,0.0,0.0,0.0,0.0,0.0,≤2
615,1,9,,0.0,0.0,1.0,0.0,0.0,≤2
618,1,9,,0.0,0.0,0.0,0.0,0.0,≤2
621,2,9,,0.0,0.0,0.0,0.0,0.0,≤2
624,2,9,,0.0,0.0,2.0,0.0,0.0,≤2
626,1,9,,0.0,0.0,1.0,0.0,0.0,≤2
627,1,9,,0.0,0.0,3.0,0.0,0.0,≤2
632,2,9,,0.0,0.0,0.0,0.0,0.0,≤2
633,1,9,,0.0,0.0,8.0,0.0,0.0,≤2
635,2,9,,0.0,0.0,0.0,0.0,0.0,≤2
636,1,9,,0.0,0.0,1.0,0.0,0.0,≤2
638,1,9,,0.0,0.0,0.0,0.0,0.0,≤2
643,4,9,,0.0,0.0,3.0,0.0,0.0,3–5
645,1,9,,0.0,0.0,0.0,0.0,0.0,≤2
646,2,9,,0.0,0.0,4.0,0.0,0.0,≤2
648,4,9,,0.0,0.0,5.0,0.0,0.0,3–5
654,2,9,,0.0,0.0,2.0,0.0,0.0,≤2
659,1,9,,0.0,0.0,1.0,0.0,0.0,≤2
660,2,9,Stach,-6.0,-8.0,2.0,-9.375,-12.5,≤2
661,1,9,,0.0,0.0,1.0,0.0,0.0,≤2
663,2,9,,0.0,0.0,3.0,0.0,0.0,≤2
666,2,9,Gyökeres,-3.0,-6.0,2.0,-4.6875,-9.375,≤2
668,5,9,,0.0,0.0,3.0,0.0,0.0,3–5
670,7,9,,0.0,0.0,2.0,0.0,0.0,6–9
673,9,9,,0.0,0.0,1.0,0.0,0.0,6–9
676,10,9,,0.0,0.0,7.0,0.0,0.0,10–14
677,2,9,,0.0,0.0,1.0,0.0,0.0,≤2
681,1,9,,0.0,0.0,9.0,0.0,0.0,≤2
683,6,9,Alderete,-3.0,-1.0,0.0,-4.6875,-1.5625,6–9
684,1,9,,0.0,0.0,8.0,0.0,0.0,≤2
685,3,9,,0.0,0.0,2.0,0.0,0.0,3–5
691,2,9,Calvert-Lewin,3.0,1.0,2.0,4.6875,1.5625,≤2
694,17,9,,0.0,0.0,3.0,0.0,0.0,15+
695,1,9,,0.0,0.0,4.0,0.0,0.0,≤2
697,1,9,,0.0,0.0,0.0,0.0,0.0,≤2
699,1,9,,0.0,0.0,0.0,0.0,0.0,≤2
707,0,9,,0.0,0.0,1.0,0.0,0.0,≤2
708,1,9,,0.0,0.0,4.0,0.0,0.0,≤2
709,-1,9,,0.0,0.0,2.0,0.0,0.0,≤2
712,1,9,,0.0,0.0,1.0,0.0,0.0,≤2
713,1,9,,0.0,0.0,1.0,0.0,0.0,≤2
714,8,9,Woltemade,0.0,3.0,6.0,0.0,4.6875,6–9
716,1,9,,0.0,0.0,1.0,0.0,0.0,≤2
717,2,9,,0.0,0.0,2.0,0.0,0.0,≤2
720,1,9,,0.0,0.0,1.0,0.0,0.0,≤2
722,8,9,,0.0,0.0,4.0,0.0,0.0,6–9
724,1,9,,0.0,0.0,1.0,0.0,0.0,≤2
726,1,9,,0.0,0.0,0.0,0.0,0.0,≤2
728,1,9,,0.0,0.0,0.0,0.0,0.0,≤2
731,1,9,,0.0,0.0,1.0,0.0,0.0,≤2
733,3,9,,0.0,0.0,9.0,0.0,0.0,3–5
735,3,9,,0.0,0.0,0.0,0.0,0.0,3–5
736,6,9,,0.0,0.0,6.0,0.0,0.0,6–9
1,6,10,,0.0,0.0,6.0,0.0,0.0,6–9
5,9,10,Gabriel,2.0,2.0,12.0,3.125,3.125,6–9
6,1,10,Saliba,0.0,-1.0,6.0,0.0,-1.5625,≤2
7,6,10,,0.0,0.0,6.0,0.0,0.0,6–9
8,6,10,J.Timber,2.0,0.0,6.0,3.125,0.0,6–9
10,1,10,,0.0,0.0,0.0,0.0,0.0,≤2
16,3,10,Saka,6.0,3.0,7.0,9.375,4.6875,3–5
19,1,10,,0.0,0.0,1.0,0.0,0.0,≤2
20,3,10,,0.0,0.0,10.0,0.0,0.0,3–5
21,7,10,,0.0,0.0,3.0,0.0,0.0,6–9
22,1,10,,0.0,0.0,1.0,0.0,0.0,≤2
26,5,10,,0.0,0.0,3.0,0.0,0.0,3–5
32,8,10,,0.0,0.0,2.0,0.0,0.0,6–9
36,15,10,,0.0,0.0,2.0,0.0,0.0,15+
37,6,10,,0.0,0.0,5.0,0.0,0.0,6–9
38,8,10,,0.0,0.0,2.0,0.0,0.0,6–9
39,1,10,,0.0,0.0,1.0,0.0,0.0,≤2
41,8,10,,0.0,0.0,2.0,0.0,0.0,6–9
47,3,10,,0.0,0.0,7.0,0.0,0.0,3–5
50,4,10,,0.0,0.0,7.0,0.0,0.0,3–5
53,1,10,,0.0,0.0,2.0,0.0,0.0,≤2
54,3,10,,0.0,0.0,2.0,0.0,0.0,3–5
55,1,10,,0.0,0.0,1.0,0.0,0.0,≤2
58,2,10,,0.0,0.0,2.0,0.0,0.0,≤2
59,3,10,,0.0,0.0,4.0,0.0,0.0,3–5
64,2,10,,0.0,0.0,1.0,0.0,0.0,≤2
67,8,10,,0.0,0.0,2.0,0.0,0.0,6–9
72,5,10,Senesi,-2.0,-1.0,2.0,-3.125,-1.5625,3–5
74,10,10,Truffert,4.0,0.0,1.0,6.25,0.0,10–14
81,2,10,,0.0,0.0,2.0,0.0,0.0,≤2
82,3,10,Semenyo,-3.0,-1.0,4.0,-4.6875,-1.5625,3–5
83,11,10,,0.0,0.0,3.0,0.0,0.0,10–14
84,11,10,,0.0,0.0,5.0,0.0,0.0,10–14
85,6,10,,0.0,0.0,3.0,0.0,0.0,6–9
86,0,10,,0.0,0.0,0.0,0.0,0.0,≤2
87,1,10,,0.0,0.0,5.0,0.0,0.0,≤2
88,1,10,,0.0,0.0,1.0,0.0,0.0,≤2
90,3,10,,0.0,0.0,2.0,0.0,0.0,3–5
98,1,10,,0.0,0.0,0.0,0.0,0.0,≤2
100,12,10,Kroupi.Jr,0.0,1.0,24.0,0.0,1.5625,10–14
101,2,10,,0.0,0.0,6.0,0.0,0.0,≤2
106,3,10,,0.0,0.0,9.0,0.0,0.0,3–5
107,0,10,,0.0,0.0,4.0,0.0,0.0,≤2
108,4,10,,0.0,0.0,6.0,0.0,0.0,3–5
109,1,10,,0.0,0.0,0.0,0.0,0.0,≤2
110,1,10,,0.0,0.0,9.0,0.0,0.0,≤2
113,3,10,,0.0,0.0,6.0,0.0,0.0,3–5
119,15,10,Mbeumo,0.0,4.0,9.0,0.0,6.25,15+
120,7,10,,0.0,0.0,6.0,0.0,0.0,6–9
121,7,10,,0.0,0.0,3.0,0.0,0.0,6–9
124,2,10,,0.0,0.0,2.0,0.0,0.0,≤2
125,4,10,,0.0,0.0,1.0,0.0,0.0,3–5
126,1,10,,0.0,0.0,6.0,0.0,0.0,≤2
128,1,10,,0.0,0.0,0.0,0.0,0.0,≤2
129,1,10,,0.0,0.0,3.0,0.0,0.0,≤2
136,5,10,Thiago,0.0,1.0,8.0,0.0,1.5625,3–5
139,1,10,,0.0,0.0,2.0,0.0,0.0,≤2
145,0,10,,0.0,0.0,1.0,0.0,0.0,≤2
146,0,10,,0.0,0.0,2.0,0.0,0.0,≤2
148,-1,10,,0.0,0.0,2.0,0.0,0.0,≤2
151,2,10,,0.0,0.0,4.0,0.0,0.0,≤2
158,2,10,Georginio,-2.0,0.0,7.0,-3.125,0.0,≤2
160,5,10,Minteh,14.0,4.0,2.0,21.875,6.25,3–5
166,1,10,,0.0,0.0,2.0,0.0,0.0,≤2
167,0,10,,0.0,0.0,3.0,0.0,0.0,≤2
169,1,10,,0.0,0.0,1.0,0.0,0.0,≤2
170,4,10,,0.0,0.0,1.0,0.0,0.0,3–5
172,1,10,,0.0,0.0,0.0,0.0,0.0,≤2
173,4,10,,0.0,0.0,7.0,0.0,0.0,3–5
178,6,10,Welbeck,0.0,1.0,13.0,0.0,1.5625,6–9
180,1,10,,0.0,0.0,1.0,0.0,0.0,≤2
181,5,10,,0.0,0.0,1.0,0.0,0.0,3–5
187,3,10,,0.0,0.0,14.0,0.0,0.0,3–5
190,1,10,,0.0,0.0,0.0,0.0,0.0,≤2
191,1,10,Estève,-1.0,0.0,8.0,-1.5625,0.0,≤2
192,7,10,,0.0,0.0,6.0,0.0,0.0,6–9
198,1,10,,0.0,0.0,8.0,0.0,0.0,≤2
200,2,10,Anthony,0.0,-1.0,2.0,0.0,-1.5625,≤2
202,2,10,,0.0,0.0,1.0,0.0,0.0,≤2
205,2,10,,0.0,0.0,3.0,0.0,0.0,≤2
207,4,10,,0.0,0.0,0.0,0.0,0.0,3–5
209,1,10,,0.0,0.0,1.0,0.0,0.0,≤2
215,13,10,,0.0,0.0,2.0,0.0,0.0,10–14
217,7,10,,0.0,0.0,0.0,0.0,0.0,6–9
220,1,10,,0.0,0.0,5.0,0.0,0.0,≤2
224,1,10,,0.0,0.0,8.0,0.0,0.0,≤2
225,1,10,,0.0,0.0,18.0,0.0,0.0,≤2
226,1,10,,0.0,0.0,6.0,0.0,0.0,≤2
232,1,10,,0.0,0.0,1.0,0.0,0.0,≤2
233,2,10,,0.0,0.0,14.0,0.0,0.0,≤2
236,8,10,,0.0,0.0,12.0,0.0,0.0,6–9
237,2,10,Enzo,4.0,0.0,0.0,6.25,0.0,≤2
238,1,10,,0.0,0.0,3.0,0.0,0.0,≤2
239,1,10,,0.0,0.0,1.0,0.0,0.0,≤2
241,2,10,,0.0,0.0,1.0,0.0,0.0,≤2
242,2,10,Dewsbury-Hall,0.0,-2.0,2.0,0.0,-3.125,≤2
243,1,10,,0.0,0.0,0.0,0.0,0.0,≤2
246,0,10,,0.0,0.0,1.0,0.0,0.0,≤2
249,2,10,João Pedro,-11.0,-36.0,2.0,-17.1875,-56.25,≤2
252,2,10,Marc Guiu,2.0,1.0,1.0,3.125,1.5625,≤2
253,2,10,,0.0,0.0,1.0,0.0,0.0,≤2
256,2,10,Muñoz,3.0,2.0,10.0,4.6875,3.125,≤2
257,4,10,,0.0,0.0,1.0,0.0,0.0,3–5
258,2,10,,0.0,0.0,1.0,0.0,0.0,≤2
259,1,10,,0.0,0.0,0.0,0.0,0.0,≤2
260,4,10,,0.0,0.0,4.0,0.0,0.0,3–5
261,2,10,Richards,0.0,-1.0,3.0,0.0,-1.5625,≤2
266,11,10,,0.0,0.0,3.0,0.0,0.0,10–14
267,2,10,Sarr,19.0,11.0,2.0,29.6875,17.1875,≤2
270,1,10,,0.0,0.0,0.0,0.0,0.0,≤2
271,2,10,,0.0,0.0,2.0,0.0,0.0,≤2
272,1,10,,0.0,0.0,0.0,0.0,0.0,≤2
273,2,10,,0.0,0.0,2.0,0.0,0.0,≤2
283,2,10,Mateta,25.0,39.0,17.0,39.0625,60.9375,≤2
284,1,10,,0.0,0.0,1.0,0.0,0.0,≤2
287,1,10,,0.0,0.0,2.0,0.0,0.0,≤2
291,1,10,Tarkowski,0.0,-3.0,3.0,0.0,-4.6875,≤2
292,1,10,,0.0,0.0,1.0,0.0,0.0,≤2
293,1,10,,0.0,0.0,1.0,0.0,0.0,≤2
295,1,10,,0.0,0.0,1.0,0.0,0.0,≤2
299,2,10,Ndiaye,-3.0,0.0,4.0,-4.6875,0.0,≤2
301,1,10,,0.0,0.0,2.0,0.0,0.0,≤2
302,2,10,,0.0,0.0,2.0,0.0,0.0,≤2
303,1,10,,0.0,0.0,3.0,0.0,0.0,≤2
310,1,10,,0.0,0.0,1.0,0.0,0.0,≤2
311,2,10,,0.0,0.0,2.0,0.0,0.0,≤2
314,2,10,,0.0,0.0,3.0,0.0,0.0,≤2
318,1,10,,0.0,0.0,1.0,0.0,0.0,≤2
319,1,10,,0.0,0.0,2.0,0.0,0.0,≤2
320,1,10,,0.0,0.0,1.0,0.0,0.0,≤2
322,2,10,,0.0,0.0,0.0,0.0,0.0,≤2
324,1,10,,0.0,0.0,4.0,0.0,0.0,≤2
325,1,10,,0.0,0.0,1.0,0.0,0.0,≤2
326,2,10,,0.0,0.0,1.0,0.0,0.0,≤2
328,4,10,,0.0,0.0,2.0,0.0,0.0,3–5
330,2,10,,0.0,0.0,2.0,0.0,0.0,≤2
331,1,10,,0.0,0.0,2.0,0.0,0.0,≤2
332,9,10,,0.0,0.0,0.0,0.0,0.0,6–9
335,1,10,King,0.0,1.0,2.0,0.0,1.5625,≤2
337,5,10,,0.0,0.0,2.0,0.0,0.0,3–5
342,2,10,,0.0,0.0,1.0,0.0,0.0,≤2
344,4,10,,0.0,0.0,0.0,0.0,0.0,3–5
347,1,10,,0.0,0.0,1.0,0.0,0.0,≤2
348,13,10,Rodon,-1.0,1.0,1.0,-1.5625,1.5625,10–14
350,11,10,,0.0,0.0,2.0,0.0,0.0,10–14
352,1,10,,0.0,0.0,2.0,0.0,0.0,≤2
353,1,10,,0.0,0.0,1.0,0.0,0.0,≤2
354,4,10,,0.0,0.0,2.0,0.0,0.0,3–5
356,0,10,,0.0,0.0,0.0,0.0,0.0,≤2
358,3,10,,0.0,0.0,1.0,0.0,0.0,3–5
365,1,10,,0.0,0.0,1.0,0.0,0.0,≤2
367,2,10,,0.0,0.0,1.0,0.0,0.0,≤2
371,6,10,,0.0,0.0,1.0,0.0,0.0,6–9
372,1,10,,0.0,0.0,0.0,0.0,0.0,≤2
373,3,10,Virgil,-4.0,0.0,3.0,-6.25,0.0,3–5
374,3,10,,0.0,0.0,3.0,0.0,0.0,3–5
375,4,10,,0.0,0.0,2.0,0.0,0.0,3–5
376,1,10,,0.0,0.0,0.0,0.0,0.0,≤2
381,6,10,M.Salah,-2.0,0.0,2.0,-3.125,0.0,6–9
382,2,10,,0.0,0.0,1.0,0.0,0.0,≤2
384,2,10,Gakpo,0.0,2.0,7.0,0.0,3.125,≤2
385,1,10,,0.0,0.0,4.0,0.0,0.0,≤2
386,1,10,,0.0,0.0,2.0,0.0,0.0,≤2
387,10,10,,0.0,0.0,4.0,0.0,0.0,10–14
388,2,10,,0.0,0.0,1.0,0.0,0.0,≤2
403,2,10,Gvardiol,-6.0,0.0,0.0,-9.375,0.0,≤2
407,2,10,,0.0,0.0,7.0,0.0,0.0,≤2
408,4,10,,0.0,0.0,6.0,0.0,0.0,3–5
409,2,10,,0.0,0.0,0.0,0.0,0.0,≤2
411,1,10,,0.0,0.0,11.0,0.0,0.0,≤2
413,1,10,,0.0,0.0,0.0,0.0,0.0,≤2
414,1,10,Foden,-4.0,-3.0,3.0,-6.25,-4.6875,≤2
415,1,10,,0.0,0.0,6.0,0.0,0.0,≤2
416,2,10,,0.0,0.0,1.0,0.0,0.0,≤2
417,1,10,,0.0,0.0,1.0,0.0,0.0,≤2
418,1,10,,0.0,0.0,1.0,0.0,0.0,≤2
419,1,10,Grealish,0.0,-1.0,0.0,0.0,-1.5625,≤2
423,0,10,,0.0,0.0,5.0,0.0,0.0,≤2
424,2,10,,0.0,0.0,1.0,0.0,0.0,≤2
427,1,10,Reijnders,-13.0,-10.0,1.0,-20.3125,-15.625,≤2
430,2,10,Haaland,1.0,0.0,13.0,1.5625,0.0,≤2
436,1,10,,0.0,0.0,2.0,0.0,0.0,≤2
440,1,10,,0.0,0.0,4.0,0.0,0.0,≤2
441,-1,10,Dorgu,0.0,-1.0,1.0,0.0,-1.5625,≤2
443,9,10,,0.0,0.0,2.0,0.0,0.0,6–9
444,1,10,,0.0,0.0,1.0,0.0,0.0,≤2
447,3,10,,0.0,0.0,0.0,0.0,0.0,3–5
449,4,10,,0.0,0.0,8.0,0.0,0.0,3–5
450,8,10,Cunha,0.0,-1.0,2.0,0.0,-1.5625,6–9
452,3,10,,0.0,0.0,3.0,0.0,0.0,3–5
453,6,10,,0.0,0.0,1.0,0.0,0.0,6–9
456,1,10,,0.0,0.0,0.0,0.0,0.0,≤2
457,15,10,,0.0,0.0,0.0,0.0,0.0,15+
458,1,10,,0.0,0.0,1.0,0.0,0.0,≤2
459,1,10,,0.0,0.0,1.0,0.0,0.0,≤2
466,1,10,,0.0,0.0,0.0,0.0,0.0,≤2
469,3,10,,0.0,0.0,2.0,0.0,0.0,3–5
470,2,10,,0.0,0.0,9.0,0.0,0.0,≤2
474,1,10,,0.0,0.0,0.0,0.0,0.0,≤2
475,2,10,,0.0,0.0,1.0,0.0,0.0,≤2
476,2,10,,0.0,0.0,2.0,0.0,0.0,≤2
478,2,10,,0.0,0.0,1.0,0.0,0.0,≤2
485,2,10,,0.0,0.0,2.0,0.0,0.0,≤2
486,1,10,,0.0,0.0,1.0,0.0,0.0,≤2
487,1,10,,0.0,0.0,1.0,0.0,0.0,≤2
488,10,10,,0.0,0.0,2.0,0.0,0.0,10–14
489,8,10,,0.0,0.0,1.0,0.0,0.0,6–9
490,4,10,,0.0,0.0,1.0,0.0,0.0,3–5
491,1,10,,0.0,0.0,2.0,0.0,0.0,≤2
493,6,10,,0.0,0.0,2.0,0.0,0.0,6–9
497,2,10,,0.0,0.0,4.0,0.0,0.0,≤2
500,4,10,,0.0,0.0,1.0,0.0,0.0,3–5
502,2,10,,0.0,0.0,2.0,0.0,0.0,≤2
505,1,10,,0.0,0.0,1.0,0.0,0.0,≤2
506,1,10,,0.0,0.0,1.0,0.0,0.0,≤2
508,1,10,,0.0,0.0,1.0,0.0,0.0,≤2
515,2,10,,0.0,0.0,2.0,0.0,0.0,≤2
516,1,10,,0.0,0.0,1.0,0.0,0.0,≤2
517,2,10,,0.0,0.0,4.0,0.0,0.0,≤2
519,1,10,,0.0,0.0,0.0,0.0,0.0,≤2
522,1,10,,0.0,0.0,0.0,0.0,0.0,≤2
526,1,10,,0.0,0.0,1.0,0.0,0.0,≤2
527,1,10,,0.0,0.0,1.0,0.0,0.0,≤2
531,2,10,,0.0,0.0,10.0,0.0,0.0,≤2
532,2,10,,0.0,0.0,11.0,0.0,0.0,≤2
541,2,10,,0.0,0.0,0.0,0.0,0.0,≤2
547,1,10,,0.0,0.0,5.0,0.0,0.0,≤2
551,1,10,,0.0,0.0,3.0,0.0,0.0,≤2
552,2,10,,0.0,0.0,3.0,0.0,0.0,≤2
553,8,10,,0.0,0.0,4.0,0.0,0.0,6–9
560,7,10,,0.0,0.0,2.0,0.0,0.0,6–9
565,6,10,,0.0,0.0,1.0,0.0,0.0,6–9
568,11,10,Pedro Porro,-1.0,-1.0,1.0,-1.5625,-1.5625,10–14
570,9,10,,0.0,0.0,0.0,0.0,0.0,6–9
573,6,10,,0.0,0.0,1.0,0.0,0.0,6–9
575,23,10,Van de Ven,0.0,-1.0,0.0,0.0,-1.5625,15+
580,3,10,,0.0,0.0,1.0,0.0,0.0,3–5
582,3,10,Kudus,0.0,-1.0,2.0,0.0,-1.5625,3–5
584,1,10,,0.0,0.0,1.0,0.0,0.0,≤2
585,8,10,,0.0,0.0,12.0,0.0,0.0,6–9
586,1,10,,0.0,0.0,1.0,0.0,0.0,≤2
593,6,10,,0.0,0.0,1.0,0.0,0.0,6–9
597,4,10,Richarlison,-1.0,0.0,1.0,-1.5625,0.0,3–5
600,2,10,,0.0,0.0,2.0,0.0,0.0,≤2
603,1,10,,0.0,0.0,1.0,0.0,0.0,≤2
605,1,10,,0.0,0.0,3.0,0.0,0.0,≤2
608,0,10,,0.0,0.0,1.0,0.0,0.0,≤2
609,0,10,,0.0,0.0,1.0,0.0,0.0,≤2
610,1,10,,0.0,0.0,1.0,0.0,0.0,≤2
612,1,10,L.Paquetá,-1.0,-1.0,2.0,-1.5625,-1.5625,≤2
613,2,10,,0.0,0.0,2.0,0.0,0.0,≤2
615,1,10,,0.0,0.0,1.0,0.0,0.0,≤2
621,2,10,,0.0,0.0,2.0,0.0,0.0,≤2
623,1,10,,0.0,0.0,0.0,0.0,0.0,≤2
624,5,10,Bowen,0.0,-2.0,2.0,0.0,-3.125,3–5
627,2,10,,0.0,0.0,1.0,0.0,0.0,≤2
633,1,10,,0.0,0.0,1.0,0.0,0.0,≤2
635,1,10,,0.0,0.0,2.0,0.0,0.0,≤2
636,4,10,,0.0,0.0,1.0,0.0,0.0,3–5
638,1,10,,0.0,0.0,1.0,0.0,0.0,≤2
642,1,10,,0.0,0.0,0.0,0.0,0.0,≤2
643,2,10,,0.0,0.0,4.0,0.0,0.0,≤2
644,1,10,,0.0,0.0,0.0,0.0,0.0,≤2
646,1,10,,0.0,0.0,2.0,0.0,0.0,≤2
648,8,10,,0.0,0.0,4.0,0.0,0.0,6–9
654,6,10,,0.0,0.0,2.0,0.0,0.0,6–9
659,1,10,,0.0,0.0,1.0,0.0,0.0,≤2
661,2,10,,0.0,0.0,1.0,0.0,0.0,≤2
662,1,10,,0.0,0.0,0.0,0.0,0.0,≤2
663,2,10,,0.0,0.0,2.0,0.0,0.0,≤2
665,1,10,,0.0,0.0,0.0,0.0,0.0,≤2
666,2,10,Gyökeres,-8.0,-4.0,2.0,-12.5,-6.25,≤2
668,2,10,Xhaka,0.0,1.0,5.0,0.0,1.5625,≤2
669,2,10,,0.0,0.0,0.0,0.0,0.0,≤2
670,4,10,,0.0,0.0,7.0,0.0,0.0,3–5
671,2,10,,0.0,0.0,0.0,0.0,0.0,≤2
673,5,10,,0.0,0.0,9.0,0.0,0.0,3–5
676,2,10,,0.0,0.0,10.0,0.0,0.0,≤2
677,1,10,,0.0,0.0,2.0,0.0,0.0,≤2
681,4,10,,0.0,0.0,1.0,0.0,0.0,3–5
682,1,10,,0.0,0.0,0.0,0.0,0.0,≤2
684,2,10,,0.0,0.0,1.0,0.0,0.0,≤2
686,1,10,,0.0,0.0,0.0,0.0,0.0,≤2
691,2,10,Calvert-Lewin,-7.0,0.0,2.0,-10.9375,0.0,≤2
693,1,10,,0.0,0.0,0.0,0.0,0.0,≤2
694,2,10,Mukiele,3.0,2.0,17.0,4.6875,3.125,≤2
695,1,10,,0.0,0.0,1.0,0.0,0.0,≤2
696,1,10,,0.0,0.0,0.0,0.0,0.0,≤2
697,1,10,,0.0,0.0,1.0,0.0,0.0,≤2
698,4,10,,0.0,0.0,0.0,0.0,0.0,3–5
699,0,10,,0.0,0.0,1.0,0.0,0.0,≤2
706,0,10,,0.0,0.0,0.0,0.0,0.0,≤2
708,6,10,,0.0,0.0,1.0,0.0,0.0,6–9
709,4,10,,0.0,0.0,-1.0,0.0,0.0,3–5
712,1,10,,0.0,0.0,1.0,0.0,0.0,≤2
713,6,10,,0.0,0.0,1.0,0.0,0.0,6–9
714,2,10,Woltemade,0.0,1.0,8.0,0.0,1.5625,≤2
716,1,10,,0.0,0.0,1.0,0.0,0.0,≤2
717,3,10,Xavi,0.0,-1.0,2.0,0.0,-1.5625,3–5
718,1,10,,0.0,0.0,0.0,0.0,0.0,≤2
720,1,10,,0.0,0.0,1.0,0.0,0.0,≤2
721,6,10,,0.0,0.0,0.0,0.0,0.0,6–9
722,2,10,,0.0,0.0,8.0,0.0,0.0,≤2
724,2,10,,0.0,0.0,1.0,0.0,0.0,≤2
725,1,10,,0.0,0.0,0.0,0.0,0.0,≤2
726,2,10,,0.0,0.0,1.0,0.0,0.0,≤2
728,1,10,,0.0,0.0,1.0,0.0,0.0,≤2
730,4,10,,0.0,0.0,0.0,0.0,0.0,3–5
731,1,10,,0.0,0.0,1.0,0.0,0.0,≤2
732,1,10,,0.0,0.0,0.0,0.0,0.0,≤2
733,2,10,,0.0,0.0,3.0,0.0,0.0,≤2
735,5,10,,0.0,0.0,3.0,0.0,0.0,3–5
736,2,10,,0.0,0.0,6.0,0.0,0.0,≤2
737,1,10,,0.0,0.0,0.0,0.0,0.0,≤2
1,6,11,,0.0,0.0,6.0,0.0,0.0,6–9
5,12,11,Gabriel,0.0,2.0,9.0,0.0,3.125,10–14
6,6,11,,0.0,0.0,1.0,0.0,0.0,6–9
7,6,11,Calafiori,0.0,1.0,6.0,0.0,1.5625,6–9
8,6,11,J.Timber,5.0,3.0,6.0,7.8125,4.6875,6–9
10,1,11,,0.0,0.0,1.0,0.0,0.0,≤2
16,3,11,Saka,24.0,5.0,3.0,37.5,7.8125,3–5
20,6,11,,0.0,0.0,3.0,0.0,0.0,6–9
21,13,11,,0.0,0.0,7.0,0.0,0.0,10–14
22,1,11,,0.0,0.0,1.0,0.0,0.0,≤2
24,1,11,,0.0,0.0,0.0,0.0,0.0,≤2
25,1,11,,0.0,0.0,0.0,0.0,0.0,≤2
26,3,11,,0.0,0.0,5.0,0.0,0.0,3–5
27,1,11,,0.0,0.0,0.0,0.0,0.0,≤2
32,1,11,,0.0,0.0,8.0,0.0,0.0,≤2
36,0,11,,0.0,0.0,15.0,0.0,0.0,≤2
37,1,11,,0.0,0.0,6.0,0.0,0.0,≤2
38,1,11,,0.0,0.0,8.0,0.0,0.0,≤2
39,1,11,,0.0,0.0,1.0,0.0,0.0,≤2
40,1,11,,0.0,0.0,0.0,0.0,0.0,≤2
41,1,11,,0.0,0.0,8.0,0.0,0.0,≤2
47,1,11,,0.0,0.0,3.0,0.0,0.0,≤2
52,0,11,,0.0,0.0,0.0,0.0,0.0,≤2
53,1,11,,0.0,0.0,1.0,0.0,0.0,≤2
54,1,11,,0.0,0.0,3.0,0.0,0.0,≤2
55,1,11,,0.0,0.0,1.0,0.0,0.0,≤2
58,2,11,,0.0,0.0,2.0,0.0,0.0,≤2
59,1,11,,0.0,0.0,3.0,0.0,0.0,≤2
64,2,11,,0.0,0.0,2.0,0.0,0.0,≤2
67,2,11,,0.0,0.0,8.0,0.0,0.0,≤2
72,3,11,,0.0,0.0,5.0,0.0,0.0,3–5
74,2,11,Truffert,2.0,1.0,10.0,3.125,1.5625,≤2
81,0,11,,0.0,0.0,2.0,0.0,0.0,≤2
82,2,11,Semenyo,2.0,0.0,3.0,3.125,0.0,≤2
83,2,11,,0.0,0.0,11.0,0.0,0.0,≤2
84,2,11,,0.0,0.0,11.0,0.0,0.0,≤2
85,8,11,,0.0,0.0,6.0,0.0,0.0,6–9
86,2,11,,0.0,0.0,0.0,0.0,0.0,≤2
87,1,11,,0.0,0.0,1.0,0.0,0.0,≤2
88,1,11,,0.0,0.0,1.0,0.0,0.0,≤2
90,5,11,,0.0,0.0,3.0,0.0,0.0,3–5
97,1,11,,0.0,0.0,0.0,0.0,0.0,≤2
100,2,11,,0.0,0.0,12.0,0.0,0.0,≤2
101,1,11,,0.0,0.0,2.0,0.0,0.0,≤2
106,0,11,,0.0,0.0,3.0,0.0,0.0,≤2
107,1,11,,0.0,0.0,0.0,0.0,0.0,≤2
108,1,11,,0.0,0.0,4.0,0.0,0.0,≤2
110,1,11,,0.0,0.0,1.0,0.0,0.0,≤2
113,3,11,,0.0,0.0,3.0,0.0,0.0,3–5
119,2,11,Mbeumo,1.0,1.0,15.0,1.5625,1.5625,≤2
120,1,11,,0.0,0.0,7.0,0.0,0.0,≤2
121,2,11,,0.0,0.0,7.0,0.0,0.0,≤2
123,1,11,,0.0,0.0,0.0,0.0,0.0,≤2
124,1,11,,0.0,0.0,2.0,0.0,0.0,≤2
125,1,11,,0.0,0.0,4.0,0.0,0.0,≤2
126,1,11,,0.0,0.0,1.0,0.0,0.0,≤2
129,2,11,,0.0,0.0,1.0,0.0,0.0,≤2
136,2,11,Thiago,10.0,5.0,5.0,15.625,7.8125,≤2
139,6,11,,0.0,0.0,1.0,0.0,0.0,6–9
146,6,11,,0.0,0.0,0.0,0.0,0.0,6–9
148,6,11,,0.0,0.0,-1.0,0.0,0.0,6–9
149,1,11,,0.0,0.0,0.0,0.0,0.0,≤2
151,7,11,,0.0,0.0,2.0,0.0,0.0,6–9
158,3,11,,0.0,0.0,2.0,0.0,0.0,3–5
160,9,11,Minteh,1.0,1.0,5.0,1.5625,1.5625,6–9
166,3,11,,0.0,0.0,1.0,0.0,0.0,3–5
167,3,11,,0.0,0.0,0.0,0.0,0.0,3–5
169,16,11,,0.0,0.0,1.0,0.0,0.0,15+
172,1,11,,0.0,0.0,1.0,0.0,0.0,≤2
173,10,11,,0.0,0.0,4.0,0.0,0.0,10–14
175,1,11,,0.0,0.0,0.0,0.0,0.0,≤2
178,6,11,Welbeck,1.0,0.0,6.0,1.5625,0.0,6–9
180,1,11,,0.0,0.0,1.0,0.0,0.0,≤2
181,1,11,,0.0,0.0,5.0,0.0,0.0,≤2
187,1,11,,0.0,0.0,3.0,0.0,0.0,≤2
191,1,11,Estève,0.0,-1.0,1.0,0.0,-1.5625,≤2
192,1,11,,0.0,0.0,7.0,0.0,0.0,≤2
198,3,11,,0.0,0.0,1.0,0.0,0.0,3–5
200,2,11,,0.0,0.0,2.0,0.0,0.0,≤2
202,1,11,,0.0,0.0,2.0,0.0,0.0,≤2
205,1,11,,0.0,0.0,2.0,0.0,0.0,≤2
206,1,11,,0.0,0.0,0.0,0.0,0.0,≤2
207,1,11,,0.0,0.0,4.0,0.0,0.0,≤2
209,2,11,,0.0,0.0,1.0,0.0,0.0,≤2
210,1,11,,0.0,0.0,0.0,0.0,0.0,≤2
215,1,11,,0.0,0.0,13.0,0.0,0.0,≤2
220,6,11,,0.0,0.0,1.0,0.0,0.0,6–9
224,7,11,,0.0,0.0,1.0,0.0,0.0,6–9
225,7,11,James,0.0,1.0,1.0,0.0,1.5625,6–9
226,7,11,Chalobah,0.0,1.0,1.0,0.0,1.5625,6–9
228,6,11,,0.0,0.0,0.0,0.0,0.0,6–9
230,6,11,,0.0,0.0,0.0,0.0,0.0,6–9
232,1,11,,0.0,0.0,1.0,0.0,0.0,≤2
236,3,11,,0.0,0.0,8.0,0.0,0.0,3–5
237,2,11,Enzo,5.0,7.0,2.0,7.8125,10.9375,≤2
238,1,11,,0.0,0.0,1.0,0.0,0.0,≤2
239,1,11,,0.0,0.0,1.0,0.0,0.0,≤2
241,10,11,,0.0,0.0,2.0,0.0,0.0,10–14
242,2,11,Dewsbury-Hall,1.0,0.0,2.0,1.5625,0.0,≤2
244,1,11,,0.0,0.0,0.0,0.0,0.0,≤2
249,9,11,João Pedro,0.0,2.0,2.0,0.0,3.125,6–9
253,6,11,,0.0,0.0,2.0,0.0,0.0,6–9
256,6,11,,0.0,0.0,2.0,0.0,0.0,6–9
257,8,11,,0.0,0.0,4.0,0.0,0.0,6–9
258,6,11,,0.0,0.0,2.0,0.0,0.0,6–9
260,10,11,Guéhi,0.0,1.0,4.0,0.0,1.5625,10–14
261,6,11,,0.0,0.0,2.0,0.0,0.0,6–9
266,3,11,,0.0,0.0,11.0,0.0,0.0,3–5
267,3,11,Sarr,0.0,5.0,2.0,0.0,7.8125,3–5
270,1,11,,0.0,0.0,1.0,0.0,0.0,≤2
271,5,11,,0.0,0.0,2.0,0.0,0.0,3–5
272,10,11,,0.0,0.0,1.0,0.0,0.0,10–14
276,1,11,,0.0,0.0,0.0,0.0,0.0,≤2
283,9,11,Mateta,11.0,6.0,2.0,17.1875,9.375,6–9
287,2,11,,0.0,0.0,1.0,0.0,0.0,≤2
291,2,11,Tarkowski,-1.0,0.0,1.0,-1.5625,0.0,≤2
292,2,11,,0.0,0.0,1.0,0.0,0.0,≤2
293,2,11,,0.0,0.0,1.0,0.0,0.0,≤2
295,4,11,,0.0,0.0,1.0,0.0,0.0,3–5
299,9,11,Ndiaye,-3.0,-1.0,2.0,-4.6875,-1.5625,6–9
300,1,11,,0.0,0.0,0.0,0.0,0.0,≤2
301,0,11,,0.0,0.0,1.0,0.0,0.0,≤2
302,4,11,,0.0,0.0,2.0,0.0,0.0,3–5
303,2,11,,0.0,0.0,1.0,0.0,0.0,≤2
304,1,11,,0.0,0.0,0.0,0.0,0.0,≤2
310,0,11,,0.0,0.0,1.0,0.0,0.0,≤2
311,1,11,,0.0,0.0,2.0,0.0,0.0,≤2
314,7,11,,0.0,0.0,2.0,0.0,0.0,6–9
317,6,11,Andersen,0.0,0.0,0.0,0.0,0.0,6–9
318,6,11,,0.0,0.0,1.0,0.0,0.0,6–9
322,6,11,,0.0,0.0,2.0,0.0,0.0,6–9
324,3,11,,0.0,0.0,1.0,0.0,0.0,3–5
325,1,11,,0.0,0.0,1.0,0.0,0.0,≤2
326,1,11,,0.0,0.0,2.0,0.0,0.0,≤2
328,14,11,,0.0,0.0,4.0,0.0,0.0,10–14
329,10,11,,0.0,0.0,0.0,0.0,0.0,10–14
330,5,11,,0.0,0.0,2.0,0.0,0.0,3–5
331,1,11,,0.0,0.0,1.0,0.0,0.0,≤2
335,3,11,King,0.0,1.0,1.0,0.0,1.5625,3–5
337,5,11,,0.0,0.0,5.0,0.0,0.0,3–5
338,1,11,,0.0,0.0,0.0,0.0,0.0,≤2
342,1,11,,0.0,0.0,2.0,0.0,0.0,≤2
344,1,11,Bijol,1.0,0.0,4.0,1.5625,0.0,≤2
347,1,11,Gudmundsson,-1.0,0.0,1.0,-1.5625,0.0,≤2
348,1,11,Rodon,0.0,-1.0,13.0,0.0,-1.5625,≤2
350,2,11,,0.0,0.0,11.0,0.0,0.0,≤2
352,1,11,,0.0,0.0,1.0,0.0,0.0,≤2
353,1,11,,0.0,0.0,1.0,0.0,0.0,≤2
354,1,11,,0.0,0.0,4.0,0.0,0.0,≤2
358,2,11,,0.0,0.0,3.0,0.0,0.0,≤2
365,1,11,,0.0,0.0,1.0,0.0,0.0,≤2
367,7,11,,0.0,0.0,2.0,0.0,0.0,6–9
372,8,11,,0.0,0.0,1.0,0.0,0.0,6–9
373,5,11,Virgil,-1.0,-1.0,3.0,-1.5625,-1.5625,3–5
374,8,11,,0.0,0.0,3.0,0.0,0.0,6–9
375,6,11,,0.0,0.0,4.0,0.0,0.0,6–9
381,10,11,M.Salah,-1.0,0.0,6.0,-1.5625,0.0,10–14
382,1,11,,0.0,0.0,2.0,0.0,0.0,≤2
384,3,11,,0.0,0.0,2.0,0.0,0.0,3–5
386,6,11,,0.0,0.0,1.0,0.0,0.0,6–9
387,2,11,Szoboszlai,0.0,1.0,10.0,0.0,1.5625,≤2
390,11,11,,0.0,0.0,0.0,0.0,0.0,10–14
391,1,11,,0.0,0.0,0.0,0.0,0.0,≤2
402,1,11,,0.0,0.0,0.0,0.0,0.0,≤2
403,2,11,Gvardiol,-5.0,-3.0,2.0,-7.8125,-4.6875,≤2
407,2,11,,0.0,0.0,2.0,0.0,0.0,≤2
408,2,11,,0.0,0.0,4.0,0.0,0.0,≤2
411,8,11,,0.0,0.0,1.0,0.0,0.0,6–9
413,1,11,,0.0,0.0,1.0,0.0,0.0,≤2
414,4,11,Foden,-2.0,-1.0,1.0,-3.125,-1.5625,3–5
415,1,11,,0.0,0.0,1.0,0.0,0.0,≤2
416,2,11,,0.0,0.0,2.0,0.0,0.0,≤2
417,10,11,,0.0,0.0,1.0,0.0,0.0,10–14
418,2,11,,0.0,0.0,1.0,0.0,0.0,≤2
419,2,11,,0.0,0.0,1.0,0.0,0.0,≤2
421,1,11,,0.0,0.0,0.0,0.0,0.0,≤2
423,4,11,,0.0,0.0,0.0,0.0,0.0,3–5
427,1,11,Reijnders,-14.0,-7.0,1.0,-21.875,-10.9375,≤2
430,13,11,Haaland,1.0,0.0,2.0,1.5625,0.0,10–14
436,1,11,,0.0,0.0,1.0,0.0,0.0,≤2
438,0,11,,0.0,0.0,0.0,0.0,0.0,≤2
440,1,11,,0.0,0.0,1.0,0.0,0.0,≤2
441,1,11,,0.0,0.0,-1.0,0.0,0.0,≤2
443,1,11,,0.0,0.0,9.0,0.0,0.0,≤2
444,1,11,,0.0,0.0,1.0,0.0,0.0,≤2
449,5,11,,0.0,0.0,4.0,0.0,0.0,3–5
450,4,11,,0.0,0.0,8.0,0.0,0.0,3–5
452,9,11,,0.0,0.0,3.0,0.0,0.0,6–9
453,3,11,,0.0,0.0,6.0,0.0,0.0,3–5
456,1,11,,0.0,0.0,1.0,0.0,0.0,≤2
457,12,11,,0.0,0.0,15.0,0.0,0.0,10–14
469,3,11,,0.0,0.0,3.0,0.0,0.0,3–5
470,2,11,,0.0,0.0,2.0,0.0,0.0,≤2
474,1,11,,0.0,0.0,1.0,0.0,0.0,≤2
475,-1,11,,0.0,0.0,2.0,0.0,0.0,≤2
476,1,11,,0.0,0.0,2.0,0.0,0.0,≤2
479,0,11,,0.0,0.0,0.0,0.0,0.0,≤2
485,1,11,Gordon,0.0,-3.0,2.0,0.0,-4.6875,≤2
486,1,11,,0.0,0.0,1.0,0.0,0.0,≤2
487,1,11,Barnes,2.0,0.0,1.0,3.125,0.0,≤2
488,4,11,,0.0,0.0,10.0,0.0,0.0,3–5
489,8,11,,0.0,0.0,8.0,0.0,0.0,6–9
490,2,11,,0.0,0.0,4.0,0.0,0.0,≤2
491,2,11,,0.0,0.0,1.0,0.0,0.0,≤2
493,1,11,,0.0,0.0,6.0,0.0,0.0,≤2
500,1,11,,0.0,0.0,4.0,0.0,0.0,≤2
502,2,11,,0.0,0.0,2.0,0.0,0.0,≤2
505,1,11,,0.0,0.0,1.0,0.0,0.0,≤2
506,3,11,,0.0,0.0,1.0,0.0,0.0,3–5
508,1,11,,0.0,0.0,1.0,0.0,0.0,≤2
515,8,11,,0.0,0.0,2.0,0.0,0.0,6–9
516,2,11,,0.0,0.0,1.0,0.0,0.0,≤2
517,4,11,,0.0,0.0,2.0,0.0,0.0,3–5
521,1,11,,0.0,0.0,0.0,0.0,0.0,≤2
522,5,11,,0.0,0.0,1.0,0.0,0.0,3–5
526,5,11,,0.0,0.0,1.0,0.0,0.0,3–5
527,1,11,,0.0,0.0,1.0,0.0,0.0,≤2
531,4,11,,0.0,0.0,2.0,0.0,0.0,3–5
532,1,11,,0.0,0.0,2.0,0.0,0.0,≤2
541,2,11,,0.0,0.0,2.0,0.0,0.0,≤2
547,6,11,,0.0,0.0,1.0,0.0,0.0,6–9
552,3,11,,0.0,0.0,2.0,0.0,0.0,3–5
553,1,11,,0.0,0.0,8.0,0.0,0.0,≤2
560,2,11,,0.0,0.0,7.0,0.0,0.0,≤2
565,4,11,,0.0,0.0,6.0,0.0,0.0,3–5
568,2,11,Pedro Porro,0.0,-3.0,11.0,0.0,-4.6875,≤2
569,1,11,,0.0,0.0,0.0,0.0,0.0,≤2
570,0,11,,0.0,0.0,9.0,0.0,0.0,≤2
573,2,11,,0.0,0.0,6.0,0.0,0.0,≤2
574,1,11,,0.0,0.0,0.0,0.0,0.0,≤2
575,2,11,,0.0,0.0,23.0,0.0,0.0,≤2
580,1,11,,0.0,0.0,3.0,0.0,0.0,≤2
582,1,11,Kudus,0.0,-1.0,3.0,0.0,-1.5625,≤2
585,0,11,,0.0,0.0,8.0,0.0,0.0,≤2
586,1,11,,0.0,0.0,1.0,0.0,0.0,≤2
588,1,11,,0.0,0.0,0.0,0.0,0.0,≤2
593,4,11,,0.0,0.0,6.0,0.0,0.0,3–5
597,1,11,,0.0,0.0,4.0,0.0,0.0,≤2
600,3,11,,0.0,0.0,2.0,0.0,0.0,3–5
603,2,11,,0.0,0.0,1.0,0.0,0.0,≤2
605,2,11,,0.0,0.0,1.0,0.0,0.0,≤2
609,4,11,,0.0,0.0,0.0,0.0,0.0,3–5
610,7,11,,0.0,0.0,1.0,0.0,0.0,6–9
612,9,11,L.Paquetá,0.0,0.0,1.0,0.0,0.0,6–9
613,6,11,,0.0,0.0,2.0,0.0,0.0,6–9
615,2,11,,0.0,0.0,1.0,0.0,0.0,≤2
623,2,11,,0.0,0.0,1.0,0.0,0.0,≤2
624,2,11,,0.0,0.0,5.0,0.0,0.0,≤2
627,2,11,,0.0,0.0,2.0,0.0,0.0,≤2
631,-3,11,,0.0,0.0,0.0,0.0,0.0,≤2
633,1,11,,0.0,0.0,1.0,0.0,0.0,≤2
634,-3,11,,0.0,0.0,0.0,0.0,0.0,≤2
636,2,11,,0.0,0.0,4.0,0.0,0.0,≤2
637,0,11,,0.0,0.0,0.0,0.0,0.0,≤2
638,1,11,,0.0,0.0,1.0,0.0,0.0,≤2
643,1,11,,0.0,0.0,2.0,0.0,0.0,≤2
644,2,11,,0.0,0.0,1.0,0.0,0.0,≤2
646,1,11,,0.0,0.0,1.0,0.0,0.0,≤2
648,4,11,,0.0,0.0,8.0,0.0,0.0,3–5
654,2,11,,0.0,0.0,6.0,0.0,0.0,≤2
659,1,11,,0.0,0.0,1.0,0.0,0.0,≤2
660,1,11,Stach,-14.0,-7.0,0.0,-21.875,-10.9375,≤2
661,2,11,,0.0,0.0,2.0,0.0,0.0,≤2
663,1,11,,0.0,0.0,2.0,0.0,0.0,≤2
665,2,11,,0.0,0.0,1.0,0.0,0.0,≤2
666,7,11,Gyökeres,-42.0,-19.0,2.0,-65.625,-29.6875,6–9
668,10,11,Xhaka,0.0,-1.0,2.0,0.0,-1.5625,10–14
669,1,11,,0.0,0.0,2.0,0.0,0.0,≤2
670,2,11,,0.0,0.0,4.0,0.0,0.0,≤2
671,2,11,,0.0,0.0,2.0,0.0,0.0,≤2
673,4,11,,0.0,0.0,5.0,0.0,0.0,3–5
676,2,11,,0.0,0.0,2.0,0.0,0.0,≤2
677,1,11,,0.0,0.0,1.0,0.0,0.0,≤2
680,1,11,,0.0,0.0,0.0,0.0,0.0,≤2
681,2,11,,0.0,0.0,4.0,0.0,0.0,≤2
684,1,11,,0.0,0.0,2.0,0.0,0.0,≤2
685,1,11,,0.0,0.0,0.0,0.0,0.0,≤2
691,2,11,Calvert-Lewin,-1.0,-2.0,2.0,-1.5625,-3.125,≤2
694,1,11,,0.0,0.0,2.0,0.0,0.0,≤2
695,0,11,,0.0,0.0,1.0,0.0,0.0,≤2
698,2,11,,0.0,0.0,4.0,0.0,0.0,≤2
699,1,11,,0.0,0.0,0.0,0.0,0.0,≤2
706,1,11,,0.0,0.0,0.0,0.0,0.0,≤2
708,7,11,,0.0,0.0,6.0,0.0,0.0,6–9
709,1,11,,0.0,0.0,4.0,0.0,0.0,≤2
712,3,11,,0.0,0.0,1.0,0.0,0.0,3–5
713,1,11,,0.0,0.0,6.0,0.0,0.0,≤2
714,1,11,,0.0,0.0,2.0,0.0,0.0,≤2
716,7,11,,0.0,0.0,1.0,0.0,0.0,6–9
717,3,11,,0.0,0.0,3.0,0.0,0.0,3–5
720,1,11,,0.0,0.0,1.0,0.0,0.0,≤2
722,2,11,,0.0,0.0,2.0,0.0,0.0,≤2
723,1,11,,0.0,0.0,0.0,0.0,0.0,≤2
724,2,11,,0.0,0.0,2.0,0.0,0.0,≤2
725,1,11,,0.0,0.0,1.0,0.0,0.0,≤2
726,2,11,,0.0,0.0,2.0,0.0,0.0,≤2
727,1,11,,0.0,0.0,0.0,0.0,0.0,≤2
730,1,11,,0.0,0.0,4.0,0.0,0.0,≤2
731,3,11,,0.0,0.0,1.0,0.0,0.0,3–5
733,1,11,,0.0,0.0,2.0,0.0,0.0,≤2
735,2,11,,0.0,0.0,5.0,0.0,0.0,≤2
736,2,11,,0.0,0.0,2.0,0.0,0.0,≤2
744,1,11,,0.0,0.0,0.0,0.0,0.0,≤2
1,1,12,,0.0,0.0,6.0,0.0,0.0,≤2
5,1,12,Gabriel,-58.0,-58.0,12.0,-90.625,-90.625,≤2
6,1,12,Saliba,1.0,0.0,6.0,1.5625,0.0,≤2
7,1,12,,0.0,0.0,6.0,0.0,0.0,≤2
8,1,12,J.Timber,7.0,2.0,6.0,10.9375,3.125,≤2
16,12,12,Saka,0.0,2.0,3.0,0.0,3.125,10–14
20,9,12,,0.0,0.0,6.0,0.0,0.0,6–9
21,2,12,,0.0,0.0,13.0,0.0,0.0,≤2
22,5,12,,0.0,0.0,1.0,0.0,0.0,3–5
26,5,12,,0.0,0.0,3.0,0.0,0.0,3–5
27,1,12,,0.0,0.0,1.0,0.0,0.0,≤2
32,14,12,,0.0,0.0,1.0,0.0,0.0,10–14
36,6,12,,0.0,0.0,0.0,0.0,0.0,6–9
37,9,12,,0.0,0.0,1.0,0.0,0.0,6–9
38,6,12,,0.0,0.0,1.0,0.0,0.0,6–9
41,6,12,,0.0,0.0,1.0,0.0,0.0,6–9
44,1,12,,0.0,0.0,0.0,0.0,0.0,≤2
47,2,12,,0.0,0.0,1.0,0.0,0.0,≤2
48,4,12,,0.0,0.0,0.0,0.0,0.0,3–5
50,11,12,,0.0,0.0,0.0,0.0,0.0,10–14
52,2,12,,0.0,0.0,0.0,0.0,0.0,≤2
53,6,12,,0.0,0.0,1.0,0.0,0.0,6–9
54,3,12,,0.0,0.0,1.0,0.0,0.0,3–5
55,6,12,,0.0,0.0,1.0,0.0,0.0,6–9
58,2,12,,0.0,0.0,2.0,0.0,0.0,≤2
59,9,12,,0.0,0.0,1.0,0.0,0.0,6–9
64,2,12,,0.0,0.0,2.0,0.0,0.0,≤2
67,1,12,,0.0,0.0,2.0,0.0,0.0,≤2
72,2,12,Senesi,0.0,1.0,3.0,0.0,1.5625,≤2
73,1,12,,0.0,0.0,0.0,0.0,0.0,≤2
74,0,12,,0.0,0.0,2.0,0.0,0.0,≤2
81,2,12,,0.0,0.0,0.0,0.0,0.0,≤2
82,0,12,Semenyo,0.0,-5.0,2.0,0.0,-7.8125,≤2
83,4,12,,0.0,0.0,2.0,0.0,0.0,3–5
84,2,12,Tavernier,1.0,0.0,2.0,1.5625,0.0,≤2
85,2,12,,0.0,0.0,8.0,0.0,0.0,≤2
86,1,12,,0.0,0.0,2.0,0.0,0.0,≤2
87,1,12,,0.0,0.0,1.0,0.0,0.0,≤2
88,1,12,,0.0,0.0,1.0,0.0,0.0,≤2
90,2,12,,0.0,0.0,5.0,0.0,0.0,≤2
97,2,12,,0.0,0.0,1.0,0.0,0.0,≤2
100,1,12,Kroupi.Jr,0.0,-1.0,2.0,0.0,-1.5625,≤2
101,2,12,,0.0,0.0,1.0,0.0,0.0,≤2
106,2,12,,0.0,0.0,0.0,0.0,0.0,≤2
109,1,12,,0.0,0.0,0.0,0.0,0.0,≤2
110,4,12,,0.0,0.0,1.0,0.0,0.0,3–5
113,2,12,Van den Berg,2.0,0.0,3.0,3.125,0.0,≤2
116,2,12,,0.0,0.0,0.0,0.0,0.0,≤2
119,7,12,Mbeumo,8.0,6.0,2.0,12.5,9.375,6–9
120,8,12,,0.0,0.0,1.0,0.0,0.0,6–9
121,2,12,,0.0,0.0,2.0,0.0,0.0,≤2
124,2,12,,0.0,0.0,1.0,0.0,0.0,≤2
125,1,12,,0.0,0.0,1.0,0.0,0.0,≤2
126,1,12,,0.0,0.0,1.0,0.0,0.0,≤2
129,4,12,,0.0,0.0,2.0,0.0,0.0,3–5
136,13,12,Thiago,4.0,6.0,2.0,6.25,9.375,10–14
139,6,12,,0.0,0.0,6.0,0.0,0.0,6–9
145,1,12,,0.0,0.0,0.0,0.0,0.0,≤2
146,6,12,,0.0,0.0,6.0,0.0,0.0,6–9
148,6,12,,0.0,0.0,6.0,0.0,0.0,6–9
149,1,12,,0.0,0.0,1.0,0.0,0.0,≤2
151,5,12,,0.0,0.0,7.0,0.0,0.0,3–5
152,0,12,,0.0,0.0,0.0,0.0,0.0,≤2
158,2,12,,0.0,0.0,3.0,0.0,0.0,≤2
160,3,12,Minteh,7.0,6.0,9.0,10.9375,9.375,3–5
166,3,12,,0.0,0.0,3.0,0.0,0.0,3–5
167,2,12,,0.0,0.0,3.0,0.0,0.0,≤2
169,3,12,,0.0,0.0,16.0,0.0,0.0,3–5
173,3,12,,0.0,0.0,10.0,0.0,0.0,3–5
178,2,12,,0.0,0.0,6.0,0.0,0.0,≤2
180,1,12,,0.0,0.0,1.0,0.0,0.0,≤2
181,1,12,,0.0,0.0,1.0,0.0,0.0,≤2
187,0,12,,0.0,0.0,1.0,0.0,0.0,≤2
191,3,12,Estève,1.0,0.0,1.0,1.5625,0.0,3–5
192,1,12,,0.0,0.0,1.0,0.0,0.0,≤2
195,1,12,,0.0,0.0,0.0,0.0,0.0,≤2
198,3,12,,0.0,0.0,3.0,0.0,0.0,3–5
200,2,12,,0.0,0.0,2.0,0.0,0.0,≤2
202,1,12,,0.0,0.0,1.0,0.0,0.0,≤2
205,10,12,,0.0,0.0,1.0,0.0,0.0,10–14
206,1,12,,0.0,0.0,1.0,0.0,0.0,≤2
207,4,12,,0.0,0.0,1.0,0.0,0.0,3–5
210,2,12,,0.0,0.0,1.0,0.0,0.0,≤2
215,5,12,,0.0,0.0,1.0,0.0,0.0,3–5
220,6,12,Sánchez,0.0,1.0,6.0,0.0,1.5625,6–9
224,6,12,,0.0,0.0,7.0,0.0,0.0,6–9
225,1,12,,0.0,0.0,7.0,0.0,0.0,≤2
226,6,12,,0.0,0.0,7.0,0.0,0.0,6–9
228,15,12,,0.0,0.0,6.0,0.0,0.0,15+
230,6,12,,0.0,0.0,6.0,0.0,0.0,6–9
236,9,12,,0.0,0.0,3.0,0.0,0.0,6–9
237,3,12,Enzo,-5.0,-1.0,2.0,-7.8125,-1.5625,3–5
238,4,12,,0.0,0.0,1.0,0.0,0.0,3–5
239,1,12,,0.0,0.0,1.0,0.0,0.0,≤2
241,2,12,,0.0,0.0,10.0,0.0,0.0,≤2
242,9,12,Dewsbury-Hall,0.0,-1.0,2.0,0.0,-1.5625,6–9
246,1,12,,0.0,0.0,0.0,0.0,0.0,≤2
249,7,12,,0.0,0.0,9.0,0.0,0.0,6–9
250,2,12,,0.0,0.0,0.0,0.0,0.0,≤2
252,1,12,Marc Guiu,0.0,3.0,0.0,0.0,4.6875,≤2
253,9,12,,0.0,0.0,6.0,0.0,0.0,6–9
256,6,12,Muñoz,5.0,4.0,6.0,7.8125,6.25,6–9
257,6,12,Lacroix,12.0,2.0,8.0,18.75,3.125,6–9
258,11,12,,0.0,0.0,6.0,0.0,0.0,10–14
261,8,12,Richards,7.0,3.0,6.0,10.9375,4.6875,6–9
266,2,12,Eze,0.0,-2.0,3.0,0.0,-3.125,≤2
267,3,12,Sarr,0.0,2.0,3.0,0.0,3.125,3–5
270,1,12,,0.0,0.0,1.0,0.0,0.0,≤2
271,3,12,,0.0,0.0,5.0,0.0,0.0,3–5
272,2,12,,0.0,0.0,10.0,0.0,0.0,≤2
273,3,12,,0.0,0.0,0.0,0.0,0.0,3–5
283,2,12,,0.0,0.0,9.0,0.0,0.0,≤2
287,7,12,,0.0,0.0,2.0,0.0,0.0,6–9
291,5,12,Tarkowski,-7.0,0.0,2.0,-10.9375,0.0,3–5
292,6,12,,0.0,0.0,2.0,0.0,0.0,6–9
293,1,12,,0.0,0.0,2.0,0.0,0.0,≤2
295,15,12,,0.0,0.0,4.0,0.0,0.0,15+
299,3,12,Ndiaye,-10.0,-8.0,9.0,-15.625,-12.5,3–5
302,10,12,,0.0,0.0,4.0,0.0,0.0,10–14
303,3,12,,0.0,0.0,2.0,0.0,0.0,3–5
304,5,12,,0.0,0.0,1.0,0.0,0.0,3–5
310,2,12,,0.0,0.0,0.0,0.0,0.0,≤2
311,1,12,,0.0,0.0,1.0,0.0,0.0,≤2
314,2,12,,0.0,0.0,7.0,0.0,0.0,≤2
317,3,12,Andersen,0.0,1.0,6.0,0.0,1.5625,3–5
318,2,12,,0.0,0.0,6.0,0.0,0.0,≤2
322,3,12,,0.0,0.0,6.0,0.0,0.0,3–5
324,2,12,,0.0,0.0,3.0,0.0,0.0,≤2
325,1,12,,0.0,0.0,1.0,0.0,0.0,≤2
326,1,12,,0.0,0.0,1.0,0.0,0.0,≤2
328,4,12,,0.0,0.0,14.0,0.0,0.0,3–5
329,1,12,,0.0,0.0,10.0,0.0,0.0,≤2
330,2,12,,0.0,0.0,5.0,0.0,0.0,≤2
332,0,12,,0.0,0.0,0.0,0.0,0.0,≤2
335,1,12,King,0.0,1.0,3.0,0.0,1.5625,≤2
337,1,12,,0.0,0.0,5.0,0.0,0.0,≤2
338,1,12,,0.0,0.0,1.0,0.0,0.0,≤2
342,1,12,,0.0,0.0,1.0,0.0,0.0,≤2
343,1,12,,0.0,0.0,0.0,0.0,0.0,≤2
344,1,12,,0.0,0.0,1.0,0.0,0.0,≤2
347,1,12,,0.0,0.0,1.0,0.0,0.0,≤2
348,1,12,,0.0,0.0,1.0,0.0,0.0,≤2
350,7,12,,0.0,0.0,2.0,0.0,0.0,6–9
352,1,12,,0.0,0.0,1.0,0.0,0.0,≤2
353,1,12,,0.0,0.0,1.0,0.0,0.0,≤2
354,2,12,,0.0,0.0,1.0,0.0,0.0,≤2
362,1,12,,0.0,0.0,0.0,0.0,0.0,≤2
365,8,12,,0.0,0.0,1.0,0.0,0.0,6–9
367,7,12,Mamardashvili,0.0,-1.0,7.0,0.0,-1.5625,6–9
371,1,12,,0.0,0.0,0.0,0.0,0.0,≤2
372,0,12,,0.0,0.0,8.0,0.0,0.0,≤2
373,1,12,Virgil,33.0,46.0,5.0,51.5625,71.875,≤2
374,1,12,,0.0,0.0,8.0,0.0,0.0,≤2
375,0,12,,0.0,0.0,6.0,0.0,0.0,≤2
376,1,12,,0.0,0.0,0.0,0.0,0.0,≤2
381,2,12,,0.0,0.0,10.0,0.0,0.0,≤2
382,2,12,,0.0,0.0,1.0,0.0,0.0,≤2
384,1,12,,0.0,0.0,3.0,0.0,0.0,≤2
385,1,12,,0.0,0.0,0.0,0.0,0.0,≤2
386,1,12,,0.0,0.0,6.0,0.0,0.0,≤2
387,1,12,Szoboszlai,1.0,1.0,2.0,1.5625,1.5625,≤2
388,0,12,,0.0,0.0,0.0,0.0,0.0,≤2
390,2,12,,0.0,0.0,11.0,0.0,0.0,≤2
403,6,12,Gvardiol,-3.0,1.0,2.0,-4.6875,1.5625,6–9
407,13,12,,0.0,0.0,2.0,0.0,0.0,10–14
408,6,12,,0.0,0.0,2.0,0.0,0.0,6–9
411,11,12,O'Reilly,0.0,1.0,8.0,0.0,1.5625,10–14
413,1,12,,0.0,0.0,1.0,0.0,0.0,≤2
414,3,12,,0.0,0.0,4.0,0.0,0.0,3–5
415,1,12,,0.0,0.0,1.0,0.0,0.0,≤2
416,5,12,,0.0,0.0,2.0,0.0,0.0,3–5
417,1,12,,0.0,0.0,10.0,0.0,0.0,≤2
418,11,12,,0.0,0.0,2.0,0.0,0.0,10–14
419,3,12,,0.0,0.0,2.0,0.0,0.0,3–5
423,8,12,,0.0,0.0,4.0,0.0,0.0,6–9
430,4,12,,0.0,0.0,13.0,0.0,0.0,3–5
436,9,12,De Ligt,1.0,0.0,1.0,1.5625,0.0,6–9
438,1,12,,0.0,0.0,0.0,0.0,0.0,≤2
440,0,12,,0.0,0.0,1.0,0.0,0.0,≤2
441,5,12,,0.0,0.0,1.0,0.0,0.0,3–5
442,6,12,,0.0,0.0,0.0,0.0,0.0,6–9
443,1,12,,0.0,0.0,1.0,0.0,0.0,≤2
444,0,12,,0.0,0.0,1.0,0.0,0.0,≤2
449,5,12,B.Fernandes,0.0,6.0,5.0,0.0,9.375,3–5
450,3,12,Cunha,11.0,6.0,4.0,17.1875,9.375,3–5
452,8,12,,0.0,0.0,9.0,0.0,0.0,6–9
453,11,12,,0.0,0.0,3.0,0.0,0.0,10–14
455,1,12,,0.0,0.0,0.0,0.0,0.0,≤2
456,1,12,,0.0,0.0,1.0,0.0,0.0,≤2
457,5,12,,0.0,0.0,12.0,0.0,0.0,3–5
459,1,12,,0.0,0.0,0.0,0.0,0.0,≤2
469,3,12,Pope,0.0,-1.0,3.0,0.0,-1.5625,3–5
470,2,12,,0.0,0.0,2.0,0.0,0.0,≤2
473,0,12,,0.0,0.0,0.0,0.0,0.0,≤2
475,3,12,,0.0,0.0,-1.0,0.0,0.0,3–5
476,0,12,,0.0,0.0,1.0,0.0,0.0,≤2
478,0,12,,0.0,0.0,0.0,0.0,0.0,≤2
486,1,12,,0.0,0.0,1.0,0.0,0.0,≤2
487,9,12,,0.0,0.0,1.0,0.0,0.0,6–9
488,4,12,,0.0,0.0,4.0,0.0,0.0,3–5
489,2,12,,0.0,0.0,8.0,0.0,0.0,≤2
490,1,12,,0.0,0.0,2.0,0.0,0.0,≤2
491,4,12,,0.0,0.0,2.0,0.0,0.0,3–5
493,1,12,,0.0,0.0,1.0,0.0,0.0,≤2
494,1,12,,0.0,0.0,0.0,0.0,0.0,≤2
497,1,12,,0.0,0.0,0.0,0.0,0.0,≤2
502,2,12,,0.0,0.0,2.0,0.0,0.0,≤2
505,4,12,,0.0,0.0,1.0,0.0,0.0,3–5
506,1,12,,0.0,0.0,3.0,0.0,0.0,≤2
508,2,12,,0.0,0.0,1.0,0.0,0.0,≤2
511,1,12,,0.0,0.0,0.0,0.0,0.0,≤2
515,10,12,,0.0,0.0,8.0,0.0,0.0,10–14
517,9,12,,0.0,0.0,4.0,0.0,0.0,6–9
519,1,12,,0.0,0.0,0.0,0.0,0.0,≤2
521,5,12,,0.0,0.0,1.0,0.0,0.0,3–5
522,1,12,,0.0,0.0,5.0,0.0,0.0,≤2
526,1,12,,0.0,0.0,5.0,0.0,0.0,≤2
527,1,12,,0.0,0.0,1.0,0.0,0.0,≤2
531,10,12,,0.0,0.0,4.0,0.0,0.0,10–14
532,1,12,,0.0,0.0,1.0,0.0,0.0,≤2
541,0,12,,0.0,0.0,2.0,0.0,0.0,≤2
543,1,12,,0.0,0.0,0.0,0.0,0.0,≤2
547,2,12,,0.0,0.0,6.0,0.0,0.0,≤2
552,4,12,,0.0,0.0,3.0,0.0,0.0,3–5
553,1,12,,0.0,0.0,1.0,0.0,0.0,≤2
560,2,12,,0.0,0.0,2.0,0.0,0.0,≤2
561,1,12,,0.0,0.0,0.0,0.0,0.0,≤2
565,1,12,,0.0,0.0,4.0,0.0,0.0,≤2
568,2,12,,0.0,0.0,2.0,0.0,0.0,≤2
569,1,12,Romero,0.0,-1.0,1.0,0.0,-1.5625,≤2
570,0,12,,0.0,0.0,0.0,0.0,0.0,≤2
573,1,12,,0.0,0.0,2.0,0.0,0.0,≤2
574,4,12,,0.0,0.0,1.0,0.0,0.0,3–5
575,1,12,Van de Ven,0.0,-1.0,2.0,0.0,-1.5625,≤2
580,1,12,,0.0,0.0,1.0,0.0,0.0,≤2
584,6,12,,0.0,0.0,0.0,0.0,0.0,6–9
585,1,12,,0.0,0.0,0.0,0.0,0.0,≤2
588,7,12,,0.0,0.0,1.0,0.0,0.0,6–9
593,2,12,,0.0,0.0,4.0,0.0,0.0,≤2
597,6,12,,0.0,0.0,1.0,0.0,0.0,6–9
600,2,12,,0.0,0.0,3.0,0.0,0.0,≤2
603,1,12,,0.0,0.0,2.0,0.0,0.0,≤2
605,1,12,,0.0,0.0,2.0,0.0,0.0,≤2
609,1,12,,0.0,0.0,4.0,0.0,0.0,≤2
610,3,12,,0.0,0.0,7.0,0.0,0.0,3–5
612,4,12,L.Paquetá,-3.0,0.0,9.0,-4.6875,0.0,3–5
613,12,12,,0.0,0.0,6.0,0.0,0.0,10–14
615,5,12,,0.0,0.0,2.0,0.0,0.0,3–5
623,4,12,,0.0,0.0,2.0,0.0,0.0,3–5
624,2,12,Bowen,0.0,-2.0,2.0,0.0,-3.125,≤2
627,2,12,,0.0,0.0,2.0,0.0,0.0,≤2
633,1,12,,0.0,0.0,1.0,0.0,0.0,≤2
636,1,12,,0.0,0.0,2.0,0.0,0.0,≤2
637,1,12,,0.0,0.0,0.0,0.0,0.0,≤2
642,2,12,,0.0,0.0,0.0,0.0,0.0,≤2
643,1,12,,0.0,0.0,1.0,0.0,0.0,≤2
644,2,12,,0.0,0.0,2.0,0.0,0.0,≤2
646,2,12,,0.0,0.0,1.0,0.0,0.0,≤2
648,0,12,,0.0,0.0,4.0,0.0,0.0,≤2
654,2,12,Strand Larsen,0.0,-1.0,2.0,0.0,-1.5625,≤2
659,7,12,,0.0,0.0,1.0,0.0,0.0,6–9
660,4,12,Stach,-2.0,-1.0,1.0,-3.125,-1.5625,3–5
661,1,12,,0.0,0.0,2.0,0.0,0.0,≤2
662,1,12,,0.0,0.0,0.0,0.0,0.0,≤2
665,2,12,,0.0,0.0,2.0,0.0,0.0,≤2
668,3,12,,0.0,0.0,10.0,0.0,0.0,3–5
669,5,12,,0.0,0.0,1.0,0.0,0.0,3–5
670,2,12,,0.0,0.0,2.0,0.0,0.0,≤2
671,7,12,,0.0,0.0,2.0,0.0,0.0,6–9
673,3,12,,0.0,0.0,4.0,0.0,0.0,3–5
674,0,12,,0.0,0.0,0.0,0.0,0.0,≤2
676,5,12,,0.0,0.0,2.0,0.0,0.0,3–5
677,1,12,,0.0,0.0,1.0,0.0,0.0,≤2
680,1,12,,0.0,0.0,1.0,0.0,0.0,≤2
681,1,12,,0.0,0.0,2.0,0.0,0.0,≤2
684,3,12,,0.0,0.0,1.0,0.0,0.0,3–5
691,1,12,Calvert-Lewin,-4.0,-1.0,2.0,-6.25,-1.5625,≤2
693,8,12,,0.0,0.0,0.0,0.0,0.0,6–9
694,4,12,,0.0,0.0,1.0,0.0,0.0,3–5
695,3,12,,0.0,0.0,0.0,0.0,0.0,3–5
697,1,12,,0.0,0.0,0.0,0.0,0.0,≤2
698,2,12,,0.0,0.0,2.0,0.0,0.0,≤2
708,1,12,,0.0,0.0,7.0,0.0,0.0,≤2
709,1,12,,0.0,0.0,1.0,0.0,0.0,≤2
712,1,12,,0.0,0.0,3.0,0.0,0.0,≤2
713,-1,12,,0.0,0.0,1.0,0.0,0.0,≤2
714,5,12,Woltemade,0.0,-2.0,1.0,0.0,-3.125,3–5
716,2,12,,0.0,0.0,7.0,0.0,0.0,≤2
717,2,12,,0.0,0.0,3.0,0.0,0.0,≤2
718,1,12,,0.0,0.0,0.0,0.0,0.0,≤2
721,2,12,,0.0,0.0,0.0,0.0,0.0,≤2
722,4,12,,0.0,0.0,2.0,0.0,0.0,3–5
723,10,12,,0.0,0.0,1.0,0.0,0.0,10–14
724,1,12,,0.0,0.0,2.0,0.0,0.0,≤2
726,1,12,,0.0,0.0,2.0,0.0,0.0,≤2
727,1,12,,0.0,0.0,1.0,0.0,0.0,≤2
728,1,12,,0.0,0.0,0.0,0.0,0.0,≤2
730,5,12,,0.0,0.0,1.0,0.0,0.0,3–5
731,2,12,,0.0,0.0,3.0,0.0,0.0,≤2
733,1,12,,0.0,0.0,1.0,0.0,0.0,≤2
735,2,12,,0.0,0.0,2.0,0.0,0.0,≤2
736,6,12,,0.0,0.0,2.0,0.0,0.0,6–9
749,1,12,,0.0,0.0,0.0,0.0,0.0,≤2
1,2,13,,0.0,0.0,1.0,0.0,0.0,≤2
6,2,13,,0.0,0.0,1.0,0.0,0.0,≤2
7,2,13,,0.0,0.0,1.0,0.0,0.0,≤2
8,5,13,J.Timber,1.0,0.0,1.0,1.5625,0.0,3–5
10,1,13,,0.0,0.0,0.0,0.0,0.0,≤2
16,4,13,Saka,-1.0,0.0,12.0,-1.5625,0.0,3–5
18,1,13,,0.0,0.0,0.0,0.0,0.0,≤2
20,12,13,,0.0,0.0,9.0,0.0,0.0,10–14
21,6,13,,0.0,0.0,2.0,0.0,0.0,6–9
22,5,13,,0.0,0.0,5.0,0.0,0.0,3–5
25,1,13,,0.0,0.0,0.0,0.0,0.0,≤2
26,2,13,,0.0,0.0,5.0,0.0,0.0,≤2
32,3,13,,0.0,0.0,14.0,0.0,0.0,3–5
36,2,13,,0.0,0.0,6.0,0.0,0.0,≤2
37,1,13,,0.0,0.0,9.0,0.0,0.0,≤2
38,2,13,Konsa,0.0,1.0,6.0,0.0,1.5625,≤2
39,1,13,,0.0,0.0,0.0,0.0,0.0,≤2
41,4,13,,0.0,0.0,6.0,0.0,0.0,3–5
44,1,13,,0.0,0.0,1.0,0.0,0.0,≤2
47,15,13,,0.0,0.0,2.0,0.0,0.0,15+
48,2,13,,0.0,0.0,4.0,0.0,0.0,≤2
50,1,13,,0.0,0.0,11.0,0.0,0.0,≤2
53,4,13,,0.0,0.0,6.0,0.0,0.0,3–5
54,1,13,,0.0,0.0,3.0,0.0,0.0,≤2
55,4,13,,0.0,0.0,6.0,0.0,0.0,3–5
58,4,13,,0.0,0.0,2.0,0.0,0.0,3–5
64,2,13,,0.0,0.0,2.0,0.0,0.0,≤2
67,1,13,,0.0,0.0,1.0,0.0,0.0,≤2
72,3,13,,0.0,0.0,2.0,0.0,0.0,3–5
73,1,13,,0.0,0.0,1.0,0.0,0.0,≤2
74,0,13,,0.0,0.0,0.0,0.0,0.0,≤2
83,5,13,,0.0,0.0,4.0,0.0,0.0,3–5
84,7,13,Tavernier,1.0,0.0,2.0,1.5625,0.0,6–9
85,2,13,,0.0,0.0,2.0,0.0,0.0,≤2
86,1,13,,0.0,0.0,1.0,0.0,0.0,≤2
87,1,13,,0.0,0.0,1.0,0.0,0.0,≤2
88,4,13,,0.0,0.0,1.0,0.0,0.0,3–5
90,1,13,,0.0,0.0,2.0,0.0,0.0,≤2
97,5,13,Evanilson,-1.0,0.0,2.0,-1.5625,0.0,3–5
98,6,13,,0.0,0.0,0.0,0.0,0.0,6–9
100,2,13,Kroupi.Jr,0.0,-1.0,1.0,0.0,-1.5625,≤2
101,2,13,,0.0,0.0,2.0,0.0,0.0,≤2
106,1,13,,0.0,0.0,2.0,0.0,0.0,≤2
107,0,13,,0.0,0.0,0.0,0.0,0.0,≤2
108,4,13,,0.0,0.0,0.0,0.0,0.0,3–5
110,1,13,,0.0,0.0,4.0,0.0,0.0,≤2
113,3,13,Van den Berg,2.0,2.0,2.0,3.125,3.125,3–5
116,1,13,,0.0,0.0,2.0,0.0,0.0,≤2
119,1,13,Mbeumo,0.0,1.0,7.0,0.0,1.5625,≤2
120,2,13,Schade,6.0,2.0,8.0,9.375,3.125,≤2
121,2,13,,0.0,0.0,2.0,0.0,0.0,≤2
124,2,13,,0.0,0.0,2.0,0.0,0.0,≤2
125,0,13,,0.0,0.0,1.0,0.0,0.0,≤2
126,1,13,,0.0,0.0,1.0,0.0,0.0,≤2
129,2,13,,0.0,0.0,4.0,0.0,0.0,≤2
136,4,13,Thiago,7.0,5.0,13.0,10.9375,7.8125,3–5
139,7,13,,0.0,0.0,6.0,0.0,0.0,6–9
143,0,13,,0.0,0.0,0.0,0.0,0.0,≤2
145,1,13,,0.0,0.0,1.0,0.0,0.0,≤2
146,1,13,,0.0,0.0,6.0,0.0,0.0,≤2
148,2,13,,0.0,0.0,6.0,0.0,0.0,≤2
149,3,13,,0.0,0.0,1.0,0.0,0.0,3–5
151,2,13,,0.0,0.0,5.0,0.0,0.0,≤2
152,1,13,,0.0,0.0,0.0,0.0,0.0,≤2
158,2,13,,0.0,0.0,2.0,0.0,0.0,≤2
160,11,13,Minteh,3.0,0.0,3.0,4.6875,0.0,10–14
162,0,13,,0.0,0.0,0.0,0.0,0.0,≤2
163,7,13,,0.0,0.0,0.0,0.0,0.0,6–9
166,4,13,,0.0,0.0,3.0,0.0,0.0,3–5
167,1,13,,0.0,0.0,2.0,0.0,0.0,≤2
169,1,13,,0.0,0.0,3.0,0.0,0.0,≤2
173,4,13,,0.0,0.0,3.0,0.0,0.0,3–5
178,8,13,,0.0,0.0,2.0,0.0,0.0,6–9
187,0,13,,0.0,0.0,0.0,0.0,0.0,≤2
191,3,13,,0.0,0.0,3.0,0.0,0.0,3–5
192,1,13,,0.0,0.0,1.0,0.0,0.0,≤2
198,1,13,,0.0,0.0,3.0,0.0,0.0,≤2
200,2,13,,0.0,0.0,2.0,0.0,0.0,≤2
202,1,13,,0.0,0.0,1.0,0.0,0.0,≤2
205,2,13,,0.0,0.0,10.0,0.0,0.0,≤2
207,0,13,,0.0,0.0,4.0,0.0,0.0,≤2
209,1,13,,0.0,0.0,0.0,0.0,0.0,≤2
210,2,13,,0.0,0.0,2.0,0.0,0.0,≤2
215,2,13,,0.0,0.0,5.0,0.0,0.0,≤2
217,1,13,,0.0,0.0,0.0,0.0,0.0,≤2
220,6,13,,0.0,0.0,6.0,0.0,0.0,6–9
224,6,13,,0.0,0.0,6.0,0.0,0.0,6–9
225,1,13,,0.0,0.0,1.0,0.0,0.0,≤2
226,6,13,,0.0,0.0,6.0,0.0,0.0,6–9
228,1,13,,0.0,0.0,15.0,0.0,0.0,≤2
229,0,13,,0.0,0.0,0.0,0.0,0.0,≤2
232,10,13,,0.0,0.0,0.0,0.0,0.0,10–14
236,8,13,,0.0,0.0,9.0,0.0,0.0,6–9
237,11,13,Enzo,-20.0,-4.0,3.0,-31.25,-6.25,10–14
239,6,13,,0.0,0.0,1.0,0.0,0.0,6–9
242,13,13,,0.0,0.0,9.0,0.0,0.0,10–14
246,5,13,,0.0,0.0,1.0,0.0,0.0,3–5
249,1,13,João Pedro,0.0,-2.0,7.0,0.0,-3.125,≤2
250,2,13,,0.0,0.0,2.0,0.0,0.0,≤2
252,4,13,Marc Guiu,0.0,-1.0,1.0,0.0,-1.5625,3–5
253,6,13,,0.0,0.0,9.0,0.0,0.0,6–9
256,14,13,Muñoz,0.0,1.0,6.0,0.0,1.5625,10–14
257,11,13,,0.0,0.0,6.0,0.0,0.0,10–14
258,6,13,,0.0,0.0,11.0,0.0,0.0,6–9
260,5,13,,0.0,0.0,0.0,0.0,0.0,3–5
261,6,13,,0.0,0.0,8.0,0.0,0.0,6–9
266,20,13,,0.0,0.0,2.0,0.0,0.0,15+
267,3,13,,0.0,0.0,3.0,0.0,0.0,3–5
270,1,13,,0.0,0.0,1.0,0.0,0.0,≤2
271,3,13,,0.0,0.0,3.0,0.0,0.0,3–5
272,1,13,,0.0,0.0,2.0,0.0,0.0,≤2
273,6,13,,0.0,0.0,3.0,0.0,0.0,6–9
276,1,13,,0.0,0.0,0.0,0.0,0.0,≤2
283,1,13,Mateta,-5.0,-1.0,2.0,-7.8125,-1.5625,≤2
284,1,13,,0.0,0.0,0.0,0.0,0.0,≤2
287,10,13,,0.0,0.0,7.0,0.0,0.0,10–14
291,8,13,Tarkowski,-5.0,0.0,5.0,-7.8125,0.0,6–9
292,9,13,,0.0,0.0,6.0,0.0,0.0,6–9
293,6,13,,0.0,0.0,1.0,0.0,0.0,6–9
294,1,13,,0.0,0.0,0.0,0.0,0.0,≤2
295,9,13,,0.0,0.0,15.0,0.0,0.0,6–9
299,3,13,Ndiaye,-1.0,-1.0,3.0,-1.5625,-1.5625,3–5
300,1,13,,0.0,0.0,0.0,0.0,0.0,≤2
301,1,13,,0.0,0.0,0.0,0.0,0.0,≤2
302,-2,13,,0.0,0.0,10.0,0.0,0.0,≤2
303,6,13,,0.0,0.0,3.0,0.0,0.0,6–9
304,1,13,,0.0,0.0,5.0,0.0,0.0,≤2
310,2,13,,0.0,0.0,2.0,0.0,0.0,≤2
311,1,13,,0.0,0.0,1.0,0.0,0.0,≤2
314,5,13,,0.0,0.0,2.0,0.0,0.0,3–5
317,10,13,Andersen,0.0,-1.0,3.0,0.0,-1.5625,10–14
318,9,13,,0.0,0.0,2.0,0.0,0.0,6–9
319,1,13,,0.0,0.0,0.0,0.0,0.0,≤2
322,6,13,,0.0,0.0,3.0,0.0,0.0,6–9
324,3,13,,0.0,0.0,2.0,0.0,0.0,3–5
325,1,13,,0.0,0.0,1.0,0.0,0.0,≤2
328,3,13,,0.0,0.0,4.0,0.0,0.0,3–5
329,2,13,,0.0,0.0,1.0,0.0,0.0,≤2
330,3,13,,0.0,0.0,2.0,0.0,0.0,3–5
335,3,13,King,0.0,-1.0,1.0,0.0,-1.5625,3–5
336,1,13,,0.0,0.0,0.0,0.0,0.0,≤2
337,6,13,,0.0,0.0,1.0,0.0,0.0,6–9
342,0,13,,0.0,0.0,1.0,0.0,0.0,≤2
343,0,13,,0.0,0.0,1.0,0.0,0.0,≤2
347,1,13,,0.0,0.0,1.0,0.0,0.0,≤2
348,3,13,,0.0,0.0,1.0,0.0,0.0,3–5
350,2,13,,0.0,0.0,7.0,0.0,0.0,≤2
351,0,13,,0.0,0.0,0.0,0.0,0.0,≤2
353,1,13,,0.0,0.0,1.0,0.0,0.0,≤2
354,4,13,,0.0,0.0,2.0,0.0,0.0,3–5
358,2,13,,0.0,0.0,0.0,0.0,0.0,≤2
362,1,13,,0.0,0.0,1.0,0.0,0.0,≤2
365,8,13,,0.0,0.0,8.0,0.0,0.0,6–9
366,2,13,A.Becker,0.0,1.0,0.0,0.0,1.5625,≤2
371,1,13,,0.0,0.0,1.0,0.0,0.0,≤2
372,1,13,,0.0,0.0,0.0,0.0,0.0,≤2
373,3,13,,0.0,0.0,1.0,0.0,0.0,3–5
374,0,13,,0.0,0.0,1.0,0.0,0.0,≤2
381,2,13,M.Salah,-2.0,0.0,2.0,-3.125,0.0,≤2
384,2,13,Gakpo,0.0,-1.0,1.0,0.0,-1.5625,≤2
385,0,13,,0.0,0.0,1.0,0.0,0.0,≤2
386,2,13,,0.0,0.0,1.0,0.0,0.0,≤2
387,2,13,,0.0,0.0,1.0,0.0,0.0,≤2
388,2,13,,0.0,0.0,0.0,0.0,0.0,≤2
390,1,13,,0.0,0.0,2.0,0.0,0.0,≤2
403,1,13,,0.0,0.0,6.0,0.0,0.0,≤2
407,1,13,,0.0,0.0,13.0,0.0,0.0,≤2
408,7,13,,0.0,0.0,6.0,0.0,0.0,6–9
411,1,13,O'Reilly,6.0,4.0,11.0,9.375,6.25,≤2
413,1,13,,0.0,0.0,1.0,0.0,0.0,≤2
414,2,13,Foden,16.0,4.0,3.0,25.0,6.25,≤2
415,1,13,,0.0,0.0,1.0,0.0,0.0,≤2
416,1,13,,0.0,0.0,5.0,0.0,0.0,≤2
417,7,13,,0.0,0.0,1.0,0.0,0.0,6–9
418,2,13,Doku,0.0,2.0,11.0,0.0,3.125,≤2
419,3,13,,0.0,0.0,3.0,0.0,0.0,3–5
423,2,13,,0.0,0.0,8.0,0.0,0.0,≤2
424,0,13,,0.0,0.0,0.0,0.0,0.0,≤2
427,1,13,Reijnders,-3.0,0.0,0.0,-4.6875,0.0,≤2
430,2,13,Haaland,2.0,0.0,4.0,3.125,0.0,≤2
436,2,13,,0.0,0.0,9.0,0.0,0.0,≤2
438,1,13,,0.0,0.0,1.0,0.0,0.0,≤2
440,1,13,,0.0,0.0,0.0,0.0,0.0,≤2
441,1,13,,0.0,0.0,5.0,0.0,0.0,≤2
443,2,13,,0.0,0.0,1.0,0.0,0.0,≤2
444,2,13,,0.0,0.0,0.0,0.0,0.0,≤2
449,2,13,B.Fernandes,0.0,-1.0,5.0,0.0,-1.5625,≤2
452,2,13,,0.0,0.0,8.0,0.0,0.0,≤2
455,1,13,,0.0,0.0,1.0,0.0,0.0,≤2
456,1,13,,0.0,0.0,1.0,0.0,0.0,≤2
457,0,13,,0.0,0.0,5.0,0.0,0.0,≤2
458,1,13,,0.0,0.0,0.0,0.0,0.0,≤2
466,2,13,,0.0,0.0,0.0,0.0,0.0,≤2
469,3,13,Pope,0.0,-1.0,3.0,0.0,-1.5625,3–5
470,2,13,,0.0,0.0,2.0,0.0,0.0,≤2
473,2,13,,0.0,0.0,0.0,0.0,0.0,≤2
474,4,13,,0.0,0.0,0.0,0.0,0.0,3–5
475,1,13,,0.0,0.0,3.0,0.0,0.0,≤2
477,2,13,,0.0,0.0,0.0,0.0,0.0,≤2
486,1,13,,0.0,0.0,1.0,0.0,0.0,≤2
487,15,13,Barnes,1.0,0.0,9.0,1.5625,0.0,15+
488,10,13,,0.0,0.0,4.0,0.0,0.0,10–14
489,2,13,,0.0,0.0,2.0,0.0,0.0,≤2
490,3,13,,0.0,0.0,1.0,0.0,0.0,3–5
491,4,13,,0.0,0.0,4.0,0.0,0.0,3–5
493,2,13,,0.0,0.0,1.0,0.0,0.0,≤2
494,1,13,,0.0,0.0,1.0,0.0,0.0,≤2
499,2,13,,0.0,0.0,0.0,0.0,0.0,≤2
502,7,13,,0.0,0.0,2.0,0.0,0.0,6–9
505,8,13,,0.0,0.0,4.0,0.0,0.0,6–9
506,17,13,,0.0,0.0,1.0,0.0,0.0,15+
508,13,13,,0.0,0.0,2.0,0.0,0.0,10–14
515,8,13,,0.0,0.0,10.0,0.0,0.0,6–9
516,1,13,,0.0,0.0,0.0,0.0,0.0,≤2
517,9,13,Anderson,3.0,0.0,9.0,4.6875,0.0,6–9
519,3,13,,0.0,0.0,1.0,0.0,0.0,3–5
521,3,13,,0.0,0.0,5.0,0.0,0.0,3–5
522,1,13,,0.0,0.0,1.0,0.0,0.0,≤2
526,2,13,,0.0,0.0,1.0,0.0,0.0,≤2
531,1,13,,0.0,0.0,10.0,0.0,0.0,≤2
532,1,13,,0.0,0.0,1.0,0.0,0.0,≤2
541,1,13,,0.0,0.0,0.0,0.0,0.0,≤2
543,1,13,,0.0,0.0,1.0,0.0,0.0,≤2
547,2,13,,0.0,0.0,2.0,0.0,0.0,≤2
552,2,13,,0.0,0.0,4.0,0.0,0.0,≤2
553,1,13,,0.0,0.0,1.0,0.0,0.0,≤2
560,2,13,,0.0,0.0,2.0,0.0,0.0,≤2
561,1,13,,0.0,0.0,1.0,0.0,0.0,≤2
565,1,13,,0.0,0.0,1.0,0.0,0.0,≤2
568,0,13,,0.0,0.0,2.0,0.0,0.0,≤2
569,1,13,,0.0,0.0,1.0,0.0,0.0,≤2
570,0,13,,0.0,0.0,0.0,0.0,0.0,≤2
573,0,13,,0.0,0.0,1.0,0.0,0.0,≤2
574,0,13,,0.0,0.0,4.0,0.0,0.0,≤2
575,0,13,Van de Ven,0.0,-1.0,1.0,0.0,-1.5625,≤2
580,1,13,,0.0,0.0,1.0,0.0,0.0,≤2
582,2,13,,0.0,0.0,0.0,0.0,0.0,≤2
585,1,13,,0.0,0.0,1.0,0.0,0.0,≤2
588,2,13,,0.0,0.0,7.0,0.0,0.0,≤2
593,1,13,,0.0,0.0,2.0,0.0,0.0,≤2
597,6,13,,0.0,0.0,6.0,0.0,0.0,6–9
600,9,13,,0.0,0.0,2.0,0.0,0.0,6–9
603,3,13,,0.0,0.0,1.0,0.0,0.0,3–5
605,3,13,,0.0,0.0,1.0,0.0,0.0,3–5
609,5,13,,0.0,0.0,1.0,0.0,0.0,3–5
610,2,13,,0.0,0.0,3.0,0.0,0.0,≤2
613,1,13,,0.0,0.0,12.0,0.0,0.0,≤2
619,1,13,,0.0,0.0,0.0,0.0,0.0,≤2
623,2,13,,0.0,0.0,4.0,0.0,0.0,≤2
624,4,13,,0.0,0.0,2.0,0.0,0.0,3–5
625,1,13,,0.0,0.0,0.0,0.0,0.0,≤2
627,1,13,,0.0,0.0,2.0,0.0,0.0,≤2
631,3,13,,0.0,0.0,0.0,0.0,0.0,3–5
633,1,13,,0.0,0.0,1.0,0.0,0.0,≤2
637,3,13,,0.0,0.0,1.0,0.0,0.0,3–5
642,1,13,,0.0,0.0,2.0,0.0,0.0,≤2
643,4,13,,0.0,0.0,1.0,0.0,0.0,3–5
644,1,13,,0.0,0.0,2.0,0.0,0.0,≤2
646,3,13,,0.0,0.0,2.0,0.0,0.0,3–5
648,2,13,,0.0,0.0,0.0,0.0,0.0,≤2
654,2,13,,0.0,0.0,2.0,0.0,0.0,≤2
659,0,13,,0.0,0.0,7.0,0.0,0.0,≤2
660,4,13,,0.0,0.0,4.0,0.0,0.0,3–5
661,1,13,,0.0,0.0,1.0,0.0,0.0,≤2
662,1,13,,0.0,0.0,1.0,0.0,0.0,≤2
663,1,13,,0.0,0.0,0.0,0.0,0.0,≤2
665,1,13,,0.0,0.0,2.0,0.0,0.0,≤2
668,2,13,,0.0,0.0,3.0,0.0,0.0,≤2
669,3,13,,0.0,0.0,5.0,0.0,0.0,3–5
670,3,13,,0.0,0.0,2.0,0.0,0.0,3–5
671,12,13,,0.0,0.0,7.0,0.0,0.0,10–14
673,8,13,,0.0,0.0,3.0,0.0,0.0,6–9
676,2,13,,0.0,0.0,5.0,0.0,0.0,≤2
680,1,13,,0.0,0.0,1.0,0.0,0.0,≤2
682,1,13,,0.0,0.0,0.0,0.0,0.0,≤2
684,4,13,,0.0,0.0,3.0,0.0,0.0,3–5
685,0,13,,0.0,0.0,0.0,0.0,0.0,≤2
686,1,13,,0.0,0.0,0.0,0.0,0.0,≤2
691,1,13,Calvert-Lewin,-3.0,0.0,1.0,-4.6875,0.0,≤2
693,4,13,,0.0,0.0,8.0,0.0,0.0,3–5
694,4,13,Mukiele,-1.0,0.0,4.0,-1.5625,0.0,3–5
695,1,13,,0.0,0.0,3.0,0.0,0.0,≤2
697,1,13,,0.0,0.0,1.0,0.0,0.0,≤2
698,2,13,,0.0,0.0,2.0,0.0,0.0,≤2
708,4,13,,0.0,0.0,1.0,0.0,0.0,3–5
709,1,13,,0.0,0.0,1.0,0.0,0.0,≤2
712,8,13,,0.0,0.0,1.0,0.0,0.0,6–9
713,1,13,,0.0,0.0,-1.0,0.0,0.0,≤2
714,2,13,,0.0,0.0,5.0,0.0,0.0,≤2
716,12,13,,0.0,0.0,2.0,0.0,0.0,10–14
717,1,13,,0.0,0.0,2.0,0.0,0.0,≤2
720,1,13,,0.0,0.0,0.0,0.0,0.0,≤2
722,2,13,,0.0,0.0,4.0,0.0,0.0,≤2
723,1,13,,0.0,0.0,10.0,0.0,0.0,≤2
724,2,13,,0.0,0.0,1.0,0.0,0.0,≤2
725,2,13,,0.0,0.0,0.0,0.0,0.0,≤2
726,1,13,,0.0,0.0,1.0,0.0,0.0,≤2
727,4,13,,0.0,0.0,1.0,0.0,0.0,3–5
730,1,13,,0.0,0.0,5.0,0.0,0.0,≤2
731,3,13,,0.0,0.0,2.0,0.0,0.0,3–5
733,2,13,,0.0,0.0,1.0,0.0,0.0,≤2
735,3,13,,0.0,0.0,2.0,0.0,0.0,3–5
736,1,13,,0.0,0.0,6.0,0.0,0.0,≤2
1,3,14,Raya,0.0,2.0,2.0,0.0,3.125,3–5
7,0,14,,0.0,0.0,2.0,0.0,0.0,≤2
8,2,14,J.Timber,11.0,9.0,5.0,17.1875,14.0625,≤2
10,0,14,,0.0,0.0,1.0,0.0,0.0,≤2
16,5,14,Saka,0.0,-1.0,4.0,0.0,-1.5625,3–5
17,1,14,,0.0,0.0,0.0,0.0,0.0,≤2
18,1,14,,0.0,0.0,1.0,0.0,0.0,≤2
19,1,14,,0.0,0.0,0.0,0.0,0.0,≤2
21,4,14,Rice,0.0,1.0,6.0,0.0,1.5625,3–5
22,9,14,,0.0,0.0,5.0,0.0,0.0,6–9
26,0,14,,0.0,0.0,2.0,0.0,0.0,≤2
27,1,14,,0.0,0.0,0.0,0.0,0.0,≤2
32,7,14,,0.0,0.0,3.0,0.0,0.0,6–9
36,6,14,,0.0,0.0,2.0,0.0,0.0,6–9
37,7,14,,0.0,0.0,1.0,0.0,0.0,6–9
38,8,14,,0.0,0.0,2.0,0.0,0.0,6–9
41,6,14,,0.0,0.0,4.0,0.0,0.0,6–9
44,1,14,,0.0,0.0,1.0,0.0,0.0,≤2
47,3,14,,0.0,0.0,15.0,0.0,0.0,3–5
48,3,14,,0.0,0.0,2.0,0.0,0.0,3–5
50,1,14,,0.0,0.0,1.0,0.0,0.0,≤2
52,1,14,,0.0,0.0,0.0,0.0,0.0,≤2
53,3,14,,0.0,0.0,4.0,0.0,0.0,3–5
54,9,14,,0.0,0.0,1.0,0.0,0.0,6–9
55,1,14,,0.0,0.0,4.0,0.0,0.0,≤2
58,11,14,,0.0,0.0,4.0,0.0,0.0,10–14
59,1,14,,0.0,0.0,0.0,0.0,0.0,≤2
64,1,14,,0.0,0.0,2.0,0.0,0.0,≤2
67,2,14,,0.0,0.0,1.0,0.0,0.0,≤2
72,2,14,Senesi,-25.0,-25.0,3.0,-39.0625,-39.0625,≤2
73,1,14,,0.0,0.0,1.0,0.0,0.0,≤2
74,1,14,,0.0,0.0,0.0,0.0,0.0,≤2
81,1,14,,0.0,0.0,0.0,0.0,0.0,≤2
82,1,14,Semenyo,-2.0,-1.0,0.0,-3.125,-1.5625,≤2
83,12,14,O.Dango,-1.0,0.0,5.0,-1.5625,0.0,10–14
84,1,14,,0.0,0.0,7.0,0.0,0.0,≤2
85,9,14,,0.0,0.0,2.0,0.0,0.0,6–9
86,0,14,,0.0,0.0,1.0,0.0,0.0,≤2
88,-2,14,,0.0,0.0,4.0,0.0,0.0,≤2
90,0,14,,0.0,0.0,1.0,0.0,0.0,≤2
97,5,14,,0.0,0.0,5.0,0.0,0.0,3–5
98,1,14,,0.0,0.0,6.0,0.0,0.0,≤2
100,1,14,Kroupi.Jr,-1.0,0.0,2.0,-1.5625,0.0,≤2
101,2,14,,0.0,0.0,2.0,0.0,0.0,≤2
106,4,14,,0.0,0.0,1.0,0.0,0.0,3–5
107,1,14,,0.0,0.0,0.0,0.0,0.0,≤2
109,1,14,,0.0,0.0,0.0,0.0,0.0,≤2
110,2,14,,0.0,0.0,1.0,0.0,0.0,≤2
113,2,14,,0.0,0.0,3.0,0.0,0.0,≤2
116,8,14,,0.0,0.0,1.0,0.0,0.0,6–9
119,1,14,Mbeumo,2.0,0.0,1.0,3.125,0.0,≤2
120,3,14,Schade,-2.0,0.0,2.0,-3.125,0.0,3–5
121,4,14,,0.0,0.0,2.0,0.0,0.0,3–5
124,8,14,,0.0,0.0,2.0,0.0,0.0,6–9
126,2,14,,0.0,0.0,1.0,0.0,0.0,≤2
129,1,14,,0.0,0.0,2.0,0.0,0.0,≤2
136,13,14,Thiago,0.0,0.0,4.0,0.0,0.0,10–14
139,7,14,Verbruggen,0.0,2.0,7.0,0.0,3.125,6–9
145,15,14,,0.0,0.0,1.0,0.0,0.0,15+
146,6,14,,0.0,0.0,1.0,0.0,0.0,6–9
148,7,14,,0.0,0.0,2.0,0.0,0.0,6–9
151,6,14,Van Hecke,0.0,1.0,2.0,0.0,1.5625,6–9
152,1,14,,0.0,0.0,1.0,0.0,0.0,≤2
158,4,14,,0.0,0.0,2.0,0.0,0.0,3–5
160,3,14,Minteh,5.0,12.0,11.0,7.8125,18.75,3–5
162,1,14,,0.0,0.0,0.0,0.0,0.0,≤2
163,1,14,,0.0,0.0,7.0,0.0,0.0,≤2
166,3,14,,0.0,0.0,4.0,0.0,0.0,3–5
167,1,14,,0.0,0.0,1.0,0.0,0.0,≤2
169,3,14,,0.0,0.0,1.0,0.0,0.0,3–5
173,4,14,,0.0,0.0,4.0,0.0,0.0,3–5
178,2,14,,0.0,0.0,8.0,0.0,0.0,≤2
180,5,14,,0.0,0.0,0.0,0.0,0.0,3–5
187,3,14,,0.0,0.0,0.0,0.0,0.0,3–5
191,3,14,Estève,1.0,2.0,3.0,1.5625,3.125,3–5
192,3,14,,0.0,0.0,1.0,0.0,0.0,3–5
198,0,14,,0.0,0.0,1.0,0.0,0.0,≤2
200,4,14,,0.0,0.0,2.0,0.0,0.0,3–5
202,1,14,,0.0,0.0,1.0,0.0,0.0,≤2
205,2,14,,0.0,0.0,2.0,0.0,0.0,≤2
207,0,14,,0.0,0.0,0.0,0.0,0.0,≤2
209,1,14,,0.0,0.0,1.0,0.0,0.0,≤2
210,3,14,,0.0,0.0,2.0,0.0,0.0,3–5
215,6,14,,0.0,0.0,2.0,0.0,0.0,6–9
217,2,14,,0.0,0.0,1.0,0.0,0.0,≤2
220,3,14,,0.0,0.0,6.0,0.0,0.0,3–5
224,1,14,,0.0,0.0,6.0,0.0,0.0,≤2
225,8,14,James,0.0,-1.0,1.0,0.0,-1.5625,6–9
226,9,14,,0.0,0.0,6.0,0.0,0.0,6–9
228,2,14,,0.0,0.0,1.0,0.0,0.0,≤2
230,4,14,,0.0,0.0,0.0,0.0,0.0,3–5
236,2,14,,0.0,0.0,8.0,0.0,0.0,≤2
237,2,14,Enzo,-6.0,-2.0,11.0,-9.375,-3.125,≤2
238,1,14,,0.0,0.0,0.0,0.0,0.0,≤2
241,-2,14,,0.0,0.0,0.0,0.0,0.0,≤2
242,7,14,Dewsbury-Hall,10.0,1.0,13.0,15.625,1.5625,6–9
249,1,14,,0.0,0.0,1.0,0.0,0.0,≤2
250,1,14,,0.0,0.0,2.0,0.0,0.0,≤2
253,2,14,,0.0,0.0,6.0,0.0,0.0,≤2
256,1,14,Muñoz,0.0,3.0,14.0,0.0,4.6875,≤2
257,3,14,Lacroix,3.0,1.0,11.0,4.6875,1.5625,3–5
258,1,14,,0.0,0.0,6.0,0.0,0.0,≤2
260,0,14,,0.0,0.0,5.0,0.0,0.0,≤2
261,1,14,Richards,3.0,0.0,6.0,4.6875,0.0,≤2
266,2,14,,0.0,0.0,20.0,0.0,0.0,≤2
267,1,14,Sarr,-18.0,-34.0,3.0,-28.125,-53.125,≤2
270,1,14,,0.0,0.0,1.0,0.0,0.0,≤2
271,4,14,,0.0,0.0,3.0,0.0,0.0,3–5
272,0,14,,0.0,0.0,1.0,0.0,0.0,≤2
273,4,14,,0.0,0.0,6.0,0.0,0.0,3–5
276,1,14,,0.0,0.0,1.0,0.0,0.0,≤2
283,6,14,,0.0,0.0,1.0,0.0,0.0,6–9
284,0,14,,0.0,0.0,1.0,0.0,0.0,≤2
287,1,14,,0.0,0.0,10.0,0.0,0.0,≤2
291,3,14,Tarkowski,0.0,-1.0,8.0,0.0,-1.5625,3–5
292,2,14,,0.0,0.0,9.0,0.0,0.0,≤2
293,0,14,,0.0,0.0,6.0,0.0,0.0,≤2
295,2,14,,0.0,0.0,9.0,0.0,0.0,≤2
299,2,14,Ndiaye,-2.0,-1.0,3.0,-3.125,-1.5625,≤2
300,1,14,,0.0,0.0,1.0,0.0,0.0,≤2
301,1,14,,0.0,0.0,1.0,0.0,0.0,≤2
303,2,14,,0.0,0.0,6.0,0.0,0.0,≤2
304,1,14,,0.0,0.0,1.0,0.0,0.0,≤2
310,2,14,,0.0,0.0,2.0,0.0,0.0,≤2
311,1,14,,0.0,0.0,1.0,0.0,0.0,≤2
314,1,14,,0.0,0.0,5.0,0.0,0.0,≤2
317,4,14,Andersen,-1.0,1.0,10.0,-1.5625,1.5625,3–5
318,4,14,,0.0,0.0,9.0,0.0,0.0,3–5
319,1,14,,0.0,0.0,1.0,0.0,0.0,≤2
322,12,14,,0.0,0.0,6.0,0.0,0.0,10–14
324,2,14,,0.0,0.0,3.0,0.0,0.0,≤2
325,1,14,,0.0,0.0,1.0,0.0,0.0,≤2
328,4,14,,0.0,0.0,3.0,0.0,0.0,3–5
329,10,14,,0.0,0.0,2.0,0.0,0.0,10–14
330,2,14,,0.0,0.0,3.0,0.0,0.0,≤2
332,1,14,,0.0,0.0,0.0,0.0,0.0,≤2
335,5,14,,0.0,0.0,3.0,0.0,0.0,3–5
337,1,14,,0.0,0.0,6.0,0.0,0.0,≤2
342,1,14,,0.0,0.0,0.0,0.0,0.0,≤2
343,3,14,,0.0,0.0,0.0,0.0,0.0,3–5
344,1,14,,0.0,0.0,0.0,0.0,0.0,≤2
347,1,14,,0.0,0.0,1.0,0.0,0.0,≤2
348,0,14,Rodon,0.0,-1.0,3.0,0.0,-1.5625,≤2
350,1,14,,0.0,0.0,2.0,0.0,0.0,≤2
351,1,14,,0.0,0.0,0.0,0.0,0.0,≤2
353,1,14,,0.0,0.0,1.0,0.0,0.0,≤2
354,2,14,,0.0,0.0,4.0,0.0,0.0,≤2
356,2,14,,0.0,0.0,0.0,0.0,0.0,≤2
358,4,14,,0.0,0.0,2.0,0.0,0.0,3–5
365,4,14,,0.0,0.0,8.0,0.0,0.0,3–5
366,6,14,,0.0,0.0,2.0,0.0,0.0,6–9
371,6,14,,0.0,0.0,1.0,0.0,0.0,6–9
372,1,14,,0.0,0.0,1.0,0.0,0.0,≤2
373,6,14,Virgil,2.0,0.0,3.0,3.125,0.0,6–9
374,8,14,,0.0,0.0,0.0,0.0,0.0,6–9
376,11,14,,0.0,0.0,0.0,0.0,0.0,10–14
382,3,14,,0.0,0.0,0.0,0.0,0.0,3–5
384,14,14,Gakpo,1.0,1.0,2.0,1.5625,1.5625,10–14
386,3,14,,0.0,0.0,2.0,0.0,0.0,3–5
387,3,14,Szoboszlai,3.0,0.0,2.0,4.6875,0.0,3–5
388,1,14,,0.0,0.0,2.0,0.0,0.0,≤2
390,3,14,,0.0,0.0,1.0,0.0,0.0,3–5
403,6,14,,0.0,0.0,1.0,0.0,0.0,6–9
407,3,14,,0.0,0.0,1.0,0.0,0.0,3–5
408,1,14,,0.0,0.0,7.0,0.0,0.0,≤2
409,1,14,,0.0,0.0,0.0,0.0,0.0,≤2
411,4,14,O'Reilly,2.0,8.0,1.0,3.125,12.5,3–5
413,1,14,,0.0,0.0,1.0,0.0,0.0,≤2
414,15,14,Foden,3.0,3.0,2.0,4.6875,4.6875,15+
416,1,14,,0.0,0.0,1.0,0.0,0.0,≤2
417,4,14,,0.0,0.0,7.0,0.0,0.0,3–5
418,2,14,,0.0,0.0,2.0,0.0,0.0,≤2
419,2,14,,0.0,0.0,3.0,0.0,0.0,≤2
423,4,14,,0.0,0.0,2.0,0.0,0.0,3–5
426,1,14,,0.0,0.0,0.0,0.0,0.0,≤2
427,3,14,Reijnders,-3.0,0.0,1.0,-4.6875,0.0,3–5
430,2,14,,0.0,0.0,2.0,0.0,0.0,≤2
436,2,14,,0.0,0.0,2.0,0.0,0.0,≤2
437,1,14,,0.0,0.0,0.0,0.0,0.0,≤2
438,1,14,,0.0,0.0,1.0,0.0,0.0,≤2
440,2,14,,0.0,0.0,1.0,0.0,0.0,≤2
441,1,14,,0.0,0.0,1.0,0.0,0.0,≤2
443,1,14,,0.0,0.0,2.0,0.0,0.0,≤2
444,1,14,,0.0,0.0,2.0,0.0,0.0,≤2
449,11,14,B.Fernandes,0.0,3.0,2.0,0.0,4.6875,10–14
452,2,14,Amad,0.0,1.0,2.0,0.0,1.5625,≤2
453,1,14,,0.0,0.0,0.0,0.0,0.0,≤2
455,8,14,,0.0,0.0,1.0,0.0,0.0,6–9
456,1,14,,0.0,0.0,1.0,0.0,0.0,≤2
457,4,14,,0.0,0.0,0.0,0.0,0.0,3–5
458,1,14,,0.0,0.0,1.0,0.0,0.0,≤2
466,9,14,,0.0,0.0,2.0,0.0,0.0,6–9
470,1,14,,0.0,0.0,2.0,0.0,0.0,≤2
473,5,14,,0.0,0.0,2.0,0.0,0.0,3–5
474,1,14,,0.0,0.0,4.0,0.0,0.0,≤2
476,5,14,,0.0,0.0,0.0,0.0,0.0,3–5
477,2,14,,0.0,0.0,2.0,0.0,0.0,≤2
485,1,14,Gordon,0.0,-1.0,0.0,0.0,-1.5625,≤2
486,5,14,,0.0,0.0,1.0,0.0,0.0,3–5
487,2,14,,0.0,0.0,15.0,0.0,0.0,≤2
488,4,14,Bruno G.,0.0,1.0,10.0,0.0,1.5625,3–5
490,2,14,,0.0,0.0,3.0,0.0,0.0,≤2
491,1,14,,0.0,0.0,4.0,0.0,0.0,≤2
494,1,14,,0.0,0.0,1.0,0.0,0.0,≤2
497,15,14,,0.0,0.0,0.0,0.0,0.0,15+
499,7,14,,0.0,0.0,2.0,0.0,0.0,6–9
502,2,14,,0.0,0.0,7.0,0.0,0.0,≤2
505,1,14,,0.0,0.0,8.0,0.0,0.0,≤2
508,1,14,,0.0,0.0,13.0,0.0,0.0,≤2
511,3,14,,0.0,0.0,0.0,0.0,0.0,3–5
515,2,14,Gibbs-White,0.0,1.0,8.0,0.0,1.5625,≤2
516,1,14,,0.0,0.0,1.0,0.0,0.0,≤2
517,6,14,Anderson,11.0,19.0,9.0,17.1875,29.6875,6–9
519,1,14,,0.0,0.0,3.0,0.0,0.0,≤2
521,4,14,,0.0,0.0,3.0,0.0,0.0,3–5
522,1,14,,0.0,0.0,1.0,0.0,0.0,≤2
526,2,14,,0.0,0.0,2.0,0.0,0.0,≤2
531,3,14,,0.0,0.0,1.0,0.0,0.0,3–5
532,0,14,,0.0,0.0,1.0,0.0,0.0,≤2
541,4,14,,0.0,0.0,1.0,0.0,0.0,3–5
547,13,14,,0.0,0.0,2.0,0.0,0.0,10–14
548,0,14,,0.0,0.0,0.0,0.0,0.0,≤2
552,2,14,,0.0,0.0,2.0,0.0,0.0,≤2
553,2,14,,0.0,0.0,1.0,0.0,0.0,≤2
560,2,14,,0.0,0.0,2.0,0.0,0.0,≤2
565,1,14,,0.0,0.0,1.0,0.0,0.0,≤2
568,1,14,Pedro Porro,-1.0,-2.0,0.0,-1.5625,-3.125,≤2
570,3,14,,0.0,0.0,0.0,0.0,0.0,3–5
574,0,14,,0.0,0.0,0.0,0.0,0.0,≤2
575,0,14,,0.0,0.0,0.0,0.0,0.0,≤2
582,8,14,,0.0,0.0,2.0,0.0,0.0,6–9
584,1,14,,0.0,0.0,0.0,0.0,0.0,≤2
585,1,14,,0.0,0.0,1.0,0.0,0.0,≤2
586,5,14,,0.0,0.0,0.0,0.0,0.0,3–5
588,1,14,,0.0,0.0,2.0,0.0,0.0,≤2
591,1,14,,0.0,0.0,0.0,0.0,0.0,≤2
593,1,14,,0.0,0.0,1.0,0.0,0.0,≤2
597,1,14,,0.0,0.0,6.0,0.0,0.0,≤2
600,2,14,,0.0,0.0,9.0,0.0,0.0,≤2
603,1,14,,0.0,0.0,3.0,0.0,0.0,≤2
606,3,14,,0.0,0.0,0.0,0.0,0.0,3–5
609,1,14,,0.0,0.0,5.0,0.0,0.0,≤2
610,1,14,,0.0,0.0,2.0,0.0,0.0,≤2
612,-1,14,L.Paquetá,0.0,-1.0,0.0,0.0,-1.5625,≤2
613,1,14,,0.0,0.0,1.0,0.0,0.0,≤2
619,1,14,,0.0,0.0,1.0,0.0,0.0,≤2
623,2,14,,0.0,0.0,2.0,0.0,0.0,≤2
624,2,14,,0.0,0.0,4.0,0.0,0.0,≤2
625,1,14,,0.0,0.0,1.0,0.0,0.0,≤2
627,3,14,,0.0,0.0,1.0,0.0,0.0,3–5
631,2,14,,0.0,0.0,3.0,0.0,0.0,≤2
633,1,14,,0.0,0.0,1.0,0.0,0.0,≤2
634,1,14,,0.0,0.0,0.0,0.0,0.0,≤2
637,4,14,,0.0,0.0,3.0,0.0,0.0,3–5
643,3,14,,0.0,0.0,4.0,0.0,0.0,3–5
644,2,14,,0.0,0.0,1.0,0.0,0.0,≤2
646,4,14,,0.0,0.0,3.0,0.0,0.0,3–5
650,1,14,,0.0,0.0,0.0,0.0,0.0,≤2
654,2,14,,0.0,0.0,2.0,0.0,0.0,≤2
661,1,14,,0.0,0.0,1.0,0.0,0.0,≤2
662,1,14,,0.0,0.0,1.0,0.0,0.0,≤2
663,1,14,,0.0,0.0,1.0,0.0,0.0,≤2
665,3,14,,0.0,0.0,1.0,0.0,0.0,3–5
666,0,14,,0.0,0.0,0.0,0.0,0.0,≤2
668,5,14,,0.0,0.0,2.0,0.0,0.0,3–5
669,1,14,,0.0,0.0,3.0,0.0,0.0,≤2
670,1,14,,0.0,0.0,3.0,0.0,0.0,≤2
671,2,14,,0.0,0.0,12.0,0.0,0.0,≤2
673,1,14,,0.0,0.0,8.0,0.0,0.0,≤2
674,2,14,,0.0,0.0,0.0,0.0,0.0,≤2
676,1,14,,0.0,0.0,2.0,0.0,0.0,≤2
680,1,14,,0.0,0.0,1.0,0.0,0.0,≤2
682,1,14,,0.0,0.0,1.0,0.0,0.0,≤2
683,0,14,,0.0,0.0,0.0,0.0,0.0,≤2
684,16,14,Thiaw,6.0,6.0,4.0,9.375,9.375,15+
685,1,14,,0.0,0.0,0.0,0.0,0.0,≤2
691,7,14,Calvert-Lewin,-2.0,0.0,1.0,-3.125,0.0,6–9
693,1,14,,0.0,0.0,4.0,0.0,0.0,≤2
694,0,14,,0.0,0.0,4.0,0.0,0.0,≤2
695,2,14,,0.0,0.0,1.0,0.0,0.0,≤2
696,1,14,,0.0,0.0,0.0,0.0,0.0,≤2
697,7,14,,0.0,0.0,1.0,0.0,0.0,6–9
698,1,14,,0.0,0.0,2.0,0.0,0.0,≤2
706,1,14,,0.0,0.0,0.0,0.0,0.0,≤2
707,1,14,,0.0,0.0,0.0,0.0,0.0,≤2
708,2,14,,0.0,0.0,4.0,0.0,0.0,≤2
712,2,14,,0.0,0.0,8.0,0.0,0.0,≤2
714,7,14,Woltemade,1.0,0.0,2.0,1.5625,0.0,6–9
716,1,14,,0.0,0.0,12.0,0.0,0.0,≤2
717,1,14,,0.0,0.0,1.0,0.0,0.0,≤2
718,1,14,,0.0,0.0,0.0,0.0,0.0,≤2
720,1,14,,0.0,0.0,1.0,0.0,0.0,≤2
722,5,14,,0.0,0.0,2.0,0.0,0.0,3–5
724,1,14,,0.0,0.0,2.0,0.0,0.0,≤2
725,1,14,,0.0,0.0,2.0,0.0,0.0,≤2
726,1,14,,0.0,0.0,1.0,0.0,0.0,≤2
727,5,14,,0.0,0.0,4.0,0.0,0.0,3–5
730,6,14,,0.0,0.0,1.0,0.0,0.0,6–9
731,1,14,,0.0,0.0,3.0,0.0,0.0,≤2
732,1,14,,0.0,0.0,0.0,0.0,0.0,≤2
733,2,14,,0.0,0.0,2.0,0.0,0.0,≤2
735,8,14,,0.0,0.0,3.0,0.0,0.0,6–9
736,5,14,,0.0,0.0,1.0,0.0,0.0,3–5
749,1,14,,0.0,0.0,0.0,0.0,0.0,≤2
1,6,15,Raya,0.0,0.0,3.0,0.0,0.0,6–9
7,7,15,,0.0,0.0,0.0,0.0,0.0,6–9
8,1,15,J.Timber,1.0,0.0,2.0,1.5625,0.0,≤2
11,14,15,,0.0,0.0,0.0,0.0,0.0,10–14
16,6,15,Saka,-2.0,0.0,5.0,-3.125,0.0,6–9
17,3,15,,0.0,0.0,1.0,0.0,0.0,3–5
18,3,15,,0.0,0.0,1.0,0.0,0.0,3–5
19,3,15,,0.0,0.0,1.0,0.0,0.0,3–5
21,3,15,,0.0,0.0,4.0,0.0,0.0,3–5
22,13,15,,0.0,0.0,9.0,0.0,0.0,10–14
26,3,15,,0.0,0.0,0.0,0.0,0.0,3–5
33,1,15,,0.0,0.0,0.0,0.0,0.0,≤2
36,4,15,,0.0,0.0,6.0,0.0,0.0,3–5
37,1,15,Digne,-1.0,0.0,7.0,-1.5625,0.0,≤2
38,1,15,,0.0,0.0,8.0,0.0,0.0,≤2
39,1,15,,0.0,0.0,0.0,0.0,0.0,≤2
41,-1,15,,0.0,0.0,6.0,0.0,0.0,≤2
44,1,15,,0.0,0.0,1.0,0.0,0.0,≤2
47,6,15,,0.0,0.0,3.0,0.0,0.0,6–9
48,1,15,,0.0,0.0,3.0,0.0,0.0,≤2
50,1,15,,0.0,0.0,1.0,0.0,0.0,≤2
53,6,15,,0.0,0.0,3.0,0.0,0.0,6–9
54,1,15,,0.0,0.0,9.0,0.0,0.0,≤2
58,2,15,,0.0,0.0,11.0,0.0,0.0,≤2
59,11,15,,0.0,0.0,1.0,0.0,0.0,10–14
64,13,15,,0.0,0.0,1.0,0.0,0.0,10–14
67,2,15,,0.0,0.0,2.0,0.0,0.0,≤2
74,4,15,Truffert,-2.0,0.0,1.0,-3.125,0.0,3–5
80,1,15,,0.0,0.0,0.0,0.0,0.0,≤2
81,2,15,,0.0,0.0,1.0,0.0,0.0,≤2
82,4,15,Semenyo,-16.0,-23.0,1.0,-25.0,-35.9375,3–5
83,2,15,,0.0,0.0,12.0,0.0,0.0,≤2
84,1,15,,0.0,0.0,1.0,0.0,0.0,≤2
85,1,15,,0.0,0.0,9.0,0.0,0.0,≤2
90,4,15,,0.0,0.0,0.0,0.0,0.0,3–5
97,1,15,,0.0,0.0,5.0,0.0,0.0,≤2
98,0,15,,0.0,0.0,1.0,0.0,0.0,≤2
100,2,15,Kroupi.Jr,-1.0,0.0,1.0,-1.5625,0.0,≤2
101,2,15,,0.0,0.0,2.0,0.0,0.0,≤2
106,1,15,,0.0,0.0,4.0,0.0,0.0,≤2
107,1,15,,0.0,0.0,1.0,0.0,0.0,≤2
108,1,15,,0.0,0.0,0.0,0.0,0.0,≤2
109,2,15,,0.0,0.0,1.0,0.0,0.0,≤2
110,1,15,,0.0,0.0,2.0,0.0,0.0,≤2
111,4,15,,0.0,0.0,0.0,0.0,0.0,3–5
113,1,15,Van den Berg,5.0,0.0,2.0,7.8125,0.0,≤2
119,2,15,Mbeumo,1.0,-1.0,1.0,1.5625,-1.5625,≤2
120,1,15,,0.0,0.0,3.0,0.0,0.0,≤2
121,1,15,,0.0,0.0,4.0,0.0,0.0,≤2
124,1,15,,0.0,0.0,8.0,0.0,0.0,≤2
125,2,15,,0.0,0.0,0.0,0.0,0.0,≤2
126,2,15,,0.0,0.0,2.0,0.0,0.0,≤2
129,1,15,,0.0,0.0,1.0,0.0,0.0,≤2
136,1,15,Thiago,8.0,12.0,13.0,12.5,18.75,≤2
139,1,15,Verbruggen,1.0,6.0,7.0,1.5625,9.375,≤2
145,0,15,De Cuyper,0.0,1.0,15.0,0.0,1.5625,≤2
146,0,15,,0.0,0.0,6.0,0.0,0.0,≤2
148,1,15,,0.0,0.0,7.0,0.0,0.0,≤2
151,12,15,Van Hecke,3.0,2.0,6.0,4.6875,3.125,10–14
152,1,15,,0.0,0.0,1.0,0.0,0.0,≤2
160,2,15,Minteh,5.0,4.0,3.0,7.8125,6.25,≤2
162,2,15,,0.0,0.0,1.0,0.0,0.0,≤2
163,8,15,,0.0,0.0,1.0,0.0,0.0,6–9
167,4,15,,0.0,0.0,1.0,0.0,0.0,3–5
169,1,15,,0.0,0.0,3.0,0.0,0.0,≤2
173,8,15,,0.0,0.0,4.0,0.0,0.0,6–9
178,1,15,Welbeck,7.0,1.0,2.0,10.9375,1.5625,≤2
180,1,15,,0.0,0.0,5.0,0.0,0.0,≤2
181,1,15,,0.0,0.0,0.0,0.0,0.0,≤2
187,2,15,,0.0,0.0,3.0,0.0,0.0,≤2
190,4,15,,0.0,0.0,0.0,0.0,0.0,3–5
191,4,15,,0.0,0.0,3.0,0.0,0.0,3–5
192,2,15,,0.0,0.0,3.0,0.0,0.0,≤2
200,1,15,,0.0,0.0,4.0,0.0,0.0,≤2
202,1,15,,0.0,0.0,1.0,0.0,0.0,≤2
205,4,15,,0.0,0.0,2.0,0.0,0.0,3–5
206,1,15,,0.0,0.0,0.0,0.0,0.0,≤2
207,1,15,,0.0,0.0,0.0,0.0,0.0,≤2
210,1,15,,0.0,0.0,3.0,0.0,0.0,≤2
215,1,15,,0.0,0.0,6.0,0.0,0.0,≤2
217,2,15,,0.0,0.0,2.0,0.0,0.0,≤2
220,1,15,Sánchez,0.0,-3.0,3.0,0.0,-4.6875,≤2
224,1,15,,0.0,0.0,1.0,0.0,0.0,≤2
226,1,15,,0.0,0.0,9.0,0.0,0.0,≤2
228,1,15,,0.0,0.0,2.0,0.0,0.0,≤2
229,0,15,,0.0,0.0,0.0,0.0,0.0,≤2
232,3,15,,0.0,0.0,0.0,0.0,0.0,3–5
235,1,15,,0.0,0.0,0.0,0.0,0.0,≤2
236,6,15,,0.0,0.0,2.0,0.0,0.0,6–9
237,2,15,Enzo,-12.0,-13.0,2.0,-18.75,-20.3125,≤2
238,0,15,,0.0,0.0,1.0,0.0,0.0,≤2
239,5,15,,0.0,0.0,0.0,0.0,0.0,3–5
242,3,15,Dewsbury-Hall,3.0,2.0,7.0,4.6875,3.125,3–5
246,2,15,,0.0,0.0,0.0,0.0,0.0,≤2
249,2,15,João Pedro,0.0,-1.0,1.0,0.0,-1.5625,≤2
250,2,15,,0.0,0.0,1.0,0.0,0.0,≤2
252,1,15,Marc Guiu,2.0,1.0,0.0,3.125,1.5625,≤2
253,7,15,,0.0,0.0,2.0,0.0,0.0,6–9
256,14,15,,0.0,0.0,1.0,0.0,0.0,10–14
257,8,15,Lacroix,-2.0,0.0,3.0,-3.125,0.0,6–9
258,6,15,,0.0,0.0,1.0,0.0,0.0,6–9
260,14,15,,0.0,0.0,0.0,0.0,0.0,10–14
261,9,15,Richards,-3.0,0.0,1.0,-4.6875,0.0,6–9
266,1,15,,0.0,0.0,2.0,0.0,0.0,≤2
270,1,15,,0.0,0.0,1.0,0.0,0.0,≤2
271,3,15,,0.0,0.0,4.0,0.0,0.0,3–5
272,5,15,,0.0,0.0,0.0,0.0,0.0,3–5
273,3,15,,0.0,0.0,4.0,0.0,0.0,3–5
276,1,15,,0.0,0.0,1.0,0.0,0.0,≤2
283,2,15,Mateta,-20.0,-14.0,6.0,-31.25,-21.875,≤2
284,1,15,,0.0,0.0,0.0,0.0,0.0,≤2
287,7,15,,0.0,0.0,1.0,0.0,0.0,6–9
291,10,15,Tarkowski,1.0,-1.0,3.0,1.5625,-1.5625,10–14
292,5,15,,0.0,0.0,2.0,0.0,0.0,3–5
293,6,15,,0.0,0.0,0.0,0.0,0.0,6–9
299,3,15,Ndiaye,-2.0,-1.0,2.0,-3.125,-1.5625,3–5
300,1,15,,0.0,0.0,1.0,0.0,0.0,≤2
301,5,15,,0.0,0.0,1.0,0.0,0.0,3–5
303,3,15,,0.0,0.0,2.0,0.0,0.0,3–5
304,4,15,,0.0,0.0,1.0,0.0,0.0,3–5
310,2,15,,0.0,0.0,2.0,0.0,0.0,≤2
311,1,15,,0.0,0.0,1.0,0.0,0.0,≤2
314,0,15,,0.0,0.0,1.0,0.0,0.0,≤2
317,0,15,Andersen,3.0,2.0,4.0,4.6875,3.125,≤2
318,2,15,,0.0,0.0,4.0,0.0,0.0,≤2
319,3,15,,0.0,0.0,1.0,0.0,0.0,3–5
322,0,15,,0.0,0.0,12.0,0.0,0.0,≤2
324,7,15,,0.0,0.0,2.0,0.0,0.0,6–9
325,7,15,,0.0,0.0,1.0,0.0,0.0,6–9
328,2,15,,0.0,0.0,4.0,0.0,0.0,≤2
329,8,15,Wilson,0.0,1.0,10.0,0.0,1.5625,6–9
330,0,15,,0.0,0.0,2.0,0.0,0.0,≤2
332,1,15,,0.0,0.0,1.0,0.0,0.0,≤2
335,1,15,King,0.0,-1.0,5.0,0.0,-1.5625,≤2
337,2,15,,0.0,0.0,1.0,0.0,0.0,≤2
342,5,15,,0.0,0.0,1.0,0.0,0.0,3–5
343,2,15,,0.0,0.0,3.0,0.0,0.0,≤2
344,12,15,,0.0,0.0,1.0,0.0,0.0,10–14
345,1,15,,0.0,0.0,0.0,0.0,0.0,≤2
347,4,15,Gudmundsson,-1.0,1.0,1.0,-1.5625,1.5625,3–5
348,2,15,Rodon,0.0,-3.0,0.0,0.0,-4.6875,≤2
354,4,15,,0.0,0.0,2.0,0.0,0.0,3–5
356,1,15,,0.0,0.0,2.0,0.0,0.0,≤2
358,9,15,,0.0,0.0,4.0,0.0,0.0,6–9
362,1,15,,0.0,0.0,0.0,0.0,0.0,≤2
365,2,15,,0.0,0.0,4.0,0.0,0.0,≤2
366,3,15,,0.0,0.0,6.0,0.0,0.0,3–5
371,1,15,,0.0,0.0,6.0,0.0,0.0,≤2
372,2,15,,0.0,0.0,1.0,0.0,0.0,≤2
373,4,15,Virgil,-1.0,-3.0,6.0,-1.5625,-4.6875,3–5
374,4,15,,0.0,0.0,8.0,0.0,0.0,3–5
376,5,15,,0.0,0.0,11.0,0.0,0.0,3–5
381,1,15,M.Salah,-2.0,0.0,0.0,-3.125,0.0,≤2
382,7,15,,0.0,0.0,3.0,0.0,0.0,6–9
384,1,15,Gakpo,-1.0,-2.0,14.0,-1.5625,-3.125,≤2
385,1,15,,0.0,0.0,0.0,0.0,0.0,≤2
386,2,15,,0.0,0.0,3.0,0.0,0.0,≤2
387,2,15,Szoboszlai,0.0,-1.0,3.0,0.0,-1.5625,≤2
388,1,15,,0.0,0.0,1.0,0.0,0.0,≤2
390,5,15,,0.0,0.0,3.0,0.0,0.0,3–5
403,0,15,,0.0,0.0,6.0,0.0,0.0,≤2
405,1,15,,0.0,0.0,0.0,0.0,0.0,≤2
407,2,15,,0.0,0.0,3.0,0.0,0.0,≤2
408,0,15,,0.0,0.0,1.0,0.0,0.0,≤2
409,0,15,,0.0,0.0,1.0,0.0,0.0,≤2
411,0,15,O'Reilly,2.0,1.0,4.0,3.125,1.5625,≤2
414,17,15,Foden,26.0,37.0,15.0,40.625,57.8125,15+
415,1,15,,0.0,0.0,0.0,0.0,0.0,≤2
416,2,15,,0.0,0.0,1.0,0.0,0.0,≤2
417,0,15,,0.0,0.0,4.0,0.0,0.0,≤2
418,8,15,Doku,0.0,-1.0,2.0,0.0,-1.5625,6–9
419,11,15,,0.0,0.0,2.0,0.0,0.0,10–14
423,2,15,,0.0,0.0,4.0,0.0,0.0,≤2
427,7,15,Reijnders,-1.0,-1.0,3.0,-1.5625,-1.5625,6–9
430,14,15,Haaland,2.0,0.0,2.0,3.125,0.0,10–14
437,1,15,,0.0,0.0,1.0,0.0,0.0,≤2
438,3,15,,0.0,0.0,1.0,0.0,0.0,3–5
440,15,15,,0.0,0.0,2.0,0.0,0.0,15+
441,1,15,,0.0,0.0,1.0,0.0,0.0,≤2
443,1,15,,0.0,0.0,1.0,0.0,0.0,≤2
444,1,15,,0.0,0.0,1.0,0.0,0.0,≤2
447,0,15,,0.0,0.0,0.0,0.0,0.0,≤2
449,4,15,B.Fernandes,0.0,1.0,11.0,0.0,1.5625,3–5
450,3,15,Cunha,2.0,0.0,0.0,3.125,0.0,3–5
452,2,15,,0.0,0.0,2.0,0.0,0.0,≤2
453,1,15,,0.0,0.0,1.0,0.0,0.0,≤2
455,1,15,,0.0,0.0,8.0,0.0,0.0,≤2
457,8,15,,0.0,0.0,4.0,0.0,0.0,6–9
459,1,15,,0.0,0.0,0.0,0.0,0.0,≤2
466,2,15,,0.0,0.0,9.0,0.0,0.0,≤2
470,2,15,Dúbravka,-1.0,0.0,1.0,-1.5625,0.0,≤2
473,3,15,,0.0,0.0,5.0,0.0,0.0,3–5
474,1,15,,0.0,0.0,1.0,0.0,0.0,≤2
476,6,15,,0.0,0.0,5.0,0.0,0.0,6–9
477,3,15,Livramento,1.0,0.0,2.0,1.5625,0.0,3–5
485,6,15,Gordon,5.0,2.0,1.0,7.8125,3.125,6–9
486,1,15,,0.0,0.0,5.0,0.0,0.0,≤2
487,3,15,,0.0,0.0,2.0,0.0,0.0,3–5
488,7,15,Bruno G.,0.0,1.0,4.0,0.0,1.5625,6–9
489,3,15,,0.0,0.0,0.0,0.0,0.0,3–5
490,4,15,,0.0,0.0,2.0,0.0,0.0,3–5
491,1,15,,0.0,0.0,1.0,0.0,0.0,≤2
497,2,15,,0.0,0.0,15.0,0.0,0.0,≤2
499,2,15,,0.0,0.0,7.0,0.0,0.0,≤2
502,6,15,Sels,0.0,1.0,2.0,0.0,1.5625,6–9
505,6,15,,0.0,0.0,1.0,0.0,0.0,6–9
508,8,15,,0.0,0.0,1.0,0.0,0.0,6–9
511,7,15,,0.0,0.0,3.0,0.0,0.0,6–9
515,3,15,,0.0,0.0,2.0,0.0,0.0,3–5
516,1,15,,0.0,0.0,1.0,0.0,0.0,≤2
517,2,15,Anderson,-1.0,1.0,6.0,-1.5625,1.5625,≤2
519,1,15,,0.0,0.0,1.0,0.0,0.0,≤2
521,3,15,,0.0,0.0,4.0,0.0,0.0,3–5
522,1,15,,0.0,0.0,1.0,0.0,0.0,≤2
526,9,15,,0.0,0.0,2.0,0.0,0.0,6–9
531,4,15,,0.0,0.0,3.0,0.0,0.0,3–5
532,2,15,,0.0,0.0,0.0,0.0,0.0,≤2
539,1,15,,0.0,0.0,0.0,0.0,0.0,≤2
541,4,15,,0.0,0.0,4.0,0.0,0.0,3–5
547,5,15,,0.0,0.0,13.0,0.0,0.0,3–5
552,2,15,,0.0,0.0,2.0,0.0,0.0,≤2
553,10,15,,0.0,0.0,2.0,0.0,0.0,10–14
560,1,15,,0.0,0.0,2.0,0.0,0.0,≤2
565,2,15,,0.0,0.0,1.0,0.0,0.0,≤2
568,1,15,,0.0,0.0,1.0,0.0,0.0,≤2
569,17,15,,0.0,0.0,0.0,0.0,0.0,15+
570,3,15,,0.0,0.0,3.0,0.0,0.0,3–5
574,1,15,,0.0,0.0,0.0,0.0,0.0,≤2
580,2,15,,0.0,0.0,0.0,0.0,0.0,≤2
582,7,15,,0.0,0.0,8.0,0.0,0.0,6–9
584,4,15,,0.0,0.0,1.0,0.0,0.0,3–5
585,3,15,,0.0,0.0,1.0,0.0,0.0,3–5
586,2,15,,0.0,0.0,5.0,0.0,0.0,≤2
588,1,15,,0.0,0.0,1.0,0.0,0.0,≤2
591,1,15,,0.0,0.0,1.0,0.0,0.0,≤2
593,2,15,,0.0,0.0,1.0,0.0,0.0,≤2
597,0,15,,0.0,0.0,1.0,0.0,0.0,≤2
600,3,15,,0.0,0.0,2.0,0.0,0.0,3–5
603,3,15,Diouf,0.0,-1.0,1.0,0.0,-1.5625,3–5
605,1,15,,0.0,0.0,0.0,0.0,0.0,≤2
606,4,15,,0.0,0.0,3.0,0.0,0.0,3–5
609,4,15,,0.0,0.0,1.0,0.0,0.0,3–5
610,3,15,,0.0,0.0,1.0,0.0,0.0,3–5
613,2,15,,0.0,0.0,1.0,0.0,0.0,≤2
621,1,15,,0.0,0.0,0.0,0.0,0.0,≤2
623,2,15,,0.0,0.0,2.0,0.0,0.0,≤2
624,5,15,,0.0,0.0,2.0,0.0,0.0,3–5
627,2,15,,0.0,0.0,3.0,0.0,0.0,≤2
631,2,15,,0.0,0.0,2.0,0.0,0.0,≤2
634,1,15,,0.0,0.0,1.0,0.0,0.0,≤2
637,2,15,,0.0,0.0,4.0,0.0,0.0,≤2
638,1,15,,0.0,0.0,0.0,0.0,0.0,≤2
642,1,15,,0.0,0.0,0.0,0.0,0.0,≤2
643,2,15,,0.0,0.0,3.0,0.0,0.0,≤2
644,3,15,,0.0,0.0,2.0,0.0,0.0,3–5
646,1,15,,0.0,0.0,4.0,0.0,0.0,≤2
648,1,15,,0.0,0.0,0.0,0.0,0.0,≤2
654,2,15,,0.0,0.0,2.0,0.0,0.0,≤2
660,6,15,Stach,-1.0,-1.0,0.0,-1.5625,-1.5625,6–9
661,1,15,,0.0,0.0,1.0,0.0,0.0,≤2
662,1,15,,0.0,0.0,1.0,0.0,0.0,≤2
663,2,15,,0.0,0.0,1.0,0.0,0.0,≤2
665,2,15,,0.0,0.0,3.0,0.0,0.0,≤2
666,1,15,Gyökeres,0.0,-1.0,0.0,0.0,-1.5625,≤2
668,4,15,,0.0,0.0,5.0,0.0,0.0,3–5
669,3,15,,0.0,0.0,1.0,0.0,0.0,3–5
670,3,15,,0.0,0.0,1.0,0.0,0.0,3–5
671,2,15,,0.0,0.0,2.0,0.0,0.0,≤2
674,1,15,,0.0,0.0,2.0,0.0,0.0,≤2
676,1,15,,0.0,0.0,1.0,0.0,0.0,≤2
677,8,15,,0.0,0.0,0.0,0.0,0.0,6–9
680,1,15,,0.0,0.0,1.0,0.0,0.0,≤2
682,2,15,,0.0,0.0,1.0,0.0,0.0,≤2
683,4,15,Alderete,-1.0,0.0,0.0,-1.5625,0.0,3–5
684,1,15,Thiaw,2.0,4.0,16.0,3.125,6.25,≤2
685,4,15,Diakité,-1.0,0.0,1.0,-1.5625,0.0,3–5
691,9,15,Calvert-Lewin,-4.0,-2.0,7.0,-6.25,-3.125,6–9
693,6,15,,0.0,0.0,1.0,0.0,0.0,6–9
694,0,15,Mukiele,1.0,0.0,0.0,1.5625,0.0,≤2
695,2,15,,0.0,0.0,2.0,0.0,0.0,≤2
697,1,15,,0.0,0.0,7.0,0.0,0.0,≤2
698,4,15,,0.0,0.0,1.0,0.0,0.0,3–5
706,1,15,,0.0,0.0,1.0,0.0,0.0,≤2
708,4,15,,0.0,0.0,2.0,0.0,0.0,3–5
712,3,15,,0.0,0.0,2.0,0.0,0.0,3–5
713,4,15,,0.0,0.0,0.0,0.0,0.0,3–5
714,5,15,Woltemade,3.0,3.0,7.0,4.6875,4.6875,3–5
716,6,15,,0.0,0.0,1.0,0.0,0.0,6–9
717,1,15,,0.0,0.0,1.0,0.0,0.0,≤2
718,11,15,,0.0,0.0,1.0,0.0,0.0,10–14
720,1,15,,0.0,0.0,1.0,0.0,0.0,≤2
721,4,15,,0.0,0.0,0.0,0.0,0.0,3–5
722,2,15,,0.0,0.0,5.0,0.0,0.0,≤2
723,1,15,,0.0,0.0,0.0,0.0,0.0,≤2
724,1,15,,0.0,0.0,1.0,0.0,0.0,≤2
725,8,15,Hincapie,1.0,1.0,1.0,1.5625,1.5625,6–9
726,2,15,,0.0,0.0,1.0,0.0,0.0,≤2
727,12,15,,0.0,0.0,5.0,0.0,0.0,10–14
730,2,15,,0.0,0.0,6.0,0.0,0.0,≤2
731,1,15,,0.0,0.0,1.0,0.0,0.0,≤2
733,2,15,,0.0,0.0,2.0,0.0,0.0,≤2
736,0,15,,0.0,0.0,5.0,0.0,0.0,≤2
737,1,15,,0.0,0.0,0.0,0.0,0.0,≤2
749,1,15,,0.0,0.0,1.0,0.0,0.0,≤2
758,1,15,,0.0,0.0,0.0,0.0,0.0,≤2
1,2,16,Raya,0.0,4.0,6.0,0.0,6.25,≤2
7,1,16,,0.0,0.0,7.0,0.0,0.0,≤2
8,3,16,J.Timber,1.0,2.0,1.0,1.5625,3.125,3–5
10,1,16,Lewis-Skelly,0.0,1.0,0.0,0.0,1.5625,≤2
11,1,16,,0.0,0.0,14.0,0.0,0.0,≤2
16,4,16,Saka,8.0,11.0,6.0,12.5,17.1875,3–5
17,2,16,,0.0,0.0,3.0,0.0,0.0,≤2
18,1,16,,0.0,0.0,3.0,0.0,0.0,≤2
19,1,16,,0.0,0.0,3.0,0.0,0.0,≤2
20,6,16,,0.0,0.0,0.0,0.0,0.0,6–9
21,6,16,Rice,0.0,1.0,3.0,0.0,1.5625,6–9
22,1,16,,0.0,0.0,13.0,0.0,0.0,≤2
26,2,16,,0.0,0.0,3.0,0.0,0.0,≤2
32,4,16,,0.0,0.0,0.0,0.0,0.0,3–5
36,9,16,Cash,0.0,1.0,4.0,0.0,1.5625,6–9
38,2,16,,0.0,0.0,1.0,0.0,0.0,≤2
39,2,16,,0.0,0.0,1.0,0.0,0.0,≤2
41,5,16,,0.0,0.0,-1.0,0.0,0.0,3–5
44,1,16,,0.0,0.0,1.0,0.0,0.0,≤2
47,2,16,Rogers,0.0,1.0,6.0,0.0,1.5625,≤2
48,2,16,,0.0,0.0,1.0,0.0,0.0,≤2
50,6,16,,0.0,0.0,1.0,0.0,0.0,6–9
52,1,16,,0.0,0.0,0.0,0.0,0.0,≤2
53,1,16,,0.0,0.0,6.0,0.0,0.0,≤2
54,2,16,,0.0,0.0,1.0,0.0,0.0,≤2
58,10,16,,0.0,0.0,2.0,0.0,0.0,10–14
59,2,16,,0.0,0.0,11.0,0.0,0.0,≤2
64,2,16,,0.0,0.0,13.0,0.0,0.0,≤2
67,7,16,,0.0,0.0,2.0,0.0,0.0,6–9
72,8,16,Senesi,-8.0,-6.0,0.0,-12.5,-9.375,6–9
73,6,16,,0.0,0.0,0.0,0.0,0.0,6–9
74,6,16,Truffert,-1.0,0.0,4.0,-1.5625,0.0,6–9
77,1,16,,0.0,0.0,0.0,0.0,0.0,≤2
81,3,16,,0.0,0.0,2.0,0.0,0.0,3–5
82,3,16,Semenyo,0.0,-7.0,4.0,0.0,-10.9375,3–5
83,4,16,O.Dango,0.0,1.0,2.0,0.0,1.5625,3–5
84,5,16,,0.0,0.0,1.0,0.0,0.0,3–5
86,1,16,,0.0,0.0,0.0,0.0,0.0,≤2
90,5,16,,0.0,0.0,4.0,0.0,0.0,3–5
97,2,16,,0.0,0.0,1.0,0.0,0.0,≤2
98,1,16,,0.0,0.0,0.0,0.0,0.0,≤2
101,2,16,Kelleher,0.0,1.0,2.0,0.0,1.5625,≤2
106,3,16,Collins,6.0,3.0,1.0,9.375,4.6875,3–5
107,1,16,,0.0,0.0,1.0,0.0,0.0,≤2
108,-1,16,,0.0,0.0,1.0,0.0,0.0,≤2
109,1,16,,0.0,0.0,2.0,0.0,0.0,≤2
110,0,16,,0.0,0.0,1.0,0.0,0.0,≤2
113,1,16,Van den Berg,5.0,6.0,1.0,7.8125,9.375,≤2
116,1,16,,0.0,0.0,0.0,0.0,0.0,≤2
119,8,16,Mbeumo,-5.0,-12.0,2.0,-7.8125,-18.75,6–9
120,1,16,Schade,-2.0,-1.0,1.0,-3.125,-1.5625,≤2
121,2,16,,0.0,0.0,1.0,0.0,0.0,≤2
124,4,16,,0.0,0.0,1.0,0.0,0.0,3–5
125,1,16,,0.0,0.0,2.0,0.0,0.0,≤2
126,1,16,,0.0,0.0,2.0,0.0,0.0,≤2
129,1,16,,0.0,0.0,1.0,0.0,0.0,≤2
135,1,16,,0.0,0.0,0.0,0.0,0.0,≤2
136,2,16,Thiago,22.0,28.0,1.0,34.375,43.75,≤2
139,3,16,Verbruggen,0.0,-1.0,1.0,0.0,-1.5625,3–5
143,1,16,,0.0,0.0,0.0,0.0,0.0,≤2
145,8,16,De Cuyper,0.0,0.0,0.0,0.0,0.0,6–9
146,1,16,,0.0,0.0,0.0,0.0,0.0,≤2
148,1,16,,0.0,0.0,1.0,0.0,0.0,≤2
151,5,16,,0.0,0.0,12.0,0.0,0.0,3–5
158,8,16,,0.0,0.0,0.0,0.0,0.0,6–9
160,3,16,Minteh,-11.0,-12.0,2.0,-17.1875,-18.75,3–5
162,1,16,,0.0,0.0,2.0,0.0,0.0,≤2
163,1,16,,0.0,0.0,8.0,0.0,0.0,≤2
167,1,16,,0.0,0.0,4.0,0.0,0.0,≤2
169,2,16,,0.0,0.0,1.0,0.0,0.0,≤2
173,2,16,,0.0,0.0,8.0,0.0,0.0,≤2
178,2,16,Welbeck,-3.0,-2.0,1.0,-4.6875,-3.125,≤2
181,1,16,,0.0,0.0,1.0,0.0,0.0,≤2
187,0,16,,0.0,0.0,2.0,0.0,0.0,≤2
190,1,16,,0.0,0.0,4.0,0.0,0.0,≤2
191,3,16,Estève,-1.0,1.0,4.0,-1.5625,1.5625,3–5
195,-3,16,,0.0,0.0,0.0,0.0,0.0,≤2
199,1,16,,0.0,0.0,0.0,0.0,0.0,≤2
200,1,16,,0.0,0.0,1.0,0.0,0.0,≤2
202,2,16,,0.0,0.0,1.0,0.0,0.0,≤2
205,2,16,,0.0,0.0,4.0,0.0,0.0,≤2
206,1,16,,0.0,0.0,1.0,0.0,0.0,≤2
209,0,16,,0.0,0.0,0.0,0.0,0.0,≤2
215,5,16,,0.0,0.0,1.0,0.0,0.0,3–5
217,1,16,Foster,0.0,-1.0,2.0,0.0,-1.5625,≤2
220,10,16,,0.0,0.0,1.0,0.0,0.0,10–14
224,6,16,,0.0,0.0,1.0,0.0,0.0,6–9
225,6,16,James,0.0,-1.0,0.0,0.0,-1.5625,6–9
226,11,16,,0.0,0.0,1.0,0.0,0.0,10–14
228,7,16,,0.0,0.0,1.0,0.0,0.0,6–9
230,9,16,,0.0,0.0,0.0,0.0,0.0,6–9
235,1,16,,0.0,0.0,1.0,0.0,0.0,≤2
236,2,16,,0.0,0.0,6.0,0.0,0.0,≤2
237,3,16,Enzo,-9.0,-10.0,2.0,-14.0625,-15.625,3–5
238,1,16,,0.0,0.0,0.0,0.0,0.0,≤2
242,16,16,Dewsbury-Hall,2.0,5.0,3.0,3.125,7.8125,15+
249,1,16,João Pedro,0.0,-1.0,2.0,0.0,-1.5625,≤2
250,1,16,,0.0,0.0,2.0,0.0,0.0,≤2
252,0,16,Marc Guiu,3.0,9.0,1.0,4.6875,14.0625,≤2
253,3,16,,0.0,0.0,7.0,0.0,0.0,3–5
257,2,16,Lacroix,-2.0,-3.0,8.0,-3.125,-4.6875,≤2
258,2,16,,0.0,0.0,6.0,0.0,0.0,≤2
260,8,16,Guéhi,0.0,1.0,14.0,0.0,1.5625,6–9
261,4,16,Richards,0.0,-1.0,9.0,0.0,-1.5625,3–5
263,2,16,,0.0,0.0,0.0,0.0,0.0,≤2
266,1,16,Eze,0.0,3.0,1.0,0.0,4.6875,≤2
271,2,16,,0.0,0.0,3.0,0.0,0.0,≤2
272,1,16,,0.0,0.0,5.0,0.0,0.0,≤2
273,9,16,,0.0,0.0,3.0,0.0,0.0,6–9
276,1,16,,0.0,0.0,1.0,0.0,0.0,≤2
283,2,16,Mateta,-14.0,-33.0,2.0,-21.875,-51.5625,≤2
284,9,16,,0.0,0.0,1.0,0.0,0.0,6–9
287,6,16,,0.0,0.0,7.0,0.0,0.0,6–9
291,9,16,Tarkowski,-8.0,-2.0,10.0,-12.5,-3.125,6–9
292,5,16,,0.0,0.0,5.0,0.0,0.0,3–5
293,8,16,,0.0,0.0,6.0,0.0,0.0,6–9
295,9,16,Keane,0.0,1.0,0.0,0.0,1.5625,6–9
299,8,16,Ndiaye,-9.0,-6.0,3.0,-14.0625,-9.375,6–9
300,1,16,,0.0,0.0,1.0,0.0,0.0,≤2
301,3,16,,0.0,0.0,5.0,0.0,0.0,3–5
303,3,16,,0.0,0.0,3.0,0.0,0.0,3–5
310,5,16,,0.0,0.0,2.0,0.0,0.0,3–5
311,1,16,,0.0,0.0,1.0,0.0,0.0,≤2
314,2,16,,0.0,0.0,0.0,0.0,0.0,≤2
317,1,16,Andersen,3.0,8.0,0.0,4.6875,12.5,≤2
318,3,16,,0.0,0.0,2.0,0.0,0.0,3–5
319,1,16,,0.0,0.0,3.0,0.0,0.0,≤2
322,3,16,Tete,0.0,1.0,0.0,0.0,1.5625,3–5
324,2,16,,0.0,0.0,7.0,0.0,0.0,≤2
325,2,16,,0.0,0.0,7.0,0.0,0.0,≤2
326,1,16,,0.0,0.0,0.0,0.0,0.0,≤2
329,8,16,Wilson,1.0,2.0,8.0,1.5625,3.125,6–9
330,2,16,,0.0,0.0,0.0,0.0,0.0,≤2
331,1,16,,0.0,0.0,0.0,0.0,0.0,≤2
332,1,16,,0.0,0.0,1.0,0.0,0.0,≤2
335,1,16,,0.0,0.0,1.0,0.0,0.0,≤2
337,5,16,Raúl,2.0,3.0,2.0,3.125,4.6875,3–5
342,0,16,,0.0,0.0,5.0,0.0,0.0,≤2
343,0,16,,0.0,0.0,2.0,0.0,0.0,≤2
344,1,16,,0.0,0.0,12.0,0.0,0.0,≤2
345,1,16,,0.0,0.0,1.0,0.0,0.0,≤2
347,0,16,,0.0,0.0,4.0,0.0,0.0,≤2
348,1,16,Rodon,-1.0,-5.0,2.0,-1.5625,-7.8125,≤2
350,4,16,,0.0,0.0,0.0,0.0,0.0,3–5
351,4,16,,0.0,0.0,0.0,0.0,0.0,3–5
354,2,16,,0.0,0.0,4.0,0.0,0.0,≤2
356,2,16,,0.0,0.0,1.0,0.0,0.0,≤2
358,6,16,,0.0,0.0,9.0,0.0,0.0,6–9
362,1,16,,0.0,0.0,1.0,0.0,0.0,≤2
366,1,16,,0.0,0.0,3.0,0.0,0.0,≤2
371,1,16,,0.0,0.0,1.0,0.0,0.0,≤2
373,2,16,Virgil,-4.0,-6.0,4.0,-6.25,-9.375,≤2
374,1,16,,0.0,0.0,4.0,0.0,0.0,≤2
375,5,16,,0.0,0.0,0.0,0.0,0.0,3–5
376,-1,16,,0.0,0.0,5.0,0.0,0.0,≤2
382,3,16,,0.0,0.0,7.0,0.0,0.0,3–5
384,2,16,Gakpo,0.0,-2.0,1.0,0.0,-3.125,≤2
386,1,16,,0.0,0.0,2.0,0.0,0.0,≤2
387,8,16,Szoboszlai,26.0,14.0,2.0,40.625,21.875,6–9
388,2,16,,0.0,0.0,1.0,0.0,0.0,≤2
390,5,16,,0.0,0.0,5.0,0.0,0.0,3–5
392,1,16,,0.0,0.0,0.0,0.0,0.0,≤2
403,12,16,,0.0,0.0,0.0,0.0,0.0,10–14
405,1,16,,0.0,0.0,1.0,0.0,0.0,≤2
407,6,16,,0.0,0.0,2.0,0.0,0.0,6–9
408,14,16,,0.0,0.0,0.0,0.0,0.0,10–14
410,1,16,,0.0,0.0,0.0,0.0,0.0,≤2
411,6,16,O'Reilly,3.0,9.0,0.0,4.6875,14.0625,6–9
413,1,16,,0.0,0.0,0.0,0.0,0.0,≤2
414,12,16,Foden,1.0,9.0,17.0,1.5625,14.0625,10–14
415,1,16,,0.0,0.0,1.0,0.0,0.0,≤2
416,3,16,,0.0,0.0,2.0,0.0,0.0,3–5
417,12,16,,0.0,0.0,0.0,0.0,0.0,10–14
418,3,16,,0.0,0.0,8.0,0.0,0.0,3–5
419,3,16,,0.0,0.0,11.0,0.0,0.0,3–5
423,3,16,,0.0,0.0,2.0,0.0,0.0,3–5
427,1,16,Reijnders,0.0,-2.0,7.0,0.0,-3.125,≤2
430,2,16,,0.0,0.0,14.0,0.0,0.0,≤2
437,1,16,,0.0,0.0,1.0,0.0,0.0,≤2
438,2,16,,0.0,0.0,3.0,0.0,0.0,≤2
440,5,16,,0.0,0.0,15.0,0.0,0.0,3–5
441,1,16,,0.0,0.0,1.0,0.0,0.0,≤2
443,2,16,,0.0,0.0,1.0,0.0,0.0,≤2
444,1,16,,0.0,0.0,1.0,0.0,0.0,≤2
447,2,16,,0.0,0.0,0.0,0.0,0.0,≤2
449,18,16,B.Fernandes,0.0,9.0,4.0,0.0,14.0625,15+
450,5,16,Cunha,-1.0,-1.0,3.0,-1.5625,-1.5625,3–5
452,6,16,,0.0,0.0,2.0,0.0,0.0,6–9
453,3,16,,0.0,0.0,1.0,0.0,0.0,3–5
455,7,16,,0.0,0.0,1.0,0.0,0.0,6–9
456,1,16,,0.0,0.0,0.0,0.0,0.0,≤2
457,2,16,,0.0,0.0,8.0,0.0,0.0,≤2
458,1,16,,0.0,0.0,0.0,0.0,0.0,≤2
466,0,16,,0.0,0.0,2.0,0.0,0.0,≤2
470,3,16,,0.0,0.0,2.0,0.0,0.0,3–5
473,1,16,,0.0,0.0,3.0,0.0,0.0,≤2
474,2,16,,0.0,0.0,1.0,0.0,0.0,≤2
476,7,16,,0.0,0.0,6.0,0.0,0.0,6–9
477,1,16,Livramento,-1.0,0.0,3.0,-1.5625,0.0,≤2
485,10,16,Gordon,-1.0,0.0,6.0,-1.5625,0.0,10–14
486,2,16,,0.0,0.0,1.0,0.0,0.0,≤2
488,10,16,Bruno G.,0.0,2.0,7.0,0.0,3.125,10–14
490,1,16,,0.0,0.0,4.0,0.0,0.0,≤2
491,1,16,,0.0,0.0,1.0,0.0,0.0,≤2
494,3,16,,0.0,0.0,0.0,0.0,0.0,3–5
497,1,16,,0.0,0.0,2.0,0.0,0.0,≤2
499,1,16,,0.0,0.0,2.0,0.0,0.0,≤2
502,2,16,,0.0,0.0,6.0,0.0,0.0,≤2
505,0,16,,0.0,0.0,6.0,0.0,0.0,≤2
508,1,16,,0.0,0.0,8.0,0.0,0.0,≤2
511,2,16,,0.0,0.0,7.0,0.0,0.0,≤2
513,1,16,,0.0,0.0,0.0,0.0,0.0,≤2
515,2,16,,0.0,0.0,3.0,0.0,0.0,≤2
516,1,16,,0.0,0.0,1.0,0.0,0.0,≤2
517,4,16,Anderson,-1.0,-1.0,2.0,-1.5625,-1.5625,3–5
519,1,16,,0.0,0.0,1.0,0.0,0.0,≤2
521,1,16,,0.0,0.0,3.0,0.0,0.0,≤2
522,1,16,,0.0,0.0,1.0,0.0,0.0,≤2
526,2,16,,0.0,0.0,9.0,0.0,0.0,≤2
531,1,16,,0.0,0.0,4.0,0.0,0.0,≤2
532,1,16,,0.0,0.0,2.0,0.0,0.0,≤2
539,-2,16,,0.0,0.0,1.0,0.0,0.0,≤2
543,1,16,,0.0,0.0,0.0,0.0,0.0,≤2
547,2,16,E.Le Fée,1.0,0.0,5.0,1.5625,0.0,≤2
548,1,16,,0.0,0.0,0.0,0.0,0.0,≤2
552,2,16,,0.0,0.0,2.0,0.0,0.0,≤2
553,1,16,,0.0,0.0,10.0,0.0,0.0,≤2
560,1,16,,0.0,0.0,1.0,0.0,0.0,≤2
565,6,16,,0.0,0.0,2.0,0.0,0.0,6–9
568,5,16,,0.0,0.0,1.0,0.0,0.0,3–5
569,6,16,,0.0,0.0,17.0,0.0,0.0,6–9
570,1,16,,0.0,0.0,3.0,0.0,0.0,≤2
573,6,16,,0.0,0.0,0.0,0.0,0.0,6–9
575,6,16,,0.0,0.0,0.0,0.0,0.0,6–9
582,3,16,,0.0,0.0,7.0,0.0,0.0,3–5
585,5,16,,0.0,0.0,3.0,0.0,0.0,3–5
588,1,16,,0.0,0.0,1.0,0.0,0.0,≤2
591,2,16,,0.0,0.0,1.0,0.0,0.0,≤2
593,1,16,,0.0,0.0,2.0,0.0,0.0,≤2
597,8,16,,0.0,0.0,0.0,0.0,0.0,6–9
600,3,16,,0.0,0.0,3.0,0.0,0.0,3–5
603,6,16,,0.0,0.0,3.0,0.0,0.0,6–9
605,4,16,,0.0,0.0,1.0,0.0,0.0,3–5
606,4,16,,0.0,0.0,4.0,0.0,0.0,3–5
609,2,16,,0.0,0.0,4.0,0.0,0.0,≤2
610,4,16,,0.0,0.0,3.0,0.0,0.0,3–5
612,3,16,L.Paquetá,0.0,-2.0,0.0,0.0,-3.125,3–5
613,1,16,,0.0,0.0,2.0,0.0,0.0,≤2
615,3,16,,0.0,0.0,0.0,0.0,0.0,3–5
618,2,16,,0.0,0.0,0.0,0.0,0.0,≤2
623,0,16,,0.0,0.0,2.0,0.0,0.0,≤2
624,9,16,Bowen,0.0,2.0,5.0,0.0,3.125,6–9
627,1,16,,0.0,0.0,2.0,0.0,0.0,≤2
631,2,16,,0.0,0.0,2.0,0.0,0.0,≤2
633,1,16,,0.0,0.0,0.0,0.0,0.0,≤2
634,-1,16,,0.0,0.0,1.0,0.0,0.0,≤2
637,1,16,,0.0,0.0,2.0,0.0,0.0,≤2
638,0,16,,0.0,0.0,1.0,0.0,0.0,≤2
643,2,16,,0.0,0.0,2.0,0.0,0.0,≤2
644,6,16,,0.0,0.0,3.0,0.0,0.0,6–9
645,1,16,,0.0,0.0,0.0,0.0,0.0,≤2
654,1,16,,0.0,0.0,2.0,0.0,0.0,≤2
660,12,16,Stach,0.0,-1.0,6.0,0.0,-1.5625,10–14
661,13,16,Ekitiké,0.0,3.0,1.0,0.0,4.6875,10–14
663,2,16,,0.0,0.0,2.0,0.0,0.0,≤2
665,2,16,,0.0,0.0,2.0,0.0,0.0,≤2
666,1,16,,0.0,0.0,1.0,0.0,0.0,≤2
668,2,16,,0.0,0.0,4.0,0.0,0.0,≤2
669,1,16,,0.0,0.0,3.0,0.0,0.0,≤2
670,1,16,,0.0,0.0,3.0,0.0,0.0,≤2
671,4,16,,0.0,0.0,2.0,0.0,0.0,3–5
673,1,16,,0.0,0.0,0.0,0.0,0.0,≤2
674,2,16,,0.0,0.0,1.0,0.0,0.0,≤2
676,2,16,,0.0,0.0,1.0,0.0,0.0,≤2
680,2,16,,0.0,0.0,1.0,0.0,0.0,≤2
682,3,16,,0.0,0.0,2.0,0.0,0.0,3–5
683,1,16,Alderete,1.0,1.0,4.0,1.5625,1.5625,≤2
684,2,16,Thiaw,-6.0,-5.0,1.0,-9.375,-7.8125,≤2
685,6,16,,0.0,0.0,4.0,0.0,0.0,6–9
691,6,16,Calvert-Lewin,-4.0,-1.0,9.0,-6.25,-1.5625,6–9
693,2,16,,0.0,0.0,6.0,0.0,0.0,≤2
694,1,16,Mukiele,0.0,0.0,0.0,0.0,0.0,≤2
695,1,16,,0.0,0.0,2.0,0.0,0.0,≤2
697,1,16,,0.0,0.0,1.0,0.0,0.0,≤2
698,2,16,,0.0,0.0,4.0,0.0,0.0,≤2
707,1,16,,0.0,0.0,0.0,0.0,0.0,≤2
708,5,16,,0.0,0.0,4.0,0.0,0.0,3–5
709,1,16,,0.0,0.0,0.0,0.0,0.0,≤2
712,5,16,,0.0,0.0,3.0,0.0,0.0,3–5
713,6,16,,0.0,0.0,4.0,0.0,0.0,6–9
714,2,16,Woltemade,-3.0,-6.0,5.0,-4.6875,-9.375,≤2
716,-1,16,,0.0,0.0,6.0,0.0,0.0,≤2
717,14,16,,0.0,0.0,1.0,0.0,0.0,10–14
718,1,16,,0.0,0.0,11.0,0.0,0.0,≤2
719,1,16,,0.0,0.0,0.0,0.0,0.0,≤2
720,1,16,,0.0,0.0,1.0,0.0,0.0,≤2
722,2,16,,0.0,0.0,2.0,0.0,0.0,≤2
723,1,16,,0.0,0.0,1.0,0.0,0.0,≤2
724,1,16,,0.0,0.0,1.0,0.0,0.0,≤2
725,3,16,Hincapie,18.0,14.0,8.0,28.125,21.875,3–5
726,2,16,,0.0,0.0,2.0,0.0,0.0,≤2
727,2,16,,0.0,0.0,12.0,0.0,0.0,≤2
730,1,16,,0.0,0.0,2.0,0.0,0.0,≤2
731,1,16,,0.0,0.0,1.0,0.0,0.0,≤2
732,1,16,,0.0,0.0,0.0,0.0,0.0,≤2
733,2,16,,0.0,0.0,2.0,0.0,0.0,≤2
735,1,16,,0.0,0.0,0.0,0.0,0.0,≤2
736,6,16,,0.0,0.0,0.0,0.0,0.0,6–9
747,1,16,,0.0,0.0,0.0,0.0,0.0,≤2
749,1,16,,0.0,0.0,1.0,0.0,0.0,≤2
1,2,17,,0.0,0.0,2.0,0.0,0.0,≤2
6,2,17,,0.0,0.0,0.0,0.0,0.0,≤2
8,2,17,J.Timber,3.0,-1.0,3.0,4.6875,-1.5625,≤2
10,1,17,,0.0,0.0,1.0,0.0,0.0,≤2
11,1,17,,0.0,0.0,1.0,0.0,0.0,≤2
16,11,17,Saka,-5.0,0.0,4.0,-7.8125,0.0,10–14
17,1,17,,0.0,0.0,2.0,0.0,0.0,≤2
19,1,17,,0.0,0.0,1.0,0.0,0.0,≤2
20,1,17,,0.0,0.0,6.0,0.0,0.0,≤2
21,2,17,Rice,0.0,-1.0,6.0,0.0,-1.5625,≤2
22,1,17,,0.0,0.0,1.0,0.0,0.0,≤2
26,1,17,,0.0,0.0,2.0,0.0,0.0,≤2
31,1,17,,0.0,0.0,0.0,0.0,0.0,≤2
33,1,17,,0.0,0.0,0.0,0.0,0.0,≤2
36,0,17,,0.0,0.0,9.0,0.0,0.0,≤2
37,1,17,,0.0,0.0,0.0,0.0,0.0,≤2
38,1,17,,0.0,0.0,2.0,0.0,0.0,≤2
39,1,17,,0.0,0.0,2.0,0.0,0.0,≤2
47,15,17,,0.0,0.0,2.0,0.0,0.0,15+
48,6,17,,0.0,0.0,2.0,0.0,0.0,6–9
50,1,17,,0.0,0.0,6.0,0.0,0.0,≤2
53,1,17,,0.0,0.0,1.0,0.0,0.0,≤2
54,2,17,,0.0,0.0,2.0,0.0,0.0,≤2
58,1,17,,0.0,0.0,10.0,0.0,0.0,≤2
59,2,17,,0.0,0.0,2.0,0.0,0.0,≤2
64,5,17,,0.0,0.0,2.0,0.0,0.0,3–5
67,1,17,Petrović,-1.0,0.0,7.0,-1.5625,0.0,≤2
72,1,17,,0.0,0.0,8.0,0.0,0.0,≤2
73,2,17,,0.0,0.0,6.0,0.0,0.0,≤2
74,0,17,Truffert,1.0,1.0,6.0,1.5625,1.5625,≤2
77,1,17,,0.0,0.0,1.0,0.0,0.0,≤2
81,2,17,,0.0,0.0,3.0,0.0,0.0,≤2
82,6,17,Semenyo,7.0,13.0,3.0,10.9375,20.3125,6–9
83,2,17,O.Dango,0.0,-1.0,4.0,0.0,-1.5625,≤2
84,12,17,Tavernier,0.0,2.0,5.0,0.0,3.125,10–14
85,1,17,,0.0,0.0,0.0,0.0,0.0,≤2
86,1,17,,0.0,0.0,1.0,0.0,0.0,≤2
90,2,17,,0.0,0.0,5.0,0.0,0.0,≤2
97,6,17,Evanilson,1.0,0.0,2.0,1.5625,0.0,6–9
100,5,17,Kroupi.Jr,-1.0,-1.0,0.0,-1.5625,-1.5625,3–5
101,3,17,,0.0,0.0,2.0,0.0,0.0,3–5
106,4,17,,0.0,0.0,3.0,0.0,0.0,3–5
107,6,17,,0.0,0.0,1.0,0.0,0.0,6–9
108,1,17,,0.0,0.0,-1.0,0.0,0.0,≤2
109,4,17,,0.0,0.0,1.0,0.0,0.0,3–5
110,5,17,,0.0,0.0,0.0,0.0,0.0,3–5
113,4,17,,0.0,0.0,1.0,0.0,0.0,3–5
116,6,17,,0.0,0.0,1.0,0.0,0.0,6–9
119,2,17,Mbeumo,-6.0,-7.0,8.0,-9.375,-10.9375,≤2
121,1,17,,0.0,0.0,2.0,0.0,0.0,≤2
124,9,17,,0.0,0.0,4.0,0.0,0.0,6–9
125,3,17,,0.0,0.0,1.0,0.0,0.0,3–5
126,3,17,,0.0,0.0,1.0,0.0,0.0,3–5
129,1,17,,0.0,0.0,1.0,0.0,0.0,≤2
135,1,17,,0.0,0.0,1.0,0.0,0.0,≤2
136,2,17,Thiago,2.0,-1.0,2.0,3.125,-1.5625,≤2
139,1,17,,0.0,0.0,3.0,0.0,0.0,≤2
146,0,17,,0.0,0.0,1.0,0.0,0.0,≤2
148,1,17,,0.0,0.0,1.0,0.0,0.0,≤2
151,1,17,,0.0,0.0,5.0,0.0,0.0,≤2
157,1,17,,0.0,0.0,0.0,0.0,0.0,≤2
158,2,17,,0.0,0.0,8.0,0.0,0.0,≤2
160,2,17,Minteh,-1.0,1.0,3.0,-1.5625,1.5625,≤2
162,2,17,,0.0,0.0,1.0,0.0,0.0,≤2
163,2,17,,0.0,0.0,1.0,0.0,0.0,≤2
166,1,17,,0.0,0.0,0.0,0.0,0.0,≤2
167,2,17,,0.0,0.0,1.0,0.0,0.0,≤2
169,1,17,,0.0,0.0,2.0,0.0,0.0,≤2
170,1,17,,0.0,0.0,0.0,0.0,0.0,≤2
173,2,17,,0.0,0.0,2.0,0.0,0.0,≤2
178,1,17,Welbeck,-4.0,-1.0,2.0,-6.25,-1.5625,≤2
181,1,17,,0.0,0.0,1.0,0.0,0.0,≤2
190,1,17,,0.0,0.0,1.0,0.0,0.0,≤2
191,1,17,,0.0,0.0,3.0,0.0,0.0,≤2
192,4,17,,0.0,0.0,0.0,0.0,0.0,3–5
197,7,17,,0.0,0.0,0.0,0.0,0.0,6–9
198,1,17,,0.0,0.0,0.0,0.0,0.0,≤2
200,1,17,,0.0,0.0,1.0,0.0,0.0,≤2
202,2,17,,0.0,0.0,2.0,0.0,0.0,≤2
205,4,17,,0.0,0.0,2.0,0.0,0.0,3–5
206,1,17,,0.0,0.0,1.0,0.0,0.0,≤2
214,1,17,,0.0,0.0,0.0,0.0,0.0,≤2
215,1,17,,0.0,0.0,5.0,0.0,0.0,≤2
217,2,17,,0.0,0.0,1.0,0.0,0.0,≤2
220,6,17,,0.0,0.0,10.0,0.0,0.0,6–9
224,6,17,,0.0,0.0,6.0,0.0,0.0,6–9
225,6,17,James,0.0,-1.0,6.0,0.0,-1.5625,6–9
226,9,17,,0.0,0.0,11.0,0.0,0.0,6–9
228,18,17,,0.0,0.0,7.0,0.0,0.0,15+
230,9,17,,0.0,0.0,9.0,0.0,0.0,6–9
235,6,17,,0.0,0.0,1.0,0.0,0.0,6–9
236,6,17,,0.0,0.0,2.0,0.0,0.0,6–9
237,3,17,Enzo,-1.0,-10.0,3.0,-1.5625,-15.625,3–5
238,1,17,,0.0,0.0,1.0,0.0,0.0,≤2
239,1,17,,0.0,0.0,0.0,0.0,0.0,≤2
242,1,17,Dewsbury-Hall,-5.0,-8.0,16.0,-7.8125,-12.5,≤2
246,1,17,,0.0,0.0,0.0,0.0,0.0,≤2
249,2,17,,0.0,0.0,1.0,0.0,0.0,≤2
253,1,17,,0.0,0.0,3.0,0.0,0.0,≤2
257,1,17,Lacroix,0.0,1.0,2.0,0.0,1.5625,≤2
258,1,17,,0.0,0.0,2.0,0.0,0.0,≤2
260,1,17,,0.0,0.0,8.0,0.0,0.0,≤2
261,1,17,Richards,1.0,-1.0,4.0,1.5625,-1.5625,≤2
263,1,17,,0.0,0.0,2.0,0.0,0.0,≤2
266,1,17,Eze,0.0,-4.0,1.0,0.0,-6.25,≤2
267,2,17,,0.0,0.0,0.0,0.0,0.0,≤2
270,1,17,,0.0,0.0,0.0,0.0,0.0,≤2
271,1,17,,0.0,0.0,2.0,0.0,0.0,≤2
273,4,17,,0.0,0.0,9.0,0.0,0.0,3–5
283,2,17,Mateta,1.0,-3.0,2.0,1.5625,-4.6875,≤2
284,1,17,,0.0,0.0,9.0,0.0,0.0,≤2
287,2,17,,0.0,0.0,6.0,0.0,0.0,≤2
291,1,17,Tarkowski,-1.0,0.0,9.0,-1.5625,0.0,≤2
292,1,17,,0.0,0.0,5.0,0.0,0.0,≤2
293,1,17,,0.0,0.0,8.0,0.0,0.0,≤2
295,1,17,Keane,0.0,2.0,9.0,0.0,3.125,≤2
299,2,17,Ndiaye,-4.0,-1.0,8.0,-6.25,-1.5625,≤2
301,2,17,,0.0,0.0,3.0,0.0,0.0,≤2
302,4,17,,0.0,0.0,0.0,0.0,0.0,3–5
303,4,17,,0.0,0.0,3.0,0.0,0.0,3–5
304,1,17,,0.0,0.0,0.0,0.0,0.0,≤2
310,2,17,,0.0,0.0,5.0,0.0,0.0,≤2
311,1,17,,0.0,0.0,1.0,0.0,0.0,≤2
314,3,17,,0.0,0.0,2.0,0.0,0.0,3–5
316,3,17,,0.0,0.0,0.0,0.0,0.0,3–5
317,2,17,Andersen,-4.0,-1.0,1.0,-6.25,-1.5625,≤2
318,9,17,,0.0,0.0,3.0,0.0,0.0,6–9
319,1,17,,0.0,0.0,1.0,0.0,0.0,≤2
322,2,17,,0.0,0.0,3.0,0.0,0.0,≤2
324,2,17,,0.0,0.0,2.0,0.0,0.0,≤2
325,8,17,,0.0,0.0,2.0,0.0,0.0,6–9
326,1,17,,0.0,0.0,1.0,0.0,0.0,≤2
329,16,17,Wilson,0.0,16.0,8.0,0.0,25.0,15+
330,2,17,,0.0,0.0,2.0,0.0,0.0,≤2
332,1,17,,0.0,0.0,1.0,0.0,0.0,≤2
335,1,17,King,0.0,-3.0,1.0,0.0,-4.6875,≤2
337,2,17,Raúl,0.0,-1.0,5.0,0.0,-1.5625,≤2
342,2,17,,0.0,0.0,0.0,0.0,0.0,≤2
343,4,17,,0.0,0.0,0.0,0.0,0.0,3–5
344,2,17,,0.0,0.0,1.0,0.0,0.0,≤2
347,2,17,Gudmundsson,0.0,1.0,0.0,0.0,1.5625,≤2
348,2,17,Rodon,-1.0,0.0,1.0,-1.5625,0.0,≤2
350,1,17,,0.0,0.0,4.0,0.0,0.0,≤2
351,4,17,,0.0,0.0,4.0,0.0,0.0,3–5
352,1,17,,0.0,0.0,0.0,0.0,0.0,≤2
354,2,17,,0.0,0.0,2.0,0.0,0.0,≤2
358,2,17,,0.0,0.0,6.0,0.0,0.0,≤2
366,7,17,,0.0,0.0,1.0,0.0,0.0,6–9
371,7,17,,0.0,0.0,1.0,0.0,0.0,6–9
372,1,17,,0.0,0.0,0.0,0.0,0.0,≤2
373,6,17,Virgil,0.0,-3.0,2.0,0.0,-4.6875,6–9
374,9,17,,0.0,0.0,1.0,0.0,0.0,6–9
376,4,17,,0.0,0.0,-1.0,0.0,0.0,3–5
381,7,17,,0.0,0.0,0.0,0.0,0.0,6–9
382,5,17,,0.0,0.0,3.0,0.0,0.0,3–5
385,1,17,,0.0,0.0,0.0,0.0,0.0,≤2
386,3,17,,0.0,0.0,1.0,0.0,0.0,3–5
387,3,17,Szoboszlai,-1.0,-1.0,8.0,-1.5625,-1.5625,3–5
388,3,17,,0.0,0.0,2.0,0.0,0.0,3–5
390,5,17,,0.0,0.0,5.0,0.0,0.0,3–5
402,1,17,,0.0,0.0,0.0,0.0,0.0,≤2
403,8,17,,0.0,0.0,12.0,0.0,0.0,6–9
407,11,17,,0.0,0.0,6.0,0.0,0.0,10–14
408,8,17,,0.0,0.0,14.0,0.0,0.0,6–9
410,1,17,,0.0,0.0,1.0,0.0,0.0,≤2
411,6,17,O'Reilly,3.0,8.0,6.0,4.6875,12.5,6–9
413,1,17,,0.0,0.0,1.0,0.0,0.0,≤2
414,11,17,Foden,5.0,3.0,12.0,7.8125,4.6875,10–14
415,4,17,,0.0,0.0,1.0,0.0,0.0,3–5
416,3,17,,0.0,0.0,3.0,0.0,0.0,3–5
417,6,17,Cherki,2.0,6.0,12.0,3.125,9.375,6–9
419,2,17,,0.0,0.0,3.0,0.0,0.0,≤2
423,5,17,,0.0,0.0,3.0,0.0,0.0,3–5
427,3,17,Reijnders,1.0,0.0,1.0,1.5625,0.0,3–5
430,13,17,,0.0,0.0,2.0,0.0,0.0,10–14
437,1,17,,0.0,0.0,1.0,0.0,0.0,≤2
440,2,17,,0.0,0.0,5.0,0.0,0.0,≤2
441,1,17,,0.0,0.0,1.0,0.0,0.0,≤2
443,0,17,,0.0,0.0,2.0,0.0,0.0,≤2
444,1,17,,0.0,0.0,1.0,0.0,0.0,≤2
447,2,17,,0.0,0.0,2.0,0.0,0.0,≤2
449,13,17,B.Fernandes,0.0,1.0,18.0,0.0,1.5625,10–14
450,8,17,Cunha,0.0,1.0,5.0,0.0,1.5625,6–9
452,7,17,Amad,0.0,-1.0,6.0,0.0,-1.5625,6–9
453,3,17,,0.0,0.0,3.0,0.0,0.0,3–5
455,2,17,,0.0,0.0,7.0,0.0,0.0,≤2
457,6,17,,0.0,0.0,2.0,0.0,0.0,6–9
458,1,17,,0.0,0.0,1.0,0.0,0.0,≤2
466,1,17,,0.0,0.0,0.0,0.0,0.0,≤2
470,1,17,Dúbravka,1.0,0.0,3.0,1.5625,0.0,≤2
473,4,17,,0.0,0.0,1.0,0.0,0.0,3–5
474,1,17,,0.0,0.0,2.0,0.0,0.0,≤2
476,1,17,Burn,0.0,-1.0,7.0,0.0,-1.5625,≤2
477,2,17,,0.0,0.0,1.0,0.0,0.0,≤2
485,1,17,Gordon,-1.0,-1.0,10.0,-1.5625,-1.5625,≤2
486,1,17,,0.0,0.0,2.0,0.0,0.0,≤2
487,1,17,,0.0,0.0,0.0,0.0,0.0,≤2
488,1,17,Bruno G.,0.0,-3.0,10.0,0.0,-4.6875,≤2
489,1,17,,0.0,0.0,0.0,0.0,0.0,≤2
491,0,17,,0.0,0.0,1.0,0.0,0.0,≤2
494,0,17,,0.0,0.0,3.0,0.0,0.0,≤2
497,2,17,L.Miley,0.0,3.0,1.0,0.0,4.6875,≤2
499,1,17,,0.0,0.0,1.0,0.0,0.0,≤2
505,8,17,,0.0,0.0,0.0,0.0,0.0,6–9
506,6,17,,0.0,0.0,0.0,0.0,0.0,6–9
508,7,17,,0.0,0.0,1.0,0.0,0.0,6–9
515,3,17,Gibbs-White,0.0,-1.0,2.0,0.0,-1.5625,3–5
516,19,17,,0.0,0.0,1.0,0.0,0.0,15+
517,3,17,Anderson,0.0,-4.0,4.0,0.0,-6.25,3–5
521,18,17,,0.0,0.0,1.0,0.0,0.0,15+
526,2,17,,0.0,0.0,2.0,0.0,0.0,≤2
531,8,17,,0.0,0.0,1.0,0.0,0.0,6–9
532,1,17,,0.0,0.0,1.0,0.0,0.0,≤2
541,10,17,,0.0,0.0,0.0,0.0,0.0,10–14
547,2,17,E.Le Fée,1.0,0.0,2.0,1.5625,0.0,≤2
548,1,17,,0.0,0.0,1.0,0.0,0.0,≤2
552,3,17,,0.0,0.0,2.0,0.0,0.0,3–5
553,3,17,,0.0,0.0,1.0,0.0,0.0,3–5
560,0,17,,0.0,0.0,1.0,0.0,0.0,≤2
565,2,17,,0.0,0.0,6.0,0.0,0.0,≤2
568,0,17,,0.0,0.0,5.0,0.0,0.0,≤2
569,1,17,,0.0,0.0,6.0,0.0,0.0,≤2
571,1,17,,0.0,0.0,0.0,0.0,0.0,≤2
573,0,17,,0.0,0.0,6.0,0.0,0.0,≤2
575,1,17,Van de Ven,0.0,-1.0,6.0,0.0,-1.5625,≤2
580,1,17,,0.0,0.0,0.0,0.0,0.0,≤2
582,2,17,,0.0,0.0,3.0,0.0,0.0,≤2
584,1,17,,0.0,0.0,0.0,0.0,0.0,≤2
585,1,17,,0.0,0.0,5.0,0.0,0.0,≤2
586,0,17,,0.0,0.0,0.0,0.0,0.0,≤2
591,0,17,,0.0,0.0,2.0,0.0,0.0,≤2
597,2,17,,0.0,0.0,8.0,0.0,0.0,≤2
600,1,17,,0.0,0.0,3.0,0.0,0.0,≤2
603,0,17,,0.0,0.0,6.0,0.0,0.0,≤2
606,1,17,,0.0,0.0,4.0,0.0,0.0,≤2
609,1,17,,0.0,0.0,2.0,0.0,0.0,≤2
610,1,17,,0.0,0.0,4.0,0.0,0.0,≤2
612,2,17,,0.0,0.0,3.0,0.0,0.0,≤2
613,1,17,,0.0,0.0,1.0,0.0,0.0,≤2
615,2,17,,0.0,0.0,3.0,0.0,0.0,≤2
618,1,17,,0.0,0.0,2.0,0.0,0.0,≤2
623,5,17,Potts,0.0,2.0,0.0,0.0,3.125,3–5
624,8,17,,0.0,0.0,9.0,0.0,0.0,6–9
627,-1,17,,0.0,0.0,1.0,0.0,0.0,≤2
631,0,17,,0.0,0.0,2.0,0.0,0.0,≤2
632,5,17,,0.0,0.0,0.0,0.0,0.0,3–5
634,0,17,,0.0,0.0,-1.0,0.0,0.0,≤2
637,4,17,,0.0,0.0,1.0,0.0,0.0,3–5
642,1,17,,0.0,0.0,0.0,0.0,0.0,≤2
643,4,17,,0.0,0.0,2.0,0.0,0.0,3–5
645,1,17,,0.0,0.0,1.0,0.0,0.0,≤2
646,5,17,,0.0,0.0,0.0,0.0,0.0,3–5
654,2,17,,0.0,0.0,1.0,0.0,0.0,≤2
660,2,17,Stach,1.0,0.0,12.0,1.5625,0.0,≤2
661,13,17,Ekitiké,0.0,6.0,13.0,0.0,9.375,10–14
663,1,17,,0.0,0.0,2.0,0.0,0.0,≤2
665,2,17,,0.0,0.0,2.0,0.0,0.0,≤2
666,2,17,,0.0,0.0,1.0,0.0,0.0,≤2
668,3,17,Xhaka,0.0,-1.0,2.0,0.0,-1.5625,3–5
669,1,17,,0.0,0.0,1.0,0.0,0.0,≤2
670,9,17,,0.0,0.0,1.0,0.0,0.0,6–9
671,1,17,,0.0,0.0,4.0,0.0,0.0,≤2
673,1,17,,0.0,0.0,1.0,0.0,0.0,≤2
674,2,17,,0.0,0.0,2.0,0.0,0.0,≤2
676,9,17,,0.0,0.0,2.0,0.0,0.0,6–9
680,2,17,,0.0,0.0,2.0,0.0,0.0,≤2
681,4,17,,0.0,0.0,0.0,0.0,0.0,3–5
682,1,17,,0.0,0.0,3.0,0.0,0.0,≤2
683,7,17,Alderete,2.0,1.0,1.0,3.125,1.5625,6–9
684,3,17,Thiaw,-1.0,-2.0,2.0,-1.5625,-3.125,3–5
685,0,17,,0.0,0.0,6.0,0.0,0.0,≤2
691,9,17,Calvert-Lewin,3.0,0.0,6.0,4.6875,0.0,6–9
693,5,17,,0.0,0.0,2.0,0.0,0.0,3–5
694,8,17,,0.0,0.0,1.0,0.0,0.0,6–9
695,0,17,,0.0,0.0,1.0,0.0,0.0,≤2
698,2,17,,0.0,0.0,2.0,0.0,0.0,≤2
699,1,17,,0.0,0.0,0.0,0.0,0.0,≤2
706,1,17,,0.0,0.0,0.0,0.0,0.0,≤2
707,1,17,,0.0,0.0,1.0,0.0,0.0,≤2
708,9,17,,0.0,0.0,5.0,0.0,0.0,6–9
709,2,17,,0.0,0.0,1.0,0.0,0.0,≤2
712,2,17,Yeremy,1.0,0.0,5.0,1.5625,0.0,≤2
713,3,17,,0.0,0.0,6.0,0.0,0.0,3–5
714,0,17,Woltemade,-1.0,-1.0,2.0,-1.5625,-1.5625,≤2
715,6,17,,0.0,0.0,0.0,0.0,0.0,6–9
716,5,17,,0.0,0.0,-1.0,0.0,0.0,3–5
717,4,17,,0.0,0.0,14.0,0.0,0.0,3–5
718,4,17,,0.0,0.0,1.0,0.0,0.0,3–5
719,4,17,,0.0,0.0,1.0,0.0,0.0,3–5
720,7,17,,0.0,0.0,1.0,0.0,0.0,6–9
722,2,17,,0.0,0.0,2.0,0.0,0.0,≤2
725,4,17,Hincapie,-1.0,0.0,3.0,-1.5625,0.0,3–5
726,2,17,,0.0,0.0,2.0,0.0,0.0,≤2
727,5,17,,0.0,0.0,2.0,0.0,0.0,3–5
730,1,17,,0.0,0.0,1.0,0.0,0.0,≤2
732,1,17,,0.0,0.0,1.0,0.0,0.0,≤2
733,1,17,,0.0,0.0,2.0,0.0,0.0,≤2
735,3,17,,0.0,0.0,1.0,0.0,0.0,3–5
736,7,17,,0.0,0.0,6.0,0.0,0.0,6–9
749,4,17,,0.0,0.0,1.0,0.0,0.0,3–5
758,1,17,,0.0,0.0,0.0,0.0,0.0,≤2
1,7,18,Raya,0.0,-1.0,2.0,0.0,-1.5625,6–9
6,6,18,,0.0,0.0,2.0,0.0,0.0,6–9
7,6,18,,0.0,0.0,0.0,0.0,0.0,6–9
8,6,18,J.Timber,4.0,2.0,2.0,6.25,3.125,6–9
12,1,18,,0.0,0.0,0.0,0.0,0.0,≤2
16,3,18,Saka,-2.0,-11.0,11.0,-3.125,-17.1875,3–5
17,3,18,,0.0,0.0,1.0,0.0,0.0,3–5
19,0,18,,0.0,0.0,1.0,0.0,0.0,≤2
20,3,18,,0.0,0.0,1.0,0.0,0.0,3–5
21,11,18,Rice,2.0,10.0,2.0,3.125,15.625,10–14
22,1,18,,0.0,0.0,1.0,0.0,0.0,≤2
26,3,18,,0.0,0.0,1.0,0.0,0.0,3–5
31,1,18,,0.0,0.0,1.0,0.0,0.0,≤2
32,3,18,,0.0,0.0,0.0,0.0,0.0,3–5
36,2,18,Cash,0.0,-1.0,0.0,0.0,-1.5625,≤2
37,1,18,,0.0,0.0,1.0,0.0,0.0,≤2
38,2,18,,0.0,0.0,1.0,0.0,0.0,≤2
39,2,18,,0.0,0.0,1.0,0.0,0.0,≤2
44,0,18,,0.0,0.0,0.0,0.0,0.0,≤2
47,15,18,Rogers,0.0,2.0,15.0,0.0,3.125,15+
48,2,18,,0.0,0.0,6.0,0.0,0.0,≤2
50,1,18,,0.0,0.0,1.0,0.0,0.0,≤2
52,2,18,,0.0,0.0,0.0,0.0,0.0,≤2
53,1,18,,0.0,0.0,1.0,0.0,0.0,≤2
54,5,18,,0.0,0.0,2.0,0.0,0.0,3–5
58,2,18,,0.0,0.0,1.0,0.0,0.0,≤2
59,4,18,,0.0,0.0,2.0,0.0,0.0,3–5
64,5,18,,0.0,0.0,5.0,0.0,0.0,3–5
67,2,18,,0.0,0.0,1.0,0.0,0.0,≤2
72,4,18,Senesi,-7.0,-7.0,1.0,-10.9375,-10.9375,3–5
74,5,18,Truffert,-3.0,-1.0,0.0,-4.6875,-1.5625,3–5
81,3,18,,0.0,0.0,2.0,0.0,0.0,3–5
82,10,18,Semenyo,-7.0,-4.0,6.0,-10.9375,-6.25,10–14
84,2,18,Tavernier,-1.0,-1.0,12.0,-1.5625,-1.5625,≤2
86,2,18,,0.0,0.0,1.0,0.0,0.0,≤2
87,1,18,,0.0,0.0,0.0,0.0,0.0,≤2
88,4,18,,0.0,0.0,0.0,0.0,0.0,3–5
90,1,18,,0.0,0.0,2.0,0.0,0.0,≤2
97,2,18,Evanilson,-1.0,0.0,6.0,-1.5625,0.0,≤2
98,1,18,,0.0,0.0,0.0,0.0,0.0,≤2
100,1,18,,0.0,0.0,5.0,0.0,0.0,≤2
101,13,18,,0.0,0.0,3.0,0.0,0.0,10–14
106,8,18,,0.0,0.0,4.0,0.0,0.0,6–9
107,21,18,,0.0,0.0,6.0,0.0,0.0,15+
109,5,18,,0.0,0.0,4.0,0.0,0.0,3–5
110,5,18,,0.0,0.0,5.0,0.0,0.0,3–5
113,7,18,Van den Berg,-1.0,-1.0,4.0,-1.5625,-1.5625,6–9
120,3,18,Schade,3.0,0.0,0.0,4.6875,0.0,3–5
121,4,18,,0.0,0.0,1.0,0.0,0.0,3–5
125,9,18,,0.0,0.0,3.0,0.0,0.0,6–9
126,3,18,,0.0,0.0,3.0,0.0,0.0,3–5
129,5,18,,0.0,0.0,1.0,0.0,0.0,3–5
135,0,18,,0.0,0.0,1.0,0.0,0.0,≤2
136,2,18,Thiago,-7.0,-33.0,2.0,-10.9375,-51.5625,≤2
139,11,18,,0.0,0.0,1.0,0.0,0.0,10–14
143,8,18,,0.0,0.0,0.0,0.0,0.0,6–9
144,7,18,,0.0,0.0,0.0,0.0,0.0,6–9
145,6,18,,0.0,0.0,0.0,0.0,0.0,6–9
148,6,18,,0.0,0.0,1.0,0.0,0.0,6–9
152,1,18,,0.0,0.0,0.0,0.0,0.0,≤2
157,1,18,,0.0,0.0,1.0,0.0,0.0,≤2
158,3,18,,0.0,0.0,2.0,0.0,0.0,3–5
160,3,18,Minteh,0.0,-5.0,2.0,0.0,-7.8125,3–5
162,2,18,,0.0,0.0,2.0,0.0,0.0,≤2
163,3,18,,0.0,0.0,2.0,0.0,0.0,3–5
166,3,18,,0.0,0.0,1.0,0.0,0.0,3–5
170,1,18,,0.0,0.0,1.0,0.0,0.0,≤2
172,1,18,,0.0,0.0,0.0,0.0,0.0,≤2
173,1,18,,0.0,0.0,2.0,0.0,0.0,≤2
181,1,18,,0.0,0.0,1.0,0.0,0.0,≤2
187,2,18,,0.0,0.0,0.0,0.0,0.0,≤2
190,4,18,,0.0,0.0,1.0,0.0,0.0,3–5
195,2,18,,0.0,0.0,0.0,0.0,0.0,≤2
197,1,18,,0.0,0.0,7.0,0.0,0.0,≤2
199,2,18,,0.0,0.0,0.0,0.0,0.0,≤2
200,2,18,,0.0,0.0,1.0,0.0,0.0,≤2
202,3,18,,0.0,0.0,2.0,0.0,0.0,3–5
205,2,18,,0.0,0.0,4.0,0.0,0.0,≤2
206,4,18,,0.0,0.0,1.0,0.0,0.0,3–5
209,4,18,,0.0,0.0,0.0,0.0,0.0,3–5
210,1,18,,0.0,0.0,0.0,0.0,0.0,≤2
214,1,18,,0.0,0.0,1.0,0.0,0.0,≤2
215,1,18,,0.0,0.0,1.0,0.0,0.0,≤2
220,4,18,,0.0,0.0,6.0,0.0,0.0,3–5
224,1,18,,0.0,0.0,6.0,0.0,0.0,≤2
225,7,18,,0.0,0.0,6.0,0.0,0.0,6–9
226,3,18,,0.0,0.0,9.0,0.0,0.0,3–5
228,-1,18,,0.0,0.0,18.0,0.0,0.0,≤2
230,1,18,,0.0,0.0,9.0,0.0,0.0,≤2
235,5,18,,0.0,0.0,6.0,0.0,0.0,3–5
236,2,18,,0.0,0.0,6.0,0.0,0.0,≤2
237,1,18,,0.0,0.0,3.0,0.0,0.0,≤2
241,3,18,,0.0,0.0,0.0,0.0,0.0,3–5
246,0,18,,0.0,0.0,1.0,0.0,0.0,≤2
249,6,18,,0.0,0.0,2.0,0.0,0.0,6–9
253,0,18,,0.0,0.0,1.0,0.0,0.0,≤2
257,1,18,Lacroix,-1.0,-1.0,1.0,-1.5625,-1.5625,≤2
258,0,18,,0.0,0.0,1.0,0.0,0.0,≤2
259,1,18,,0.0,0.0,0.0,0.0,0.0,≤2
260,1,18,,0.0,0.0,1.0,0.0,0.0,≤2
261,2,18,Richards,-4.0,-3.0,1.0,-6.25,-4.6875,≤2
263,1,18,,0.0,0.0,1.0,0.0,0.0,≤2
270,1,18,,0.0,0.0,1.0,0.0,0.0,≤2
272,1,18,,0.0,0.0,0.0,0.0,0.0,≤2
273,3,18,,0.0,0.0,4.0,0.0,0.0,3–5
276,6,18,Devenny,-1.0,3.0,0.0,-1.5625,4.6875,6–9
283,2,18,Mateta,-7.0,-3.0,2.0,-10.9375,-4.6875,≤2
284,2,18,,0.0,0.0,1.0,0.0,0.0,≤2
287,2,18,,0.0,0.0,2.0,0.0,0.0,≤2
291,3,18,Tarkowski,11.0,1.0,1.0,17.1875,1.5625,3–5
292,1,18,,0.0,0.0,1.0,0.0,0.0,≤2
293,2,18,,0.0,0.0,1.0,0.0,0.0,≤2
295,4,18,Keane,4.0,9.0,1.0,6.25,14.0625,3–5
300,2,18,,0.0,0.0,0.0,0.0,0.0,≤2
301,2,18,,0.0,0.0,2.0,0.0,0.0,≤2
303,4,18,,0.0,0.0,4.0,0.0,0.0,3–5
304,4,18,,0.0,0.0,1.0,0.0,0.0,3–5
310,2,18,,0.0,0.0,2.0,0.0,0.0,≤2
311,1,18,,0.0,0.0,1.0,0.0,0.0,≤2
314,7,18,,0.0,0.0,3.0,0.0,0.0,6–9
316,10,18,,0.0,0.0,3.0,0.0,0.0,10–14
317,7,18,Andersen,-3.0,-2.0,2.0,-4.6875,-3.125,6–9
320,1,18,,0.0,0.0,0.0,0.0,0.0,≤2
321,5,18,,0.0,0.0,0.0,0.0,0.0,3–5
322,9,18,Tete,0.0,-1.0,2.0,0.0,-1.5625,6–9
325,3,18,,0.0,0.0,8.0,0.0,0.0,3–5
326,1,18,,0.0,0.0,1.0,0.0,0.0,≤2
329,2,18,,0.0,0.0,16.0,0.0,0.0,≤2
330,2,18,,0.0,0.0,2.0,0.0,0.0,≤2
331,1,18,,0.0,0.0,0.0,0.0,0.0,≤2
332,5,18,,0.0,0.0,1.0,0.0,0.0,3–5
335,1,18,King,0.0,-1.0,1.0,0.0,-1.5625,≤2
337,5,18,Raúl,0.0,-1.0,2.0,0.0,-1.5625,3–5
342,6,18,,0.0,0.0,2.0,0.0,0.0,6–9
343,4,18,,0.0,0.0,4.0,0.0,0.0,3–5
344,5,18,,0.0,0.0,2.0,0.0,0.0,3–5
347,2,18,Gudmundsson,0.0,1.0,2.0,0.0,1.5625,≤2
348,2,18,Rodon,0.0,1.0,2.0,0.0,1.5625,≤2
350,6,18,,0.0,0.0,1.0,0.0,0.0,6–9
351,1,18,,0.0,0.0,4.0,0.0,0.0,≤2
354,12,18,,0.0,0.0,2.0,0.0,0.0,10–14
356,4,18,,0.0,0.0,0.0,0.0,0.0,3–5
358,1,18,,0.0,0.0,2.0,0.0,0.0,≤2
362,1,18,,0.0,0.0,0.0,0.0,0.0,≤2
366,3,18,,0.0,0.0,7.0,0.0,0.0,3–5
370,4,18,,0.0,0.0,0.0,0.0,0.0,3–5
371,2,18,,0.0,0.0,7.0,0.0,0.0,≤2
372,1,18,,0.0,0.0,1.0,0.0,0.0,≤2
373,2,18,Virgil,11.0,3.0,6.0,17.1875,4.6875,≤2
374,1,18,,0.0,0.0,9.0,0.0,0.0,≤2
375,1,18,,0.0,0.0,0.0,0.0,0.0,≤2
382,8,18,Wirtz,14.0,10.0,5.0,21.875,15.625,6–9
385,1,18,,0.0,0.0,1.0,0.0,0.0,≤2
386,1,18,Mac Allister,1.0,0.0,3.0,1.5625,0.0,≤2
387,1,18,Szoboszlai,-1.0,-3.0,3.0,-1.5625,-4.6875,≤2
388,2,18,,0.0,0.0,3.0,0.0,0.0,≤2
390,2,18,,0.0,0.0,5.0,0.0,0.0,≤2
396,1,18,,0.0,0.0,0.0,0.0,0.0,≤2
403,6,18,Gvardiol,-1.0,0.0,8.0,-1.5625,0.0,6–9
406,1,18,,0.0,0.0,0.0,0.0,0.0,≤2
407,8,18,,0.0,0.0,11.0,0.0,0.0,6–9
408,6,18,,0.0,0.0,8.0,0.0,0.0,6–9
410,1,18,,0.0,0.0,1.0,0.0,0.0,≤2
411,6,18,,0.0,0.0,6.0,0.0,0.0,6–9
414,3,18,Foden,1.0,1.0,11.0,1.5625,1.5625,3–5
415,1,18,,0.0,0.0,4.0,0.0,0.0,≤2
416,3,18,,0.0,0.0,3.0,0.0,0.0,3–5
417,4,18,Cherki,-1.0,1.0,6.0,-1.5625,1.5625,3–5
419,2,18,,0.0,0.0,2.0,0.0,0.0,≤2
423,2,18,,0.0,0.0,5.0,0.0,0.0,≤2
426,1,18,,0.0,0.0,0.0,0.0,0.0,≤2
427,8,18,Reijnders,-1.0,0.0,3.0,-1.5625,0.0,6–9
430,16,18,,0.0,0.0,13.0,0.0,0.0,15+
437,1,18,,0.0,0.0,1.0,0.0,0.0,≤2
440,0,18,Dalot,1.0,0.0,2.0,1.5625,0.0,≤2
441,5,18,Dorgu,0.0,1.0,1.0,0.0,1.5625,3–5
443,3,18,,0.0,0.0,0.0,0.0,0.0,3–5
444,1,18,,0.0,0.0,1.0,0.0,0.0,≤2
447,3,18,,0.0,0.0,2.0,0.0,0.0,3–5
449,1,18,B.Fernandes,-63.0,-55.0,13.0,-98.4375,-85.9375,≤2
450,9,18,Cunha,54.0,46.0,8.0,84.375,71.875,6–9
453,1,18,,0.0,0.0,3.0,0.0,0.0,≤2
455,2,18,,0.0,0.0,2.0,0.0,0.0,≤2
459,1,18,,0.0,0.0,0.0,0.0,0.0,≤2
462,1,18,,0.0,0.0,0.0,0.0,0.0,≤2
466,1,18,,0.0,0.0,1.0,0.0,0.0,≤2
470,2,18,,0.0,0.0,1.0,0.0,0.0,≤2
473,2,18,,0.0,0.0,4.0,0.0,0.0,≤2
474,0,18,,0.0,0.0,1.0,0.0,0.0,≤2
485,10,18,Gordon,-1.0,0.0,1.0,-1.5625,0.0,10–14
486,1,18,,0.0,0.0,1.0,0.0,0.0,≤2
487,1,18,,0.0,0.0,1.0,0.0,0.0,≤2
488,2,18,,0.0,0.0,1.0,0.0,0.0,≤2
489,2,18,,0.0,0.0,1.0,0.0,0.0,≤2
491,4,18,,0.0,0.0,0.0,0.0,0.0,3–5
494,1,18,,0.0,0.0,0.0,0.0,0.0,≤2
497,4,18,L.Miley,0.0,2.0,2.0,0.0,3.125,3–5
499,6,18,,0.0,0.0,1.0,0.0,0.0,6–9
505,1,18,,0.0,0.0,8.0,0.0,0.0,≤2
506,1,18,,0.0,0.0,6.0,0.0,0.0,≤2
508,2,18,,0.0,0.0,7.0,0.0,0.0,≤2
515,2,18,,0.0,0.0,3.0,0.0,0.0,≤2
516,2,18,,0.0,0.0,19.0,0.0,0.0,≤2
517,4,18,Anderson,0.0,-4.0,3.0,0.0,-6.25,3–5
519,0,18,,0.0,0.0,0.0,0.0,0.0,≤2
526,2,18,,0.0,0.0,2.0,0.0,0.0,≤2
527,1,18,,0.0,0.0,0.0,0.0,0.0,≤2
531,9,18,,0.0,0.0,8.0,0.0,0.0,6–9
532,10,18,,0.0,0.0,1.0,0.0,0.0,10–14
543,3,18,,0.0,0.0,0.0,0.0,0.0,3–5
544,1,18,,0.0,0.0,0.0,0.0,0.0,≤2
547,2,18,E.Le Fée,7.0,6.0,2.0,10.9375,9.375,≤2
548,1,18,,0.0,0.0,1.0,0.0,0.0,≤2
551,3,18,,0.0,0.0,0.0,0.0,0.0,3–5
560,1,18,,0.0,0.0,0.0,0.0,0.0,≤2
565,1,18,,0.0,0.0,2.0,0.0,0.0,≤2
568,1,18,,0.0,0.0,0.0,0.0,0.0,≤2
569,0,18,,0.0,0.0,1.0,0.0,0.0,≤2
573,1,18,,0.0,0.0,0.0,0.0,0.0,≤2
575,0,18,,0.0,0.0,1.0,0.0,0.0,≤2
580,1,18,,0.0,0.0,1.0,0.0,0.0,≤2
582,1,18,Kudus,1.0,0.0,2.0,1.5625,0.0,≤2
585,3,18,,0.0,0.0,1.0,0.0,0.0,3–5
586,2,18,,0.0,0.0,0.0,0.0,0.0,≤2
588,1,18,,0.0,0.0,0.0,0.0,0.0,≤2
591,2,18,,0.0,0.0,0.0,0.0,0.0,≤2
597,4,18,,0.0,0.0,2.0,0.0,0.0,3–5
600,2,18,,0.0,0.0,1.0,0.0,0.0,≤2
605,1,18,,0.0,0.0,0.0,0.0,0.0,≤2
606,1,18,,0.0,0.0,1.0,0.0,0.0,≤2
608,1,18,,0.0,0.0,0.0,0.0,0.0,≤2
609,1,18,,0.0,0.0,1.0,0.0,0.0,≤2
612,2,18,L.Paquetá,3.0,2.0,2.0,4.6875,3.125,≤2
613,1,18,,0.0,0.0,1.0,0.0,0.0,≤2
615,2,18,,0.0,0.0,2.0,0.0,0.0,≤2
618,1,18,,0.0,0.0,1.0,0.0,0.0,≤2
623,2,18,Potts,0.0,1.0,5.0,0.0,1.5625,≤2
624,1,18,Bowen,1.0,3.0,8.0,1.5625,4.6875,≤2
628,2,18,,0.0,0.0,0.0,0.0,0.0,≤2
632,1,18,,0.0,0.0,5.0,0.0,0.0,≤2
636,3,18,,0.0,0.0,0.0,0.0,0.0,3–5
638,4,18,,0.0,0.0,0.0,0.0,0.0,3–5
642,1,18,,0.0,0.0,1.0,0.0,0.0,≤2
643,2,18,,0.0,0.0,4.0,0.0,0.0,≤2
645,2,18,,0.0,0.0,1.0,0.0,0.0,≤2
646,1,18,,0.0,0.0,5.0,0.0,0.0,≤2
654,0,18,,0.0,0.0,2.0,0.0,0.0,≤2
659,3,18,,0.0,0.0,0.0,0.0,0.0,3–5
660,8,18,Stach,0.0,1.0,2.0,0.0,1.5625,6–9
661,9,18,Ekitiké,22.0,44.0,13.0,34.375,68.75,6–9
663,1,18,,0.0,0.0,1.0,0.0,0.0,≤2
665,1,18,,0.0,0.0,2.0,0.0,0.0,≤2
666,5,18,,0.0,0.0,2.0,0.0,0.0,3–5
668,3,18,,0.0,0.0,3.0,0.0,0.0,3–5
670,7,18,Roefs,0.0,1.0,9.0,0.0,1.5625,6–9
671,1,18,,0.0,0.0,1.0,0.0,0.0,≤2
673,4,18,,0.0,0.0,1.0,0.0,0.0,3–5
674,1,18,,0.0,0.0,2.0,0.0,0.0,≤2
676,2,18,,0.0,0.0,9.0,0.0,0.0,≤2
677,1,18,,0.0,0.0,0.0,0.0,0.0,≤2
680,7,18,,0.0,0.0,2.0,0.0,0.0,6–9
681,2,18,,0.0,0.0,4.0,0.0,0.0,≤2
682,1,18,,0.0,0.0,1.0,0.0,0.0,≤2
683,6,18,Alderete,0.0,5.0,7.0,0.0,7.8125,6–9
684,1,18,,0.0,0.0,3.0,0.0,0.0,≤2
685,2,18,,0.0,0.0,0.0,0.0,0.0,≤2
691,13,18,Calvert-Lewin,-2.0,-1.0,9.0,-3.125,-1.5625,10–14
693,2,18,,0.0,0.0,5.0,0.0,0.0,≤2
694,6,18,Mukiele,0.0,1.0,8.0,0.0,1.5625,6–9
695,1,18,,0.0,0.0,0.0,0.0,0.0,≤2
696,1,18,,0.0,0.0,0.0,0.0,0.0,≤2
697,1,18,,0.0,0.0,0.0,0.0,0.0,≤2
698,3,18,,0.0,0.0,2.0,0.0,0.0,3–5
699,2,18,,0.0,0.0,1.0,0.0,0.0,≤2
706,1,18,,0.0,0.0,1.0,0.0,0.0,≤2
707,1,18,,0.0,0.0,1.0,0.0,0.0,≤2
708,2,18,,0.0,0.0,9.0,0.0,0.0,≤2
709,1,18,,0.0,0.0,2.0,0.0,0.0,≤2
712,2,18,,0.0,0.0,2.0,0.0,0.0,≤2
713,2,18,,0.0,0.0,3.0,0.0,0.0,≤2
714,13,18,,0.0,0.0,0.0,0.0,0.0,10–14
715,1,18,,0.0,0.0,6.0,0.0,0.0,≤2
716,2,18,,0.0,0.0,5.0,0.0,0.0,≤2
717,-2,18,,0.0,0.0,4.0,0.0,0.0,≤2
718,2,18,,0.0,0.0,4.0,0.0,0.0,≤2
719,2,18,,0.0,0.0,4.0,0.0,0.0,≤2
720,1,18,,0.0,0.0,7.0,0.0,0.0,≤2
724,6,18,,0.0,0.0,0.0,0.0,0.0,6–9
725,10,18,Hincapie,-11.0,-5.0,4.0,-17.1875,-7.8125,10–14
726,2,18,,0.0,0.0,2.0,0.0,0.0,≤2
728,1,18,,0.0,0.0,0.0,0.0,0.0,≤2
730,2,18,,0.0,0.0,1.0,0.0,0.0,≤2
731,6,18,,0.0,0.0,0.0,0.0,0.0,6–9
732,4,18,,0.0,0.0,1.0,0.0,0.0,3–5
733,1,18,,0.0,0.0,1.0,0.0,0.0,≤2
736,7,18,,0.0,0.0,7.0,0.0,0.0,6–9
737,1,18,,0.0,0.0,0.0,0.0,0.0,≤2
739,1,18,,0.0,0.0,0.0,0.0,0.0,≤2
747,1,18,,0.0,0.0,0.0,0.0,0.0,≤2
749,1,18,,0.0,0.0,4.0,0.0,0.0,≤2
755,1,18,,0.0,0.0,0.0,0.0,0.0,≤2
762,1,18,,0.0,0.0,0.0,0.0,0.0,≤2
1,2,19,Raya,0.0,-2.0,7.0,0.0,-3.125,≤2
5,1,19,Gabriel,12.0,4.0,0.0,18.75,6.25,≤2
6,2,19,,0.0,0.0,6.0,0.0,0.0,≤2
10,1,19,,0.0,0.0,0.0,0.0,0.0,≤2
16,7,19,Saka,0.0,0.0,3.0,0.0,0.0,6–9
17,10,19,,0.0,0.0,3.0,0.0,0.0,10–14
19,1,19,,0.0,0.0,0.0,0.0,0.0,≤2
20,2,19,,0.0,0.0,3.0,0.0,0.0,≤2
21,5,19,Rice,-1.0,-3.0,11.0,-1.5625,-4.6875,3–5
22,2,19,,0.0,0.0,1.0,0.0,0.0,≤2
26,2,19,,0.0,0.0,3.0,0.0,0.0,≤2
27,1,19,,0.0,0.0,0.0,0.0,0.0,≤2
31,1,19,,0.0,0.0,1.0,0.0,0.0,≤2
32,2,19,,0.0,0.0,3.0,0.0,0.0,≤2
36,1,19,,0.0,0.0,2.0,0.0,0.0,≤2
37,1,19,,0.0,0.0,1.0,0.0,0.0,≤2
38,4,19,,0.0,0.0,2.0,0.0,0.0,3–5
39,2,19,,0.0,0.0,2.0,0.0,0.0,≤2
44,1,19,,0.0,0.0,0.0,0.0,0.0,≤2
47,1,19,,0.0,0.0,15.0,0.0,0.0,≤2
48,7,19,,0.0,0.0,2.0,0.0,0.0,6–9
50,3,19,,0.0,0.0,1.0,0.0,0.0,3–5
52,2,19,,0.0,0.0,2.0,0.0,0.0,≤2
53,1,19,,0.0,0.0,1.0,0.0,0.0,≤2
54,1,19,,0.0,0.0,5.0,0.0,0.0,≤2
58,1,19,,0.0,0.0,2.0,0.0,0.0,≤2
59,1,19,,0.0,0.0,4.0,0.0,0.0,≤2
64,12,19,,0.0,0.0,5.0,0.0,0.0,10–14
67,-1,19,Petrović,-1.0,0.0,2.0,-1.5625,0.0,≤2
72,2,19,Senesi,-5.0,-4.0,4.0,-7.8125,-6.25,≤2
73,0,19,,0.0,0.0,0.0,0.0,0.0,≤2
74,1,19,Truffert,-1.0,-1.0,5.0,-1.5625,-1.5625,≤2
80,1,19,,0.0,0.0,0.0,0.0,0.0,≤2
81,0,19,,0.0,0.0,3.0,0.0,0.0,≤2
82,9,19,Semenyo,-14.0,-14.0,10.0,-21.875,-21.875,6–9
84,1,19,,0.0,0.0,2.0,0.0,0.0,≤2
86,1,19,,0.0,0.0,2.0,0.0,0.0,≤2
88,4,19,,0.0,0.0,4.0,0.0,0.0,3–5
90,5,19,,0.0,0.0,1.0,0.0,0.0,3–5
97,1,19,,0.0,0.0,2.0,0.0,0.0,≤2
100,1,19,,0.0,0.0,1.0,0.0,0.0,≤2
101,4,19,,0.0,0.0,13.0,0.0,0.0,3–5
106,4,19,,0.0,0.0,8.0,0.0,0.0,3–5
107,2,19,,0.0,0.0,21.0,0.0,0.0,≤2
108,4,19,,0.0,0.0,0.0,0.0,0.0,3–5
109,2,19,,0.0,0.0,5.0,0.0,0.0,≤2
110,3,19,,0.0,0.0,5.0,0.0,0.0,3–5
116,1,19,,0.0,0.0,0.0,0.0,0.0,≤2
120,20,19,Schade,0.0,1.0,3.0,0.0,1.5625,15+
121,4,19,,0.0,0.0,4.0,0.0,0.0,3–5
124,1,19,,0.0,0.0,0.0,0.0,0.0,≤2
125,4,19,,0.0,0.0,9.0,0.0,0.0,3–5
126,1,19,,0.0,0.0,3.0,0.0,0.0,≤2
129,5,19,,0.0,0.0,5.0,0.0,0.0,3–5
135,1,19,,0.0,0.0,0.0,0.0,0.0,≤2
136,5,19,Thiago,0.0,-1.0,2.0,0.0,-1.5625,3–5
139,1,19,Verbruggen,1.0,2.0,11.0,1.5625,3.125,≤2
144,0,19,,0.0,0.0,7.0,0.0,0.0,≤2
145,1,19,,0.0,0.0,6.0,0.0,0.0,≤2
146,0,19,,0.0,0.0,0.0,0.0,0.0,≤2
148,1,19,,0.0,0.0,6.0,0.0,0.0,≤2
151,3,19,,0.0,0.0,0.0,0.0,0.0,3–5
158,0,19,Georginio,1.0,0.0,3.0,1.5625,0.0,≤2
160,1,19,Minteh,-5.0,0.0,3.0,-7.8125,0.0,≤2
162,1,19,,0.0,0.0,2.0,0.0,0.0,≤2
163,2,19,,0.0,0.0,3.0,0.0,0.0,≤2
166,5,19,,0.0,0.0,3.0,0.0,0.0,3–5
169,9,19,,0.0,0.0,0.0,0.0,0.0,6–9
172,1,19,,0.0,0.0,1.0,0.0,0.0,≤2
173,1,19,,0.0,0.0,1.0,0.0,0.0,≤2
178,1,19,,0.0,0.0,0.0,0.0,0.0,≤2
181,1,19,,0.0,0.0,1.0,0.0,0.0,≤2
187,6,19,,0.0,0.0,2.0,0.0,0.0,6–9
190,9,19,,0.0,0.0,4.0,0.0,0.0,6–9
193,8,19,,0.0,0.0,0.0,0.0,0.0,6–9
195,6,19,,0.0,0.0,2.0,0.0,0.0,6–9
200,1,19,,0.0,0.0,2.0,0.0,0.0,≤2
202,3,19,,0.0,0.0,3.0,0.0,0.0,3–5
205,1,19,,0.0,0.0,2.0,0.0,0.0,≤2
206,3,19,,0.0,0.0,4.0,0.0,0.0,3–5
209,5,19,,0.0,0.0,4.0,0.0,0.0,3–5
214,1,19,,0.0,0.0,1.0,0.0,0.0,≤2
215,1,19,,0.0,0.0,1.0,0.0,0.0,≤2
220,3,19,,0.0,0.0,4.0,0.0,0.0,3–5
224,2,19,,0.0,0.0,1.0,0.0,0.0,≤2
225,6,19,,0.0,0.0,7.0,0.0,0.0,6–9
226,0,19,,0.0,0.0,3.0,0.0,0.0,≤2
228,1,19,,0.0,0.0,-1.0,0.0,0.0,≤2
229,1,19,,0.0,0.0,0.0,0.0,0.0,≤2
235,2,19,Palmer,0.0,1.0,5.0,0.0,1.5625,≤2
236,2,19,,0.0,0.0,2.0,0.0,0.0,≤2
237,1,19,Enzo,-1.0,-1.0,1.0,-1.5625,-1.5625,≤2
238,1,19,,0.0,0.0,0.0,0.0,0.0,≤2
239,1,19,,0.0,0.0,0.0,0.0,0.0,≤2
241,3,19,,0.0,0.0,3.0,0.0,0.0,3–5
249,8,19,,0.0,0.0,6.0,0.0,0.0,6–9
250,0,19,,0.0,0.0,0.0,0.0,0.0,≤2
253,3,19,,0.0,0.0,0.0,0.0,0.0,3–5
257,3,19,Lacroix,-2.0,0.0,1.0,-3.125,0.0,3–5
258,2,19,,0.0,0.0,0.0,0.0,0.0,≤2
260,2,19,,0.0,0.0,1.0,0.0,0.0,≤2
263,1,19,,0.0,0.0,1.0,0.0,0.0,≤2
269,1,19,,0.0,0.0,0.0,0.0,0.0,≤2
270,1,19,,0.0,0.0,1.0,0.0,0.0,≤2
272,1,19,,0.0,0.0,1.0,0.0,0.0,≤2
273,2,19,,0.0,0.0,3.0,0.0,0.0,≤2
276,2,19,,0.0,0.0,6.0,0.0,0.0,≤2
283,2,19,,0.0,0.0,2.0,0.0,0.0,≤2
284,1,19,,0.0,0.0,2.0,0.0,0.0,≤2
287,6,19,,0.0,0.0,2.0,0.0,0.0,6–9
291,8,19,,0.0,0.0,3.0,0.0,0.0,6–9
292,6,19,,0.0,0.0,1.0,0.0,0.0,6–9
293,6,19,,0.0,0.0,2.0,0.0,0.0,6–9
295,10,19,Keane,-1.0,1.0,4.0,-1.5625,1.5625,10–14
296,1,19,,0.0,0.0,0.0,0.0,0.0,≤2
300,5,19,,0.0,0.0,2.0,0.0,0.0,3–5
301,3,19,,0.0,0.0,2.0,0.0,0.0,3–5
303,5,19,,0.0,0.0,4.0,0.0,0.0,3–5
304,4,19,,0.0,0.0,4.0,0.0,0.0,3–5
310,1,19,,0.0,0.0,2.0,0.0,0.0,≤2
311,2,19,,0.0,0.0,1.0,0.0,0.0,≤2
314,6,19,,0.0,0.0,7.0,0.0,0.0,6–9
316,8,19,,0.0,0.0,10.0,0.0,0.0,6–9
317,5,19,Andersen,-9.0,-2.0,7.0,-14.0625,-3.125,3–5
319,1,19,,0.0,0.0,0.0,0.0,0.0,≤2
320,1,19,,0.0,0.0,1.0,0.0,0.0,≤2
321,9,19,,0.0,0.0,5.0,0.0,0.0,6–9
322,6,19,,0.0,0.0,9.0,0.0,0.0,6–9
325,3,19,,0.0,0.0,3.0,0.0,0.0,3–5
329,5,19,Wilson,-1.0,0.0,2.0,-1.5625,0.0,3–5
330,3,19,,0.0,0.0,2.0,0.0,0.0,3–5
331,1,19,,0.0,0.0,1.0,0.0,0.0,≤2
332,3,19,,0.0,0.0,5.0,0.0,0.0,3–5
335,0,19,,0.0,0.0,1.0,0.0,0.0,≤2
337,9,19,Raúl,-1.0,0.0,5.0,-1.5625,0.0,6–9
342,2,19,,0.0,0.0,6.0,0.0,0.0,≤2
343,2,19,,0.0,0.0,4.0,0.0,0.0,≤2
344,2,19,Bijol,-1.0,0.0,5.0,-1.5625,0.0,≤2
347,2,19,,0.0,0.0,2.0,0.0,0.0,≤2
348,1,19,Rodon,-1.0,-11.0,2.0,-1.5625,-17.1875,≤2
350,5,19,,0.0,0.0,6.0,0.0,0.0,3–5
351,1,19,,0.0,0.0,1.0,0.0,0.0,≤2
354,4,19,,0.0,0.0,12.0,0.0,0.0,3–5
358,1,19,,0.0,0.0,1.0,0.0,0.0,≤2
365,1,19,,0.0,0.0,0.0,0.0,0.0,≤2
366,3,19,,0.0,0.0,3.0,0.0,0.0,3–5
370,5,19,,0.0,0.0,4.0,0.0,0.0,3–5
371,2,19,,0.0,0.0,2.0,0.0,0.0,≤2
373,2,19,Virgil,0.0,-1.0,2.0,0.0,-1.5625,≤2
374,2,19,,0.0,0.0,1.0,0.0,0.0,≤2
375,1,19,,0.0,0.0,1.0,0.0,0.0,≤2
382,10,19,Wirtz,-5.0,-1.0,8.0,-7.8125,-1.5625,10–14
384,1,19,,0.0,0.0,0.0,0.0,0.0,≤2
385,2,19,,0.0,0.0,1.0,0.0,0.0,≤2
386,2,19,Mac Allister,-1.0,0.0,1.0,-1.5625,0.0,≤2
388,5,19,,0.0,0.0,2.0,0.0,0.0,3–5
390,11,19,,0.0,0.0,2.0,0.0,0.0,10–14
396,1,19,,0.0,0.0,1.0,0.0,0.0,≤2
403,8,19,,0.0,0.0,6.0,0.0,0.0,6–9
405,1,19,,0.0,0.0,0.0,0.0,0.0,≤2
407,4,19,,0.0,0.0,8.0,0.0,0.0,3–5
408,3,19,,0.0,0.0,6.0,0.0,0.0,3–5
411,1,19,,0.0,0.0,6.0,0.0,0.0,≤2
414,2,19,Foden,1.0,0.0,3.0,1.5625,0.0,≤2
415,1,19,,0.0,0.0,1.0,0.0,0.0,≤2
416,2,19,,0.0,0.0,3.0,0.0,0.0,≤2
417,13,19,Cherki,1.0,0.0,4.0,1.5625,0.0,10–14
423,4,19,,0.0,0.0,2.0,0.0,0.0,3–5
427,8,19,,0.0,0.0,8.0,0.0,0.0,6–9
430,2,19,,0.0,0.0,16.0,0.0,0.0,≤2
437,10,19,,0.0,0.0,1.0,0.0,0.0,10–14
440,13,19,Dalot,0.0,3.0,0.0,0.0,4.6875,10–14
441,17,19,Dorgu,7.0,10.0,5.0,10.9375,15.625,15+
443,5,19,,0.0,0.0,3.0,0.0,0.0,3–5
444,1,19,,0.0,0.0,1.0,0.0,0.0,≤2
446,1,19,,0.0,0.0,0.0,0.0,0.0,≤2
447,8,19,Heaven,0.0,1.0,3.0,0.0,1.5625,6–9
448,1,19,,0.0,0.0,0.0,0.0,0.0,≤2
450,2,19,Cunha,0.0,4.0,9.0,0.0,6.25,≤2
453,2,19,,0.0,0.0,1.0,0.0,0.0,≤2
455,1,19,,0.0,0.0,2.0,0.0,0.0,≤2
456,1,19,,0.0,0.0,0.0,0.0,0.0,≤2
457,3,19,,0.0,0.0,0.0,0.0,0.0,3–5
459,5,19,,0.0,0.0,1.0,0.0,0.0,3–5
462,1,19,,0.0,0.0,1.0,0.0,0.0,≤2
466,1,19,,0.0,0.0,1.0,0.0,0.0,≤2
470,11,19,,0.0,0.0,2.0,0.0,0.0,10–14
473,2,19,Hall,23.0,8.0,2.0,35.9375,12.5,≤2
474,2,19,,0.0,0.0,0.0,0.0,0.0,≤2
485,2,19,Gordon,2.0,11.0,10.0,3.125,17.1875,≤2
487,1,19,,0.0,0.0,1.0,0.0,0.0,≤2
488,2,19,,0.0,0.0,2.0,0.0,0.0,≤2
489,2,19,,0.0,0.0,2.0,0.0,0.0,≤2
490,1,19,,0.0,0.0,0.0,0.0,0.0,≤2
491,1,19,,0.0,0.0,4.0,0.0,0.0,≤2
494,1,19,,0.0,0.0,1.0,0.0,0.0,≤2
497,2,19,,0.0,0.0,4.0,0.0,0.0,≤2
505,3,19,,0.0,0.0,1.0,0.0,0.0,3–5
506,3,19,,0.0,0.0,1.0,0.0,0.0,3–5
508,1,19,,0.0,0.0,2.0,0.0,0.0,≤2
515,2,19,,0.0,0.0,2.0,0.0,0.0,≤2
516,2,19,,0.0,0.0,2.0,0.0,0.0,≤2
517,3,19,Anderson,3.0,0.0,4.0,4.6875,0.0,3–5
519,2,19,,0.0,0.0,0.0,0.0,0.0,≤2
526,5,19,,0.0,0.0,2.0,0.0,0.0,3–5
527,1,19,,0.0,0.0,1.0,0.0,0.0,≤2
532,1,19,,0.0,0.0,10.0,0.0,0.0,≤2
535,2,19,,0.0,0.0,0.0,0.0,0.0,≤2
543,10,19,,0.0,0.0,3.0,0.0,0.0,10–14
547,2,19,E.Le Fée,-1.0,-1.0,2.0,-1.5625,-1.5625,≤2
548,1,19,,0.0,0.0,1.0,0.0,0.0,≤2
551,2,19,,0.0,0.0,3.0,0.0,0.0,≤2
560,1,19,,0.0,0.0,1.0,0.0,0.0,≤2
561,1,19,,0.0,0.0,0.0,0.0,0.0,≤2
565,7,19,,0.0,0.0,1.0,0.0,0.0,6–9
568,6,19,,0.0,0.0,1.0,0.0,0.0,6–9
570,7,19,,0.0,0.0,0.0,0.0,0.0,6–9
572,1,19,,0.0,0.0,0.0,0.0,0.0,≤2
573,7,19,,0.0,0.0,1.0,0.0,0.0,6–9
575,11,19,,0.0,0.0,0.0,0.0,0.0,10–14
580,1,19,,0.0,0.0,1.0,0.0,0.0,≤2
582,3,19,,0.0,0.0,1.0,0.0,0.0,3–5
585,5,19,,0.0,0.0,3.0,0.0,0.0,3–5
586,3,19,,0.0,0.0,2.0,0.0,0.0,3–5
588,1,19,,0.0,0.0,1.0,0.0,0.0,≤2
591,10,19,,0.0,0.0,2.0,0.0,0.0,10–14
597,5,19,,0.0,0.0,4.0,0.0,0.0,3–5
600,3,19,,0.0,0.0,2.0,0.0,0.0,3–5
605,4,19,,0.0,0.0,1.0,0.0,0.0,3–5
608,2,19,,0.0,0.0,1.0,0.0,0.0,≤2
609,1,19,,0.0,0.0,1.0,0.0,0.0,≤2
612,3,19,,0.0,0.0,2.0,0.0,0.0,3–5
613,1,19,,0.0,0.0,1.0,0.0,0.0,≤2
615,1,19,,0.0,0.0,2.0,0.0,0.0,≤2
620,1,19,,0.0,0.0,0.0,0.0,0.0,≤2
623,2,19,,0.0,0.0,2.0,0.0,0.0,≤2
624,2,19,,0.0,0.0,1.0,0.0,0.0,≤2
628,1,19,,0.0,0.0,2.0,0.0,0.0,≤2
632,1,19,,0.0,0.0,1.0,0.0,0.0,≤2
633,1,19,,0.0,0.0,0.0,0.0,0.0,≤2
634,3,19,,0.0,0.0,0.0,0.0,0.0,3–5
636,7,19,,0.0,0.0,3.0,0.0,0.0,6–9
642,2,19,,0.0,0.0,1.0,0.0,0.0,≤2
643,3,19,,0.0,0.0,2.0,0.0,0.0,3–5
646,4,19,,0.0,0.0,1.0,0.0,0.0,3–5
654,1,19,,0.0,0.0,0.0,0.0,0.0,≤2
659,2,19,,0.0,0.0,3.0,0.0,0.0,≤2
660,4,19,Stach,-1.0,0.0,8.0,-1.5625,0.0,3–5
661,5,19,Ekitiké,0.0,1.0,9.0,0.0,1.5625,3–5
663,1,19,,0.0,0.0,1.0,0.0,0.0,≤2
665,2,19,,0.0,0.0,1.0,0.0,0.0,≤2
666,2,19,,0.0,0.0,5.0,0.0,0.0,≤2
668,6,19,,0.0,0.0,3.0,0.0,0.0,6–9
670,3,19,,0.0,0.0,7.0,0.0,0.0,3–5
671,1,19,,0.0,0.0,1.0,0.0,0.0,≤2
673,1,19,,0.0,0.0,4.0,0.0,0.0,≤2
674,3,19,,0.0,0.0,1.0,0.0,0.0,3–5
676,3,19,,0.0,0.0,2.0,0.0,0.0,3–5
680,2,19,,0.0,0.0,7.0,0.0,0.0,≤2
681,1,19,,0.0,0.0,2.0,0.0,0.0,≤2
682,1,19,,0.0,0.0,1.0,0.0,0.0,≤2
683,4,19,Alderete,-2.0,0.0,6.0,-3.125,0.0,3–5
684,2,19,Thiaw,3.0,5.0,1.0,4.6875,7.8125,≤2
685,0,19,,0.0,0.0,2.0,0.0,0.0,≤2
691,8,19,,0.0,0.0,13.0,0.0,0.0,6–9
693,9,19,,0.0,0.0,2.0,0.0,0.0,6–9
694,4,19,,0.0,0.0,6.0,0.0,0.0,3–5
695,1,19,,0.0,0.0,1.0,0.0,0.0,≤2
697,1,19,,0.0,0.0,1.0,0.0,0.0,≤2
698,2,19,,0.0,0.0,3.0,0.0,0.0,≤2
707,2,19,,0.0,0.0,1.0,0.0,0.0,≤2
708,2,19,,0.0,0.0,2.0,0.0,0.0,≤2
709,1,19,,0.0,0.0,1.0,0.0,0.0,≤2
712,4,19,,0.0,0.0,2.0,0.0,0.0,3–5
713,3,19,,0.0,0.0,2.0,0.0,0.0,3–5
714,2,19,,0.0,0.0,13.0,0.0,0.0,≤2
715,2,19,,0.0,0.0,1.0,0.0,0.0,≤2
716,1,19,,0.0,0.0,2.0,0.0,0.0,≤2
718,5,19,,0.0,0.0,2.0,0.0,0.0,3–5
719,2,19,,0.0,0.0,2.0,0.0,0.0,≤2
720,5,19,,0.0,0.0,1.0,0.0,0.0,3–5
722,1,19,,0.0,0.0,0.0,0.0,0.0,≤2
724,2,19,,0.0,0.0,6.0,0.0,0.0,≤2
725,1,19,Hincapie,-4.0,-3.0,10.0,-6.25,-4.6875,≤2
726,2,19,,0.0,0.0,2.0,0.0,0.0,≤2
728,1,19,,0.0,0.0,1.0,0.0,0.0,≤2
730,2,19,,0.0,0.0,2.0,0.0,0.0,≤2
731,3,19,,0.0,0.0,6.0,0.0,0.0,3–5
732,1,19,,0.0,0.0,4.0,0.0,0.0,≤2
733,9,19,,0.0,0.0,1.0,0.0,0.0,6–9
734,1,19,,0.0,0.0,0.0,0.0,0.0,≤2
736,2,19,,0.0,0.0,7.0,0.0,0.0,≤2
749,2,19,Mané,1.0,0.0,1.0,1.5625,0.0,≤2
1,2,20,Raya,0.0,-1.0,2.0,0.0,-1.5625,≤2
5,15,20,Gabriel,19.0,36.0,1.0,29.6875,56.25,15+
6,2,20,,0.0,0.0,2.0,0.0,0.0,≤2
8,9,20,J.Timber,-2.0,-4.0,0.0,-3.125,-6.25,6–9
10,1,20,,0.0,0.0,1.0,0.0,0.0,≤2
11,1,20,,0.0,0.0,0.0,0.0,0.0,≤2
12,1,20,,0.0,0.0,0.0,0.0,0.0,≤2
16,6,20,Saka,1.0,0.0,7.0,1.5625,0.0,6–9
17,5,20,,0.0,0.0,10.0,0.0,0.0,3–5
18,1,20,,0.0,0.0,0.0,0.0,0.0,≤2
20,13,20,,0.0,0.0,2.0,0.0,0.0,10–14
22,2,20,,0.0,0.0,2.0,0.0,0.0,≤2
24,1,20,,0.0,0.0,0.0,0.0,0.0,≤2
26,8,20,,0.0,0.0,2.0,0.0,0.0,6–9
27,1,20,,0.0,0.0,1.0,0.0,0.0,≤2
31,4,20,,0.0,0.0,1.0,0.0,0.0,3–5
32,1,20,,0.0,0.0,2.0,0.0,0.0,≤2
37,0,20,,0.0,0.0,1.0,0.0,0.0,≤2
38,0,20,,0.0,0.0,4.0,0.0,0.0,≤2
42,0,20,,0.0,0.0,0.0,0.0,0.0,≤2
44,-1,20,,0.0,0.0,1.0,0.0,0.0,≤2
47,1,20,Rogers,0.0,9.0,1.0,0.0,14.0625,≤2
48,2,20,,0.0,0.0,7.0,0.0,0.0,≤2
50,2,20,,0.0,0.0,3.0,0.0,0.0,≤2
52,1,20,,0.0,0.0,2.0,0.0,0.0,≤2
53,4,20,,0.0,0.0,1.0,0.0,0.0,3–5
54,1,20,,0.0,0.0,1.0,0.0,0.0,≤2
59,1,20,,0.0,0.0,1.0,0.0,0.0,≤2
62,1,20,,0.0,0.0,0.0,0.0,0.0,≤2
64,5,20,,0.0,0.0,12.0,0.0,0.0,3–5
67,1,20,Petrović,-1.0,0.0,-1.0,-1.5625,0.0,≤2
72,3,20,Senesi,-1.0,-1.0,2.0,-1.5625,-1.5625,3–5
73,1,20,,0.0,0.0,0.0,0.0,0.0,≤2
74,3,20,,0.0,0.0,1.0,0.0,0.0,3–5
77,3,20,,0.0,0.0,0.0,0.0,0.0,3–5
81,9,20,,0.0,0.0,0.0,0.0,0.0,6–9
82,5,20,Semenyo,-1.0,-9.0,9.0,-1.5625,-14.0625,3–5
84,3,20,Tavernier,2.0,0.0,1.0,3.125,0.0,3–5
86,10,20,,0.0,0.0,1.0,0.0,0.0,10–14
90,2,20,,0.0,0.0,5.0,0.0,0.0,≤2
97,2,20,,0.0,0.0,1.0,0.0,0.0,≤2
98,1,20,,0.0,0.0,0.0,0.0,0.0,≤2
101,6,20,,0.0,0.0,4.0,0.0,0.0,6–9
106,9,20,Collins,3.0,0.0,4.0,4.6875,0.0,6–9
107,6,20,,0.0,0.0,2.0,0.0,0.0,6–9
108,9,20,,0.0,0.0,4.0,0.0,0.0,6–9
109,6,20,,0.0,0.0,2.0,0.0,0.0,6–9
110,6,20,,0.0,0.0,3.0,0.0,0.0,6–9
120,3,20,,0.0,0.0,20.0,0.0,0.0,3–5
124,2,20,,0.0,0.0,1.0,0.0,0.0,≤2
125,5,20,,0.0,0.0,4.0,0.0,0.0,3–5
126,1,20,,0.0,0.0,1.0,0.0,0.0,≤2
129,5,20,,0.0,0.0,5.0,0.0,0.0,3–5
135,6,20,,0.0,0.0,1.0,0.0,0.0,6–9
136,2,20,Thiago,0.0,-1.0,5.0,0.0,-1.5625,≤2
139,1,20,Verbruggen,0.0,1.0,1.0,0.0,1.5625,≤2
145,0,20,,0.0,0.0,1.0,0.0,0.0,≤2
146,2,20,,0.0,0.0,0.0,0.0,0.0,≤2
148,4,20,,0.0,0.0,1.0,0.0,0.0,3–5
151,0,20,,0.0,0.0,3.0,0.0,0.0,≤2
152,10,20,,0.0,0.0,0.0,0.0,0.0,10–14
157,1,20,,0.0,0.0,0.0,0.0,0.0,≤2
158,1,20,,0.0,0.0,0.0,0.0,0.0,≤2
160,4,20,Minteh,-11.0,-10.0,1.0,-17.1875,-15.625,3–5
162,1,20,,0.0,0.0,1.0,0.0,0.0,≤2
163,1,20,,0.0,0.0,2.0,0.0,0.0,≤2
166,4,20,,0.0,0.0,5.0,0.0,0.0,3–5
169,2,20,,0.0,0.0,9.0,0.0,0.0,≤2
170,1,20,,0.0,0.0,0.0,0.0,0.0,≤2
178,3,20,,0.0,0.0,1.0,0.0,0.0,3–5
181,0,20,,0.0,0.0,1.0,0.0,0.0,≤2
187,0,20,,0.0,0.0,6.0,0.0,0.0,≤2
190,3,20,,0.0,0.0,9.0,0.0,0.0,3–5
191,0,20,Estève,-1.0,-1.0,0.0,-1.5625,-1.5625,≤2
193,2,20,,0.0,0.0,8.0,0.0,0.0,≤2
195,1,20,,0.0,0.0,6.0,0.0,0.0,≤2
202,1,20,,0.0,0.0,3.0,0.0,0.0,≤2
206,2,20,,0.0,0.0,3.0,0.0,0.0,≤2
209,10,20,,0.0,0.0,5.0,0.0,0.0,10–14
210,2,20,,0.0,0.0,0.0,0.0,0.0,≤2
214,1,20,,0.0,0.0,1.0,0.0,0.0,≤2
218,1,20,,0.0,0.0,0.0,0.0,0.0,≤2
220,2,20,,0.0,0.0,3.0,0.0,0.0,≤2
225,1,20,,0.0,0.0,6.0,0.0,0.0,≤2
226,1,20,,0.0,0.0,0.0,0.0,0.0,≤2
228,1,20,,0.0,0.0,1.0,0.0,0.0,≤2
230,3,20,,0.0,0.0,0.0,0.0,0.0,3–5
233,0,20,,0.0,0.0,0.0,0.0,0.0,≤2
235,7,20,,0.0,0.0,2.0,0.0,0.0,6–9
236,1,20,,0.0,0.0,2.0,0.0,0.0,≤2
237,9,20,,0.0,0.0,1.0,0.0,0.0,6–9
238,5,20,,0.0,0.0,1.0,0.0,0.0,3–5
239,1,20,,0.0,0.0,1.0,0.0,0.0,≤2
241,1,20,,0.0,0.0,3.0,0.0,0.0,≤2
246,1,20,,0.0,0.0,0.0,0.0,0.0,≤2
249,1,20,João Pedro,0.0,-1.0,8.0,0.0,-1.5625,≤2
250,2,20,,0.0,0.0,0.0,0.0,0.0,≤2
253,3,20,,0.0,0.0,3.0,0.0,0.0,3–5
257,2,20,Lacroix,-5.0,-5.0,3.0,-7.8125,-7.8125,≤2
258,4,20,,0.0,0.0,2.0,0.0,0.0,3–5
259,1,20,,0.0,0.0,0.0,0.0,0.0,≤2
260,2,20,,0.0,0.0,2.0,0.0,0.0,≤2
263,7,20,,0.0,0.0,1.0,0.0,0.0,6–9
269,1,20,,0.0,0.0,1.0,0.0,0.0,≤2
270,1,20,,0.0,0.0,1.0,0.0,0.0,≤2
272,2,20,,0.0,0.0,1.0,0.0,0.0,≤2
273,2,20,,0.0,0.0,2.0,0.0,0.0,≤2
276,2,20,,0.0,0.0,2.0,0.0,0.0,≤2
283,9,20,,0.0,0.0,2.0,0.0,0.0,6–9
287,10,20,,0.0,0.0,6.0,0.0,0.0,10–14
291,9,20,Tarkowski,1.0,5.0,8.0,1.5625,7.8125,6–9
292,8,20,,0.0,0.0,6.0,0.0,0.0,6–9
293,8,20,,0.0,0.0,6.0,0.0,0.0,6–9
296,8,20,,0.0,0.0,1.0,0.0,0.0,6–9
300,6,20,,0.0,0.0,5.0,0.0,0.0,6–9
303,16,20,Garner,0.0,2.0,5.0,0.0,3.125,15+
304,5,20,,0.0,0.0,4.0,0.0,0.0,3–5
310,6,20,,0.0,0.0,1.0,0.0,0.0,6–9
311,1,20,,0.0,0.0,2.0,0.0,0.0,≤2
314,2,20,,0.0,0.0,6.0,0.0,0.0,≤2
316,2,20,,0.0,0.0,8.0,0.0,0.0,≤2
317,3,20,Andersen,-2.0,-2.0,5.0,-3.125,-3.125,3–5
319,0,20,,0.0,0.0,1.0,0.0,0.0,≤2
321,3,20,,0.0,0.0,9.0,0.0,0.0,3–5
322,1,20,,0.0,0.0,6.0,0.0,0.0,≤2
325,1,20,,0.0,0.0,3.0,0.0,0.0,≤2
326,1,20,,0.0,0.0,0.0,0.0,0.0,≤2
329,2,20,,0.0,0.0,5.0,0.0,0.0,≤2
330,2,20,,0.0,0.0,3.0,0.0,0.0,≤2
331,6,20,,0.0,0.0,1.0,0.0,0.0,6–9
332,6,20,,0.0,0.0,3.0,0.0,0.0,6–9
336,1,20,,0.0,0.0,0.0,0.0,0.0,≤2
337,2,20,Raúl,0.0,-1.0,9.0,0.0,-1.5625,≤2
342,1,20,,0.0,0.0,2.0,0.0,0.0,≤2
343,8,20,,0.0,0.0,2.0,0.0,0.0,6–9
344,7,20,,0.0,0.0,2.0,0.0,0.0,6–9
345,6,20,,0.0,0.0,0.0,0.0,0.0,6–9
347,8,20,Gudmundsson,0.0,1.0,2.0,0.0,1.5625,6–9
350,3,20,,0.0,0.0,5.0,0.0,0.0,3–5
354,4,20,,0.0,0.0,4.0,0.0,0.0,3–5
356,3,20,,0.0,0.0,0.0,0.0,0.0,3–5
358,1,20,,0.0,0.0,1.0,0.0,0.0,≤2
365,2,20,Nmecha,1.0,0.0,1.0,1.5625,0.0,≤2
366,6,20,A.Becker,0.0,-1.0,3.0,0.0,-1.5625,6–9
370,6,20,,0.0,0.0,5.0,0.0,0.0,6–9
371,1,20,,0.0,0.0,2.0,0.0,0.0,≤2
372,6,20,,0.0,0.0,0.0,0.0,0.0,6–9
373,6,20,Virgil,-4.0,-13.0,2.0,-6.25,-20.3125,6–9
374,7,20,,0.0,0.0,2.0,0.0,0.0,6–9
375,6,20,,0.0,0.0,1.0,0.0,0.0,6–9
382,3,20,Wirtz,-8.0,-3.0,10.0,-12.5,-4.6875,3–5
384,1,20,,0.0,0.0,1.0,0.0,0.0,≤2
385,1,20,,0.0,0.0,2.0,0.0,0.0,≤2
386,1,20,,0.0,0.0,2.0,0.0,0.0,≤2
387,3,20,Szoboszlai,0.0,1.0,0.0,0.0,1.5625,3–5
388,3,20,,0.0,0.0,5.0,0.0,0.0,3–5
390,5,20,,0.0,0.0,11.0,0.0,0.0,3–5
403,1,20,,0.0,0.0,8.0,0.0,0.0,≤2
405,8,20,,0.0,0.0,1.0,0.0,0.0,6–9
407,11,20,,0.0,0.0,4.0,0.0,0.0,10–14
408,6,20,,0.0,0.0,3.0,0.0,0.0,6–9
411,1,20,O'Reilly,-6.0,-10.0,1.0,-9.375,-15.625,≤2
414,3,20,Foden,0.0,-1.0,2.0,0.0,-1.5625,3–5
415,1,20,,0.0,0.0,1.0,0.0,0.0,≤2
416,3,20,,0.0,0.0,2.0,0.0,0.0,3–5
417,5,20,Cherki,5.0,4.0,13.0,7.8125,6.25,3–5
418,1,20,,0.0,0.0,0.0,0.0,0.0,≤2
419,1,20,,0.0,0.0,0.0,0.0,0.0,≤2
421,1,20,,0.0,0.0,0.0,0.0,0.0,≤2
423,1,20,,0.0,0.0,4.0,0.0,0.0,≤2
427,1,20,,0.0,0.0,8.0,0.0,0.0,≤2
430,2,20,,0.0,0.0,2.0,0.0,0.0,≤2
437,2,20,,0.0,0.0,10.0,0.0,0.0,≤2
440,2,20,,0.0,0.0,13.0,0.0,0.0,≤2
441,2,20,Dorgu,0.0,1.0,17.0,0.0,1.5625,≤2
443,2,20,,0.0,0.0,5.0,0.0,0.0,≤2
444,1,20,,0.0,0.0,1.0,0.0,0.0,≤2
447,2,20,,0.0,0.0,8.0,0.0,0.0,≤2
450,2,20,Cunha,0.0,-1.0,2.0,0.0,-1.5625,≤2
453,4,20,,0.0,0.0,2.0,0.0,0.0,3–5
456,2,20,,0.0,0.0,1.0,0.0,0.0,≤2
457,6,20,,0.0,0.0,3.0,0.0,0.0,6–9
459,2,20,,0.0,0.0,5.0,0.0,0.0,≤2
462,1,20,,0.0,0.0,1.0,0.0,0.0,≤2
466,8,20,,0.0,0.0,1.0,0.0,0.0,6–9
469,2,20,,0.0,0.0,0.0,0.0,0.0,≤2
470,2,20,Dúbravka,1.0,0.0,11.0,1.5625,0.0,≤2
473,4,20,Hall,0.0,1.0,2.0,0.0,1.5625,3–5
474,4,20,,0.0,0.0,2.0,0.0,0.0,3–5
485,5,20,Gordon,6.0,3.0,2.0,9.375,4.6875,3–5
487,2,20,Barnes,0.0,1.0,1.0,0.0,1.5625,≤2
488,10,20,,0.0,0.0,2.0,0.0,0.0,10–14
489,1,20,,0.0,0.0,2.0,0.0,0.0,≤2
490,8,20,,0.0,0.0,1.0,0.0,0.0,6–9
491,2,20,,0.0,0.0,1.0,0.0,0.0,≤2
494,1,20,,0.0,0.0,1.0,0.0,0.0,≤2
497,4,20,,0.0,0.0,2.0,0.0,0.0,3–5
505,1,20,,0.0,0.0,3.0,0.0,0.0,≤2
506,1,20,,0.0,0.0,3.0,0.0,0.0,≤2
508,1,20,,0.0,0.0,1.0,0.0,0.0,≤2
515,2,20,,0.0,0.0,2.0,0.0,0.0,≤2
516,2,20,,0.0,0.0,2.0,0.0,0.0,≤2
517,4,20,Anderson,2.0,1.0,3.0,3.125,1.5625,3–5
519,1,20,,0.0,0.0,2.0,0.0,0.0,≤2
526,2,20,,0.0,0.0,5.0,0.0,0.0,≤2
527,1,20,,0.0,0.0,1.0,0.0,0.0,≤2
532,6,20,,0.0,0.0,1.0,0.0,0.0,6–9
535,8,20,,0.0,0.0,2.0,0.0,0.0,6–9
543,2,20,,0.0,0.0,10.0,0.0,0.0,≤2
547,5,20,E.Le Fée,0.0,3.0,2.0,0.0,4.6875,3–5
548,1,20,,0.0,0.0,1.0,0.0,0.0,≤2
560,1,20,,0.0,0.0,1.0,0.0,0.0,≤2
561,2,20,,0.0,0.0,1.0,0.0,0.0,≤2
565,5,20,,0.0,0.0,7.0,0.0,0.0,3–5
568,10,20,Pedro Porro,2.0,0.0,6.0,3.125,0.0,10–14
569,9,20,,0.0,0.0,0.0,0.0,0.0,6–9
573,6,20,,0.0,0.0,7.0,0.0,0.0,6–9
575,6,20,,0.0,0.0,11.0,0.0,0.0,6–9
582,3,20,Kudus,3.0,2.0,3.0,4.6875,3.125,3–5
584,1,20,,0.0,0.0,0.0,0.0,0.0,≤2
585,5,20,,0.0,0.0,5.0,0.0,0.0,3–5
588,3,20,,0.0,0.0,1.0,0.0,0.0,3–5
591,3,20,,0.0,0.0,10.0,0.0,0.0,3–5
597,2,20,,0.0,0.0,5.0,0.0,0.0,≤2
600,2,20,,0.0,0.0,3.0,0.0,0.0,≤2
605,0,20,,0.0,0.0,4.0,0.0,0.0,≤2
606,1,20,,0.0,0.0,0.0,0.0,0.0,≤2
608,3,20,,0.0,0.0,2.0,0.0,0.0,3–5
609,1,20,,0.0,0.0,1.0,0.0,0.0,≤2
612,13,20,,0.0,0.0,3.0,0.0,0.0,10–14
613,1,20,,0.0,0.0,1.0,0.0,0.0,≤2
615,1,20,,0.0,0.0,1.0,0.0,0.0,≤2
623,2,20,Potts,0.0,1.0,2.0,0.0,1.5625,≤2
624,7,20,Bowen,0.0,3.0,2.0,0.0,4.6875,6–9
628,4,20,,0.0,0.0,1.0,0.0,0.0,3–5
632,2,20,,0.0,0.0,1.0,0.0,0.0,≤2
633,5,20,,0.0,0.0,1.0,0.0,0.0,3–5
634,4,20,,0.0,0.0,3.0,0.0,0.0,3–5
642,2,20,,0.0,0.0,2.0,0.0,0.0,≤2
645,1,20,,0.0,0.0,0.0,0.0,0.0,≤2
646,4,20,,0.0,0.0,4.0,0.0,0.0,3–5
654,0,20,,0.0,0.0,1.0,0.0,0.0,≤2
659,1,20,,0.0,0.0,2.0,0.0,0.0,≤2
660,5,20,Stach,1.0,0.0,4.0,1.5625,0.0,3–5
661,2,20,Ekitiké,-1.0,-3.0,5.0,-1.5625,-4.6875,≤2
663,4,20,,0.0,0.0,1.0,0.0,0.0,3–5
665,10,20,,0.0,0.0,2.0,0.0,0.0,10–14
666,2,20,,0.0,0.0,2.0,0.0,0.0,≤2
668,5,20,,0.0,0.0,6.0,0.0,0.0,3–5
670,7,20,Roefs,0.0,1.0,3.0,0.0,1.5625,6–9
671,5,20,,0.0,0.0,1.0,0.0,0.0,3–5
673,2,20,,0.0,0.0,1.0,0.0,0.0,≤2
676,4,20,,0.0,0.0,3.0,0.0,0.0,3–5
680,7,20,,0.0,0.0,2.0,0.0,0.0,6–9
681,2,20,,0.0,0.0,1.0,0.0,0.0,≤2
682,1,20,,0.0,0.0,1.0,0.0,0.0,≤2
683,8,20,Alderete,0.0,1.0,4.0,0.0,1.5625,6–9
684,4,20,Thiaw,1.0,2.0,2.0,1.5625,3.125,3–5
686,1,20,,0.0,0.0,0.0,0.0,0.0,≤2
691,1,20,,0.0,0.0,8.0,0.0,0.0,≤2
693,2,20,,0.0,0.0,9.0,0.0,0.0,≤2
694,11,20,,0.0,0.0,4.0,0.0,0.0,10–14
695,1,20,,0.0,0.0,1.0,0.0,0.0,≤2
697,1,20,,0.0,0.0,1.0,0.0,0.0,≤2
698,1,20,,0.0,0.0,2.0,0.0,0.0,≤2
699,0,20,,0.0,0.0,0.0,0.0,0.0,≤2
706,6,20,,0.0,0.0,0.0,0.0,0.0,6–9
707,5,20,,0.0,0.0,2.0,0.0,0.0,3–5
708,3,20,,0.0,0.0,2.0,0.0,0.0,3–5
709,8,20,,0.0,0.0,1.0,0.0,0.0,6–9
712,2,20,,0.0,0.0,4.0,0.0,0.0,≤2
713,3,20,,0.0,0.0,3.0,0.0,0.0,3–5
714,1,20,,0.0,0.0,2.0,0.0,0.0,≤2
715,1,20,,0.0,0.0,2.0,0.0,0.0,≤2
718,2,20,,0.0,0.0,5.0,0.0,0.0,≤2
719,0,20,,0.0,0.0,2.0,0.0,0.0,≤2
720,2,20,,0.0,0.0,5.0,0.0,0.0,≤2
722,3,20,,0.0,0.0,1.0,0.0,0.0,3–5
723,1,20,,0.0,0.0,0.0,0.0,0.0,≤2
724,6,20,,0.0,0.0,2.0,0.0,0.0,6–9
725,2,20,Hincapie,-2.0,-5.0,1.0,-3.125,-7.8125,≤2
726,1,20,,0.0,0.0,2.0,0.0,0.0,≤2
728,5,20,,0.0,0.0,1.0,0.0,0.0,3–5
730,1,20,,0.0,0.0,2.0,0.0,0.0,≤2
731,2,20,,0.0,0.0,3.0,0.0,0.0,≤2
732,1,20,,0.0,0.0,1.0,0.0,0.0,≤2
733,3,20,,0.0,0.0,9.0,0.0,0.0,3–5
734,1,20,,0.0,0.0,1.0,0.0,0.0,≤2
736,7,20,,0.0,0.0,2.0,0.0,0.0,6–9
747,1,20,,0.0,0.0,0.0,0.0,0.0,≤2
749,2,20,,0.0,0.0,2.0,0.0,0.0,≤2
754,1,20,,0.0,0.0,0.0,0.0,0.0,≤2
758,1,20,,0.0,0.0,0.0,0.0,0.0,≤2
769,1,20,,0.0,0.0,0.0,0.0,0.0,≤2
1,1,21,Raya,0.0,-4.0,2.0,0.0,-6.25,≤2
5,9,21,Gabriel,3.0,11.0,15.0,4.6875,17.1875,6–9
6,1,21,,0.0,0.0,2.0,0.0,0.0,≤2
8,3,21,J.Timber,-3.0,-4.0,9.0,-4.6875,-6.25,3–5
16,4,21,Saka,1.0,-1.0,6.0,1.5625,-1.5625,3–5
17,7,21,,0.0,0.0,5.0,0.0,0.0,6–9
18,2,21,,0.0,0.0,1.0,0.0,0.0,≤2
19,5,21,,0.0,0.0,0.0,0.0,0.0,3–5
20,1,21,,0.0,0.0,13.0,0.0,0.0,≤2
21,17,21,Rice,0.0,1.0,0.0,0.0,1.5625,15+
22,1,21,,0.0,0.0,2.0,0.0,0.0,≤2
26,3,21,,0.0,0.0,8.0,0.0,0.0,3–5
31,1,21,,0.0,0.0,4.0,0.0,0.0,≤2
32,3,21,,0.0,0.0,1.0,0.0,0.0,3–5
36,5,21,,0.0,0.0,0.0,0.0,0.0,3–5
37,1,21,,0.0,0.0,0.0,0.0,0.0,≤2
38,2,21,,0.0,0.0,0.0,0.0,0.0,≤2
39,2,21,,0.0,0.0,0.0,0.0,0.0,≤2
42,1,21,,0.0,0.0,0.0,0.0,0.0,≤2
44,0,21,,0.0,0.0,-1.0,0.0,0.0,≤2
47,5,21,Rogers,0.0,3.0,1.0,0.0,4.6875,3–5
48,7,21,,0.0,0.0,2.0,0.0,0.0,6–9
50,2,21,,0.0,0.0,2.0,0.0,0.0,≤2
52,1,21,,0.0,0.0,1.0,0.0,0.0,≤2
53,1,21,,0.0,0.0,4.0,0.0,0.0,≤2
54,15,21,,0.0,0.0,1.0,0.0,0.0,15+
58,4,21,,0.0,0.0,0.0,0.0,0.0,3–5
64,7,21,Watkins,0.0,2.0,5.0,0.0,3.125,6–9
67,1,21,Petrović,-1.0,0.0,1.0,-1.5625,0.0,≤2
72,1,21,Senesi,0.0,-1.0,3.0,0.0,-1.5625,≤2
74,1,21,,0.0,0.0,3.0,0.0,0.0,≤2
77,3,21,,0.0,0.0,3.0,0.0,0.0,3–5
81,2,21,,0.0,0.0,9.0,0.0,0.0,≤2
82,1,21,,0.0,0.0,5.0,0.0,0.0,≤2
84,2,21,Tavernier,10.0,1.0,3.0,15.625,1.5625,≤2
86,2,21,,0.0,0.0,10.0,0.0,0.0,≤2
88,4,21,,0.0,0.0,0.0,0.0,0.0,3–5
90,2,21,,0.0,0.0,2.0,0.0,0.0,≤2
97,7,21,,0.0,0.0,2.0,0.0,0.0,6–9
98,1,21,,0.0,0.0,1.0,0.0,0.0,≤2
100,5,21,,0.0,0.0,0.0,0.0,0.0,3–5
101,2,21,Kelleher,0.0,1.0,6.0,0.0,1.5625,≤2
106,10,21,Collins,2.0,1.0,9.0,3.125,1.5625,10–14
107,0,21,,0.0,0.0,6.0,0.0,0.0,≤2
108,3,21,,0.0,0.0,9.0,0.0,0.0,3–5
109,1,21,,0.0,0.0,6.0,0.0,0.0,≤2
110,0,21,,0.0,0.0,6.0,0.0,0.0,≤2
116,2,21,,0.0,0.0,0.0,0.0,0.0,≤2
120,6,21,,0.0,0.0,3.0,0.0,0.0,6–9
121,4,21,,0.0,0.0,0.0,0.0,0.0,3–5
124,1,21,,0.0,0.0,2.0,0.0,0.0,≤2
125,11,21,,0.0,0.0,5.0,0.0,0.0,10–14
126,3,21,,0.0,0.0,1.0,0.0,0.0,3–5
129,3,21,,0.0,0.0,5.0,0.0,0.0,3–5
133,1,21,,0.0,0.0,0.0,0.0,0.0,≤2
135,2,21,,0.0,0.0,6.0,0.0,0.0,≤2
136,17,21,Thiago,0.0,3.0,2.0,0.0,4.6875,15+
139,7,21,,0.0,0.0,1.0,0.0,0.0,6–9
145,1,21,,0.0,0.0,0.0,0.0,0.0,≤2
146,6,21,,0.0,0.0,2.0,0.0,0.0,6–9
148,9,21,,0.0,0.0,4.0,0.0,0.0,6–9
151,6,21,Van Hecke,-2.0,-1.0,0.0,-3.125,-1.5625,6–9
152,6,21,,0.0,0.0,10.0,0.0,0.0,6–9
157,3,21,,0.0,0.0,1.0,0.0,0.0,3–5
158,8,21,,0.0,0.0,1.0,0.0,0.0,6–9
162,3,21,,0.0,0.0,1.0,0.0,0.0,3–5
166,12,21,,0.0,0.0,4.0,0.0,0.0,10–14
169,3,21,,0.0,0.0,2.0,0.0,0.0,3–5
170,1,21,,0.0,0.0,1.0,0.0,0.0,≤2
172,1,21,,0.0,0.0,0.0,0.0,0.0,≤2
178,1,21,,0.0,0.0,3.0,0.0,0.0,≤2
181,5,21,,0.0,0.0,0.0,0.0,0.0,3–5
187,0,21,,0.0,0.0,0.0,0.0,0.0,≤2
190,1,21,,0.0,0.0,3.0,0.0,0.0,≤2
193,2,21,,0.0,0.0,2.0,0.0,0.0,≤2
195,1,21,,0.0,0.0,1.0,0.0,0.0,≤2
197,1,21,,0.0,0.0,0.0,0.0,0.0,≤2
200,2,21,,0.0,0.0,0.0,0.0,0.0,≤2
202,1,21,,0.0,0.0,1.0,0.0,0.0,≤2
206,1,21,,0.0,0.0,2.0,0.0,0.0,≤2
209,1,21,,0.0,0.0,10.0,0.0,0.0,≤2
210,1,21,,0.0,0.0,2.0,0.0,0.0,≤2
213,1,21,,0.0,0.0,0.0,0.0,0.0,≤2
221,2,21,,0.0,0.0,0.0,0.0,0.0,≤2
225,1,21,,0.0,0.0,1.0,0.0,0.0,≤2
226,4,21,,0.0,0.0,1.0,0.0,0.0,3–5
228,2,21,,0.0,0.0,1.0,0.0,0.0,≤2
229,2,21,,0.0,0.0,0.0,0.0,0.0,≤2
233,2,21,,0.0,0.0,0.0,0.0,0.0,≤2
235,2,21,,0.0,0.0,7.0,0.0,0.0,≤2
236,2,21,,0.0,0.0,1.0,0.0,0.0,≤2
237,11,21,Enzo,1.0,1.0,9.0,1.5625,1.5625,10–14
238,1,21,,0.0,0.0,5.0,0.0,0.0,≤2
246,1,21,,0.0,0.0,1.0,0.0,0.0,≤2
249,2,21,,0.0,0.0,1.0,0.0,0.0,≤2
250,0,21,,0.0,0.0,2.0,0.0,0.0,≤2
253,2,21,,0.0,0.0,3.0,0.0,0.0,≤2
257,3,21,Lacroix,0.0,-1.0,2.0,0.0,-1.5625,3–5
258,2,21,,0.0,0.0,4.0,0.0,0.0,≤2
260,2,21,,0.0,0.0,2.0,0.0,0.0,≤2
263,1,21,,0.0,0.0,7.0,0.0,0.0,≤2
269,1,21,,0.0,0.0,1.0,0.0,0.0,≤2
270,2,21,,0.0,0.0,1.0,0.0,0.0,≤2
272,1,21,,0.0,0.0,2.0,0.0,0.0,≤2
273,4,21,,0.0,0.0,2.0,0.0,0.0,3–5
276,1,21,Devenny,0.0,-1.0,2.0,0.0,-1.5625,≤2
281,1,21,,0.0,0.0,0.0,0.0,0.0,≤2
283,2,21,,0.0,0.0,9.0,0.0,0.0,≤2
287,1,21,Pickford,0.0,1.0,10.0,0.0,1.5625,≤2
291,2,21,Tarkowski,0.0,1.0,9.0,0.0,1.5625,≤2
292,0,21,,0.0,0.0,8.0,0.0,0.0,≤2
293,0,21,,0.0,0.0,8.0,0.0,0.0,≤2
295,0,21,Keane,0.0,2.0,0.0,0.0,3.125,≤2
300,1,21,,0.0,0.0,6.0,0.0,0.0,≤2
303,4,21,,0.0,0.0,16.0,0.0,0.0,3–5
304,4,21,,0.0,0.0,5.0,0.0,0.0,3–5
305,1,21,,0.0,0.0,0.0,0.0,0.0,≤2
310,6,21,,0.0,0.0,6.0,0.0,0.0,6–9
311,5,21,,0.0,0.0,1.0,0.0,0.0,3–5
314,1,21,,0.0,0.0,2.0,0.0,0.0,≤2
316,1,21,,0.0,0.0,2.0,0.0,0.0,≤2
317,3,21,Andersen,0.0,-2.0,3.0,0.0,-3.125,3–5
319,1,21,,0.0,0.0,0.0,0.0,0.0,≤2
320,1,21,,0.0,0.0,0.0,0.0,0.0,≤2
321,3,21,,0.0,0.0,3.0,0.0,0.0,3–5
325,2,21,,0.0,0.0,1.0,0.0,0.0,≤2
326,1,21,,0.0,0.0,1.0,0.0,0.0,≤2
329,6,21,,0.0,0.0,2.0,0.0,0.0,6–9
330,1,21,,0.0,0.0,2.0,0.0,0.0,≤2
331,2,21,,0.0,0.0,6.0,0.0,0.0,≤2
332,2,21,,0.0,0.0,6.0,0.0,0.0,≤2
336,8,21,,0.0,0.0,1.0,0.0,0.0,6–9
337,5,21,,0.0,0.0,2.0,0.0,0.0,3–5
343,8,21,,0.0,0.0,8.0,0.0,0.0,6–9
344,4,21,,0.0,0.0,7.0,0.0,0.0,3–5
345,2,21,,0.0,0.0,6.0,0.0,0.0,≤2
347,2,21,,0.0,0.0,8.0,0.0,0.0,≤2
350,7,21,,0.0,0.0,3.0,0.0,0.0,6–9
351,1,21,,0.0,0.0,0.0,0.0,0.0,≤2
356,2,21,,0.0,0.0,3.0,0.0,0.0,≤2
358,1,21,,0.0,0.0,1.0,0.0,0.0,≤2
362,1,21,,0.0,0.0,0.0,0.0,0.0,≤2
365,1,21,,0.0,0.0,2.0,0.0,0.0,≤2
366,1,21,,0.0,0.0,6.0,0.0,0.0,≤2
370,4,21,,0.0,0.0,6.0,0.0,0.0,3–5
371,1,21,,0.0,0.0,1.0,0.0,0.0,≤2
373,1,21,Virgil,0.0,-8.0,6.0,0.0,-12.5,≤2
374,1,21,,0.0,0.0,7.0,0.0,0.0,≤2
375,8,21,,0.0,0.0,6.0,0.0,0.0,6–9
376,1,21,,0.0,0.0,0.0,0.0,0.0,≤2
382,10,21,Wirtz,-1.0,-2.0,3.0,-1.5625,-3.125,10–14
384,6,21,,0.0,0.0,1.0,0.0,0.0,6–9
385,1,21,,0.0,0.0,1.0,0.0,0.0,≤2
386,2,21,,0.0,0.0,1.0,0.0,0.0,≤2
387,2,21,Szoboszlai,0.0,-1.0,3.0,0.0,-1.5625,≤2
388,2,21,,0.0,0.0,3.0,0.0,0.0,≤2
390,2,21,,0.0,0.0,5.0,0.0,0.0,≤2
403,1,21,Gvardiol,0.0,-1.0,1.0,0.0,-1.5625,≤2
405,1,21,,0.0,0.0,8.0,0.0,0.0,≤2
406,1,21,,0.0,0.0,0.0,0.0,0.0,≤2
407,1,21,,0.0,0.0,11.0,0.0,0.0,≤2
408,5,21,,0.0,0.0,6.0,0.0,0.0,3–5
411,2,21,,0.0,0.0,1.0,0.0,0.0,≤2
414,2,21,,0.0,0.0,3.0,0.0,0.0,≤2
416,1,21,,0.0,0.0,3.0,0.0,0.0,≤2
417,4,21,,0.0,0.0,5.0,0.0,0.0,3–5
418,1,21,,0.0,0.0,1.0,0.0,0.0,≤2
419,10,21,,0.0,0.0,1.0,0.0,0.0,10–14
421,5,21,,0.0,0.0,1.0,0.0,0.0,3–5
426,0,21,,0.0,0.0,0.0,0.0,0.0,≤2
427,10,21,,0.0,0.0,1.0,0.0,0.0,10–14
430,2,21,,0.0,0.0,2.0,0.0,0.0,≤2
437,4,21,,0.0,0.0,2.0,0.0,0.0,3–5
440,2,21,Dalot,0.0,1.0,2.0,0.0,1.5625,≤2
441,1,21,,0.0,0.0,2.0,0.0,0.0,≤2
443,2,21,,0.0,0.0,2.0,0.0,0.0,≤2
444,2,21,,0.0,0.0,1.0,0.0,0.0,≤2
447,4,21,,0.0,0.0,2.0,0.0,0.0,3–5
450,9,21,,0.0,0.0,2.0,0.0,0.0,6–9
456,1,21,,0.0,0.0,2.0,0.0,0.0,≤2
457,7,21,,0.0,0.0,6.0,0.0,0.0,6–9
459,4,21,,0.0,0.0,2.0,0.0,0.0,3–5
466,4,21,,0.0,0.0,8.0,0.0,0.0,3–5
469,6,21,Pope,0.0,1.0,2.0,0.0,1.5625,6–9
470,1,21,Dúbravka,1.0,0.0,2.0,1.5625,0.0,≤2
473,6,21,,0.0,0.0,4.0,0.0,0.0,6–9
474,8,21,,0.0,0.0,4.0,0.0,0.0,6–9
477,1,21,,0.0,0.0,0.0,0.0,0.0,≤2
485,2,21,,0.0,0.0,5.0,0.0,0.0,≤2
487,1,21,Barnes,1.0,0.0,2.0,1.5625,0.0,≤2
488,10,21,Bruno G.,0.0,1.0,10.0,0.0,1.5625,10–14
489,3,21,,0.0,0.0,1.0,0.0,0.0,3–5
490,5,21,,0.0,0.0,8.0,0.0,0.0,3–5
491,3,21,,0.0,0.0,2.0,0.0,0.0,3–5
494,1,21,,0.0,0.0,1.0,0.0,0.0,≤2
497,7,21,,0.0,0.0,4.0,0.0,0.0,6–9
502,1,21,,0.0,0.0,0.0,0.0,0.0,≤2
505,3,21,,0.0,0.0,1.0,0.0,0.0,3–5
506,3,21,,0.0,0.0,1.0,0.0,0.0,3–5
507,1,21,,0.0,0.0,0.0,0.0,0.0,≤2
508,1,21,,0.0,0.0,1.0,0.0,0.0,≤2
515,8,21,,0.0,0.0,2.0,0.0,0.0,6–9
517,4,21,Anderson,3.0,0.0,4.0,4.6875,0.0,3–5
519,4,21,,0.0,0.0,1.0,0.0,0.0,3–5
526,2,21,,0.0,0.0,2.0,0.0,0.0,≤2
531,1,21,,0.0,0.0,0.0,0.0,0.0,≤2
532,2,21,,0.0,0.0,6.0,0.0,0.0,≤2
535,0,21,,0.0,0.0,8.0,0.0,0.0,≤2
543,2,21,,0.0,0.0,2.0,0.0,0.0,≤2
547,4,21,,0.0,0.0,5.0,0.0,0.0,3–5
548,1,21,,0.0,0.0,1.0,0.0,0.0,≤2
551,1,21,,0.0,0.0,0.0,0.0,0.0,≤2
561,2,21,,0.0,0.0,2.0,0.0,0.0,≤2
565,2,21,,0.0,0.0,5.0,0.0,0.0,≤2
568,4,21,,0.0,0.0,10.0,0.0,0.0,3–5
569,2,21,,0.0,0.0,9.0,0.0,0.0,≤2
571,9,21,,0.0,0.0,0.0,0.0,0.0,6–9
573,1,21,,0.0,0.0,6.0,0.0,0.0,≤2
575,7,21,,0.0,0.0,6.0,0.0,0.0,6–9
580,1,21,,0.0,0.0,0.0,0.0,0.0,≤2
582,1,21,Kudus,-4.0,-1.0,3.0,-6.25,-1.5625,≤2
584,2,21,,0.0,0.0,1.0,0.0,0.0,≤2
585,3,21,,0.0,0.0,5.0,0.0,0.0,3–5
586,1,21,,0.0,0.0,0.0,0.0,0.0,≤2
588,3,21,,0.0,0.0,3.0,0.0,0.0,3–5
591,3,21,,0.0,0.0,3.0,0.0,0.0,3–5
597,2,21,,0.0,0.0,2.0,0.0,0.0,≤2
599,1,21,,0.0,0.0,0.0,0.0,0.0,≤2
600,2,21,,0.0,0.0,2.0,0.0,0.0,≤2
605,1,21,,0.0,0.0,0.0,0.0,0.0,≤2
606,1,21,,0.0,0.0,1.0,0.0,0.0,≤2
608,1,21,,0.0,0.0,3.0,0.0,0.0,≤2
613,1,21,,0.0,0.0,1.0,0.0,0.0,≤2
615,2,21,,0.0,0.0,1.0,0.0,0.0,≤2
623,1,21,,0.0,0.0,2.0,0.0,0.0,≤2
624,4,21,,0.0,0.0,7.0,0.0,0.0,3–5
628,6,21,,0.0,0.0,4.0,0.0,0.0,6–9
633,11,21,,0.0,0.0,5.0,0.0,0.0,10–14
634,6,21,,0.0,0.0,4.0,0.0,0.0,6–9
636,6,21,,0.0,0.0,0.0,0.0,0.0,6–9
642,11,21,,0.0,0.0,2.0,0.0,0.0,10–14
643,1,21,,0.0,0.0,0.0,0.0,0.0,≤2
646,1,21,,0.0,0.0,4.0,0.0,0.0,≤2
650,1,21,,0.0,0.0,0.0,0.0,0.0,≤2
654,1,21,,0.0,0.0,0.0,0.0,0.0,≤2
659,3,21,,0.0,0.0,1.0,0.0,0.0,3–5
660,4,21,,0.0,0.0,5.0,0.0,0.0,3–5
663,9,21,,0.0,0.0,4.0,0.0,0.0,6–9
665,2,21,,0.0,0.0,10.0,0.0,0.0,≤2
666,2,21,,0.0,0.0,2.0,0.0,0.0,≤2
668,4,21,,0.0,0.0,5.0,0.0,0.0,3–5
670,3,21,,0.0,0.0,7.0,0.0,0.0,3–5
671,2,21,,0.0,0.0,5.0,0.0,0.0,≤2
672,1,21,,0.0,0.0,0.0,0.0,0.0,≤2
673,0,21,,0.0,0.0,2.0,0.0,0.0,≤2
676,1,21,,0.0,0.0,4.0,0.0,0.0,≤2
680,2,21,,0.0,0.0,7.0,0.0,0.0,≤2
681,2,21,,0.0,0.0,2.0,0.0,0.0,≤2
682,1,21,,0.0,0.0,1.0,0.0,0.0,≤2
683,1,21,,0.0,0.0,8.0,0.0,0.0,≤2
684,17,21,Thiaw,0.0,1.0,4.0,0.0,1.5625,15+
691,2,21,,0.0,0.0,1.0,0.0,0.0,≤2
693,2,21,,0.0,0.0,2.0,0.0,0.0,≤2
694,4,21,Mukiele,1.0,4.0,11.0,1.5625,6.25,3–5
695,5,21,,0.0,0.0,1.0,0.0,0.0,3–5
696,1,21,,0.0,0.0,0.0,0.0,0.0,≤2
697,0,21,,0.0,0.0,1.0,0.0,0.0,≤2
698,2,21,,0.0,0.0,1.0,0.0,0.0,≤2
699,1,21,,0.0,0.0,0.0,0.0,0.0,≤2
706,4,21,,0.0,0.0,6.0,0.0,0.0,3–5
707,1,21,,0.0,0.0,5.0,0.0,0.0,≤2
708,2,21,,0.0,0.0,3.0,0.0,0.0,≤2
709,6,21,,0.0,0.0,8.0,0.0,0.0,6–9
712,2,21,Yeremy,-1.0,0.0,2.0,-1.5625,0.0,≤2
713,1,21,,0.0,0.0,3.0,0.0,0.0,≤2
714,1,21,Woltemade,0.0,-1.0,1.0,0.0,-1.5625,≤2
715,1,21,,0.0,0.0,1.0,0.0,0.0,≤2
716,1,21,,0.0,0.0,0.0,0.0,0.0,≤2
718,1,21,,0.0,0.0,2.0,0.0,0.0,≤2
719,2,21,,0.0,0.0,0.0,0.0,0.0,≤2
720,2,21,,0.0,0.0,2.0,0.0,0.0,≤2
722,3,21,,0.0,0.0,3.0,0.0,0.0,3–5
723,2,21,,0.0,0.0,1.0,0.0,0.0,≤2
724,2,21,,0.0,0.0,6.0,0.0,0.0,≤2
725,1,21,Hincapie,0.0,-1.0,2.0,0.0,-1.5625,≤2
726,2,21,,0.0,0.0,1.0,0.0,0.0,≤2
728,1,21,,0.0,0.0,5.0,0.0,0.0,≤2
730,9,21,,0.0,0.0,1.0,0.0,0.0,6–9
731,4,21,,0.0,0.0,2.0,0.0,0.0,3–5
732,1,21,,0.0,0.0,1.0,0.0,0.0,≤2
733,2,21,,0.0,0.0,3.0,0.0,0.0,≤2
734,4,21,,0.0,0.0,1.0,0.0,0.0,3–5
736,2,21,,0.0,0.0,7.0,0.0,0.0,≤2
737,1,21,,0.0,0.0,0.0,0.0,0.0,≤2
747,1,21,,0.0,0.0,1.0,0.0,0.0,≤2
749,12,21,Mané,0.0,3.0,2.0,0.0,4.6875,10–14
762,1,21,,0.0,0.0,0.0,0.0,0.0,≤2
783,1,21,,0.0,0.0,0.0,0.0,0.0,≤2
1,6,22,,0.0,0.0,1.0,0.0,0.0,6–9
5,6,22,Gabriel,21.0,8.0,9.0,32.8125,12.5,6–9
6,7,22,,0.0,0.0,1.0,0.0,0.0,6–9
8,6,22,J.Timber,-2.0,0.0,3.0,-3.125,0.0,6–9
10,1,22,,0.0,0.0,0.0,0.0,0.0,≤2
16,3,22,Saka,2.0,0.0,4.0,3.125,0.0,3–5
17,3,22,,0.0,0.0,7.0,0.0,0.0,3–5
18,1,22,,0.0,0.0,2.0,0.0,0.0,≤2
19,0,22,,0.0,0.0,5.0,0.0,0.0,≤2
20,2,22,,0.0,0.0,1.0,0.0,0.0,≤2
21,3,22,Rice,0.0,3.0,17.0,0.0,4.6875,3–5
26,5,22,,0.0,0.0,3.0,0.0,0.0,3–5
27,1,22,,0.0,0.0,0.0,0.0,0.0,≤2
31,1,22,,0.0,0.0,1.0,0.0,0.0,≤2
32,1,22,,0.0,0.0,3.0,0.0,0.0,≤2
33,2,22,,0.0,0.0,0.0,0.0,0.0,≤2
36,6,22,Cash,1.0,0.0,5.0,1.5625,0.0,6–9
37,9,22,,0.0,0.0,1.0,0.0,0.0,6–9
38,7,22,,0.0,0.0,2.0,0.0,0.0,6–9
39,1,22,,0.0,0.0,2.0,0.0,0.0,≤2
44,1,22,,0.0,0.0,0.0,0.0,0.0,≤2
47,3,22,Rogers,0.0,10.0,5.0,0.0,15.625,3–5
48,3,22,,0.0,0.0,7.0,0.0,0.0,3–5
50,1,22,,0.0,0.0,2.0,0.0,0.0,≤2
52,1,22,,0.0,0.0,1.0,0.0,0.0,≤2
53,1,22,,0.0,0.0,1.0,0.0,0.0,≤2
54,3,22,,0.0,0.0,15.0,0.0,0.0,3–5
58,3,22,,0.0,0.0,4.0,0.0,0.0,3–5
64,2,22,,0.0,0.0,7.0,0.0,0.0,≤2
67,1,22,,0.0,0.0,1.0,0.0,0.0,≤2
72,6,22,Senesi,0.0,-1.0,1.0,0.0,-1.5625,6–9
74,1,22,,0.0,0.0,1.0,0.0,0.0,≤2
77,3,22,,0.0,0.0,3.0,0.0,0.0,3–5
82,6,22,,0.0,0.0,1.0,0.0,0.0,6–9
84,5,22,Tavernier,37.0,13.0,2.0,57.8125,20.3125,3–5
86,4,22,,0.0,0.0,2.0,0.0,0.0,3–5
88,3,22,,0.0,0.0,4.0,0.0,0.0,3–5
90,4,22,,0.0,0.0,2.0,0.0,0.0,3–5
97,6,22,,0.0,0.0,7.0,0.0,0.0,6–9
98,1,22,,0.0,0.0,1.0,0.0,0.0,≤2
100,7,22,,0.0,0.0,5.0,0.0,0.0,6–9
101,13,22,Kelleher,-1.0,0.0,2.0,-1.5625,0.0,10–14
106,13,22,Collins,-2.0,0.0,10.0,-3.125,0.0,10–14
107,6,22,,0.0,0.0,0.0,0.0,0.0,6–9
108,6,22,,0.0,0.0,3.0,0.0,0.0,6–9
109,6,22,,0.0,0.0,1.0,0.0,0.0,6–9
110,6,22,,0.0,0.0,0.0,0.0,0.0,6–9
116,1,22,,0.0,0.0,2.0,0.0,0.0,≤2
120,6,22,Schade,-2.0,0.0,6.0,-3.125,0.0,6–9
121,1,22,,0.0,0.0,4.0,0.0,0.0,≤2
124,1,22,,0.0,0.0,1.0,0.0,0.0,≤2
125,7,22,,0.0,0.0,11.0,0.0,0.0,6–9
126,3,22,,0.0,0.0,3.0,0.0,0.0,3–5
129,8,22,,0.0,0.0,3.0,0.0,0.0,6–9
135,1,22,,0.0,0.0,2.0,0.0,0.0,≤2
136,12,22,Thiago,0.0,1.0,17.0,0.0,1.5625,10–14
139,3,22,,0.0,0.0,7.0,0.0,0.0,3–5
145,1,22,,0.0,0.0,1.0,0.0,0.0,≤2
146,3,22,,0.0,0.0,6.0,0.0,0.0,3–5
148,2,22,,0.0,0.0,9.0,0.0,0.0,≤2
151,3,22,,0.0,0.0,6.0,0.0,0.0,3–5
157,8,22,,0.0,0.0,3.0,0.0,0.0,6–9
158,2,22,,0.0,0.0,8.0,0.0,0.0,≤2
162,1,22,,0.0,0.0,3.0,0.0,0.0,≤2
163,5,22,,0.0,0.0,0.0,0.0,0.0,3–5
166,5,22,,0.0,0.0,12.0,0.0,0.0,3–5
169,2,22,,0.0,0.0,3.0,0.0,0.0,≤2
170,1,22,,0.0,0.0,1.0,0.0,0.0,≤2
172,0,22,,0.0,0.0,1.0,0.0,0.0,≤2
178,1,22,,0.0,0.0,1.0,0.0,0.0,≤2
187,1,22,,0.0,0.0,0.0,0.0,0.0,≤2
191,3,22,,0.0,0.0,0.0,0.0,0.0,3–5
193,6,22,,0.0,0.0,2.0,0.0,0.0,6–9
195,1,22,,0.0,0.0,1.0,0.0,0.0,≤2
197,1,22,,0.0,0.0,1.0,0.0,0.0,≤2
200,6,22,,0.0,0.0,2.0,0.0,0.0,6–9
206,5,22,,0.0,0.0,1.0,0.0,0.0,3–5
207,0,22,,0.0,0.0,0.0,0.0,0.0,≤2
209,4,22,,0.0,0.0,1.0,0.0,0.0,3–5
217,0,22,,0.0,0.0,0.0,0.0,0.0,≤2
220,2,22,,0.0,0.0,0.0,0.0,0.0,≤2
224,-3,22,,0.0,0.0,0.0,0.0,0.0,≤2
225,1,22,,0.0,0.0,1.0,0.0,0.0,≤2
226,3,22,Chalobah,1.0,0.0,4.0,1.5625,0.0,3–5
228,2,22,,0.0,0.0,2.0,0.0,0.0,≤2
232,0,22,,0.0,0.0,0.0,0.0,0.0,≤2
233,1,22,,0.0,0.0,2.0,0.0,0.0,≤2
235,1,22,,0.0,0.0,2.0,0.0,0.0,≤2
236,5,22,,0.0,0.0,2.0,0.0,0.0,3–5
237,1,22,Enzo,15.0,14.0,11.0,23.4375,21.875,≤2
241,4,22,,0.0,0.0,0.0,0.0,0.0,3–5
246,1,22,,0.0,0.0,1.0,0.0,0.0,≤2
249,1,22,,0.0,0.0,2.0,0.0,0.0,≤2
250,7,22,,0.0,0.0,0.0,0.0,0.0,6–9
253,7,22,,0.0,0.0,2.0,0.0,0.0,6–9
257,8,22,Lacroix,-1.0,0.0,3.0,-1.5625,0.0,6–9
258,5,22,,0.0,0.0,2.0,0.0,0.0,3–5
259,1,22,,0.0,0.0,0.0,0.0,0.0,≤2
260,6,22,,0.0,0.0,2.0,0.0,0.0,6–9
266,1,22,,0.0,0.0,0.0,0.0,0.0,≤2
270,3,22,,0.0,0.0,2.0,0.0,0.0,3–5
273,3,22,,0.0,0.0,4.0,0.0,0.0,3–5
276,3,22,,0.0,0.0,1.0,0.0,0.0,3–5
283,2,22,,0.0,0.0,2.0,0.0,0.0,≤2
287,3,22,,0.0,0.0,1.0,0.0,0.0,3–5
291,4,22,Tarkowski,-9.0,-1.0,2.0,-14.0625,-1.5625,3–5
292,2,22,,0.0,0.0,0.0,0.0,0.0,≤2
293,2,22,,0.0,0.0,0.0,0.0,0.0,≤2
295,5,22,Keane,-8.0,-6.0,0.0,-12.5,-9.375,3–5
296,1,22,,0.0,0.0,0.0,0.0,0.0,≤2
300,2,22,,0.0,0.0,1.0,0.0,0.0,≤2
303,6,22,,0.0,0.0,4.0,0.0,0.0,6–9
304,7,22,,0.0,0.0,4.0,0.0,0.0,6–9
305,4,22,,0.0,0.0,1.0,0.0,0.0,3–5
310,2,22,,0.0,0.0,6.0,0.0,0.0,≤2
311,1,22,,0.0,0.0,5.0,0.0,0.0,≤2
314,3,22,,0.0,0.0,1.0,0.0,0.0,3–5
316,2,22,,0.0,0.0,1.0,0.0,0.0,≤2
317,2,22,Andersen,0.0,1.0,3.0,0.0,1.5625,≤2
319,1,22,,0.0,0.0,1.0,0.0,0.0,≤2
320,2,22,,0.0,0.0,1.0,0.0,0.0,≤2
321,0,22,,0.0,0.0,3.0,0.0,0.0,≤2
325,5,22,,0.0,0.0,2.0,0.0,0.0,3–5
326,1,22,,0.0,0.0,1.0,0.0,0.0,≤2
328,1,22,,0.0,0.0,0.0,0.0,0.0,≤2
329,9,22,,0.0,0.0,6.0,0.0,0.0,6–9
330,10,22,,0.0,0.0,1.0,0.0,0.0,10–14
331,2,22,,0.0,0.0,2.0,0.0,0.0,≤2
332,1,22,,0.0,0.0,2.0,0.0,0.0,≤2
336,1,22,,0.0,0.0,8.0,0.0,0.0,≤2
337,5,22,,0.0,0.0,5.0,0.0,0.0,3–5
343,2,22,,0.0,0.0,8.0,0.0,0.0,≤2
344,3,22,,0.0,0.0,4.0,0.0,0.0,3–5
345,1,22,,0.0,0.0,2.0,0.0,0.0,≤2
347,0,22,,0.0,0.0,2.0,0.0,0.0,≤2
348,1,22,Rodon,0.0,-1.0,0.0,0.0,-1.5625,≤2
350,14,22,,0.0,0.0,7.0,0.0,0.0,10–14
351,1,22,,0.0,0.0,1.0,0.0,0.0,≤2
354,3,22,,0.0,0.0,0.0,0.0,0.0,3–5
356,7,22,,0.0,0.0,2.0,0.0,0.0,6–9
358,1,22,,0.0,0.0,1.0,0.0,0.0,≤2
365,1,22,,0.0,0.0,1.0,0.0,0.0,≤2
366,10,22,A.Becker,1.0,0.0,1.0,1.5625,0.0,10–14
370,6,22,,0.0,0.0,4.0,0.0,0.0,6–9
371,9,22,,0.0,0.0,1.0,0.0,0.0,6–9
373,6,22,Virgil,3.0,0.0,1.0,4.6875,0.0,6–9
374,7,22,,0.0,0.0,1.0,0.0,0.0,6–9
375,6,22,,0.0,0.0,8.0,0.0,0.0,6–9
376,1,22,,0.0,0.0,1.0,0.0,0.0,≤2
382,3,22,Wirtz,0.0,2.0,10.0,0.0,3.125,3–5
384,3,22,Gakpo,4.0,1.0,6.0,6.25,1.5625,3–5
386,2,22,,0.0,0.0,2.0,0.0,0.0,≤2
387,3,22,Szoboszlai,1.0,0.0,2.0,1.5625,0.0,3–5
390,3,22,,0.0,0.0,2.0,0.0,0.0,3–5
405,2,22,,0.0,0.0,1.0,0.0,0.0,≤2
406,2,22,,0.0,0.0,1.0,0.0,0.0,≤2
407,2,22,,0.0,0.0,1.0,0.0,0.0,≤2
410,1,22,,0.0,0.0,0.0,0.0,0.0,≤2
411,1,22,O'Reilly,-1.0,-2.0,2.0,-1.5625,-3.125,≤2
414,2,22,,0.0,0.0,2.0,0.0,0.0,≤2
416,2,22,,0.0,0.0,1.0,0.0,0.0,≤2
417,1,22,Cherki,-2.0,-1.0,4.0,-3.125,-1.5625,≤2
418,8,22,,0.0,0.0,1.0,0.0,0.0,6–9
419,-1,22,,0.0,0.0,10.0,0.0,0.0,≤2
421,1,22,,0.0,0.0,5.0,0.0,0.0,≤2
423,4,22,,0.0,0.0,0.0,0.0,0.0,3–5
427,2,22,Reijnders,-1.0,0.0,10.0,-1.5625,0.0,≤2
430,6,22,,0.0,0.0,2.0,0.0,0.0,6–9
437,1,22,,0.0,0.0,4.0,0.0,0.0,≤2
440,1,22,Dalot,-1.0,0.0,2.0,-1.5625,0.0,≤2
441,5,22,Dorgu,-2.0,-1.0,1.0,-3.125,-1.5625,3–5
443,1,22,,0.0,0.0,2.0,0.0,0.0,≤2
444,1,22,,0.0,0.0,2.0,0.0,0.0,≤2
447,0,22,,0.0,0.0,4.0,0.0,0.0,≤2
449,7,22,B.Fernandes,13.0,7.0,0.0,20.3125,10.9375,6–9
450,2,22,Cunha,-62.0,-46.0,9.0,-96.875,-71.875,≤2
455,1,22,,0.0,0.0,0.0,0.0,0.0,≤2
456,3,22,,0.0,0.0,1.0,0.0,0.0,3–5
457,4,22,,0.0,0.0,7.0,0.0,0.0,3–5
458,1,22,,0.0,0.0,0.0,0.0,0.0,≤2
459,2,22,,0.0,0.0,4.0,0.0,0.0,≤2
466,1,22,,0.0,0.0,4.0,0.0,0.0,≤2
469,2,22,,0.0,0.0,6.0,0.0,0.0,≤2
470,3,22,,0.0,0.0,1.0,0.0,0.0,3–5
473,4,22,Hall,-1.0,0.0,6.0,-1.5625,0.0,3–5
474,3,22,,0.0,0.0,8.0,0.0,0.0,3–5
475,4,22,,0.0,0.0,0.0,0.0,0.0,3–5
477,1,22,,0.0,0.0,1.0,0.0,0.0,≤2
485,1,22,,0.0,0.0,2.0,0.0,0.0,≤2
487,15,22,Barnes,1.0,0.0,1.0,1.5625,0.0,15+
488,11,22,Bruno G.,0.0,1.0,10.0,0.0,1.5625,10–14
489,1,22,,0.0,0.0,3.0,0.0,0.0,≤2
490,8,22,,0.0,0.0,5.0,0.0,0.0,6–9
491,1,22,,0.0,0.0,3.0,0.0,0.0,≤2
497,4,22,,0.0,0.0,7.0,0.0,0.0,3–5
502,3,22,,0.0,0.0,1.0,0.0,0.0,3–5
505,2,22,,0.0,0.0,3.0,0.0,0.0,≤2
506,2,22,,0.0,0.0,3.0,0.0,0.0,≤2
507,2,22,,0.0,0.0,1.0,0.0,0.0,≤2
508,4,22,,0.0,0.0,1.0,0.0,0.0,3–5
511,1,22,,0.0,0.0,0.0,0.0,0.0,≤2
515,9,22,,0.0,0.0,8.0,0.0,0.0,6–9
516,2,22,,0.0,0.0,0.0,0.0,0.0,≤2
517,7,22,Anderson,1.0,0.0,4.0,1.5625,0.0,6–9
519,10,22,,0.0,0.0,4.0,0.0,0.0,10–14
526,2,22,,0.0,0.0,2.0,0.0,0.0,≤2
531,1,22,Ballard,0.0,1.0,1.0,0.0,1.5625,≤2
532,0,22,,0.0,0.0,2.0,0.0,0.0,≤2
535,1,22,,0.0,0.0,0.0,0.0,0.0,≤2
539,1,22,,0.0,0.0,0.0,0.0,0.0,≤2
543,1,22,,0.0,0.0,2.0,0.0,0.0,≤2
547,0,22,E.Le Fée,0.0,1.0,4.0,0.0,1.5625,≤2
548,1,22,,0.0,0.0,1.0,0.0,0.0,≤2
549,1,22,,0.0,0.0,0.0,0.0,0.0,≤2
551,1,22,,0.0,0.0,1.0,0.0,0.0,≤2
561,1,22,,0.0,0.0,2.0,0.0,0.0,≤2
565,1,22,,0.0,0.0,2.0,0.0,0.0,≤2
568,0,22,Pedro Porro,1.0,0.0,4.0,1.5625,0.0,≤2
569,3,22,,0.0,0.0,2.0,0.0,0.0,3–5
573,1,22,,0.0,0.0,1.0,0.0,0.0,≤2
575,0,22,Van de Ven,0.0,2.0,7.0,0.0,3.125,≤2
580,2,22,,0.0,0.0,1.0,0.0,0.0,≤2
584,10,22,,0.0,0.0,2.0,0.0,0.0,10–14
585,2,22,,0.0,0.0,3.0,0.0,0.0,≤2
586,1,22,,0.0,0.0,1.0,0.0,0.0,≤2
588,1,22,,0.0,0.0,3.0,0.0,0.0,≤2
591,1,22,,0.0,0.0,3.0,0.0,0.0,≤2
597,1,22,,0.0,0.0,2.0,0.0,0.0,≤2
600,2,22,,0.0,0.0,2.0,0.0,0.0,≤2
606,2,22,,0.0,0.0,1.0,0.0,0.0,≤2
608,4,22,,0.0,0.0,1.0,0.0,0.0,3–5
609,2,22,,0.0,0.0,0.0,0.0,0.0,≤2
612,2,22,L.Paquetá,-2.0,-2.0,0.0,-3.125,-3.125,≤2
613,6,22,,0.0,0.0,1.0,0.0,0.0,6–9
615,4,22,,0.0,0.0,2.0,0.0,0.0,3–5
623,1,22,,0.0,0.0,1.0,0.0,0.0,≤2
624,2,22,,0.0,0.0,4.0,0.0,0.0,≤2
628,1,22,,0.0,0.0,6.0,0.0,0.0,≤2
633,2,22,,0.0,0.0,11.0,0.0,0.0,≤2
634,3,22,,0.0,0.0,6.0,0.0,0.0,3–5
636,2,22,,0.0,0.0,6.0,0.0,0.0,≤2
640,1,22,,0.0,0.0,0.0,0.0,0.0,≤2
642,1,22,,0.0,0.0,11.0,0.0,0.0,≤2
643,1,22,,0.0,0.0,1.0,0.0,0.0,≤2
646,4,22,,0.0,0.0,1.0,0.0,0.0,3–5
654,4,22,,0.0,0.0,1.0,0.0,0.0,3–5
659,0,22,,0.0,0.0,3.0,0.0,0.0,≤2
660,2,22,,0.0,0.0,4.0,0.0,0.0,≤2
663,1,22,,0.0,0.0,9.0,0.0,0.0,≤2
665,1,22,,0.0,0.0,2.0,0.0,0.0,≤2
666,2,22,,0.0,0.0,2.0,0.0,0.0,≤2
668,2,22,,0.0,0.0,4.0,0.0,0.0,≤2
670,2,22,,0.0,0.0,3.0,0.0,0.0,≤2
672,1,22,,0.0,0.0,1.0,0.0,0.0,≤2
673,9,22,,0.0,0.0,0.0,0.0,0.0,6–9
676,4,22,,0.0,0.0,1.0,0.0,0.0,3–5
680,2,22,,0.0,0.0,2.0,0.0,0.0,≤2
681,13,22,,0.0,0.0,2.0,0.0,0.0,10–14
683,1,22,Alderete,2.0,1.0,1.0,3.125,1.5625,≤2
684,-1,22,Thiaw,-2.0,0.0,17.0,-3.125,0.0,≤2
685,1,22,,0.0,0.0,0.0,0.0,0.0,≤2
691,8,22,,0.0,0.0,2.0,0.0,0.0,6–9
693,1,22,,0.0,0.0,2.0,0.0,0.0,≤2
694,3,22,Mukiele,4.0,1.0,4.0,6.25,1.5625,3–5
695,2,22,,0.0,0.0,5.0,0.0,0.0,≤2
697,1,22,,0.0,0.0,0.0,0.0,0.0,≤2
698,1,22,,0.0,0.0,2.0,0.0,0.0,≤2
706,0,22,,0.0,0.0,4.0,0.0,0.0,≤2
708,2,22,,0.0,0.0,2.0,0.0,0.0,≤2
709,2,22,,0.0,0.0,6.0,0.0,0.0,≤2
712,3,22,,0.0,0.0,2.0,0.0,0.0,3–5
713,0,22,,0.0,0.0,1.0,0.0,0.0,≤2
714,5,22,,0.0,0.0,1.0,0.0,0.0,3–5
717,5,22,,0.0,0.0,0.0,0.0,0.0,3–5
719,6,22,,0.0,0.0,2.0,0.0,0.0,6–9
720,2,22,,0.0,0.0,2.0,0.0,0.0,≤2
721,1,22,,0.0,0.0,0.0,0.0,0.0,≤2
722,2,22,,0.0,0.0,3.0,0.0,0.0,≤2
723,10,22,,0.0,0.0,2.0,0.0,0.0,10–14
724,1,22,,0.0,0.0,2.0,0.0,0.0,≤2
725,1,22,Hincapie,-1.0,-2.0,1.0,-1.5625,-3.125,≤2
726,1,22,,0.0,0.0,2.0,0.0,0.0,≤2
728,1,22,,0.0,0.0,1.0,0.0,0.0,≤2
730,2,22,,0.0,0.0,9.0,0.0,0.0,≤2
731,1,22,,0.0,0.0,4.0,0.0,0.0,≤2
733,1,22,,0.0,0.0,2.0,0.0,0.0,≤2
734,1,22,,0.0,0.0,4.0,0.0,0.0,≤2
736,1,22,,0.0,0.0,2.0,0.0,0.0,≤2
747,1,22,,0.0,0.0,1.0,0.0,0.0,≤2
749,9,22,,0.0,0.0,12.0,0.0,0.0,6–9
755,1,22,,0.0,0.0,0.0,0.0,0.0,≤2
783,1,22,,0.0,0.0,1.0,0.0,0.0,≤2
785,1,22,,0.0,0.0,0.0,0.0,0.0,≤2
791,2,22,,0.0,0.0,0.0,0.0,0.0,≤2
794,4,22,,0.0,0.0,0.0,0.0,0.0,3–5
1,6,23,,0.0,0.0,6.0,0.0,0.0,6–9
5,8,23,,0.0,0.0,6.0,0.0,0.0,6–9
6,8,23,,0.0,0.0,7.0,0.0,0.0,6–9
8,5,23,,0.0,0.0,6.0,0.0,0.0,3–5
11,6,23,,0.0,0.0,0.0,0.0,0.0,6–9
16,1,23,Saka,1.0,-2.0,3.0,1.5625,-3.125,≤2
17,1,23,,0.0,0.0,3.0,0.0,0.0,≤2
18,1,23,,0.0,0.0,1.0,0.0,0.0,≤2
19,1,23,,0.0,0.0,0.0,0.0,0.0,≤2
20,1,23,,0.0,0.0,2.0,0.0,0.0,≤2
21,3,23,Rice,0.0,2.0,3.0,0.0,3.125,3–5
22,1,23,,0.0,0.0,0.0,0.0,0.0,≤2
26,3,23,,0.0,0.0,5.0,0.0,0.0,3–5
31,1,23,,0.0,0.0,1.0,0.0,0.0,≤2
32,2,23,,0.0,0.0,1.0,0.0,0.0,≤2
36,2,23,,0.0,0.0,6.0,0.0,0.0,≤2
37,1,23,,0.0,0.0,9.0,0.0,0.0,≤2
38,2,23,,0.0,0.0,7.0,0.0,0.0,≤2
39,2,23,,0.0,0.0,1.0,0.0,0.0,≤2
41,2,23,,0.0,0.0,0.0,0.0,0.0,≤2
44,1,23,,0.0,0.0,1.0,0.0,0.0,≤2
47,2,23,,0.0,0.0,3.0,0.0,0.0,≤2
48,2,23,,0.0,0.0,3.0,0.0,0.0,≤2
50,2,23,,0.0,0.0,1.0,0.0,0.0,≤2
54,1,23,,0.0,0.0,3.0,0.0,0.0,≤2
64,2,23,Watkins,5.0,0.0,2.0,7.8125,0.0,≤2
67,2,23,,0.0,0.0,1.0,0.0,0.0,≤2
72,3,23,,0.0,0.0,6.0,0.0,0.0,3–5
73,0,23,,0.0,0.0,0.0,0.0,0.0,≤2
74,4,23,,0.0,0.0,1.0,0.0,0.0,3–5
77,2,23,,0.0,0.0,3.0,0.0,0.0,≤2
82,2,23,Semenyo,2.0,3.0,6.0,3.125,4.6875,≤2
83,1,23,O.Dango,0.0,1.0,0.0,0.0,1.5625,≤2
84,8,23,Tavernier,-15.0,-5.0,5.0,-23.4375,-7.8125,6–9
87,1,23,,0.0,0.0,0.0,0.0,0.0,≤2
88,4,23,,0.0,0.0,3.0,0.0,0.0,3–5
90,4,23,,0.0,0.0,4.0,0.0,0.0,3–5
97,2,23,Evanilson,1.0,0.0,6.0,1.5625,0.0,≤2
100,2,23,Kroupi.Jr,1.0,0.0,7.0,1.5625,0.0,≤2
101,1,23,,0.0,0.0,13.0,0.0,0.0,≤2
106,1,23,,0.0,0.0,13.0,0.0,0.0,≤2
107,1,23,,0.0,0.0,6.0,0.0,0.0,≤2
108,1,23,,0.0,0.0,6.0,0.0,0.0,≤2
109,1,23,,0.0,0.0,6.0,0.0,0.0,≤2
110,1,23,,0.0,0.0,6.0,0.0,0.0,≤2
116,1,23,,0.0,0.0,1.0,0.0,0.0,≤2
119,9,23,,0.0,0.0,0.0,0.0,0.0,6–9
120,1,23,,0.0,0.0,6.0,0.0,0.0,≤2
121,4,23,,0.0,0.0,1.0,0.0,0.0,3–5
125,1,23,,0.0,0.0,7.0,0.0,0.0,≤2
126,2,23,,0.0,0.0,3.0,0.0,0.0,≤2
129,2,23,,0.0,0.0,8.0,0.0,0.0,≤2
130,1,23,,0.0,0.0,0.0,0.0,0.0,≤2
135,1,23,,0.0,0.0,1.0,0.0,0.0,≤2
136,2,23,Thiago,2.0,1.0,12.0,3.125,1.5625,≤2
139,2,23,,0.0,0.0,3.0,0.0,0.0,≤2
143,1,23,,0.0,0.0,0.0,0.0,0.0,≤2
146,2,23,,0.0,0.0,3.0,0.0,0.0,≤2
148,2,23,,0.0,0.0,2.0,0.0,0.0,≤2
151,6,23,,0.0,0.0,3.0,0.0,0.0,6–9
152,2,23,,0.0,0.0,0.0,0.0,0.0,≤2
157,2,23,,0.0,0.0,8.0,0.0,0.0,≤2
158,1,23,,0.0,0.0,2.0,0.0,0.0,≤2
160,1,23,Minteh,0.0,-1.0,0.0,0.0,-1.5625,≤2
162,2,23,,0.0,0.0,1.0,0.0,0.0,≤2
163,2,23,,0.0,0.0,5.0,0.0,0.0,≤2
167,1,23,,0.0,0.0,0.0,0.0,0.0,≤2
169,2,23,,0.0,0.0,2.0,0.0,0.0,≤2
178,1,23,,0.0,0.0,1.0,0.0,0.0,≤2
181,8,23,,0.0,0.0,0.0,0.0,0.0,6–9
187,2,23,,0.0,0.0,1.0,0.0,0.0,≤2
190,1,23,,0.0,0.0,0.0,0.0,0.0,≤2
191,2,23,Estève,1.0,0.0,3.0,1.5625,0.0,≤2
193,4,23,,0.0,0.0,6.0,0.0,0.0,3–5
195,4,23,,0.0,0.0,1.0,0.0,0.0,3–5
198,4,23,,0.0,0.0,0.0,0.0,0.0,3–5
200,2,23,,0.0,0.0,6.0,0.0,0.0,≤2
206,9,23,,0.0,0.0,5.0,0.0,0.0,6–9
207,1,23,,0.0,0.0,0.0,0.0,0.0,≤2
209,1,23,,0.0,0.0,4.0,0.0,0.0,≤2
210,1,23,,0.0,0.0,0.0,0.0,0.0,≤2
217,1,23,,0.0,0.0,0.0,0.0,0.0,≤2
220,11,23,,0.0,0.0,2.0,0.0,0.0,10–14
224,5,23,,0.0,0.0,-3.0,0.0,0.0,3–5
225,7,23,,0.0,0.0,1.0,0.0,0.0,6–9
226,8,23,Chalobah,0.0,2.0,3.0,0.0,3.125,6–9
230,0,23,,0.0,0.0,0.0,0.0,0.0,≤2
232,3,23,,0.0,0.0,0.0,0.0,0.0,3–5
233,1,23,,0.0,0.0,1.0,0.0,0.0,≤2
235,9,23,Palmer,6.0,1.0,1.0,9.375,1.5625,6–9
236,3,23,,0.0,0.0,5.0,0.0,0.0,3–5
237,6,23,Enzo,6.0,9.0,1.0,9.375,14.0625,6–9
241,5,23,,0.0,0.0,4.0,0.0,0.0,3–5
246,1,23,,0.0,0.0,1.0,0.0,0.0,≤2
249,8,23,,0.0,0.0,1.0,0.0,0.0,6–9
250,4,23,,0.0,0.0,7.0,0.0,0.0,3–5
253,2,23,,0.0,0.0,7.0,0.0,0.0,≤2
257,1,23,Lacroix,-2.0,0.0,8.0,-3.125,0.0,≤2
258,0,23,,0.0,0.0,5.0,0.0,0.0,≤2
261,2,23,Richards,0.0,1.0,0.0,0.0,1.5625,≤2
266,1,23,,0.0,0.0,1.0,0.0,0.0,≤2
270,5,23,,0.0,0.0,3.0,0.0,0.0,3–5
272,2,23,,0.0,0.0,0.0,0.0,0.0,≤2
273,1,23,,0.0,0.0,3.0,0.0,0.0,≤2
276,2,23,,0.0,0.0,3.0,0.0,0.0,≤2
283,2,23,,0.0,0.0,2.0,0.0,0.0,≤2
287,10,23,,0.0,0.0,3.0,0.0,0.0,10–14
291,8,23,,0.0,0.0,4.0,0.0,0.0,6–9
292,6,23,,0.0,0.0,2.0,0.0,0.0,6–9
293,9,23,,0.0,0.0,2.0,0.0,0.0,6–9
296,8,23,,0.0,0.0,1.0,0.0,0.0,6–9
300,5,23,,0.0,0.0,2.0,0.0,0.0,3–5
303,4,23,,0.0,0.0,6.0,0.0,0.0,3–5
305,3,23,,0.0,0.0,4.0,0.0,0.0,3–5
310,8,23,,0.0,0.0,2.0,0.0,0.0,6–9
311,1,23,,0.0,0.0,1.0,0.0,0.0,≤2
314,3,23,,0.0,0.0,3.0,0.0,0.0,3–5
316,2,23,,0.0,0.0,2.0,0.0,0.0,≤2
317,2,23,Andersen,1.0,0.0,2.0,1.5625,0.0,≤2
319,1,23,,0.0,0.0,1.0,0.0,0.0,≤2
320,1,23,,0.0,0.0,2.0,0.0,0.0,≤2
321,3,23,,0.0,0.0,0.0,0.0,0.0,3–5
325,3,23,,0.0,0.0,5.0,0.0,0.0,3–5
328,3,23,,0.0,0.0,1.0,0.0,0.0,3–5
329,2,23,,0.0,0.0,9.0,0.0,0.0,≤2
330,2,23,,0.0,0.0,10.0,0.0,0.0,≤2
331,1,23,,0.0,0.0,2.0,0.0,0.0,≤2
332,2,23,,0.0,0.0,1.0,0.0,0.0,≤2
335,1,23,,0.0,0.0,0.0,0.0,0.0,≤2
337,2,23,Raúl,1.0,0.0,5.0,1.5625,0.0,≤2
341,6,23,,0.0,0.0,0.0,0.0,0.0,6–9
342,6,23,,0.0,0.0,0.0,0.0,0.0,6–9
343,6,23,,0.0,0.0,2.0,0.0,0.0,6–9
345,1,23,,0.0,0.0,1.0,0.0,0.0,≤2
347,6,23,Gudmundsson,1.0,0.0,0.0,1.5625,0.0,6–9
348,6,23,,0.0,0.0,1.0,0.0,0.0,6–9
350,3,23,,0.0,0.0,14.0,0.0,0.0,3–5
351,1,23,,0.0,0.0,1.0,0.0,0.0,≤2
354,7,23,,0.0,0.0,3.0,0.0,0.0,6–9
356,3,23,,0.0,0.0,7.0,0.0,0.0,3–5
358,1,23,,0.0,0.0,1.0,0.0,0.0,≤2
365,7,23,Nmecha,-1.0,0.0,1.0,-1.5625,0.0,6–9
366,2,23,,0.0,0.0,10.0,0.0,0.0,≤2
370,2,23,,0.0,0.0,6.0,0.0,0.0,≤2
371,1,23,,0.0,0.0,9.0,0.0,0.0,≤2
372,1,23,,0.0,0.0,0.0,0.0,0.0,≤2
373,2,23,,0.0,0.0,6.0,0.0,0.0,≤2
374,2,23,,0.0,0.0,7.0,0.0,0.0,≤2
382,10,23,Wirtz,0.0,-1.0,3.0,0.0,-1.5625,10–14
384,2,23,Gakpo,-3.0,-1.0,3.0,-4.6875,-1.5625,≤2
385,1,23,,0.0,0.0,0.0,0.0,0.0,≤2
386,1,23,,0.0,0.0,2.0,0.0,0.0,≤2
387,0,23,Szoboszlai,-1.0,-2.0,3.0,-1.5625,-3.125,≤2
388,5,23,,0.0,0.0,0.0,0.0,0.0,3–5
390,2,23,,0.0,0.0,3.0,0.0,0.0,≤2
402,1,23,,0.0,0.0,0.0,0.0,0.0,≤2
405,1,23,,0.0,0.0,2.0,0.0,0.0,≤2
406,3,23,,0.0,0.0,2.0,0.0,0.0,3–5
410,0,23,,0.0,0.0,1.0,0.0,0.0,≤2
411,-1,23,O'Reilly,-1.0,-1.0,1.0,-1.5625,-1.5625,≤2
414,1,23,Foden,-38.0,-40.0,2.0,-59.375,-62.5,≤2
416,2,23,,0.0,0.0,2.0,0.0,0.0,≤2
417,1,23,Cherki,-1.0,-1.0,1.0,-1.5625,-1.5625,≤2
418,2,23,,0.0,0.0,8.0,0.0,0.0,≤2
419,3,23,,0.0,0.0,-1.0,0.0,0.0,3–5
421,3,23,,0.0,0.0,1.0,0.0,0.0,3–5
427,1,23,Reijnders,-2.0,0.0,2.0,-3.125,0.0,≤2
430,2,23,Haaland,-7.0,0.0,6.0,-10.9375,0.0,≤2
437,8,23,,0.0,0.0,1.0,0.0,0.0,6–9
440,5,23,,0.0,0.0,1.0,0.0,0.0,3–5
441,15,23,,0.0,0.0,5.0,0.0,0.0,15+
442,6,23,,0.0,0.0,0.0,0.0,0.0,6–9
443,5,23,,0.0,0.0,1.0,0.0,0.0,3–5
447,1,23,,0.0,0.0,0.0,0.0,0.0,≤2
449,10,23,B.Fernandes,36.0,35.0,7.0,56.25,54.6875,10–14
450,4,23,Cunha,-2.0,-2.0,2.0,-3.125,-3.125,3–5
452,3,23,,0.0,0.0,0.0,0.0,0.0,3–5
453,1,23,,0.0,0.0,0.0,0.0,0.0,≤2
455,1,23,,0.0,0.0,1.0,0.0,0.0,≤2
457,3,23,,0.0,0.0,4.0,0.0,0.0,3–5
458,3,23,,0.0,0.0,1.0,0.0,0.0,3–5
459,1,23,,0.0,0.0,2.0,0.0,0.0,≤2
469,6,23,,0.0,0.0,2.0,0.0,0.0,6–9
470,5,23,,0.0,0.0,3.0,0.0,0.0,3–5
473,9,23,,0.0,0.0,4.0,0.0,0.0,6–9
475,5,23,,0.0,0.0,4.0,0.0,0.0,3–5
478,6,23,,0.0,0.0,0.0,0.0,0.0,6–9
485,3,23,Gordon,-1.0,0.0,1.0,-1.5625,0.0,3–5
486,1,23,,0.0,0.0,0.0,0.0,0.0,≤2
487,3,23,,0.0,0.0,15.0,0.0,0.0,3–5
488,3,23,Bruno G.,0.0,-1.0,11.0,0.0,-1.5625,3–5
490,3,23,,0.0,0.0,8.0,0.0,0.0,3–5
491,2,23,,0.0,0.0,1.0,0.0,0.0,≤2
497,1,23,,0.0,0.0,4.0,0.0,0.0,≤2
502,10,23,,0.0,0.0,3.0,0.0,0.0,10–14
505,6,23,,0.0,0.0,2.0,0.0,0.0,6–9
506,8,23,,0.0,0.0,2.0,0.0,0.0,6–9
507,5,23,,0.0,0.0,2.0,0.0,0.0,3–5
508,6,23,,0.0,0.0,4.0,0.0,0.0,6–9
515,3,23,,0.0,0.0,9.0,0.0,0.0,3–5
516,3,23,,0.0,0.0,2.0,0.0,0.0,3–5
517,5,23,Anderson,4.0,1.0,7.0,6.25,1.5625,3–5
519,3,23,,0.0,0.0,10.0,0.0,0.0,3–5
521,3,23,,0.0,0.0,0.0,0.0,0.0,3–5
526,2,23,,0.0,0.0,2.0,0.0,0.0,≤2
531,4,23,,0.0,0.0,1.0,0.0,0.0,3–5
532,1,23,,0.0,0.0,0.0,0.0,0.0,≤2
535,1,23,,0.0,0.0,1.0,0.0,0.0,≤2
541,2,23,Reinildo,1.0,0.0,0.0,1.5625,0.0,≤2
547,8,23,E.Le Fée,1.0,0.0,0.0,1.5625,0.0,6–9
548,2,23,,0.0,0.0,1.0,0.0,0.0,≤2
552,5,23,,0.0,0.0,0.0,0.0,0.0,3–5
561,1,23,,0.0,0.0,1.0,0.0,0.0,≤2
565,1,23,,0.0,0.0,1.0,0.0,0.0,≤2
568,4,23,,0.0,0.0,0.0,0.0,0.0,3–5
569,8,23,,0.0,0.0,3.0,0.0,0.0,6–9
571,0,23,,0.0,0.0,0.0,0.0,0.0,≤2
573,1,23,,0.0,0.0,1.0,0.0,0.0,≤2
575,0,23,,0.0,0.0,0.0,0.0,0.0,≤2
580,2,23,,0.0,0.0,2.0,0.0,0.0,≤2
584,2,23,,0.0,0.0,10.0,0.0,0.0,≤2
586,1,23,,0.0,0.0,1.0,0.0,0.0,≤2
587,1,23,,0.0,0.0,0.0,0.0,0.0,≤2
588,2,23,,0.0,0.0,1.0,0.0,0.0,≤2
591,0,23,,0.0,0.0,1.0,0.0,0.0,≤2
596,1,23,,0.0,0.0,0.0,0.0,0.0,≤2
600,3,23,,0.0,0.0,2.0,0.0,0.0,3–5
605,1,23,,0.0,0.0,0.0,0.0,0.0,≤2
606,4,23,,0.0,0.0,2.0,0.0,0.0,3–5
608,2,23,,0.0,0.0,4.0,0.0,0.0,≤2
609,4,23,,0.0,0.0,2.0,0.0,0.0,3–5
610,4,23,,0.0,0.0,0.0,0.0,0.0,3–5
613,3,23,,0.0,0.0,6.0,0.0,0.0,3–5
615,10,23,,0.0,0.0,4.0,0.0,0.0,10–14
618,1,23,,0.0,0.0,0.0,0.0,0.0,≤2
624,3,23,,0.0,0.0,2.0,0.0,0.0,3–5
628,7,23,,0.0,0.0,1.0,0.0,0.0,6–9
633,6,23,,0.0,0.0,2.0,0.0,0.0,6–9
634,8,23,,0.0,0.0,3.0,0.0,0.0,6–9
635,1,23,,0.0,0.0,0.0,0.0,0.0,≤2
636,6,23,,0.0,0.0,2.0,0.0,0.0,6–9
642,3,23,,0.0,0.0,1.0,0.0,0.0,3–5
643,2,23,,0.0,0.0,1.0,0.0,0.0,≤2
646,3,23,,0.0,0.0,4.0,0.0,0.0,3–5
654,1,23,,0.0,0.0,4.0,0.0,0.0,≤2
661,2,23,Ekitiké,0.0,-1.0,0.0,0.0,-1.5625,≤2
663,1,23,,0.0,0.0,1.0,0.0,0.0,≤2
666,1,23,,0.0,0.0,2.0,0.0,0.0,≤2
668,2,23,,0.0,0.0,2.0,0.0,0.0,≤2
669,1,23,,0.0,0.0,0.0,0.0,0.0,≤2
670,2,23,,0.0,0.0,2.0,0.0,0.0,≤2
671,6,23,,0.0,0.0,0.0,0.0,0.0,6–9
672,1,23,,0.0,0.0,1.0,0.0,0.0,≤2
676,4,23,,0.0,0.0,4.0,0.0,0.0,3–5
677,2,23,,0.0,0.0,0.0,0.0,0.0,≤2
680,2,23,,0.0,0.0,2.0,0.0,0.0,≤2
683,1,23,Alderete,1.0,0.0,1.0,1.5625,0.0,≤2
684,9,23,Thiaw,-1.0,-1.0,-1.0,-1.5625,-1.5625,6–9
685,1,23,,0.0,0.0,1.0,0.0,0.0,≤2
686,1,23,,0.0,0.0,0.0,0.0,0.0,≤2
691,2,23,,0.0,0.0,8.0,0.0,0.0,≤2
693,1,23,,0.0,0.0,1.0,0.0,0.0,≤2
694,6,23,Mukiele,1.0,2.0,3.0,1.5625,3.125,6–9
695,6,23,,0.0,0.0,2.0,0.0,0.0,6–9
697,6,23,,0.0,0.0,1.0,0.0,0.0,6–9
698,3,23,,0.0,0.0,1.0,0.0,0.0,3–5
706,9,23,,0.0,0.0,0.0,0.0,0.0,6–9
708,9,23,,0.0,0.0,2.0,0.0,0.0,6–9
709,6,23,,0.0,0.0,2.0,0.0,0.0,6–9
712,9,23,,0.0,0.0,3.0,0.0,0.0,6–9
713,2,23,,0.0,0.0,0.0,0.0,0.0,≤2
714,2,23,,0.0,0.0,5.0,0.0,0.0,≤2
717,2,23,,0.0,0.0,5.0,0.0,0.0,≤2
720,2,23,,0.0,0.0,2.0,0.0,0.0,≤2
721,1,23,,0.0,0.0,1.0,0.0,0.0,≤2
722,7,23,,0.0,0.0,2.0,0.0,0.0,6–9
726,2,23,,0.0,0.0,1.0,0.0,0.0,≤2
728,3,23,,0.0,0.0,1.0,0.0,0.0,3–5
730,9,23,,0.0,0.0,2.0,0.0,0.0,6–9
731,1,23,,0.0,0.0,1.0,0.0,0.0,≤2
733,6,23,,0.0,0.0,1.0,0.0,0.0,6–9
736,2,23,,0.0,0.0,1.0,0.0,0.0,≤2
737,0,23,,0.0,0.0,0.0,0.0,0.0,≤2
739,1,23,,0.0,0.0,0.0,0.0,0.0,≤2
749,2,23,,0.0,0.0,9.0,0.0,0.0,≤2
754,1,23,,0.0,0.0,0.0,0.0,0.0,≤2
783,3,23,,0.0,0.0,1.0,0.0,0.0,3–5
785,2,23,,0.0,0.0,1.0,0.0,0.0,≤2
791,1,23,,0.0,0.0,2.0,0.0,0.0,≤2
794,1,23,,0.0,0.0,4.0,0.0,0.0,≤2
796,2,23,,0.0,0.0,0.0,0.0,0.0,≤2
1,1,24,Raya,0.0,-1.0,6.0,0.0,-1.5625,≤2
5,1,24,,0.0,0.0,8.0,0.0,0.0,≤2
6,1,24,,0.0,0.0,8.0,0.0,0.0,≤2
8,1,24,J.Timber,2.0,0.0,5.0,3.125,0.0,≤2
11,1,24,,0.0,0.0,6.0,0.0,0.0,≤2
16,2,24,Saka,0.0,-3.0,1.0,0.0,-4.6875,≤2
17,4,24,,0.0,0.0,1.0,0.0,0.0,3–5
18,1,24,,0.0,0.0,1.0,0.0,0.0,≤2
20,2,24,,0.0,0.0,1.0,0.0,0.0,≤2
21,1,24,Rice,1.0,3.0,3.0,1.5625,4.6875,≤2
22,7,24,,0.0,0.0,1.0,0.0,0.0,6–9
26,1,24,,0.0,0.0,3.0,0.0,0.0,≤2
31,1,24,,0.0,0.0,1.0,0.0,0.0,≤2
32,10,24,,0.0,0.0,2.0,0.0,0.0,10–14
36,6,24,Cash,-1.0,1.0,2.0,-1.5625,1.5625,6–9
37,3,24,,0.0,0.0,1.0,0.0,0.0,3–5
38,6,24,Konsa,0.0,1.0,2.0,0.0,1.5625,6–9
39,5,24,,0.0,0.0,2.0,0.0,0.0,3–5
40,1,24,,0.0,0.0,0.0,0.0,0.0,≤2
41,6,24,,0.0,0.0,2.0,0.0,0.0,6–9
44,1,24,,0.0,0.0,1.0,0.0,0.0,≤2
47,8,24,Rogers,0.0,1.0,2.0,0.0,1.5625,6–9
48,3,24,,0.0,0.0,2.0,0.0,0.0,3–5
49,1,24,,0.0,0.0,0.0,0.0,0.0,≤2
50,11,24,,0.0,0.0,2.0,0.0,0.0,10–14
52,1,24,,0.0,0.0,0.0,0.0,0.0,≤2
59,5,24,,0.0,0.0,0.0,0.0,0.0,3–5
64,8,24,Watkins,-4.0,0.0,2.0,-6.25,0.0,6–9
67,1,24,,0.0,0.0,2.0,0.0,0.0,≤2
72,3,24,Senesi,2.0,3.0,3.0,3.125,4.6875,3–5
73,1,24,,0.0,0.0,0.0,0.0,0.0,≤2
74,3,24,,0.0,0.0,4.0,0.0,0.0,3–5
77,6,24,Hill,0.0,2.0,2.0,0.0,3.125,6–9
82,8,24,Semenyo,-1.0,1.0,2.0,-1.5625,1.5625,6–9
83,1,24,,0.0,0.0,1.0,0.0,0.0,≤2
87,1,24,,0.0,0.0,1.0,0.0,0.0,≤2
88,4,24,,0.0,0.0,4.0,0.0,0.0,3–5
90,5,24,,0.0,0.0,4.0,0.0,0.0,3–5
97,8,24,Evanilson,2.0,3.0,2.0,3.125,4.6875,6–9
98,1,24,,0.0,0.0,0.0,0.0,0.0,≤2
100,1,24,Kroupi.Jr,1.0,1.0,2.0,1.5625,1.5625,≤2
101,1,24,,0.0,0.0,1.0,0.0,0.0,≤2
106,1,24,,0.0,0.0,1.0,0.0,0.0,≤2
107,1,24,,0.0,0.0,1.0,0.0,0.0,≤2
108,1,24,,0.0,0.0,1.0,0.0,0.0,≤2
109,2,24,,0.0,0.0,1.0,0.0,0.0,≤2
110,1,24,,0.0,0.0,1.0,0.0,0.0,≤2
113,1,24,,0.0,0.0,0.0,0.0,0.0,≤2
116,1,24,,0.0,0.0,1.0,0.0,0.0,≤2
119,10,24,Mbeumo,17.0,8.0,9.0,26.5625,12.5,10–14
120,2,24,Schade,-2.0,-1.0,1.0,-3.125,-1.5625,≤2
121,1,24,,0.0,0.0,4.0,0.0,0.0,≤2
124,1,24,,0.0,0.0,0.0,0.0,0.0,≤2
125,2,24,,0.0,0.0,1.0,0.0,0.0,≤2
126,2,24,,0.0,0.0,2.0,0.0,0.0,≤2
129,3,24,,0.0,0.0,2.0,0.0,0.0,3–5
135,2,24,,0.0,0.0,1.0,0.0,0.0,≤2
136,2,24,Thiago,1.0,-1.0,2.0,1.5625,-1.5625,≤2
139,1,24,,0.0,0.0,2.0,0.0,0.0,≤2
143,5,24,,0.0,0.0,1.0,0.0,0.0,3–5
145,1,24,,0.0,0.0,0.0,0.0,0.0,≤2
146,3,24,,0.0,0.0,2.0,0.0,0.0,3–5
148,1,24,,0.0,0.0,2.0,0.0,0.0,≤2
151,1,24,,0.0,0.0,6.0,0.0,0.0,≤2
157,2,24,,0.0,0.0,2.0,0.0,0.0,≤2
158,1,24,Georginio,-1.0,0.0,1.0,-1.5625,0.0,≤2
160,1,24,Minteh,-4.0,-1.0,1.0,-6.25,-1.5625,≤2
166,11,24,,0.0,0.0,0.0,0.0,0.0,10–14
167,4,24,,0.0,0.0,1.0,0.0,0.0,3–5
168,0,24,,0.0,0.0,0.0,0.0,0.0,≤2
169,2,24,,0.0,0.0,2.0,0.0,0.0,≤2
170,1,24,,0.0,0.0,0.0,0.0,0.0,≤2
178,2,24,,0.0,0.0,1.0,0.0,0.0,≤2
181,0,24,,0.0,0.0,8.0,0.0,0.0,≤2
187,4,24,,0.0,0.0,2.0,0.0,0.0,3–5
191,3,24,,0.0,0.0,2.0,0.0,0.0,3–5
193,1,24,,0.0,0.0,4.0,0.0,0.0,≤2
195,1,24,,0.0,0.0,4.0,0.0,0.0,≤2
198,7,24,,0.0,0.0,4.0,0.0,0.0,6–9
200,2,24,,0.0,0.0,2.0,0.0,0.0,≤2
206,2,24,,0.0,0.0,9.0,0.0,0.0,≤2
207,1,24,,0.0,0.0,1.0,0.0,0.0,≤2
209,0,24,,0.0,0.0,1.0,0.0,0.0,≤2
217,5,24,,0.0,0.0,1.0,0.0,0.0,3–5
220,3,24,Sánchez,0.0,1.0,11.0,0.0,1.5625,3–5
224,4,24,,0.0,0.0,5.0,0.0,0.0,3–5
225,6,24,,0.0,0.0,7.0,0.0,0.0,6–9
226,4,24,Chalobah,0.0,4.0,8.0,0.0,6.25,3–5
228,1,24,,0.0,0.0,0.0,0.0,0.0,≤2
229,4,24,,0.0,0.0,0.0,0.0,0.0,3–5
230,1,24,,0.0,0.0,0.0,0.0,0.0,≤2
236,3,24,,0.0,0.0,3.0,0.0,0.0,3–5
237,8,24,Enzo,12.0,16.0,6.0,18.75,25.0,6–9
238,13,24,,0.0,0.0,0.0,0.0,0.0,10–14
239,1,24,,0.0,0.0,0.0,0.0,0.0,≤2
241,2,24,,0.0,0.0,5.0,0.0,0.0,≤2
242,1,24,,0.0,0.0,0.0,0.0,0.0,≤2
246,3,24,,0.0,0.0,1.0,0.0,0.0,3–5
249,12,24,João Pedro,0.0,2.0,8.0,0.0,3.125,10–14
250,1,24,,0.0,0.0,4.0,0.0,0.0,≤2
253,1,24,,0.0,0.0,2.0,0.0,0.0,≤2
256,1,24,,0.0,0.0,0.0,0.0,0.0,≤2
257,1,24,,0.0,0.0,1.0,0.0,0.0,≤2
258,1,24,,0.0,0.0,0.0,0.0,0.0,≤2
259,1,24,,0.0,0.0,0.0,0.0,0.0,≤2
260,6,24,,0.0,0.0,0.0,0.0,0.0,6–9
261,7,24,Richards,0.0,2.0,2.0,0.0,3.125,6–9
262,4,24,,0.0,0.0,0.0,0.0,0.0,3–5
266,0,24,,0.0,0.0,1.0,0.0,0.0,≤2
267,2,24,,0.0,0.0,0.0,0.0,0.0,≤2
270,1,24,,0.0,0.0,5.0,0.0,0.0,≤2
272,1,24,,0.0,0.0,2.0,0.0,0.0,≤2
273,-1,24,,0.0,0.0,1.0,0.0,0.0,≤2
283,2,24,Mateta,0.0,-1.0,2.0,0.0,-1.5625,≤2
287,3,24,,0.0,0.0,10.0,0.0,0.0,3–5
290,1,24,,0.0,0.0,0.0,0.0,0.0,≤2
291,4,24,,0.0,0.0,8.0,0.0,0.0,3–5
292,2,24,,0.0,0.0,6.0,0.0,0.0,≤2
293,4,24,,0.0,0.0,9.0,0.0,0.0,3–5
296,2,24,,0.0,0.0,8.0,0.0,0.0,≤2
299,2,24,Ndiaye,4.0,-1.0,0.0,6.25,-1.5625,≤2
300,1,24,,0.0,0.0,5.0,0.0,0.0,≤2
302,6,24,,0.0,0.0,0.0,0.0,0.0,6–9
303,2,24,,0.0,0.0,4.0,0.0,0.0,≤2
305,1,24,,0.0,0.0,3.0,0.0,0.0,≤2
310,9,24,,0.0,0.0,8.0,0.0,0.0,6–9
311,1,24,,0.0,0.0,1.0,0.0,0.0,≤2
314,3,24,,0.0,0.0,3.0,0.0,0.0,3–5
316,1,24,,0.0,0.0,2.0,0.0,0.0,≤2
317,8,24,Andersen,1.0,0.0,2.0,1.5625,0.0,6–9
319,4,24,,0.0,0.0,1.0,0.0,0.0,3–5
321,4,24,,0.0,0.0,3.0,0.0,0.0,3–5
324,2,24,,0.0,0.0,0.0,0.0,0.0,≤2
325,2,24,,0.0,0.0,3.0,0.0,0.0,≤2
328,1,24,,0.0,0.0,3.0,0.0,0.0,≤2
329,10,24,Wilson,0.0,-1.0,2.0,0.0,-1.5625,10–14
330,1,24,,0.0,0.0,2.0,0.0,0.0,≤2
331,1,24,,0.0,0.0,1.0,0.0,0.0,≤2
335,4,24,,0.0,0.0,1.0,0.0,0.0,3–5
337,2,24,,0.0,0.0,2.0,0.0,0.0,≤2
341,2,24,,0.0,0.0,6.0,0.0,0.0,≤2
342,2,24,,0.0,0.0,6.0,0.0,0.0,≤2
343,4,24,,0.0,0.0,6.0,0.0,0.0,3–5
345,4,24,,0.0,0.0,1.0,0.0,0.0,3–5
348,4,24,,0.0,0.0,6.0,0.0,0.0,3–5
350,4,24,,0.0,0.0,3.0,0.0,0.0,3–5
354,4,24,,0.0,0.0,7.0,0.0,0.0,3–5
356,2,24,,0.0,0.0,3.0,0.0,0.0,≤2
358,1,24,,0.0,0.0,1.0,0.0,0.0,≤2
366,1,24,,0.0,0.0,2.0,0.0,0.0,≤2
370,0,24,,0.0,0.0,2.0,0.0,0.0,≤2
371,0,24,,0.0,0.0,1.0,0.0,0.0,≤2
372,1,24,,0.0,0.0,1.0,0.0,0.0,≤2
373,9,24,Virgil,0.0,-2.0,2.0,0.0,-3.125,6–9
376,0,24,,0.0,0.0,0.0,0.0,0.0,≤2
381,5,24,,0.0,0.0,0.0,0.0,0.0,3–5
382,2,24,,0.0,0.0,10.0,0.0,0.0,≤2
384,2,24,Gakpo,-1.0,0.0,2.0,-1.5625,0.0,≤2
386,1,24,,0.0,0.0,1.0,0.0,0.0,≤2
387,13,24,Szoboszlai,-8.0,-4.0,0.0,-12.5,-6.25,10–14
388,1,24,,0.0,0.0,5.0,0.0,0.0,≤2
390,1,24,,0.0,0.0,2.0,0.0,0.0,≤2
392,1,24,,0.0,0.0,0.0,0.0,0.0,≤2
406,6,24,,0.0,0.0,3.0,0.0,0.0,6–9
407,11,24,,0.0,0.0,0.0,0.0,0.0,10–14
411,6,24,O'Reilly,-3.0,-5.0,-1.0,-4.6875,-7.8125,6–9
413,10,24,,0.0,0.0,0.0,0.0,0.0,10–14
414,1,24,Foden,-19.0,-14.0,1.0,-29.6875,-21.875,≤2
416,6,24,,0.0,0.0,2.0,0.0,0.0,6–9
417,3,24,Cherki,-3.0,-6.0,1.0,-4.6875,-9.375,3–5
418,1,24,,0.0,0.0,2.0,0.0,0.0,≤2
421,3,24,,0.0,0.0,3.0,0.0,0.0,3–5
427,3,24,,0.0,0.0,1.0,0.0,0.0,3–5
430,1,24,Haaland,2.0,0.0,2.0,3.125,0.0,≤2
437,-1,24,,0.0,0.0,8.0,0.0,0.0,≤2
438,1,24,,0.0,0.0,0.0,0.0,0.0,≤2
440,1,24,,0.0,0.0,5.0,0.0,0.0,≤2
441,8,24,Dorgu,0.0,-2.0,15.0,0.0,-3.125,6–9
442,3,24,Maguire,1.0,1.0,6.0,1.5625,1.5625,3–5
443,1,24,,0.0,0.0,5.0,0.0,0.0,≤2
449,5,24,B.Fernandes,15.0,17.0,10.0,23.4375,26.5625,3–5
450,9,24,Cunha,0.0,-1.0,4.0,0.0,-1.5625,6–9
452,2,24,Amad,1.0,0.0,3.0,1.5625,0.0,≤2
456,1,24,,0.0,0.0,0.0,0.0,0.0,≤2
457,2,24,,0.0,0.0,3.0,0.0,0.0,≤2
458,5,24,,0.0,0.0,3.0,0.0,0.0,3–5
469,3,24,,0.0,0.0,6.0,0.0,0.0,3–5
470,5,24,,0.0,0.0,5.0,0.0,0.0,3–5
473,1,24,Hall,-7.0,-1.0,9.0,-10.9375,-1.5625,≤2
475,3,24,,0.0,0.0,5.0,0.0,0.0,3–5
478,1,24,,0.0,0.0,6.0,0.0,0.0,≤2
485,2,24,Gordon,-7.0,-8.0,3.0,-10.9375,-12.5,≤2
486,1,24,,0.0,0.0,1.0,0.0,0.0,≤2
487,2,24,Barnes,0.0,1.0,3.0,0.0,1.5625,≤2
490,0,24,,0.0,0.0,3.0,0.0,0.0,≤2
491,4,24,,0.0,0.0,2.0,0.0,0.0,3–5
493,1,24,,0.0,0.0,0.0,0.0,0.0,≤2
494,1,24,,0.0,0.0,0.0,0.0,0.0,≤2
497,2,24,L.Miley,0.0,-2.0,1.0,0.0,-3.125,≤2
502,6,24,,0.0,0.0,10.0,0.0,0.0,6–9
505,8,24,,0.0,0.0,6.0,0.0,0.0,6–9
506,8,24,,0.0,0.0,8.0,0.0,0.0,6–9
507,11,24,,0.0,0.0,5.0,0.0,0.0,10–14
508,8,24,,0.0,0.0,6.0,0.0,0.0,6–9
511,1,24,,0.0,0.0,0.0,0.0,0.0,≤2
515,6,24,,0.0,0.0,3.0,0.0,0.0,6–9
516,3,24,,0.0,0.0,3.0,0.0,0.0,3–5
517,5,24,Anderson,7.0,3.0,5.0,10.9375,4.6875,3–5
519,3,24,,0.0,0.0,3.0,0.0,0.0,3–5
521,5,24,,0.0,0.0,3.0,0.0,0.0,3–5
526,9,24,,0.0,0.0,2.0,0.0,0.0,6–9
527,6,24,,0.0,0.0,0.0,0.0,0.0,6–9
531,2,24,,0.0,0.0,4.0,0.0,0.0,≤2
532,0,24,,0.0,0.0,1.0,0.0,0.0,≤2
535,1,24,,0.0,0.0,1.0,0.0,0.0,≤2
539,1,24,,0.0,0.0,0.0,0.0,0.0,≤2
541,-1,24,Reinildo,1.0,0.0,2.0,1.5625,0.0,≤2
544,0,24,,0.0,0.0,0.0,0.0,0.0,≤2
547,2,24,E.Le Fée,1.0,0.0,8.0,1.5625,0.0,≤2
548,1,24,,0.0,0.0,2.0,0.0,0.0,≤2
552,3,24,,0.0,0.0,5.0,0.0,0.0,3–5
553,1,24,,0.0,0.0,0.0,0.0,0.0,≤2
560,1,24,,0.0,0.0,0.0,0.0,0.0,≤2
561,2,24,,0.0,0.0,1.0,0.0,0.0,≤2
565,1,24,,0.0,0.0,1.0,0.0,0.0,≤2
568,1,24,Pedro Porro,-2.0,0.0,4.0,-3.125,0.0,≤2
569,11,24,,0.0,0.0,8.0,0.0,0.0,10–14
570,1,24,,0.0,0.0,0.0,0.0,0.0,≤2
572,1,24,,0.0,0.0,0.0,0.0,0.0,≤2
573,1,24,,0.0,0.0,1.0,0.0,0.0,≤2
574,1,24,,0.0,0.0,0.0,0.0,0.0,≤2
575,7,24,,0.0,0.0,0.0,0.0,0.0,6–9
580,2,24,,0.0,0.0,2.0,0.0,0.0,≤2
584,1,24,,0.0,0.0,2.0,0.0,0.0,≤2
587,4,24,,0.0,0.0,1.0,0.0,0.0,3–5
588,8,24,,0.0,0.0,2.0,0.0,0.0,6–9
591,1,24,,0.0,0.0,0.0,0.0,0.0,≤2
596,2,24,,0.0,0.0,1.0,0.0,0.0,≤2
599,1,24,,0.0,0.0,0.0,0.0,0.0,≤2
600,2,24,,0.0,0.0,3.0,0.0,0.0,≤2
603,1,24,,0.0,0.0,0.0,0.0,0.0,≤2
605,1,24,,0.0,0.0,1.0,0.0,0.0,≤2
606,2,24,,0.0,0.0,4.0,0.0,0.0,≤2
608,5,24,,0.0,0.0,2.0,0.0,0.0,3–5
609,2,24,,0.0,0.0,4.0,0.0,0.0,≤2
610,2,24,,0.0,0.0,4.0,0.0,0.0,≤2
613,2,24,,0.0,0.0,3.0,0.0,0.0,≤2
615,8,24,,0.0,0.0,10.0,0.0,0.0,6–9
623,1,24,,0.0,0.0,0.0,0.0,0.0,≤2
624,12,24,Bowen,1.0,-1.0,3.0,1.5625,-1.5625,10–14
628,1,24,,0.0,0.0,7.0,0.0,0.0,≤2
633,1,24,,0.0,0.0,6.0,0.0,0.0,≤2
634,0,24,,0.0,0.0,8.0,0.0,0.0,≤2
635,1,24,,0.0,0.0,1.0,0.0,0.0,≤2
636,1,24,,0.0,0.0,6.0,0.0,0.0,≤2
642,2,24,,0.0,0.0,3.0,0.0,0.0,≤2
643,1,24,,0.0,0.0,2.0,0.0,0.0,≤2
646,3,24,,0.0,0.0,3.0,0.0,0.0,3–5
654,1,24,,0.0,0.0,1.0,0.0,0.0,≤2
660,8,24,Stach,-1.0,-2.0,0.0,-1.5625,-3.125,6–9
661,1,24,Ekitiké,-3.0,-4.0,2.0,-4.6875,-6.25,≤2
663,1,24,,0.0,0.0,1.0,0.0,0.0,≤2
666,1,24,,0.0,0.0,1.0,0.0,0.0,≤2
670,1,24,,0.0,0.0,2.0,0.0,0.0,≤2
671,1,24,,0.0,0.0,6.0,0.0,0.0,≤2
672,1,24,,0.0,0.0,1.0,0.0,0.0,≤2
676,2,24,,0.0,0.0,4.0,0.0,0.0,≤2
680,2,24,,0.0,0.0,2.0,0.0,0.0,≤2
681,1,24,,0.0,0.0,0.0,0.0,0.0,≤2
683,1,24,Alderete,3.0,0.0,1.0,4.6875,0.0,≤2
684,1,24,Thiaw,0.0,-4.0,9.0,0.0,-6.25,≤2
686,1,24,,0.0,0.0,1.0,0.0,0.0,≤2
691,2,24,,0.0,0.0,2.0,0.0,0.0,≤2
693,1,24,,0.0,0.0,1.0,0.0,0.0,≤2
694,4,24,Mukiele,3.0,2.0,6.0,4.6875,3.125,3–5
695,0,24,,0.0,0.0,6.0,0.0,0.0,≤2
697,10,24,,0.0,0.0,6.0,0.0,0.0,10–14
698,1,24,,0.0,0.0,3.0,0.0,0.0,≤2
706,9,24,,0.0,0.0,9.0,0.0,0.0,6–9
707,1,24,,0.0,0.0,0.0,0.0,0.0,≤2
708,8,24,,0.0,0.0,9.0,0.0,0.0,6–9
709,1,24,,0.0,0.0,6.0,0.0,0.0,≤2
712,1,24,,0.0,0.0,9.0,0.0,0.0,≤2
713,7,24,,0.0,0.0,2.0,0.0,0.0,6–9
714,1,24,,0.0,0.0,2.0,0.0,0.0,≤2
717,4,24,,0.0,0.0,2.0,0.0,0.0,3–5
719,1,24,,0.0,0.0,0.0,0.0,0.0,≤2
720,1,24,,0.0,0.0,2.0,0.0,0.0,≤2
722,4,24,,0.0,0.0,7.0,0.0,0.0,3–5
723,0,24,,0.0,0.0,0.0,0.0,0.0,≤2
725,0,24,,0.0,0.0,0.0,0.0,0.0,≤2
727,6,24,,0.0,0.0,0.0,0.0,0.0,6–9
730,7,24,,0.0,0.0,9.0,0.0,0.0,6–9
731,1,24,,0.0,0.0,1.0,0.0,0.0,≤2
732,1,24,,0.0,0.0,0.0,0.0,0.0,≤2
733,2,24,,0.0,0.0,6.0,0.0,0.0,≤2
736,8,24,,0.0,0.0,2.0,0.0,0.0,6–9
749,2,24,Mané,0.0,1.0,2.0,0.0,1.5625,≤2
783,2,24,,0.0,0.0,3.0,0.0,0.0,≤2
785,2,24,,0.0,0.0,2.0,0.0,0.0,≤2
791,4,24,,0.0,0.0,1.0,0.0,0.0,3–5
796,2,24,,0.0,0.0,2.0,0.0,0.0,≤2
801,1,24,,0.0,0.0,0.0,0.0,0.0,≤2
1,6,25,Raya,1.0,1.0,1.0,1.5625,1.5625,6–9
5,8,25,Gabriel,7.0,4.0,1.0,10.9375,6.25,6–9
6,6,25,,0.0,0.0,1.0,0.0,0.0,6–9
7,1,25,,0.0,0.0,0.0,0.0,0.0,≤2
8,5,25,J.Timber,9.0,7.0,1.0,14.0625,10.9375,3–5
17,4,25,,0.0,0.0,4.0,0.0,0.0,3–5
18,14,25,,0.0,0.0,1.0,0.0,0.0,10–14
19,4,25,,0.0,0.0,0.0,0.0,0.0,3–5
20,3,25,,0.0,0.0,2.0,0.0,0.0,3–5
21,3,25,Rice,34.0,29.0,1.0,53.125,45.3125,3–5
26,10,25,,0.0,0.0,1.0,0.0,0.0,10–14
30,2,25,,0.0,0.0,0.0,0.0,0.0,≤2
31,5,25,,0.0,0.0,1.0,0.0,0.0,3–5
32,2,25,,0.0,0.0,10.0,0.0,0.0,≤2
36,2,25,,0.0,0.0,6.0,0.0,0.0,≤2
38,2,25,,0.0,0.0,6.0,0.0,0.0,≤2
39,2,25,,0.0,0.0,5.0,0.0,0.0,≤2
41,2,25,,0.0,0.0,6.0,0.0,0.0,≤2
44,1,25,,0.0,0.0,1.0,0.0,0.0,≤2
47,2,25,Rogers,0.0,-1.0,8.0,0.0,-1.5625,≤2
49,1,25,,0.0,0.0,1.0,0.0,0.0,≤2
50,2,25,,0.0,0.0,11.0,0.0,0.0,≤2
52,1,25,,0.0,0.0,1.0,0.0,0.0,≤2
67,10,25,,0.0,0.0,1.0,0.0,0.0,10–14
72,8,25,Senesi,0.0,1.0,3.0,0.0,1.5625,6–9
73,6,25,,0.0,0.0,1.0,0.0,0.0,6–9
74,6,25,,0.0,0.0,3.0,0.0,0.0,6–9
77,7,25,Hill,0.0,1.0,6.0,0.0,1.5625,6–9
82,7,25,,0.0,0.0,8.0,0.0,0.0,6–9
83,8,25,O.Dango,2.0,0.0,1.0,3.125,0.0,6–9
87,1,25,,0.0,0.0,1.0,0.0,0.0,≤2
88,3,25,,0.0,0.0,4.0,0.0,0.0,3–5
90,13,25,,0.0,0.0,5.0,0.0,0.0,10–14
97,2,25,,0.0,0.0,8.0,0.0,0.0,≤2
98,1,25,,0.0,0.0,1.0,0.0,0.0,≤2
100,7,25,,0.0,0.0,1.0,0.0,0.0,6–9
101,10,25,,0.0,0.0,1.0,0.0,0.0,10–14
106,1,25,Collins,-2.0,-1.0,1.0,-3.125,-1.5625,≤2
107,1,25,,0.0,0.0,1.0,0.0,0.0,≤2
108,7,25,,0.0,0.0,1.0,0.0,0.0,6–9
109,6,25,,0.0,0.0,2.0,0.0,0.0,6–9
110,5,25,,0.0,0.0,1.0,0.0,0.0,3–5
113,8,25,Van den Berg,0.0,-1.0,1.0,0.0,-1.5625,6–9
116,1,25,,0.0,0.0,1.0,0.0,0.0,≤2
119,2,25,Mbeumo,7.0,14.0,10.0,10.9375,21.875,≤2
120,-2,25,Schade,-2.0,-1.0,2.0,-3.125,-1.5625,≤2
124,1,25,,0.0,0.0,1.0,0.0,0.0,≤2
125,4,25,,0.0,0.0,2.0,0.0,0.0,3–5
126,3,25,,0.0,0.0,2.0,0.0,0.0,3–5
129,1,25,,0.0,0.0,3.0,0.0,0.0,≤2
135,1,25,,0.0,0.0,2.0,0.0,0.0,≤2
136,2,25,Thiago,0.0,1.0,2.0,0.0,1.5625,≤2
139,3,25,Verbruggen,0.0,-1.0,1.0,0.0,-1.5625,3–5
145,6,25,,0.0,0.0,1.0,0.0,0.0,6–9
146,4,25,,0.0,0.0,3.0,0.0,0.0,3–5
148,2,25,,0.0,0.0,1.0,0.0,0.0,≤2
151,2,25,Van Hecke,-1.0,-1.0,1.0,-1.5625,-1.5625,≤2
152,1,25,,0.0,0.0,0.0,0.0,0.0,≤2
157,2,25,,0.0,0.0,2.0,0.0,0.0,≤2
158,1,25,,0.0,0.0,1.0,0.0,0.0,≤2
160,1,25,Minteh,-1.0,0.0,1.0,-1.5625,0.0,≤2
166,6,25,,0.0,0.0,11.0,0.0,0.0,6–9
167,4,25,,0.0,0.0,4.0,0.0,0.0,3–5
168,1,25,,0.0,0.0,0.0,0.0,0.0,≤2
170,1,25,,0.0,0.0,1.0,0.0,0.0,≤2
178,2,25,,0.0,0.0,2.0,0.0,0.0,≤2
181,1,25,,0.0,0.0,0.0,0.0,0.0,≤2
187,0,25,,0.0,0.0,4.0,0.0,0.0,≤2
191,3,25,,0.0,0.0,3.0,0.0,0.0,3–5
193,3,25,,0.0,0.0,1.0,0.0,0.0,3–5
195,1,25,,0.0,0.0,1.0,0.0,0.0,≤2
198,-2,25,,0.0,0.0,7.0,0.0,0.0,≤2
200,1,25,,0.0,0.0,2.0,0.0,0.0,≤2
202,1,25,,0.0,0.0,0.0,0.0,0.0,≤2
206,2,25,,0.0,0.0,2.0,0.0,0.0,≤2
209,1,25,,0.0,0.0,0.0,0.0,0.0,≤2
210,1,25,,0.0,0.0,0.0,0.0,0.0,≤2
215,1,25,,0.0,0.0,0.0,0.0,0.0,≤2
217,2,25,,0.0,0.0,5.0,0.0,0.0,≤2
220,2,25,,0.0,0.0,3.0,0.0,0.0,≤2
224,7,25,,0.0,0.0,4.0,0.0,0.0,6–9
225,1,25,,0.0,0.0,6.0,0.0,0.0,≤2
226,3,25,Chalobah,1.0,1.0,4.0,1.5625,1.5625,3–5
228,1,25,,0.0,0.0,1.0,0.0,0.0,≤2
229,0,25,,0.0,0.0,4.0,0.0,0.0,≤2
230,4,25,,0.0,0.0,1.0,0.0,0.0,3–5
235,2,25,Palmer,6.0,0.0,0.0,9.375,0.0,≤2
236,2,25,,0.0,0.0,3.0,0.0,0.0,≤2
237,8,25,Enzo,2.0,3.0,8.0,3.125,4.6875,6–9
239,1,25,,0.0,0.0,1.0,0.0,0.0,≤2
241,3,25,,0.0,0.0,2.0,0.0,0.0,3–5
242,2,25,,0.0,0.0,1.0,0.0,0.0,≤2
249,10,25,João Pedro,0.0,1.0,12.0,0.0,1.5625,10–14
250,5,25,,0.0,0.0,1.0,0.0,0.0,3–5
253,2,25,,0.0,0.0,1.0,0.0,0.0,≤2
256,2,25,,0.0,0.0,1.0,0.0,0.0,≤2
257,2,25,Lacroix,-1.0,0.0,1.0,-1.5625,0.0,≤2
258,2,25,,0.0,0.0,1.0,0.0,0.0,≤2
260,3,25,,0.0,0.0,6.0,0.0,0.0,3–5
261,1,25,,0.0,0.0,7.0,0.0,0.0,≤2
262,1,25,,0.0,0.0,4.0,0.0,0.0,≤2
266,1,25,,0.0,0.0,0.0,0.0,0.0,≤2
267,7,25,Sarr,6.0,3.0,2.0,9.375,4.6875,6–9
270,2,25,,0.0,0.0,1.0,0.0,0.0,≤2
272,9,25,,0.0,0.0,1.0,0.0,0.0,6–9
287,2,25,,0.0,0.0,3.0,0.0,0.0,≤2
290,1,25,,0.0,0.0,1.0,0.0,0.0,≤2
291,2,25,Tarkowski,-1.0,0.0,4.0,-1.5625,0.0,≤2
293,5,25,,0.0,0.0,4.0,0.0,0.0,3–5
295,2,25,Keane,0.0,-1.0,0.0,0.0,-1.5625,≤2
296,1,25,,0.0,0.0,2.0,0.0,0.0,≤2
299,2,25,Ndiaye,2.0,0.0,2.0,3.125,0.0,≤2
301,1,25,,0.0,0.0,0.0,0.0,0.0,≤2
302,2,25,,0.0,0.0,6.0,0.0,0.0,≤2
303,4,25,,0.0,0.0,2.0,0.0,0.0,3–5
304,0,25,,0.0,0.0,0.0,0.0,0.0,≤2
305,2,25,,0.0,0.0,1.0,0.0,0.0,≤2
310,2,25,,0.0,0.0,9.0,0.0,0.0,≤2
311,7,25,,0.0,0.0,1.0,0.0,0.0,6–9
314,2,25,,0.0,0.0,3.0,0.0,0.0,≤2
316,1,25,,0.0,0.0,1.0,0.0,0.0,≤2
317,0,25,Andersen,3.0,1.0,8.0,4.6875,1.5625,≤2
318,1,25,,0.0,0.0,0.0,0.0,0.0,≤2
319,1,25,,0.0,0.0,4.0,0.0,0.0,≤2
321,1,25,,0.0,0.0,4.0,0.0,0.0,≤2
324,2,25,,0.0,0.0,2.0,0.0,0.0,≤2
325,2,25,,0.0,0.0,2.0,0.0,0.0,≤2
326,0,25,,0.0,0.0,0.0,0.0,0.0,≤2
328,4,25,,0.0,0.0,1.0,0.0,0.0,3–5
329,2,25,,0.0,0.0,10.0,0.0,0.0,≤2
330,2,25,,0.0,0.0,1.0,0.0,0.0,≤2
331,1,25,,0.0,0.0,1.0,0.0,0.0,≤2
337,6,25,,0.0,0.0,2.0,0.0,0.0,6–9
341,1,25,,0.0,0.0,2.0,0.0,0.0,≤2
342,0,25,,0.0,0.0,2.0,0.0,0.0,≤2
343,2,25,,0.0,0.0,4.0,0.0,0.0,≤2
347,-1,25,Gudmundsson,1.0,0.0,0.0,1.5625,0.0,≤2
348,2,25,,0.0,0.0,4.0,0.0,0.0,≤2
350,2,25,,0.0,0.0,4.0,0.0,0.0,≤2
351,1,25,,0.0,0.0,0.0,0.0,0.0,≤2
354,2,25,,0.0,0.0,4.0,0.0,0.0,≤2
356,1,25,,0.0,0.0,2.0,0.0,0.0,≤2
362,1,25,,0.0,0.0,0.0,0.0,0.0,≤2
366,2,25,A.Becker,-1.0,0.0,1.0,-1.5625,0.0,≤2
371,5,25,,0.0,0.0,0.0,0.0,0.0,3–5
373,4,25,Virgil,-2.0,-1.0,9.0,-3.125,-1.5625,3–5
374,11,25,,0.0,0.0,0.0,0.0,0.0,10–14
381,5,25,,0.0,0.0,5.0,0.0,0.0,3–5
382,12,25,Wirtz,1.0,0.0,2.0,1.5625,0.0,10–14
384,4,25,,0.0,0.0,2.0,0.0,0.0,3–5
385,1,25,,0.0,0.0,0.0,0.0,0.0,≤2
386,1,25,,0.0,0.0,1.0,0.0,0.0,≤2
387,5,25,Szoboszlai,-7.0,-2.0,13.0,-10.9375,-3.125,3–5
388,1,25,,0.0,0.0,1.0,0.0,0.0,≤2
389,1,25,,0.0,0.0,0.0,0.0,0.0,≤2
390,4,25,,0.0,0.0,1.0,0.0,0.0,3–5
392,1,25,,0.0,0.0,1.0,0.0,0.0,≤2
402,2,25,,0.0,0.0,0.0,0.0,0.0,≤2
406,0,25,,0.0,0.0,6.0,0.0,0.0,≤2
407,1,25,,0.0,0.0,11.0,0.0,0.0,≤2
411,1,25,O'Reilly,-3.0,-4.0,6.0,-4.6875,-6.25,≤2
413,1,25,,0.0,0.0,10.0,0.0,0.0,≤2
414,1,25,Foden,-2.0,-1.0,1.0,-3.125,-1.5625,≤2
416,5,25,,0.0,0.0,6.0,0.0,0.0,3–5
417,8,25,,0.0,0.0,3.0,0.0,0.0,6–9
421,3,25,,0.0,0.0,3.0,0.0,0.0,3–5
423,0,25,,0.0,0.0,0.0,0.0,0.0,≤2
427,1,25,,0.0,0.0,3.0,0.0,0.0,≤2
430,5,25,,0.0,0.0,1.0,0.0,0.0,3–5
437,1,25,,0.0,0.0,-1.0,0.0,0.0,≤2
438,1,25,,0.0,0.0,1.0,0.0,0.0,≤2
440,2,25,,0.0,0.0,1.0,0.0,0.0,≤2
442,2,25,,0.0,0.0,3.0,0.0,0.0,≤2
443,1,25,,0.0,0.0,1.0,0.0,0.0,≤2
444,1,25,,0.0,0.0,0.0,0.0,0.0,≤2
449,10,25,,0.0,0.0,5.0,0.0,0.0,10–14
450,9,25,,0.0,0.0,9.0,0.0,0.0,6–9
452,2,25,Amad,1.0,0.0,2.0,1.5625,0.0,≤2
453,1,25,,0.0,0.0,0.0,0.0,0.0,≤2
456,2,25,,0.0,0.0,1.0,0.0,0.0,≤2
457,13,25,,0.0,0.0,2.0,0.0,0.0,10–14
458,4,25,,0.0,0.0,5.0,0.0,0.0,3–5
459,1,25,,0.0,0.0,0.0,0.0,0.0,≤2
469,1,25,,0.0,0.0,3.0,0.0,0.0,≤2
470,1,25,,0.0,0.0,5.0,0.0,0.0,≤2
473,3,25,Hall,-2.0,0.0,1.0,-3.125,0.0,3–5
476,1,25,,0.0,0.0,0.0,0.0,0.0,≤2
478,1,25,,0.0,0.0,1.0,0.0,0.0,≤2
481,1,25,,0.0,0.0,0.0,0.0,0.0,≤2
485,6,25,Gordon,-2.0,-4.0,2.0,-3.125,-6.25,6–9
486,2,25,,0.0,0.0,1.0,0.0,0.0,≤2
487,2,25,,0.0,0.0,2.0,0.0,0.0,≤2
489,1,25,,0.0,0.0,0.0,0.0,0.0,≤2
491,2,25,,0.0,0.0,4.0,0.0,0.0,≤2
493,1,25,,0.0,0.0,1.0,0.0,0.0,≤2
494,2,25,,0.0,0.0,1.0,0.0,0.0,≤2
500,1,25,,0.0,0.0,0.0,0.0,0.0,≤2
502,1,25,,0.0,0.0,6.0,0.0,0.0,≤2
505,3,25,,0.0,0.0,8.0,0.0,0.0,3–5
506,2,25,,0.0,0.0,8.0,0.0,0.0,≤2
507,2,25,,0.0,0.0,11.0,0.0,0.0,≤2
508,-2,25,,0.0,0.0,8.0,0.0,0.0,≤2
511,1,25,,0.0,0.0,1.0,0.0,0.0,≤2
515,8,25,,0.0,0.0,6.0,0.0,0.0,6–9
516,1,25,,0.0,0.0,3.0,0.0,0.0,≤2
517,7,25,Anderson,1.0,1.0,5.0,1.5625,1.5625,6–9
519,1,25,,0.0,0.0,3.0,0.0,0.0,≤2
521,2,25,,0.0,0.0,5.0,0.0,0.0,≤2
522,1,25,,0.0,0.0,0.0,0.0,0.0,≤2
526,2,25,,0.0,0.0,9.0,0.0,0.0,≤2
531,9,25,,0.0,0.0,2.0,0.0,0.0,6–9
532,5,25,,0.0,0.0,0.0,0.0,0.0,3–5
539,1,25,,0.0,0.0,1.0,0.0,0.0,≤2
541,11,25,Reinildo,-1.0,0.0,-1.0,-1.5625,0.0,10–14
544,14,25,,0.0,0.0,0.0,0.0,0.0,10–14
547,5,25,E.Le Fée,0.0,-3.0,2.0,0.0,-4.6875,3–5
548,1,25,,0.0,0.0,1.0,0.0,0.0,≤2
552,3,25,,0.0,0.0,3.0,0.0,0.0,3–5
553,8,25,,0.0,0.0,1.0,0.0,0.0,6–9
560,1,25,,0.0,0.0,1.0,0.0,0.0,≤2
565,1,25,,0.0,0.0,1.0,0.0,0.0,≤2
569,0,25,,0.0,0.0,11.0,0.0,0.0,≤2
572,1,25,,0.0,0.0,1.0,0.0,0.0,≤2
574,1,25,,0.0,0.0,1.0,0.0,0.0,≤2
580,2,25,,0.0,0.0,2.0,0.0,0.0,≤2
584,1,25,,0.0,0.0,1.0,0.0,0.0,≤2
587,1,25,,0.0,0.0,4.0,0.0,0.0,≤2
588,1,25,,0.0,0.0,8.0,0.0,0.0,≤2
591,2,25,,0.0,0.0,1.0,0.0,0.0,≤2
593,1,25,,0.0,0.0,0.0,0.0,0.0,≤2
596,12,25,,0.0,0.0,2.0,0.0,0.0,10–14
600,2,25,,0.0,0.0,2.0,0.0,0.0,≤2
603,1,25,,0.0,0.0,1.0,0.0,0.0,≤2
605,0,25,,0.0,0.0,1.0,0.0,0.0,≤2
606,3,25,,0.0,0.0,2.0,0.0,0.0,3–5
608,0,25,,0.0,0.0,5.0,0.0,0.0,≤2
609,0,25,,0.0,0.0,2.0,0.0,0.0,≤2
610,7,25,,0.0,0.0,2.0,0.0,0.0,6–9
613,2,25,,0.0,0.0,2.0,0.0,0.0,≤2
615,7,25,,0.0,0.0,8.0,0.0,0.0,6–9
624,8,25,Bowen,1.0,0.0,12.0,1.5625,0.0,6–9
628,1,25,,0.0,0.0,1.0,0.0,0.0,≤2
631,3,25,,0.0,0.0,0.0,0.0,0.0,3–5
633,2,25,,0.0,0.0,1.0,0.0,0.0,≤2
634,0,25,,0.0,0.0,0.0,0.0,0.0,≤2
635,2,25,,0.0,0.0,1.0,0.0,0.0,≤2
636,2,25,,0.0,0.0,1.0,0.0,0.0,≤2
640,1,25,,0.0,0.0,0.0,0.0,0.0,≤2
642,2,25,,0.0,0.0,2.0,0.0,0.0,≤2
643,3,25,,0.0,0.0,1.0,0.0,0.0,3–5
644,1,25,,0.0,0.0,0.0,0.0,0.0,≤2
646,3,25,,0.0,0.0,3.0,0.0,0.0,3–5
654,1,25,,0.0,0.0,1.0,0.0,0.0,≤2
660,2,25,Stach,-1.0,-1.0,8.0,-1.5625,-1.5625,≤2
661,13,25,,0.0,0.0,1.0,0.0,0.0,10–14
663,1,25,,0.0,0.0,1.0,0.0,0.0,≤2
666,7,25,,0.0,0.0,1.0,0.0,0.0,6–9
669,1,25,,0.0,0.0,0.0,0.0,0.0,≤2
670,6,25,,0.0,0.0,1.0,0.0,0.0,6–9
671,1,25,,0.0,0.0,1.0,0.0,0.0,≤2
672,0,25,,0.0,0.0,1.0,0.0,0.0,≤2
673,4,25,,0.0,0.0,0.0,0.0,0.0,3–5
675,1,25,,0.0,0.0,0.0,0.0,0.0,≤2
676,1,25,,0.0,0.0,2.0,0.0,0.0,≤2
680,1,25,,0.0,0.0,2.0,0.0,0.0,≤2
681,6,25,,0.0,0.0,1.0,0.0,0.0,6–9
682,1,25,,0.0,0.0,0.0,0.0,0.0,≤2
683,6,25,Alderete,-2.0,-1.0,1.0,-3.125,-1.5625,6–9
684,0,25,Thiaw,0.0,-1.0,1.0,0.0,-1.5625,≤2
685,1,25,,0.0,0.0,0.0,0.0,0.0,≤2
691,2,25,Calvert-Lewin,1.0,0.0,2.0,1.5625,0.0,≤2
694,9,25,Mukiele,-3.0,-1.0,4.0,-4.6875,-1.5625,6–9
697,5,25,,0.0,0.0,10.0,0.0,0.0,3–5
698,1,25,,0.0,0.0,1.0,0.0,0.0,≤2
699,2,25,,0.0,0.0,0.0,0.0,0.0,≤2
706,0,25,,0.0,0.0,9.0,0.0,0.0,≤2
707,1,25,,0.0,0.0,1.0,0.0,0.0,≤2
708,4,25,,0.0,0.0,8.0,0.0,0.0,3–5
712,1,25,,0.0,0.0,1.0,0.0,0.0,≤2
713,5,25,,0.0,0.0,7.0,0.0,0.0,3–5
714,1,25,,0.0,0.0,1.0,0.0,0.0,≤2
717,6,25,,0.0,0.0,4.0,0.0,0.0,6–9
720,2,25,,0.0,0.0,1.0,0.0,0.0,≤2
722,2,25,,0.0,0.0,4.0,0.0,0.0,≤2
724,1,25,,0.0,0.0,0.0,0.0,0.0,≤2
725,6,25,,0.0,0.0,0.0,0.0,0.0,6–9
726,2,25,,0.0,0.0,0.0,0.0,0.0,≤2
727,2,25,,0.0,0.0,6.0,0.0,0.0,≤2
730,2,25,,0.0,0.0,7.0,0.0,0.0,≤2
731,6,25,,0.0,0.0,1.0,0.0,0.0,6–9
732,1,25,,0.0,0.0,1.0,0.0,0.0,≤2
733,2,25,,0.0,0.0,2.0,0.0,0.0,≤2
736,2,25,,0.0,0.0,8.0,0.0,0.0,≤2
745,1,25,,0.0,0.0,0.0,0.0,0.0,≤2
749,2,25,,0.0,0.0,2.0,0.0,0.0,≤2
783,12,25,,0.0,0.0,2.0,0.0,0.0,10–14
785,2,25,,0.0,0.0,2.0,0.0,0.0,≤2
791,2,25,,0.0,0.0,4.0,0.0,0.0,≤2
796,7,25,,0.0,0.0,2.0,0.0,0.0,6–9
801,1,25,,0.0,0.0,1.0,0.0,0.0,≤2
807,4,25,,0.0,0.0,0.0,0.0,0.0,3–5
808,2,25,,0.0,0.0,0.0,0.0,0.0,≤2
1,7,26,Raya,0.0,1.0,6.0,0.0,1.5625,6–9
5,6,26,Gabriel,1.0,1.0,8.0,1.5625,1.5625,6–9
6,7,26,,0.0,0.0,6.0,0.0,0.0,6–9
7,6,26,,0.0,0.0,1.0,0.0,0.0,6–9
8,6,26,J.Timber,0.0,2.0,5.0,0.0,3.125,6–9
18,1,26,,0.0,0.0,14.0,0.0,0.0,≤2
19,4,26,Martinelli,0.0,1.0,4.0,0.0,1.5625,3–5
20,6,26,,0.0,0.0,3.0,0.0,0.0,6–9
21,5,26,Rice,1.0,3.0,3.0,1.5625,4.6875,3–5
24,1,26,,0.0,0.0,0.0,0.0,0.0,≤2
26,10,26,,0.0,0.0,10.0,0.0,0.0,10–14
30,5,26,,0.0,0.0,2.0,0.0,0.0,3–5
31,1,26,,0.0,0.0,5.0,0.0,0.0,≤2
32,6,26,,0.0,0.0,2.0,0.0,0.0,6–9
36,2,26,,0.0,0.0,2.0,0.0,0.0,≤2
37,4,26,,0.0,0.0,0.0,0.0,0.0,3–5
38,2,26,,0.0,0.0,2.0,0.0,0.0,≤2
39,1,26,,0.0,0.0,2.0,0.0,0.0,≤2
40,2,26,,0.0,0.0,0.0,0.0,0.0,≤2
44,1,26,,0.0,0.0,1.0,0.0,0.0,≤2
47,10,26,,0.0,0.0,2.0,0.0,0.0,10–14
49,1,26,,0.0,0.0,1.0,0.0,0.0,≤2
50,1,26,,0.0,0.0,2.0,0.0,0.0,≤2
52,1,26,,0.0,0.0,1.0,0.0,0.0,≤2
55,1,26,,0.0,0.0,0.0,0.0,0.0,≤2
59,4,26,,0.0,0.0,0.0,0.0,0.0,3–5
64,2,26,,0.0,0.0,0.0,0.0,0.0,≤2
67,3,26,Petrović,-1.0,0.0,10.0,-1.5625,0.0,3–5
72,2,26,Senesi,1.0,0.0,8.0,1.5625,0.0,≤2
73,1,26,,0.0,0.0,6.0,0.0,0.0,≤2
74,2,26,,0.0,0.0,6.0,0.0,0.0,≤2
77,7,26,Hill,0.0,1.0,7.0,0.0,1.5625,6–9
82,2,26,,0.0,0.0,7.0,0.0,0.0,≤2
83,12,26,,0.0,0.0,8.0,0.0,0.0,10–14
86,1,26,,0.0,0.0,0.0,0.0,0.0,≤2
87,1,26,,0.0,0.0,1.0,0.0,0.0,≤2
88,4,26,,0.0,0.0,3.0,0.0,0.0,3–5
90,2,26,,0.0,0.0,13.0,0.0,0.0,≤2
97,2,26,Evanilson,0.0,-1.0,2.0,0.0,-1.5625,≤2
98,1,26,,0.0,0.0,1.0,0.0,0.0,≤2
100,2,26,Kroupi.Jr,0.0,1.0,7.0,0.0,1.5625,≤2
101,1,26,,0.0,0.0,10.0,0.0,0.0,≤2
107,1,26,,0.0,0.0,1.0,0.0,0.0,≤2
108,3,26,,0.0,0.0,7.0,0.0,0.0,3–5
109,1,26,,0.0,0.0,6.0,0.0,0.0,≤2
110,1,26,,0.0,0.0,5.0,0.0,0.0,≤2
113,1,26,,0.0,0.0,8.0,0.0,0.0,≤2
119,8,26,,0.0,0.0,2.0,0.0,0.0,6–9
121,1,26,,0.0,0.0,0.0,0.0,0.0,≤2
124,1,26,,0.0,0.0,1.0,0.0,0.0,≤2
125,9,26,,0.0,0.0,4.0,0.0,0.0,6–9
126,8,26,,0.0,0.0,3.0,0.0,0.0,6–9
129,1,26,,0.0,0.0,1.0,0.0,0.0,≤2
130,1,26,,0.0,0.0,0.0,0.0,0.0,≤2
135,2,26,,0.0,0.0,1.0,0.0,0.0,≤2
136,5,26,Thiago,1.0,0.0,2.0,1.5625,0.0,3–5
139,3,26,,0.0,0.0,3.0,0.0,0.0,3–5
143,4,26,,0.0,0.0,0.0,0.0,0.0,3–5
145,2,26,,0.0,0.0,6.0,0.0,0.0,≤2
146,4,26,,0.0,0.0,4.0,0.0,0.0,3–5
148,2,26,,0.0,0.0,2.0,0.0,0.0,≤2
157,2,26,,0.0,0.0,2.0,0.0,0.0,≤2
158,2,26,,0.0,0.0,1.0,0.0,0.0,≤2
160,1,26,,0.0,0.0,1.0,0.0,0.0,≤2
163,1,26,,0.0,0.0,0.0,0.0,0.0,≤2
164,1,26,,0.0,0.0,0.0,0.0,0.0,≤2
167,2,26,,0.0,0.0,4.0,0.0,0.0,≤2
169,0,26,,0.0,0.0,0.0,0.0,0.0,≤2
178,1,26,,0.0,0.0,2.0,0.0,0.0,≤2
181,2,26,,0.0,0.0,1.0,0.0,0.0,≤2
187,1,26,,0.0,0.0,0.0,0.0,0.0,≤2
191,1,26,Estève,-1.0,0.0,3.0,-1.5625,0.0,≤2
193,0,26,,0.0,0.0,3.0,0.0,0.0,≤2
195,1,26,,0.0,0.0,1.0,0.0,0.0,≤2
200,2,26,,0.0,0.0,1.0,0.0,0.0,≤2
202,1,26,,0.0,0.0,1.0,0.0,0.0,≤2
206,2,26,,0.0,0.0,2.0,0.0,0.0,≤2
207,2,26,,0.0,0.0,0.0,0.0,0.0,≤2
209,0,26,,0.0,0.0,1.0,0.0,0.0,≤2
210,1,26,,0.0,0.0,1.0,0.0,0.0,≤2
215,2,26,,0.0,0.0,1.0,0.0,0.0,≤2
217,1,26,,0.0,0.0,2.0,0.0,0.0,≤2
220,2,26,,0.0,0.0,2.0,0.0,0.0,≤2
224,4,26,,0.0,0.0,7.0,0.0,0.0,3–5
226,4,26,Chalobah,0.0,-1.0,3.0,0.0,-1.5625,3–5
228,2,26,,0.0,0.0,1.0,0.0,0.0,≤2
230,2,26,,0.0,0.0,4.0,0.0,0.0,≤2
233,1,26,,0.0,0.0,0.0,0.0,0.0,≤2
235,20,26,,0.0,0.0,2.0,0.0,0.0,15+
236,2,26,,0.0,0.0,2.0,0.0,0.0,≤2
237,2,26,,0.0,0.0,8.0,0.0,0.0,≤2
241,5,26,,0.0,0.0,3.0,0.0,0.0,3–5
242,13,26,Dewsbury-Hall,0.0,1.0,2.0,0.0,1.5625,10–14
243,1,26,,0.0,0.0,0.0,0.0,0.0,≤2
246,2,26,,0.0,0.0,0.0,0.0,0.0,≤2
249,8,26,João Pedro,0.0,1.0,10.0,0.0,1.5625,6–9
250,1,26,,0.0,0.0,5.0,0.0,0.0,≤2
253,8,26,,0.0,0.0,2.0,0.0,0.0,6–9
256,5,26,Muñoz,19.0,19.0,2.0,29.6875,29.6875,3–5
257,11,26,Lacroix,2.0,0.0,2.0,3.125,0.0,10–14
258,6,26,,0.0,0.0,2.0,0.0,0.0,6–9
260,3,26,,0.0,0.0,3.0,0.0,0.0,3–5
261,8,26,Richards,1.0,2.0,1.0,1.5625,3.125,6–9
266,1,26,,0.0,0.0,1.0,0.0,0.0,≤2
267,8,26,Sarr,12.0,5.0,7.0,18.75,7.8125,6–9
270,2,26,,0.0,0.0,2.0,0.0,0.0,≤2
271,1,26,,0.0,0.0,0.0,0.0,0.0,≤2
272,5,26,,0.0,0.0,9.0,0.0,0.0,3–5
273,3,26,,0.0,0.0,0.0,0.0,0.0,3–5
287,2,26,,0.0,0.0,2.0,0.0,0.0,≤2
290,1,26,,0.0,0.0,1.0,0.0,0.0,≤2
291,2,26,Tarkowski,-5.0,-3.0,2.0,-7.8125,-4.6875,≤2
292,2,26,,0.0,0.0,0.0,0.0,0.0,≤2
293,3,26,,0.0,0.0,5.0,0.0,0.0,3–5
295,4,26,Keane,0.0,-3.0,2.0,0.0,-4.6875,3–5
299,2,26,,0.0,0.0,2.0,0.0,0.0,≤2
302,1,26,,0.0,0.0,2.0,0.0,0.0,≤2
303,4,26,,0.0,0.0,4.0,0.0,0.0,3–5
304,1,26,,0.0,0.0,0.0,0.0,0.0,≤2
305,2,26,,0.0,0.0,2.0,0.0,0.0,≤2
310,2,26,,0.0,0.0,2.0,0.0,0.0,≤2
311,1,26,,0.0,0.0,7.0,0.0,0.0,≤2
314,-1,26,,0.0,0.0,2.0,0.0,0.0,≤2
317,1,26,Andersen,-1.0,0.0,0.0,-1.5625,0.0,≤2
319,2,26,,0.0,0.0,1.0,0.0,0.0,≤2
321,2,26,,0.0,0.0,1.0,0.0,0.0,≤2
322,1,26,,0.0,0.0,0.0,0.0,0.0,≤2
324,4,26,,0.0,0.0,2.0,0.0,0.0,3–5
325,2,26,,0.0,0.0,2.0,0.0,0.0,≤2
326,1,26,,0.0,0.0,0.0,0.0,0.0,≤2
328,2,26,,0.0,0.0,4.0,0.0,0.0,≤2
329,2,26,Wilson,0.0,-5.0,2.0,0.0,-7.8125,≤2
330,2,26,,0.0,0.0,2.0,0.0,0.0,≤2
337,5,26,,0.0,0.0,6.0,0.0,0.0,3–5
338,1,26,,0.0,0.0,0.0,0.0,0.0,≤2
341,3,26,,0.0,0.0,1.0,0.0,0.0,3–5
342,8,26,,0.0,0.0,0.0,0.0,0.0,6–9
343,4,26,,0.0,0.0,2.0,0.0,0.0,3–5
345,1,26,,0.0,0.0,0.0,0.0,0.0,≤2
347,2,26,Gudmundsson,-1.0,0.0,-1.0,-1.5625,0.0,≤2
348,4,26,Rodon,0.0,-1.0,2.0,0.0,-1.5625,3–5
350,3,26,,0.0,0.0,2.0,0.0,0.0,3–5
353,1,26,,0.0,0.0,0.0,0.0,0.0,≤2
354,2,26,,0.0,0.0,2.0,0.0,0.0,≤2
356,11,26,,0.0,0.0,1.0,0.0,0.0,10–14
366,1,26,,0.0,0.0,2.0,0.0,0.0,≤2
371,1,26,,0.0,0.0,5.0,0.0,0.0,≤2
373,0,26,,0.0,0.0,4.0,0.0,0.0,≤2
374,1,26,,0.0,0.0,11.0,0.0,0.0,≤2
381,2,26,,0.0,0.0,5.0,0.0,0.0,≤2
382,2,26,Wirtz,1.0,1.0,12.0,1.5625,1.5625,≤2
384,2,26,,0.0,0.0,4.0,0.0,0.0,≤2
385,1,26,,0.0,0.0,1.0,0.0,0.0,≤2
386,2,26,,0.0,0.0,1.0,0.0,0.0,≤2
387,8,26,Szoboszlai,-10.0,-1.0,5.0,-15.625,-1.5625,6–9
388,1,26,,0.0,0.0,1.0,0.0,0.0,≤2
390,5,26,,0.0,0.0,4.0,0.0,0.0,3–5
400,1,26,,0.0,0.0,0.0,0.0,0.0,≤2
402,2,26,,0.0,0.0,2.0,0.0,0.0,≤2
405,1,26,,0.0,0.0,0.0,0.0,0.0,≤2
406,6,26,,0.0,0.0,0.0,0.0,0.0,6–9
407,5,26,,0.0,0.0,1.0,0.0,0.0,3–5
408,1,26,,0.0,0.0,0.0,0.0,0.0,≤2
411,2,26,O'Reilly,-1.0,-3.0,1.0,-1.5625,-4.6875,≤2
413,2,26,,0.0,0.0,1.0,0.0,0.0,≤2
416,7,26,,0.0,0.0,5.0,0.0,0.0,6–9
417,1,26,,0.0,0.0,8.0,0.0,0.0,≤2
421,4,26,,0.0,0.0,3.0,0.0,0.0,3–5
424,1,26,,0.0,0.0,0.0,0.0,0.0,≤2
430,11,26,,0.0,0.0,5.0,0.0,0.0,10–14
437,7,26,,0.0,0.0,1.0,0.0,0.0,6–9
438,1,26,,0.0,0.0,1.0,0.0,0.0,≤2
440,12,26,,0.0,0.0,2.0,0.0,0.0,10–14
442,6,26,,0.0,0.0,2.0,0.0,0.0,6–9
443,6,26,,0.0,0.0,1.0,0.0,0.0,6–9
449,10,26,,0.0,0.0,10.0,0.0,0.0,10–14
450,3,26,Cunha,0.0,-1.0,9.0,0.0,-1.5625,3–5
452,2,26,,0.0,0.0,2.0,0.0,0.0,≤2
453,1,26,,0.0,0.0,1.0,0.0,0.0,≤2
456,5,26,,0.0,0.0,2.0,0.0,0.0,3–5
457,3,26,,0.0,0.0,13.0,0.0,0.0,3–5
458,6,26,Mainoo,0.0,1.0,4.0,0.0,1.5625,6–9
459,1,26,,0.0,0.0,1.0,0.0,0.0,≤2
466,1,26,,0.0,0.0,0.0,0.0,0.0,≤2
469,2,26,,0.0,0.0,1.0,0.0,0.0,≤2
470,1,26,Dúbravka,-1.0,-1.0,1.0,-1.5625,-1.5625,≤2
473,0,26,Hall,-3.0,-2.0,3.0,-4.6875,-3.125,≤2
475,7,26,,0.0,0.0,0.0,0.0,0.0,6–9
476,1,26,,0.0,0.0,1.0,0.0,0.0,≤2
478,1,26,,0.0,0.0,1.0,0.0,0.0,≤2
486,1,26,,0.0,0.0,2.0,0.0,0.0,≤2
487,2,26,Barnes,-2.0,0.0,2.0,-3.125,0.0,≤2
488,11,26,,0.0,0.0,0.0,0.0,0.0,10–14
489,0,26,,0.0,0.0,1.0,0.0,0.0,≤2
491,2,26,,0.0,0.0,2.0,0.0,0.0,≤2
493,1,26,,0.0,0.0,1.0,0.0,0.0,≤2
494,1,26,,0.0,0.0,2.0,0.0,0.0,≤2
500,1,26,,0.0,0.0,1.0,0.0,0.0,≤2
505,1,26,,0.0,0.0,3.0,0.0,0.0,≤2
507,1,26,,0.0,0.0,2.0,0.0,0.0,≤2
511,3,26,,0.0,0.0,1.0,0.0,0.0,3–5
513,1,26,,0.0,0.0,0.0,0.0,0.0,≤2
515,2,26,,0.0,0.0,8.0,0.0,0.0,≤2
516,2,26,,0.0,0.0,1.0,0.0,0.0,≤2
517,4,26,Anderson,1.0,1.0,7.0,1.5625,1.5625,3–5
519,1,26,,0.0,0.0,1.0,0.0,0.0,≤2
521,1,26,,0.0,0.0,2.0,0.0,0.0,≤2
522,1,26,,0.0,0.0,1.0,0.0,0.0,≤2
526,1,26,,0.0,0.0,2.0,0.0,0.0,≤2
531,1,26,Ballard,0.0,-1.0,9.0,0.0,-1.5625,≤2
532,1,26,,0.0,0.0,5.0,0.0,0.0,≤2
541,1,26,Reinildo,-1.0,0.0,11.0,-1.5625,0.0,≤2
544,1,26,,0.0,0.0,14.0,0.0,0.0,≤2
547,2,26,E.Le Fée,0.0,-1.0,5.0,0.0,-1.5625,≤2
548,1,26,,0.0,0.0,1.0,0.0,0.0,≤2
552,2,26,,0.0,0.0,3.0,0.0,0.0,≤2
553,2,26,,0.0,0.0,8.0,0.0,0.0,≤2
560,1,26,,0.0,0.0,1.0,0.0,0.0,≤2
565,3,26,,0.0,0.0,1.0,0.0,0.0,3–5
569,-3,26,,0.0,0.0,0.0,0.0,0.0,≤2
572,0,26,,0.0,0.0,1.0,0.0,0.0,≤2
574,0,26,,0.0,0.0,1.0,0.0,0.0,≤2
575,1,26,,0.0,0.0,0.0,0.0,0.0,≤2
580,1,26,,0.0,0.0,2.0,0.0,0.0,≤2
584,1,26,,0.0,0.0,1.0,0.0,0.0,≤2
587,1,26,,0.0,0.0,1.0,0.0,0.0,≤2
588,1,26,,0.0,0.0,1.0,0.0,0.0,≤2
591,2,26,,0.0,0.0,2.0,0.0,0.0,≤2
593,2,26,,0.0,0.0,1.0,0.0,0.0,≤2
596,2,26,,0.0,0.0,12.0,0.0,0.0,≤2
603,9,26,,0.0,0.0,1.0,0.0,0.0,6–9
606,8,26,,0.0,0.0,3.0,0.0,0.0,6–9
608,1,26,,0.0,0.0,0.0,0.0,0.0,≤2
610,8,26,,0.0,0.0,7.0,0.0,0.0,6–9
613,3,26,,0.0,0.0,2.0,0.0,0.0,3–5
615,11,26,,0.0,0.0,7.0,0.0,0.0,10–14
623,1,26,Potts,0.0,-1.0,0.0,0.0,-1.5625,≤2
624,2,26,Bowen,0.0,-2.0,8.0,0.0,-3.125,≤2
628,2,26,José Sá,2.0,1.0,1.0,3.125,1.5625,≤2
632,0,26,,0.0,0.0,0.0,0.0,0.0,≤2
633,1,26,,0.0,0.0,2.0,0.0,0.0,≤2
634,1,26,,0.0,0.0,0.0,0.0,0.0,≤2
635,1,26,,0.0,0.0,2.0,0.0,0.0,≤2
636,1,26,,0.0,0.0,2.0,0.0,0.0,≤2
640,1,26,,0.0,0.0,1.0,0.0,0.0,≤2
642,1,26,,0.0,0.0,2.0,0.0,0.0,≤2
644,1,26,,0.0,0.0,1.0,0.0,0.0,≤2
646,2,26,J.Gomes,3.0,1.0,3.0,4.6875,1.5625,≤2
654,1,26,Strand Larsen,0.0,3.0,1.0,0.0,4.6875,≤2
659,1,26,,0.0,0.0,0.0,0.0,0.0,≤2
661,2,26,Ekitiké,0.0,-2.0,13.0,0.0,-3.125,≤2
666,12,26,,0.0,0.0,7.0,0.0,0.0,10–14
669,1,26,,0.0,0.0,1.0,0.0,0.0,≤2
670,1,26,,0.0,0.0,6.0,0.0,0.0,≤2
671,1,26,,0.0,0.0,1.0,0.0,0.0,≤2
672,1,26,,0.0,0.0,0.0,0.0,0.0,≤2
673,1,26,,0.0,0.0,4.0,0.0,0.0,≤2
676,2,26,,0.0,0.0,1.0,0.0,0.0,≤2
677,4,26,,0.0,0.0,0.0,0.0,0.0,3–5
679,10,26,,0.0,0.0,0.0,0.0,0.0,10–14
680,1,26,,0.0,0.0,1.0,0.0,0.0,≤2
681,1,26,,0.0,0.0,6.0,0.0,0.0,≤2
683,1,26,Alderete,-1.0,-1.0,6.0,-1.5625,-1.5625,≤2
684,1,26,Thiaw,0.0,-3.0,0.0,0.0,-4.6875,≤2
691,7,26,,0.0,0.0,2.0,0.0,0.0,6–9
693,4,26,,0.0,0.0,0.0,0.0,0.0,3–5
694,1,26,Mukiele,-5.0,-4.0,9.0,-7.8125,-6.25,≤2
697,2,26,,0.0,0.0,5.0,0.0,0.0,≤2
698,7,26,,0.0,0.0,1.0,0.0,0.0,6–9
699,2,26,,0.0,0.0,2.0,0.0,0.0,≤2
706,7,26,,0.0,0.0,0.0,0.0,0.0,6–9
708,8,26,,0.0,0.0,4.0,0.0,0.0,6–9
709,1,26,Krejčí,1.0,0.0,0.0,1.5625,0.0,≤2
712,1,26,,0.0,0.0,1.0,0.0,0.0,≤2
713,1,26,,0.0,0.0,5.0,0.0,0.0,≤2
714,1,26,,0.0,0.0,1.0,0.0,0.0,≤2
717,2,26,,0.0,0.0,6.0,0.0,0.0,≤2
720,8,26,Tolu,1.0,0.0,2.0,1.5625,0.0,6–9
722,0,26,,0.0,0.0,2.0,0.0,0.0,≤2
724,1,26,,0.0,0.0,1.0,0.0,0.0,≤2
725,1,26,,0.0,0.0,6.0,0.0,0.0,≤2
726,1,26,,0.0,0.0,2.0,0.0,0.0,≤2
727,3,26,,0.0,0.0,2.0,0.0,0.0,3–5
730,1,26,,0.0,0.0,2.0,0.0,0.0,≤2
731,1,26,,0.0,0.0,6.0,0.0,0.0,≤2
733,6,26,,0.0,0.0,2.0,0.0,0.0,6–9
736,3,26,,0.0,0.0,2.0,0.0,0.0,3–5
749,2,26,Mané,4.0,2.0,2.0,6.25,3.125,≤2
771,1,26,,0.0,0.0,0.0,0.0,0.0,≤2
783,2,26,,0.0,0.0,12.0,0.0,0.0,≤2
785,1,26,,0.0,0.0,2.0,0.0,0.0,≤2
791,6,26,,0.0,0.0,2.0,0.0,0.0,6–9
795,2,26,,0.0,0.0,0.0,0.0,0.0,≤2
796,2,26,,0.0,0.0,7.0,0.0,0.0,≤2
804,1,26,,0.0,0.0,0.0,0.0,0.0,≤2
805,5,26,,0.0,0.0,0.0,0.0,0.0,3–5
807,9,26,,0.0,0.0,4.0,0.0,0.0,6–9
808,1,26,,0.0,0.0,2.0,0.0,0.0,≤2
813,1,26,,0.0,0.0,0.0,0.0,0.0,≤2
814,1,26,,0.0,0.0,0.0,0.0,0.0,≤2
815,6,26,,0.0,0.0,0.0,0.0,0.0,6–9
816,2,26,,0.0,0.0,0.0,0.0,0.0,≤2
817,4,26,Armstrong,3.0,0.0,0.0,4.6875,0.0,3–5
1,3,27,Raya,0.0,-1.0,7.0,0.0,-1.5625,3–5
5,7,27,,0.0,0.0,6.0,0.0,0.0,6–9
6,1,27,,0.0,0.0,7.0,0.0,0.0,≤2
7,2,27,,0.0,0.0,6.0,0.0,0.0,≤2
8,3,27,J.Timber,0.0,-3.0,6.0,0.0,-4.6875,3–5
16,13,27,,0.0,0.0,0.0,0.0,0.0,10–14
17,1,27,,0.0,0.0,0.0,0.0,0.0,≤2
18,13,27,,0.0,0.0,1.0,0.0,0.0,10–14
19,3,27,Martinelli,0.0,-1.0,4.0,0.0,-1.5625,3–5
20,3,27,,0.0,0.0,6.0,0.0,0.0,3–5
21,14,27,Rice,-1.0,-8.0,5.0,-1.5625,-12.5,10–14
26,6,27,,0.0,0.0,10.0,0.0,0.0,6–9
31,0,27,,0.0,0.0,1.0,0.0,0.0,≤2
32,8,27,,0.0,0.0,6.0,0.0,0.0,6–9
38,6,27,,0.0,0.0,2.0,0.0,0.0,6–9
39,8,27,,0.0,0.0,1.0,0.0,0.0,6–9
40,12,27,,0.0,0.0,2.0,0.0,0.0,10–14
44,7,27,,0.0,0.0,1.0,0.0,0.0,6–9
47,2,27,,0.0,0.0,10.0,0.0,0.0,≤2
49,1,27,,0.0,0.0,1.0,0.0,0.0,≤2
50,1,27,,0.0,0.0,1.0,0.0,0.0,≤2
52,7,27,,0.0,0.0,1.0,0.0,0.0,6–9
55,1,27,,0.0,0.0,1.0,0.0,0.0,≤2
59,3,27,,0.0,0.0,4.0,0.0,0.0,3–5
64,2,27,,0.0,0.0,2.0,0.0,0.0,≤2
67,3,27,,0.0,0.0,3.0,0.0,0.0,3–5
72,2,27,,0.0,0.0,2.0,0.0,0.0,≤2
73,1,27,,0.0,0.0,1.0,0.0,0.0,≤2
74,7,27,,0.0,0.0,2.0,0.0,0.0,6–9
77,9,27,Hill,0.0,4.0,7.0,0.0,6.25,6–9
82,14,27,Semenyo,0.0,2.0,2.0,0.0,3.125,10–14
83,1,27,O.Dango,11.0,4.0,12.0,17.1875,6.25,≤2
86,0,27,,0.0,0.0,1.0,0.0,0.0,≤2
87,2,27,,0.0,0.0,1.0,0.0,0.0,≤2
88,1,27,,0.0,0.0,4.0,0.0,0.0,≤2
90,4,27,,0.0,0.0,2.0,0.0,0.0,3–5
97,1,27,Evanilson,-1.0,-3.0,2.0,-1.5625,-4.6875,≤2
98,1,27,,0.0,0.0,1.0,0.0,0.0,≤2
100,1,27,,0.0,0.0,2.0,0.0,0.0,≤2
101,2,27,Kelleher,0.0,1.0,1.0,0.0,1.5625,≤2
107,8,27,,0.0,0.0,1.0,0.0,0.0,6–9
108,4,27,Ajer,1.0,0.0,3.0,1.5625,0.0,3–5
109,2,27,,0.0,0.0,1.0,0.0,0.0,≤2
110,2,27,,0.0,0.0,1.0,0.0,0.0,≤2
113,6,27,,0.0,0.0,1.0,0.0,0.0,6–9
116,1,27,,0.0,0.0,0.0,0.0,0.0,≤2
119,6,27,Mbeumo,0.0,-1.0,8.0,0.0,-1.5625,6–9
121,1,27,,0.0,0.0,1.0,0.0,0.0,≤2
124,1,27,,0.0,0.0,1.0,0.0,0.0,≤2
125,1,27,,0.0,0.0,9.0,0.0,0.0,≤2
126,1,27,,0.0,0.0,8.0,0.0,0.0,≤2
129,2,27,,0.0,0.0,1.0,0.0,0.0,≤2
136,2,27,Thiago,2.0,13.0,5.0,3.125,20.3125,≤2
139,2,27,,0.0,0.0,3.0,0.0,0.0,≤2
143,1,27,,0.0,0.0,4.0,0.0,0.0,≤2
146,2,27,,0.0,0.0,4.0,0.0,0.0,≤2
148,2,27,,0.0,0.0,2.0,0.0,0.0,≤2
151,5,27,,0.0,0.0,0.0,0.0,0.0,3–5
152,1,27,,0.0,0.0,0.0,0.0,0.0,≤2
157,3,27,,0.0,0.0,2.0,0.0,0.0,3–5
160,1,27,,0.0,0.0,1.0,0.0,0.0,≤2
163,0,27,,0.0,0.0,1.0,0.0,0.0,≤2
167,0,27,,0.0,0.0,2.0,0.0,0.0,≤2
169,3,27,,0.0,0.0,0.0,0.0,0.0,3–5
170,2,27,,0.0,0.0,0.0,0.0,0.0,≤2
178,2,27,,0.0,0.0,1.0,0.0,0.0,≤2
181,1,27,,0.0,0.0,2.0,0.0,0.0,≤2
187,1,27,,0.0,0.0,1.0,0.0,0.0,≤2
191,3,27,,0.0,0.0,1.0,0.0,0.0,3–5
193,4,27,,0.0,0.0,0.0,0.0,0.0,3–5
199,3,27,,0.0,0.0,0.0,0.0,0.0,3–5
200,8,27,,0.0,0.0,2.0,0.0,0.0,6–9
202,1,27,,0.0,0.0,1.0,0.0,0.0,≤2
206,5,27,,0.0,0.0,2.0,0.0,0.0,3–5
207,10,27,,0.0,0.0,2.0,0.0,0.0,10–14
209,2,27,,0.0,0.0,0.0,0.0,0.0,≤2
215,2,27,,0.0,0.0,2.0,0.0,0.0,≤2
217,1,27,,0.0,0.0,1.0,0.0,0.0,≤2
220,1,27,,0.0,0.0,2.0,0.0,0.0,≤2
224,1,27,,0.0,0.0,4.0,0.0,0.0,≤2
226,3,27,,0.0,0.0,4.0,0.0,0.0,3–5
228,0,27,,0.0,0.0,2.0,0.0,0.0,≤2
230,1,27,,0.0,0.0,2.0,0.0,0.0,≤2
233,0,27,,0.0,0.0,1.0,0.0,0.0,≤2
235,12,27,Palmer,0.0,1.0,20.0,0.0,1.5625,10–14
236,1,27,,0.0,0.0,2.0,0.0,0.0,≤2
237,2,27,,0.0,0.0,2.0,0.0,0.0,≤2
238,3,27,,0.0,0.0,0.0,0.0,0.0,3–5
241,1,27,,0.0,0.0,5.0,0.0,0.0,≤2
242,2,27,,0.0,0.0,13.0,0.0,0.0,≤2
243,2,27,,0.0,0.0,1.0,0.0,0.0,≤2
246,2,27,,0.0,0.0,2.0,0.0,0.0,≤2
249,10,27,,0.0,0.0,8.0,0.0,0.0,10–14
250,1,27,,0.0,0.0,1.0,0.0,0.0,≤2
253,1,27,,0.0,0.0,8.0,0.0,0.0,≤2
256,1,27,,0.0,0.0,5.0,0.0,0.0,≤2
257,3,27,Lacroix,-6.0,-2.0,11.0,-9.375,-3.125,3–5
258,1,27,,0.0,0.0,6.0,0.0,0.0,≤2
260,7,27,,0.0,0.0,3.0,0.0,0.0,6–9
261,0,27,,0.0,0.0,8.0,0.0,0.0,≤2
262,1,27,,0.0,0.0,0.0,0.0,0.0,≤2
266,2,27,,0.0,0.0,1.0,0.0,0.0,≤2
267,2,27,Sarr,0.0,1.0,8.0,0.0,1.5625,≤2
270,1,27,,0.0,0.0,2.0,0.0,0.0,≤2
271,2,27,,0.0,0.0,1.0,0.0,0.0,≤2
272,1,27,,0.0,0.0,5.0,0.0,0.0,≤2
273,7,27,,0.0,0.0,3.0,0.0,0.0,6–9
287,1,27,,0.0,0.0,2.0,0.0,0.0,≤2
290,4,27,,0.0,0.0,1.0,0.0,0.0,3–5
291,1,27,Tarkowski,0.0,-3.0,2.0,0.0,-4.6875,≤2
292,1,27,,0.0,0.0,2.0,0.0,0.0,≤2
293,-2,27,,0.0,0.0,3.0,0.0,0.0,≤2
295,1,27,,0.0,0.0,4.0,0.0,0.0,≤2
299,9,27,,0.0,0.0,2.0,0.0,0.0,6–9
302,2,27,,0.0,0.0,1.0,0.0,0.0,≤2
303,2,27,,0.0,0.0,4.0,0.0,0.0,≤2
305,1,27,,0.0,0.0,2.0,0.0,0.0,≤2
310,2,27,,0.0,0.0,2.0,0.0,0.0,≤2
311,0,27,,0.0,0.0,1.0,0.0,0.0,≤2
314,1,27,,0.0,0.0,-1.0,0.0,0.0,≤2
317,2,27,Andersen,3.0,1.0,1.0,4.6875,1.5625,≤2
318,1,27,,0.0,0.0,0.0,0.0,0.0,≤2
322,1,27,,0.0,0.0,1.0,0.0,0.0,≤2
324,2,27,,0.0,0.0,4.0,0.0,0.0,≤2
325,1,27,,0.0,0.0,2.0,0.0,0.0,≤2
326,1,27,,0.0,0.0,1.0,0.0,0.0,≤2
328,4,27,,0.0,0.0,2.0,0.0,0.0,3–5
329,2,27,,0.0,0.0,2.0,0.0,0.0,≤2
330,2,27,,0.0,0.0,2.0,0.0,0.0,≤2
335,1,27,,0.0,0.0,0.0,0.0,0.0,≤2
336,1,27,,0.0,0.0,0.0,0.0,0.0,≤2
337,1,27,,0.0,0.0,5.0,0.0,0.0,≤2
338,1,27,,0.0,0.0,1.0,0.0,0.0,≤2
341,1,27,,0.0,0.0,3.0,0.0,0.0,≤2
342,4,27,,0.0,0.0,8.0,0.0,0.0,3–5
344,3,27,,0.0,0.0,0.0,0.0,0.0,3–5
345,0,27,,0.0,0.0,1.0,0.0,0.0,≤2
347,0,27,,0.0,0.0,2.0,0.0,0.0,≤2
348,3,27,,0.0,0.0,4.0,0.0,0.0,3–5
350,2,27,,0.0,0.0,3.0,0.0,0.0,≤2
353,1,27,,0.0,0.0,1.0,0.0,0.0,≤2
354,2,27,,0.0,0.0,2.0,0.0,0.0,≤2
356,2,27,,0.0,0.0,11.0,0.0,0.0,≤2
365,11,27,,0.0,0.0,0.0,0.0,0.0,10–14
366,7,27,,0.0,0.0,1.0,0.0,0.0,6–9
372,8,27,,0.0,0.0,0.0,0.0,0.0,6–9
373,17,27,Virgil,2.0,1.0,0.0,3.125,1.5625,15+
374,6,27,,0.0,0.0,1.0,0.0,0.0,6–9
376,1,27,,0.0,0.0,0.0,0.0,0.0,≤2
381,6,27,M.Salah,0.0,1.0,2.0,0.0,1.5625,6–9
382,3,27,Wirtz,0.0,2.0,2.0,0.0,3.125,3–5
384,3,27,,0.0,0.0,2.0,0.0,0.0,3–5
385,1,27,,0.0,0.0,1.0,0.0,0.0,≤2
386,3,27,,0.0,0.0,2.0,0.0,0.0,3–5
388,1,27,,0.0,0.0,1.0,0.0,0.0,≤2
390,5,27,,0.0,0.0,5.0,0.0,0.0,3–5
392,3,27,,0.0,0.0,0.0,0.0,0.0,3–5
400,7,27,,0.0,0.0,1.0,0.0,0.0,6–9
402,9,27,,0.0,0.0,2.0,0.0,0.0,6–9
406,1,27,,0.0,0.0,6.0,0.0,0.0,≤2
407,4,27,,0.0,0.0,5.0,0.0,0.0,3–5
408,6,27,,0.0,0.0,1.0,0.0,0.0,6–9
411,13,27,,0.0,0.0,2.0,0.0,0.0,10–14
413,1,27,,0.0,0.0,2.0,0.0,0.0,≤2
414,5,27,,0.0,0.0,0.0,0.0,0.0,3–5
416,0,27,,0.0,0.0,7.0,0.0,0.0,≤2
417,1,27,Cherki,-1.0,0.0,1.0,-1.5625,0.0,≤2
421,3,27,,0.0,0.0,4.0,0.0,0.0,3–5
423,0,27,,0.0,0.0,0.0,0.0,0.0,≤2
424,1,27,,0.0,0.0,1.0,0.0,0.0,≤2
427,1,27,,0.0,0.0,0.0,0.0,0.0,≤2
430,5,27,Haaland,0.0,-1.0,11.0,0.0,-1.5625,3–5
437,2,27,,0.0,0.0,7.0,0.0,0.0,≤2
440,1,27,,0.0,0.0,12.0,0.0,0.0,≤2
442,2,27,,0.0,0.0,6.0,0.0,0.0,≤2
443,2,27,,0.0,0.0,6.0,0.0,0.0,≤2
444,1,27,,0.0,0.0,0.0,0.0,0.0,≤2
449,2,27,,0.0,0.0,10.0,0.0,0.0,≤2
450,2,27,,0.0,0.0,3.0,0.0,0.0,≤2
452,2,27,,0.0,0.0,2.0,0.0,0.0,≤2
456,1,27,,0.0,0.0,5.0,0.0,0.0,≤2
457,2,27,,0.0,0.0,3.0,0.0,0.0,≤2
458,2,27,,0.0,0.0,6.0,0.0,0.0,≤2
466,1,27,,0.0,0.0,1.0,0.0,0.0,≤2
469,2,27,,0.0,0.0,2.0,0.0,0.0,≤2
470,1,27,,0.0,0.0,1.0,0.0,0.0,≤2
473,1,27,,0.0,0.0,0.0,0.0,0.0,≤2
475,2,27,,0.0,0.0,7.0,0.0,0.0,≤2
476,1,27,,0.0,0.0,1.0,0.0,0.0,≤2
478,2,27,,0.0,0.0,1.0,0.0,0.0,≤2
485,5,27,,0.0,0.0,0.0,0.0,0.0,3–5
486,2,27,,0.0,0.0,1.0,0.0,0.0,≤2
487,2,27,,0.0,0.0,2.0,0.0,0.0,≤2
488,3,27,Bruno G.,0.0,-1.0,11.0,0.0,-1.5625,3–5
489,1,27,,0.0,0.0,0.0,0.0,0.0,≤2
491,1,27,,0.0,0.0,2.0,0.0,0.0,≤2
493,0,27,,0.0,0.0,1.0,0.0,0.0,≤2
494,2,27,,0.0,0.0,1.0,0.0,0.0,≤2
500,1,27,,0.0,0.0,1.0,0.0,0.0,≤2
505,6,27,,0.0,0.0,1.0,0.0,0.0,6–9
507,7,27,,0.0,0.0,1.0,0.0,0.0,6–9
508,8,27,,0.0,0.0,0.0,0.0,0.0,6–9
511,8,27,,0.0,0.0,3.0,0.0,0.0,6–9
515,3,27,,0.0,0.0,2.0,0.0,0.0,3–5
516,3,27,,0.0,0.0,2.0,0.0,0.0,3–5
517,5,27,Anderson,-6.0,0.0,4.0,-9.375,0.0,3–5
521,3,27,,0.0,0.0,1.0,0.0,0.0,3–5
526,1,27,,0.0,0.0,1.0,0.0,0.0,≤2
531,4,27,,0.0,0.0,1.0,0.0,0.0,3–5
532,2,27,,0.0,0.0,1.0,0.0,0.0,≤2
541,1,27,,0.0,0.0,1.0,0.0,0.0,≤2
544,2,27,,0.0,0.0,1.0,0.0,0.0,≤2
547,2,27,,0.0,0.0,2.0,0.0,0.0,≤2
548,1,27,,0.0,0.0,1.0,0.0,0.0,≤2
552,2,27,,0.0,0.0,2.0,0.0,0.0,≤2
553,1,27,,0.0,0.0,2.0,0.0,0.0,≤2
560,1,27,,0.0,0.0,1.0,0.0,0.0,≤2
565,2,27,,0.0,0.0,3.0,0.0,0.0,≤2
572,3,27,,0.0,0.0,0.0,0.0,0.0,3–5
573,0,27,,0.0,0.0,0.0,0.0,0.0,≤2
575,3,27,,0.0,0.0,1.0,0.0,0.0,3–5
580,1,27,,0.0,0.0,1.0,0.0,0.0,≤2
584,1,27,,0.0,0.0,1.0,0.0,0.0,≤2
587,1,27,,0.0,0.0,1.0,0.0,0.0,≤2
588,1,27,,0.0,0.0,1.0,0.0,0.0,≤2
591,10,27,,0.0,0.0,2.0,0.0,0.0,10–14
593,8,27,,0.0,0.0,2.0,0.0,0.0,6–9
596,2,27,,0.0,0.0,2.0,0.0,0.0,≤2
603,6,27,,0.0,0.0,9.0,0.0,0.0,6–9
606,2,27,,0.0,0.0,8.0,0.0,0.0,≤2
608,1,27,,0.0,0.0,1.0,0.0,0.0,≤2
610,2,27,,0.0,0.0,8.0,0.0,0.0,≤2
613,9,27,,0.0,0.0,3.0,0.0,0.0,6–9
614,1,27,,0.0,0.0,0.0,0.0,0.0,≤2
615,3,27,,0.0,0.0,11.0,0.0,0.0,3–5
623,3,27,,0.0,0.0,1.0,0.0,0.0,3–5
624,5,27,Bowen,0.0,-1.0,2.0,0.0,-1.5625,3–5
628,13,27,,0.0,0.0,2.0,0.0,0.0,10–14
633,8,27,,0.0,0.0,1.0,0.0,0.0,6–9
634,9,27,,0.0,0.0,1.0,0.0,0.0,6–9
635,2,27,,0.0,0.0,1.0,0.0,0.0,≤2
636,9,27,,0.0,0.0,1.0,0.0,0.0,6–9
643,2,27,,0.0,0.0,0.0,0.0,0.0,≤2
644,1,27,,0.0,0.0,1.0,0.0,0.0,≤2
646,5,27,J.Gomes,-3.0,-1.0,2.0,-4.6875,-1.5625,3–5
651,6,27,,0.0,0.0,0.0,0.0,0.0,6–9
654,13,27,Strand Larsen,0.0,-1.0,1.0,0.0,-1.5625,10–14
659,1,27,,0.0,0.0,1.0,0.0,0.0,≤2
661,2,27,Ekitiké,-1.0,0.0,2.0,-1.5625,0.0,≤2
662,4,27,,0.0,0.0,0.0,0.0,0.0,3–5
666,3,27,,0.0,0.0,12.0,0.0,0.0,3–5
669,1,27,,0.0,0.0,1.0,0.0,0.0,≤2
670,2,27,,0.0,0.0,1.0,0.0,0.0,≤2
671,1,27,,0.0,0.0,1.0,0.0,0.0,≤2
672,0,27,,0.0,0.0,1.0,0.0,0.0,≤2
673,1,27,,0.0,0.0,1.0,0.0,0.0,≤2
676,7,27,,0.0,0.0,2.0,0.0,0.0,6–9
677,1,27,,0.0,0.0,4.0,0.0,0.0,≤2
679,2,27,,0.0,0.0,10.0,0.0,0.0,≤2
681,8,27,,0.0,0.0,1.0,0.0,0.0,6–9
682,1,27,,0.0,0.0,0.0,0.0,0.0,≤2
683,2,27,,0.0,0.0,1.0,0.0,0.0,≤2
684,11,27,,0.0,0.0,1.0,0.0,0.0,10–14
693,3,27,,0.0,0.0,4.0,0.0,0.0,3–5
694,2,27,,0.0,0.0,1.0,0.0,0.0,≤2
695,1,27,,0.0,0.0,0.0,0.0,0.0,≤2
697,10,27,,0.0,0.0,2.0,0.0,0.0,10–14
698,6,27,,0.0,0.0,7.0,0.0,0.0,6–9
699,3,27,,0.0,0.0,2.0,0.0,0.0,3–5
706,0,27,Justin,0.0,1.0,7.0,0.0,1.5625,≤2
708,3,27,,0.0,0.0,8.0,0.0,0.0,3–5
709,9,27,Krejčí,-1.0,0.0,1.0,-1.5625,0.0,6–9
712,1,27,,0.0,0.0,1.0,0.0,0.0,≤2
713,1,27,,0.0,0.0,1.0,0.0,0.0,≤2
714,1,27,,0.0,0.0,1.0,0.0,0.0,≤2
717,1,27,,0.0,0.0,2.0,0.0,0.0,≤2
718,1,27,,0.0,0.0,0.0,0.0,0.0,≤2
719,1,27,,0.0,0.0,0.0,0.0,0.0,≤2
720,4,27,,0.0,0.0,8.0,0.0,0.0,3–5
722,1,27,,0.0,0.0,0.0,0.0,0.0,≤2
724,1,27,,0.0,0.0,1.0,0.0,0.0,≤2
725,15,27,,0.0,0.0,1.0,0.0,0.0,15+
726,1,27,,0.0,0.0,1.0,0.0,0.0,≤2
727,1,27,,0.0,0.0,3.0,0.0,0.0,≤2
730,2,27,,0.0,0.0,1.0,0.0,0.0,≤2
731,1,27,,0.0,0.0,1.0,0.0,0.0,≤2
732,1,27,,0.0,0.0,0.0,0.0,0.0,≤2
733,2,27,,0.0,0.0,6.0,0.0,0.0,≤2
736,7,27,,0.0,0.0,3.0,0.0,0.0,6–9
749,4,27,Mané,0.0,-1.0,2.0,0.0,-1.5625,3–5
783,2,27,,0.0,0.0,2.0,0.0,0.0,≤2
791,2,27,,0.0,0.0,6.0,0.0,0.0,≤2
792,1,27,,0.0,0.0,0.0,0.0,0.0,≤2
795,1,27,,0.0,0.0,2.0,0.0,0.0,≤2
796,2,27,,0.0,0.0,2.0,0.0,0.0,≤2
801,1,27,,0.0,0.0,0.0,0.0,0.0,≤2
805,2,27,,0.0,0.0,5.0,0.0,0.0,≤2
807,6,27,,0.0,0.0,9.0,0.0,0.0,6–9
808,1,27,,0.0,0.0,1.0,0.0,0.0,≤2
813,2,27,,0.0,0.0,1.0,0.0,0.0,≤2
815,2,27,,0.0,0.0,6.0,0.0,0.0,≤2
816,4,27,,0.0,0.0,2.0,0.0,0.0,3–5
817,4,27,,0.0,0.0,4.0,0.0,0.0,3–5
1,3,28,,0.0,0.0,3.0,0.0,0.0,3–5
5,2,28,Gabriel,0.0,-1.0,7.0,0.0,-1.5625,≤2
6,2,28,,0.0,0.0,1.0,0.0,0.0,≤2
8,3,28,J.Timber,-2.0,-10.0,3.0,-3.125,-15.625,3–5
16,5,28,,0.0,0.0,13.0,0.0,0.0,3–5
17,4,28,,0.0,0.0,1.0,0.0,0.0,3–5
18,1,28,,0.0,0.0,13.0,0.0,0.0,≤2
19,1,28,,0.0,0.0,3.0,0.0,0.0,≤2
20,2,28,,0.0,0.0,3.0,0.0,0.0,≤2
21,4,28,Rice,-6.0,-18.0,14.0,-9.375,-28.125,3–5
26,2,28,,0.0,0.0,6.0,0.0,0.0,≤2
32,3,28,,0.0,0.0,8.0,0.0,0.0,3–5
36,2,28,,0.0,0.0,0.0,0.0,0.0,≤2
38,7,28,,0.0,0.0,6.0,0.0,0.0,6–9
39,2,28,,0.0,0.0,8.0,0.0,0.0,≤2
40,2,28,,0.0,0.0,12.0,0.0,0.0,≤2
42,1,28,,0.0,0.0,0.0,0.0,0.0,≤2
44,1,28,,0.0,0.0,7.0,0.0,0.0,≤2
47,2,28,,0.0,0.0,2.0,0.0,0.0,≤2
49,2,28,,0.0,0.0,1.0,0.0,0.0,≤2
50,1,28,,0.0,0.0,1.0,0.0,0.0,≤2
52,6,28,,0.0,0.0,7.0,0.0,0.0,6–9
55,1,28,,0.0,0.0,1.0,0.0,0.0,≤2
59,2,28,,0.0,0.0,3.0,0.0,0.0,≤2
64,2,28,Watkins,-1.0,-1.0,2.0,-1.5625,-1.5625,≤2
67,9,28,,0.0,0.0,3.0,0.0,0.0,6–9
72,5,28,Senesi,4.0,0.0,2.0,6.25,0.0,3–5
73,1,28,,0.0,0.0,1.0,0.0,0.0,≤2
74,6,28,,0.0,0.0,7.0,0.0,0.0,6–9
77,6,28,Hill,1.0,7.0,9.0,1.5625,10.9375,6–9
82,4,28,Semenyo,0.0,2.0,14.0,0.0,3.125,3–5
83,2,28,O.Dango,28.0,28.0,1.0,43.75,43.75,≤2
84,1,28,Tavernier,2.0,2.0,0.0,3.125,3.125,≤2
85,5,28,,0.0,0.0,0.0,0.0,0.0,3–5
86,1,28,,0.0,0.0,0.0,0.0,0.0,≤2
87,1,28,,0.0,0.0,2.0,0.0,0.0,≤2
90,5,28,,0.0,0.0,4.0,0.0,0.0,3–5
97,2,28,Evanilson,0.0,-1.0,1.0,0.0,-1.5625,≤2
98,1,28,,0.0,0.0,1.0,0.0,0.0,≤2
100,2,28,Kroupi.Jr,-2.0,-1.0,1.0,-3.125,-1.5625,≤2
101,2,28,Kelleher,0.0,1.0,2.0,0.0,1.5625,≤2
106,1,28,Collins,-2.0,0.0,0.0,-3.125,0.0,≤2
107,0,28,,0.0,0.0,8.0,0.0,0.0,≤2
108,1,28,,0.0,0.0,4.0,0.0,0.0,≤2
109,1,28,,0.0,0.0,2.0,0.0,0.0,≤2
113,3,28,,0.0,0.0,6.0,0.0,0.0,3–5
116,1,28,,0.0,0.0,1.0,0.0,0.0,≤2
119,6,28,Mbeumo,0.0,1.0,6.0,0.0,1.5625,6–9
120,1,28,Schade,1.0,1.0,0.0,1.5625,1.5625,≤2
121,1,28,,0.0,0.0,1.0,0.0,0.0,≤2
124,2,28,,0.0,0.0,1.0,0.0,0.0,≤2
125,1,28,,0.0,0.0,1.0,0.0,0.0,≤2
126,2,28,,0.0,0.0,1.0,0.0,0.0,≤2
129,0,28,,0.0,0.0,2.0,0.0,0.0,≤2
130,1,28,,0.0,0.0,0.0,0.0,0.0,≤2
136,2,28,Thiago,7.0,13.0,2.0,10.9375,20.3125,≤2
139,7,28,,0.0,0.0,2.0,0.0,0.0,6–9
145,1,28,,0.0,0.0,0.0,0.0,0.0,≤2
146,6,28,,0.0,0.0,2.0,0.0,0.0,6–9
148,8,28,,0.0,0.0,2.0,0.0,0.0,6–9
151,9,28,,0.0,0.0,5.0,0.0,0.0,6–9
152,1,28,,0.0,0.0,1.0,0.0,0.0,≤2
157,3,28,,0.0,0.0,3.0,0.0,0.0,3–5
163,6,28,,0.0,0.0,0.0,0.0,0.0,6–9
167,1,28,,0.0,0.0,0.0,0.0,0.0,≤2
169,10,28,,0.0,0.0,3.0,0.0,0.0,10–14
170,3,28,,0.0,0.0,2.0,0.0,0.0,3–5
173,2,28,,0.0,0.0,0.0,0.0,0.0,≤2
178,9,28,,0.0,0.0,2.0,0.0,0.0,6–9
187,1,28,,0.0,0.0,1.0,0.0,0.0,≤2
191,2,28,,0.0,0.0,3.0,0.0,0.0,≤2
193,2,28,,0.0,0.0,4.0,0.0,0.0,≤2
195,1,28,,0.0,0.0,0.0,0.0,0.0,≤2
199,4,28,,0.0,0.0,3.0,0.0,0.0,3–5
200,2,28,,0.0,0.0,8.0,0.0,0.0,≤2
202,1,28,,0.0,0.0,1.0,0.0,0.0,≤2
206,2,28,,0.0,0.0,5.0,0.0,0.0,≤2
207,1,28,,0.0,0.0,10.0,0.0,0.0,≤2
209,1,28,,0.0,0.0,2.0,0.0,0.0,≤2
210,1,28,,0.0,0.0,0.0,0.0,0.0,≤2
215,9,28,,0.0,0.0,2.0,0.0,0.0,6–9
218,1,28,,0.0,0.0,0.0,0.0,0.0,≤2
220,2,28,Sánchez,0.0,-1.0,1.0,0.0,-1.5625,≤2
225,6,28,,0.0,0.0,0.0,0.0,0.0,6–9
226,2,28,Chalobah,-1.0,-7.0,3.0,-1.5625,-10.9375,≤2
228,6,28,,0.0,0.0,0.0,0.0,0.0,6–9
230,-1,28,,0.0,0.0,1.0,0.0,0.0,≤2
231,1,28,,0.0,0.0,0.0,0.0,0.0,≤2
232,1,28,,0.0,0.0,0.0,0.0,0.0,≤2
233,1,28,,0.0,0.0,0.0,0.0,0.0,≤2
235,3,28,Palmer,-12.0,-3.0,12.0,-18.75,-4.6875,3–5
236,8,28,,0.0,0.0,1.0,0.0,0.0,6–9
237,2,28,Enzo,-21.0,-36.0,2.0,-32.8125,-56.25,≤2
241,2,28,,0.0,0.0,1.0,0.0,0.0,≤2
242,4,28,Dewsbury-Hall,-1.0,1.0,2.0,-1.5625,1.5625,3–5
243,1,28,,0.0,0.0,2.0,0.0,0.0,≤2
246,2,28,,0.0,0.0,2.0,0.0,0.0,≤2
249,7,28,João Pedro,0.0,-2.0,10.0,0.0,-3.125,6–9
250,1,28,,0.0,0.0,1.0,0.0,0.0,≤2
253,16,28,,0.0,0.0,1.0,0.0,0.0,15+
256,9,28,Muñoz,-6.0,-8.0,1.0,-9.375,-12.5,6–9
258,11,28,,0.0,0.0,1.0,0.0,0.0,10–14
260,2,28,,0.0,0.0,7.0,0.0,0.0,≤2
261,6,28,Richards,-2.0,-3.0,0.0,-3.125,-4.6875,6–9
262,5,28,,0.0,0.0,1.0,0.0,0.0,3–5
266,14,28,,0.0,0.0,2.0,0.0,0.0,10–14
267,2,28,Sarr,-14.0,-1.0,2.0,-21.875,-1.5625,≤2
270,0,28,,0.0,0.0,1.0,0.0,0.0,≤2
271,1,28,,0.0,0.0,2.0,0.0,0.0,≤2
273,2,28,,0.0,0.0,7.0,0.0,0.0,≤2
287,1,28,,0.0,0.0,1.0,0.0,0.0,≤2
290,2,28,,0.0,0.0,4.0,0.0,0.0,≤2
291,1,28,,0.0,0.0,1.0,0.0,0.0,≤2
295,2,28,Keane,0.0,-1.0,1.0,0.0,-1.5625,≤2
299,2,28,,0.0,0.0,9.0,0.0,0.0,≤2
302,2,28,,0.0,0.0,2.0,0.0,0.0,≤2
303,2,28,,0.0,0.0,2.0,0.0,0.0,≤2
304,2,28,,0.0,0.0,0.0,0.0,0.0,≤2
305,2,28,,0.0,0.0,1.0,0.0,0.0,≤2
310,2,28,,0.0,0.0,2.0,0.0,0.0,≤2
311,1,28,,0.0,0.0,0.0,0.0,0.0,≤2
314,2,28,,0.0,0.0,1.0,0.0,0.0,≤2
317,4,28,Andersen,7.0,1.0,2.0,10.9375,1.5625,3–5
318,7,28,,0.0,0.0,1.0,0.0,0.0,6–9
319,1,28,,0.0,0.0,0.0,0.0,0.0,≤2
321,1,28,,0.0,0.0,0.0,0.0,0.0,≤2
322,4,28,,0.0,0.0,1.0,0.0,0.0,3–5
324,13,28,,0.0,0.0,2.0,0.0,0.0,10–14
325,2,28,,0.0,0.0,1.0,0.0,0.0,≤2
328,2,28,,0.0,0.0,4.0,0.0,0.0,≤2
329,8,28,Wilson,12.0,19.0,2.0,18.75,29.6875,6–9
330,4,28,,0.0,0.0,2.0,0.0,0.0,3–5
331,1,28,,0.0,0.0,0.0,0.0,0.0,≤2
337,11,28,,0.0,0.0,1.0,0.0,0.0,10–14
338,1,28,,0.0,0.0,1.0,0.0,0.0,≤2
341,2,28,,0.0,0.0,1.0,0.0,0.0,≤2
342,1,28,,0.0,0.0,4.0,0.0,0.0,≤2
343,2,28,,0.0,0.0,0.0,0.0,0.0,≤2
344,0,28,,0.0,0.0,3.0,0.0,0.0,≤2
347,1,28,,0.0,0.0,0.0,0.0,0.0,≤2
348,4,28,Rodon,0.0,1.0,3.0,0.0,1.5625,3–5
350,3,28,,0.0,0.0,2.0,0.0,0.0,3–5
354,8,28,,0.0,0.0,2.0,0.0,0.0,6–9
356,1,28,,0.0,0.0,2.0,0.0,0.0,≤2
365,1,28,,0.0,0.0,11.0,0.0,0.0,≤2
366,7,28,,0.0,0.0,7.0,0.0,0.0,6–9
371,6,28,,0.0,0.0,0.0,0.0,0.0,6–9
372,1,28,,0.0,0.0,8.0,0.0,0.0,≤2
373,11,28,Virgil,4.0,23.0,17.0,6.25,35.9375,10–14
374,9,28,Konaté,0.0,1.0,6.0,0.0,1.5625,6–9
376,1,28,,0.0,0.0,1.0,0.0,0.0,≤2
381,3,28,M.Salah,9.0,1.0,6.0,14.0625,1.5625,3–5
384,3,28,Gakpo,1.0,0.0,3.0,1.5625,0.0,3–5
385,1,28,,0.0,0.0,1.0,0.0,0.0,≤2
386,13,28,,0.0,0.0,3.0,0.0,0.0,10–14
387,3,28,Szoboszlai,8.0,6.0,0.0,12.5,9.375,3–5
388,3,28,,0.0,0.0,1.0,0.0,0.0,3–5
390,3,28,,0.0,0.0,5.0,0.0,0.0,3–5
400,3,28,,0.0,0.0,7.0,0.0,0.0,3–5
402,2,28,,0.0,0.0,9.0,0.0,0.0,≤2
406,1,28,,0.0,0.0,1.0,0.0,0.0,≤2
407,2,28,,0.0,0.0,4.0,0.0,0.0,≤2
408,0,28,,0.0,0.0,6.0,0.0,0.0,≤2
411,17,28,O'Reilly,0.0,4.0,13.0,0.0,6.25,15+
413,4,28,,0.0,0.0,1.0,0.0,0.0,3–5
414,1,28,,0.0,0.0,5.0,0.0,0.0,≤2
416,1,28,,0.0,0.0,0.0,0.0,0.0,≤2
417,1,28,,0.0,0.0,1.0,0.0,0.0,≤2
421,6,28,,0.0,0.0,3.0,0.0,0.0,6–9
424,1,28,,0.0,0.0,1.0,0.0,0.0,≤2
426,1,28,,0.0,0.0,0.0,0.0,0.0,≤2
430,6,28,Haaland,-3.0,-1.0,5.0,-4.6875,-1.5625,6–9
438,0,28,,0.0,0.0,0.0,0.0,0.0,≤2
440,7,28,,0.0,0.0,1.0,0.0,0.0,6–9
442,7,28,,0.0,0.0,2.0,0.0,0.0,6–9
443,6,28,,0.0,0.0,2.0,0.0,0.0,6–9
444,6,28,,0.0,0.0,1.0,0.0,0.0,6–9
447,1,28,Heaven,0.0,-1.0,0.0,0.0,-1.5625,≤2
449,2,28,,0.0,0.0,2.0,0.0,0.0,≤2
450,3,28,,0.0,0.0,2.0,0.0,0.0,3–5
452,1,28,Amad,-2.0,0.0,2.0,-3.125,0.0,≤2
456,1,28,,0.0,0.0,1.0,0.0,0.0,≤2
457,5,28,,0.0,0.0,2.0,0.0,0.0,3–5
458,3,28,Mainoo,0.0,-1.0,2.0,0.0,-1.5625,3–5
469,2,28,,0.0,0.0,2.0,0.0,0.0,≤2
470,2,28,,0.0,0.0,1.0,0.0,0.0,≤2
473,7,28,,0.0,0.0,1.0,0.0,0.0,6–9
476,2,28,,0.0,0.0,1.0,0.0,0.0,≤2
478,0,28,,0.0,0.0,2.0,0.0,0.0,≤2
485,2,28,Gordon,2.0,1.0,5.0,3.125,1.5625,≤2
486,2,28,,0.0,0.0,2.0,0.0,0.0,≤2
487,0,28,Barnes,0.0,-1.0,2.0,0.0,-1.5625,≤2
489,1,28,,0.0,0.0,1.0,0.0,0.0,≤2
490,0,28,,0.0,0.0,0.0,0.0,0.0,≤2
491,2,28,,0.0,0.0,1.0,0.0,0.0,≤2
493,1,28,,0.0,0.0,0.0,0.0,0.0,≤2
494,0,28,,0.0,0.0,2.0,0.0,0.0,≤2
500,1,28,,0.0,0.0,1.0,0.0,0.0,≤2
505,4,28,,0.0,0.0,6.0,0.0,0.0,3–5
506,2,28,,0.0,0.0,0.0,0.0,0.0,≤2
507,1,28,,0.0,0.0,7.0,0.0,0.0,≤2
508,4,28,,0.0,0.0,8.0,0.0,0.0,3–5
515,2,28,,0.0,0.0,3.0,0.0,0.0,≤2
516,3,28,,0.0,0.0,3.0,0.0,0.0,3–5
517,5,28,Anderson,-4.0,0.0,5.0,-6.25,0.0,3–5
519,1,28,,0.0,0.0,0.0,0.0,0.0,≤2
521,4,28,,0.0,0.0,3.0,0.0,0.0,3–5
526,2,28,,0.0,0.0,1.0,0.0,0.0,≤2
531,4,28,,0.0,0.0,4.0,0.0,0.0,3–5
532,1,28,,0.0,0.0,2.0,0.0,0.0,≤2
544,2,28,,0.0,0.0,2.0,0.0,0.0,≤2
547,10,28,E.Le Fée,-2.0,-1.0,2.0,-3.125,-1.5625,10–14
548,1,28,,0.0,0.0,1.0,0.0,0.0,≤2
552,2,28,,0.0,0.0,2.0,0.0,0.0,≤2
560,1,28,,0.0,0.0,1.0,0.0,0.0,≤2
561,1,28,,0.0,0.0,0.0,0.0,0.0,≤2
565,0,28,,0.0,0.0,2.0,0.0,0.0,≤2
572,2,28,,0.0,0.0,3.0,0.0,0.0,≤2
573,0,28,,0.0,0.0,0.0,0.0,0.0,≤2
575,0,28,,0.0,0.0,3.0,0.0,0.0,≤2
580,1,28,,0.0,0.0,1.0,0.0,0.0,≤2
584,1,28,,0.0,0.0,1.0,0.0,0.0,≤2
587,3,28,,0.0,0.0,1.0,0.0,0.0,3–5
591,1,28,,0.0,0.0,10.0,0.0,0.0,≤2
593,4,28,,0.0,0.0,8.0,0.0,0.0,3–5
596,1,28,,0.0,0.0,2.0,0.0,0.0,≤2
597,1,28,,0.0,0.0,0.0,0.0,0.0,≤2
603,9,28,,0.0,0.0,6.0,0.0,0.0,6–9
606,6,28,,0.0,0.0,2.0,0.0,0.0,6–9
610,6,28,,0.0,0.0,2.0,0.0,0.0,6–9
613,2,28,,0.0,0.0,9.0,0.0,0.0,≤2
614,4,28,,0.0,0.0,1.0,0.0,0.0,3–5
615,3,28,,0.0,0.0,3.0,0.0,0.0,3–5
624,4,28,Bowen,0.0,-3.0,5.0,0.0,-4.6875,3–5
628,2,28,,0.0,0.0,13.0,0.0,0.0,≤2
633,4,28,,0.0,0.0,8.0,0.0,0.0,3–5
634,4,28,,0.0,0.0,9.0,0.0,0.0,3–5
636,2,28,,0.0,0.0,9.0,0.0,0.0,≤2
643,3,28,,0.0,0.0,2.0,0.0,0.0,3–5
644,3,28,,0.0,0.0,1.0,0.0,0.0,3–5
646,1,28,,0.0,0.0,5.0,0.0,0.0,≤2
654,2,28,Strand Larsen,0.0,-2.0,13.0,0.0,-3.125,≤2
660,11,28,,0.0,0.0,0.0,0.0,0.0,10–14
661,2,28,Ekitiké,6.0,8.0,2.0,9.375,12.5,≤2
662,1,28,,0.0,0.0,4.0,0.0,0.0,≤2
666,13,28,,0.0,0.0,3.0,0.0,0.0,10–14
668,1,28,,0.0,0.0,0.0,0.0,0.0,≤2
669,1,28,,0.0,0.0,1.0,0.0,0.0,≤2
670,1,28,,0.0,0.0,2.0,0.0,0.0,≤2
671,1,28,,0.0,0.0,1.0,0.0,0.0,≤2
672,0,28,,0.0,0.0,0.0,0.0,0.0,≤2
673,4,28,,0.0,0.0,1.0,0.0,0.0,3–5
676,1,28,,0.0,0.0,7.0,0.0,0.0,≤2
677,6,28,,0.0,0.0,1.0,0.0,0.0,6–9
679,10,28,,0.0,0.0,2.0,0.0,0.0,10–14
681,8,28,,0.0,0.0,8.0,0.0,0.0,6–9
682,1,28,,0.0,0.0,1.0,0.0,0.0,≤2
683,1,28,Alderete,0.0,-1.0,2.0,0.0,-1.5625,≤2
684,3,28,Thiaw,2.0,0.0,11.0,3.125,0.0,3–5
686,1,28,,0.0,0.0,0.0,0.0,0.0,≤2
691,2,28,,0.0,0.0,0.0,0.0,0.0,≤2
693,3,28,,0.0,0.0,3.0,0.0,0.0,3–5
694,1,28,Mukiele,-1.0,-3.0,2.0,-1.5625,-4.6875,≤2
695,2,28,,0.0,0.0,1.0,0.0,0.0,≤2
697,3,28,,0.0,0.0,10.0,0.0,0.0,3–5
699,2,28,,0.0,0.0,3.0,0.0,0.0,≤2
706,2,28,,0.0,0.0,0.0,0.0,0.0,≤2
708,5,28,,0.0,0.0,3.0,0.0,0.0,3–5
709,-1,28,,0.0,0.0,9.0,0.0,0.0,≤2
712,3,28,,0.0,0.0,1.0,0.0,0.0,3–5
713,6,28,,0.0,0.0,1.0,0.0,0.0,6–9
714,1,28,,0.0,0.0,1.0,0.0,0.0,≤2
717,2,28,,0.0,0.0,1.0,0.0,0.0,≤2
718,3,28,,0.0,0.0,1.0,0.0,0.0,3–5
720,0,28,Tolu,-1.0,0.0,4.0,-1.5625,0.0,≤2
723,5,28,,0.0,0.0,0.0,0.0,0.0,3–5
724,1,28,,0.0,0.0,1.0,0.0,0.0,≤2
725,4,28,,0.0,0.0,15.0,0.0,0.0,3–5
726,7,28,,0.0,0.0,1.0,0.0,0.0,6–9
730,1,28,,0.0,0.0,2.0,0.0,0.0,≤2
731,1,28,,0.0,0.0,1.0,0.0,0.0,≤2
733,9,28,,0.0,0.0,2.0,0.0,0.0,6–9
734,1,28,,0.0,0.0,0.0,0.0,0.0,≤2
736,5,28,,0.0,0.0,7.0,0.0,0.0,3–5
749,2,28,Mané,-1.0,-2.0,4.0,-1.5625,-3.125,≤2
758,1,28,,0.0,0.0,0.0,0.0,0.0,≤2
783,3,28,,0.0,0.0,2.0,0.0,0.0,3–5
791,2,28,,0.0,0.0,2.0,0.0,0.0,≤2
796,2,28,,0.0,0.0,2.0,0.0,0.0,≤2
800,1,28,,0.0,0.0,0.0,0.0,0.0,≤2
805,1,28,,0.0,0.0,2.0,0.0,0.0,≤2
807,3,28,Rayan,0.0,2.0,6.0,0.0,3.125,3–5
808,7,28,,0.0,0.0,1.0,0.0,0.0,6–9
813,2,28,,0.0,0.0,2.0,0.0,0.0,≤2
815,6,28,,0.0,0.0,2.0,0.0,0.0,6–9
816,1,28,,0.0,0.0,4.0,0.0,0.0,≤2
817,2,28,Armstrong,-1.0,0.0,4.0,-1.5625,0.0,≤2
1,3,29,,0.0,0.0,3.0,0.0,0.0,3–5
5,9,29,,0.0,0.0,2.0,0.0,0.0,6–9
6,10,29,,0.0,0.0,2.0,0.0,0.0,10–14
8,8,29,,0.0,0.0,3.0,0.0,0.0,6–9
16,2,29,,0.0,0.0,5.0,0.0,0.0,≤2
19,1,29,,0.0,0.0,1.0,0.0,0.0,≤2
20,1,29,,0.0,0.0,2.0,0.0,0.0,≤2
21,5,29,Rice,-8.0,-6.0,4.0,-12.698412698412698,-9.375,3–5
24,1,29,,0.0,0.0,0.0,0.0,0.0,≤2
26,2,29,,0.0,0.0,2.0,0.0,0.0,≤2
30,1,29,,0.0,0.0,0.0,0.0,0.0,≤2
32,1,29,,0.0,0.0,3.0,0.0,0.0,≤2
36,0,29,,0.0,0.0,2.0,0.0,0.0,≤2
37,2,29,,0.0,0.0,0.0,0.0,0.0,≤2
38,1,29,,0.0,0.0,7.0,0.0,0.0,≤2
39,1,29,,0.0,0.0,2.0,0.0,0.0,≤2
41,1,29,,0.0,0.0,0.0,0.0,0.0,≤2
47,2,29,,0.0,0.0,2.0,0.0,0.0,≤2
49,0,29,,0.0,0.0,2.0,0.0,0.0,≤2
50,1,29,,0.0,0.0,1.0,0.0,0.0,≤2
52,6,29,,0.0,0.0,6.0,0.0,0.0,6–9
55,1,29,,0.0,0.0,1.0,0.0,0.0,≤2
59,2,29,,0.0,0.0,2.0,0.0,0.0,≤2
64,2,29,,0.0,0.0,2.0,0.0,0.0,≤2
67,3,29,,0.0,0.0,9.0,0.0,0.0,3–5
72,4,29,,0.0,0.0,5.0,0.0,0.0,3–5
74,4,29,,0.0,0.0,6.0,0.0,0.0,3–5
77,2,29,,0.0,0.0,6.0,0.0,0.0,≤2
82,8,29,,0.0,0.0,4.0,0.0,0.0,6–9
83,5,29,,0.0,0.0,2.0,0.0,0.0,3–5
84,7,29,Tavernier,0.0,6.0,1.0,0.0,9.375,6–9
85,1,29,,0.0,0.0,5.0,0.0,0.0,≤2
86,1,29,,0.0,0.0,1.0,0.0,0.0,≤2
87,0,29,,0.0,0.0,1.0,0.0,0.0,≤2
90,3,29,,0.0,0.0,5.0,0.0,0.0,3–5
97,6,29,,0.0,0.0,2.0,0.0,0.0,6–9
98,1,29,,0.0,0.0,1.0,0.0,0.0,≤2
100,2,29,Kroupi.Jr,0.0,-3.0,2.0,0.0,-4.6875,≤2
105,1,29,,0.0,0.0,0.0,0.0,0.0,≤2
107,1,29,,0.0,0.0,0.0,0.0,0.0,≤2
108,1,29,,0.0,0.0,1.0,0.0,0.0,≤2
109,4,29,,0.0,0.0,1.0,0.0,0.0,3–5
110,-1,29,,0.0,0.0,0.0,0.0,0.0,≤2
113,6,29,,0.0,0.0,3.0,0.0,0.0,6–9
119,2,29,,0.0,0.0,6.0,0.0,0.0,≤2
120,7,29,,0.0,0.0,1.0,0.0,0.0,6–9
121,18,29,,0.0,0.0,1.0,0.0,0.0,15+
124,1,29,,0.0,0.0,2.0,0.0,0.0,≤2
126,2,29,,0.0,0.0,2.0,0.0,0.0,≤2
129,1,29,,0.0,0.0,0.0,0.0,0.0,≤2
130,1,29,,0.0,0.0,1.0,0.0,0.0,≤2
135,1,29,,0.0,0.0,0.0,0.0,0.0,≤2
136,6,29,,0.0,0.0,2.0,0.0,0.0,6–9
139,3,29,,0.0,0.0,7.0,0.0,0.0,3–5
145,1,29,,0.0,0.0,1.0,0.0,0.0,≤2
146,1,29,,0.0,0.0,6.0,0.0,0.0,≤2
148,2,29,,0.0,0.0,8.0,0.0,0.0,≤2
151,4,29,,0.0,0.0,9.0,0.0,0.0,3–5
152,1,29,,0.0,0.0,1.0,0.0,0.0,≤2
157,1,29,,0.0,0.0,3.0,0.0,0.0,≤2
159,1,29,,0.0,0.0,0.0,0.0,0.0,≤2
163,5,29,,0.0,0.0,6.0,0.0,0.0,3–5
167,1,29,,0.0,0.0,1.0,0.0,0.0,≤2
169,9,29,,0.0,0.0,10.0,0.0,0.0,6–9
170,2,29,,0.0,0.0,3.0,0.0,0.0,≤2
173,1,29,,0.0,0.0,2.0,0.0,0.0,≤2
178,9,29,,0.0,0.0,9.0,0.0,0.0,6–9
191,0,29,,0.0,0.0,2.0,0.0,0.0,≤2
193,1,29,,0.0,0.0,2.0,0.0,0.0,≤2
195,0,29,,0.0,0.0,1.0,0.0,0.0,≤2
199,2,29,,0.0,0.0,4.0,0.0,0.0,≤2
200,10,29,,0.0,0.0,2.0,0.0,0.0,10–14
202,1,29,,0.0,0.0,1.0,0.0,0.0,≤2
207,10,29,,0.0,0.0,1.0,0.0,0.0,10–14
209,1,29,,0.0,0.0,1.0,0.0,0.0,≤2
210,1,29,,0.0,0.0,1.0,0.0,0.0,≤2
215,6,29,,0.0,0.0,9.0,0.0,0.0,6–9
217,0,29,,0.0,0.0,0.0,0.0,0.0,≤2
218,1,29,,0.0,0.0,1.0,0.0,0.0,≤2
220,2,29,,0.0,0.0,2.0,0.0,0.0,≤2
225,6,29,,0.0,0.0,6.0,0.0,0.0,6–9
226,1,29,,0.0,0.0,2.0,0.0,0.0,≤2
228,1,29,,0.0,0.0,6.0,0.0,0.0,≤2
231,1,29,,0.0,0.0,1.0,0.0,0.0,≤2
232,1,29,,0.0,0.0,1.0,0.0,0.0,≤2
235,1,29,,0.0,0.0,3.0,0.0,0.0,≤2
236,-1,29,,0.0,0.0,8.0,0.0,0.0,≤2
237,1,29,Enzo,-1.0,0.0,2.0,-1.5873015873015872,0.0,≤2
241,4,29,,0.0,0.0,2.0,0.0,0.0,3–5
242,6,29,,0.0,0.0,4.0,0.0,0.0,6–9
244,1,29,,0.0,0.0,0.0,0.0,0.0,≤2
246,2,29,,0.0,0.0,2.0,0.0,0.0,≤2
249,2,29,,0.0,0.0,7.0,0.0,0.0,≤2
250,1,29,,0.0,0.0,1.0,0.0,0.0,≤2
253,3,29,,0.0,0.0,16.0,0.0,0.0,3–5
256,1,29,,0.0,0.0,9.0,0.0,0.0,≤2
257,3,29,Lacroix,-1.0,0.0,0.0,-1.5873015873015872,0.0,3–5
258,1,29,,0.0,0.0,11.0,0.0,0.0,≤2
260,6,29,,0.0,0.0,2.0,0.0,0.0,6–9
261,1,29,Richards,-1.0,0.0,6.0,-1.5873015873015872,0.0,≤2
262,1,29,,0.0,0.0,5.0,0.0,0.0,≤2
266,2,29,,0.0,0.0,14.0,0.0,0.0,≤2
267,2,29,Sarr,-1.0,0.0,2.0,-1.5873015873015872,0.0,≤2
270,1,29,,0.0,0.0,0.0,0.0,0.0,≤2
271,1,29,,0.0,0.0,1.0,0.0,0.0,≤2
273,2,29,,0.0,0.0,2.0,0.0,0.0,≤2
287,2,29,,0.0,0.0,1.0,0.0,0.0,≤2
290,9,29,,0.0,0.0,2.0,0.0,0.0,6–9
291,3,29,Tarkowski,0.0,-1.0,1.0,0.0,-1.5625,3–5
292,3,29,,0.0,0.0,0.0,0.0,0.0,3–5
293,1,29,,0.0,0.0,0.0,0.0,0.0,≤2
295,1,29,,0.0,0.0,2.0,0.0,0.0,≤2
299,4,29,Ndiaye,7.0,3.0,2.0,11.11111111111111,4.6875,3–5
300,6,29,,0.0,0.0,0.0,0.0,0.0,6–9
302,2,29,,0.0,0.0,2.0,0.0,0.0,≤2
303,6,29,,0.0,0.0,2.0,0.0,0.0,6–9
305,1,29,,0.0,0.0,2.0,0.0,0.0,≤2
310,6,29,,0.0,0.0,2.0,0.0,0.0,6–9
311,9,29,,0.0,0.0,1.0,0.0,0.0,6–9
314,2,29,,0.0,0.0,2.0,0.0,0.0,≤2
318,1,29,,0.0,0.0,7.0,0.0,0.0,≤2
320,1,29,,0.0,0.0,0.0,0.0,0.0,≤2
321,1,29,,0.0,0.0,1.0,0.0,0.0,≤2
322,2,29,,0.0,0.0,4.0,0.0,0.0,≤2
324,10,29,,0.0,0.0,13.0,0.0,0.0,10–14
325,2,29,,0.0,0.0,2.0,0.0,0.0,≤2
326,1,29,,0.0,0.0,0.0,0.0,0.0,≤2
328,4,29,,0.0,0.0,2.0,0.0,0.0,3–5
329,12,29,Wilson,0.0,2.0,8.0,0.0,3.125,10–14
330,2,29,,0.0,0.0,4.0,0.0,0.0,≤2
331,0,29,,0.0,0.0,1.0,0.0,0.0,≤2
335,1,29,,0.0,0.0,0.0,0.0,0.0,≤2
337,2,29,,0.0,0.0,11.0,0.0,0.0,≤2
338,1,29,,0.0,0.0,1.0,0.0,0.0,≤2
341,3,29,,0.0,0.0,2.0,0.0,0.0,3–5
342,2,29,,0.0,0.0,1.0,0.0,0.0,≤2
343,2,29,Struijk,2.0,1.0,2.0,3.1746031746031744,1.5625,≤2
344,1,29,,0.0,0.0,0.0,0.0,0.0,≤2
347,2,29,,0.0,0.0,1.0,0.0,0.0,≤2
348,2,29,,0.0,0.0,4.0,0.0,0.0,≤2
350,2,29,,0.0,0.0,3.0,0.0,0.0,≤2
351,1,29,,0.0,0.0,0.0,0.0,0.0,≤2
353,1,29,,0.0,0.0,0.0,0.0,0.0,≤2
354,4,29,,0.0,0.0,8.0,0.0,0.0,3–5
356,2,29,,0.0,0.0,1.0,0.0,0.0,≤2
362,1,29,,0.0,0.0,0.0,0.0,0.0,≤2
365,1,29,,0.0,0.0,1.0,0.0,0.0,≤2
366,2,29,,0.0,0.0,7.0,0.0,0.0,≤2
370,4,29,,0.0,0.0,0.0,0.0,0.0,3–5
371,1,29,,0.0,0.0,6.0,0.0,0.0,≤2
373,7,29,Virgil,1.0,1.0,11.0,1.5873015873015872,1.5625,6–9
374,1,29,,0.0,0.0,9.0,0.0,0.0,≤2
376,1,29,,0.0,0.0,1.0,0.0,0.0,≤2
381,2,29,M.Salah,4.0,0.0,3.0,6.349206349206349,0.0,≤2
384,6,29,,0.0,0.0,3.0,0.0,0.0,6–9
386,9,29,,0.0,0.0,13.0,0.0,0.0,6–9
387,4,29,Szoboszlai,3.0,0.0,3.0,4.761904761904762,0.0,3–5
390,5,29,,0.0,0.0,3.0,0.0,0.0,3–5
396,1,29,,0.0,0.0,0.0,0.0,0.0,≤2
402,11,29,,0.0,0.0,2.0,0.0,0.0,10–14
405,1,29,,0.0,0.0,0.0,0.0,0.0,≤2
407,8,29,,0.0,0.0,2.0,0.0,0.0,6–9
408,9,29,,0.0,0.0,0.0,0.0,0.0,6–9
411,6,29,,0.0,0.0,17.0,0.0,0.0,6–9
413,3,29,,0.0,0.0,4.0,0.0,0.0,3–5
415,0,29,,0.0,0.0,0.0,0.0,0.0,≤2
416,3,29,,0.0,0.0,1.0,0.0,0.0,3–5
417,3,29,,0.0,0.0,1.0,0.0,0.0,3–5
421,3,29,,0.0,0.0,6.0,0.0,0.0,3–5
424,5,29,,0.0,0.0,1.0,0.0,0.0,3–5
427,1,29,,0.0,0.0,0.0,0.0,0.0,≤2
438,7,29,,0.0,0.0,0.0,0.0,0.0,6–9
440,1,29,,0.0,0.0,7.0,0.0,0.0,≤2
442,2,29,,0.0,0.0,7.0,0.0,0.0,≤2
443,1,29,,0.0,0.0,6.0,0.0,0.0,≤2
444,2,29,Yoro,0.0,1.0,6.0,0.0,1.5625,≤2
447,0,29,,0.0,0.0,1.0,0.0,0.0,≤2
449,13,29,,0.0,0.0,2.0,0.0,0.0,10–14
450,5,29,,0.0,0.0,3.0,0.0,0.0,3–5
452,1,29,,0.0,0.0,1.0,0.0,0.0,≤2
453,1,29,,0.0,0.0,0.0,0.0,0.0,≤2
456,1,29,,0.0,0.0,1.0,0.0,0.0,≤2
457,4,29,,0.0,0.0,5.0,0.0,0.0,3–5
458,2,29,,0.0,0.0,3.0,0.0,0.0,≤2
466,1,29,,0.0,0.0,0.0,0.0,0.0,≤2
469,1,29,,0.0,0.0,2.0,0.0,0.0,≤2
470,0,29,,0.0,0.0,2.0,0.0,0.0,≤2
473,1,29,,0.0,0.0,7.0,0.0,0.0,≤2
476,0,29,,0.0,0.0,2.0,0.0,0.0,≤2
478,1,29,,0.0,0.0,0.0,0.0,0.0,≤2
485,2,29,,0.0,0.0,2.0,0.0,0.0,≤2
486,1,29,,0.0,0.0,2.0,0.0,0.0,≤2
487,1,29,,0.0,0.0,0.0,0.0,0.0,≤2
489,6,29,,0.0,0.0,1.0,0.0,0.0,6–9
490,5,29,,0.0,0.0,0.0,0.0,0.0,3–5
491,6,29,,0.0,0.0,2.0,0.0,0.0,6–9
494,0,29,,0.0,0.0,0.0,0.0,0.0,≤2
500,1,29,,0.0,0.0,1.0,0.0,0.0,≤2
502,2,29,,0.0,0.0,0.0,0.0,0.0,≤2
505,1,29,,0.0,0.0,4.0,0.0,0.0,≤2
506,1,29,,0.0,0.0,2.0,0.0,0.0,≤2
507,1,29,,0.0,0.0,1.0,0.0,0.0,≤2
508,0,29,,0.0,0.0,4.0,0.0,0.0,≤2
510,1,29,,0.0,0.0,0.0,0.0,0.0,≤2
515,9,29,,0.0,0.0,2.0,0.0,0.0,6–9
516,2,29,,0.0,0.0,3.0,0.0,0.0,≤2
517,1,29,Anderson,-2.0,-1.0,5.0,-3.1746031746031744,-1.5625,≤2
521,2,29,,0.0,0.0,4.0,0.0,0.0,≤2
526,5,29,,0.0,0.0,2.0,0.0,0.0,3–5
527,1,29,,0.0,0.0,0.0,0.0,0.0,≤2
531,4,29,,0.0,0.0,4.0,0.0,0.0,3–5
532,2,29,,0.0,0.0,1.0,0.0,0.0,≤2
544,5,29,,0.0,0.0,2.0,0.0,0.0,3–5
547,2,29,E.Le Fée,-2.0,0.0,10.0,-3.1746031746031744,0.0,≤2
552,1,29,,0.0,0.0,2.0,0.0,0.0,≤2
553,2,29,,0.0,0.0,0.0,0.0,0.0,≤2
560,1,29,,0.0,0.0,1.0,0.0,0.0,≤2
561,9,29,,0.0,0.0,1.0,0.0,0.0,6–9
565,1,29,,0.0,0.0,0.0,0.0,0.0,≤2
568,0,29,,0.0,0.0,0.0,0.0,0.0,≤2
570,1,29,,0.0,0.0,0.0,0.0,0.0,≤2
572,3,29,,0.0,0.0,2.0,0.0,0.0,3–5
575,0,29,,0.0,0.0,0.0,0.0,0.0,≤2
580,4,29,,0.0,0.0,1.0,0.0,0.0,3–5
584,1,29,,0.0,0.0,1.0,0.0,0.0,≤2
587,2,29,,0.0,0.0,3.0,0.0,0.0,≤2
591,5,29,,0.0,0.0,1.0,0.0,0.0,3–5
593,1,29,,0.0,0.0,4.0,0.0,0.0,≤2
596,2,29,,0.0,0.0,1.0,0.0,0.0,≤2
597,5,29,,0.0,0.0,1.0,0.0,0.0,3–5
603,3,29,,0.0,0.0,9.0,0.0,0.0,3–5
606,2,29,,0.0,0.0,6.0,0.0,0.0,≤2
610,0,29,,0.0,0.0,6.0,0.0,0.0,≤2
613,7,29,,0.0,0.0,2.0,0.0,0.0,6–9
614,2,29,,0.0,0.0,4.0,0.0,0.0,≤2
615,1,29,,0.0,0.0,3.0,0.0,0.0,≤2
624,7,29,,0.0,0.0,4.0,0.0,0.0,6–9
628,8,29,,0.0,0.0,2.0,0.0,0.0,6–9
633,6,29,,0.0,0.0,4.0,0.0,0.0,6–9
634,9,29,,0.0,0.0,4.0,0.0,0.0,6–9
635,7,29,,0.0,0.0,0.0,0.0,0.0,6–9
636,6,29,,0.0,0.0,2.0,0.0,0.0,6–9
637,8,29,,0.0,0.0,0.0,0.0,0.0,6–9
643,5,29,,0.0,0.0,3.0,0.0,0.0,3–5
644,2,29,,0.0,0.0,3.0,0.0,0.0,≤2
646,14,29,,0.0,0.0,1.0,0.0,0.0,10–14
654,1,29,,0.0,0.0,2.0,0.0,0.0,≤2
660,2,29,,0.0,0.0,11.0,0.0,0.0,≤2
661,15,29,Ekitiké,1.0,4.0,2.0,1.5873015873015872,6.25,15+
666,2,29,,0.0,0.0,13.0,0.0,0.0,≤2
668,2,29,,0.0,0.0,1.0,0.0,0.0,≤2
669,1,29,,0.0,0.0,1.0,0.0,0.0,≤2
670,2,29,,0.0,0.0,1.0,0.0,0.0,≤2
672,0,29,,0.0,0.0,0.0,0.0,0.0,≤2
673,2,29,,0.0,0.0,4.0,0.0,0.0,≤2
676,1,29,,0.0,0.0,1.0,0.0,0.0,≤2
677,1,29,,0.0,0.0,6.0,0.0,0.0,≤2
679,0,29,,0.0,0.0,10.0,0.0,0.0,≤2
681,8,29,,0.0,0.0,8.0,0.0,0.0,6–9
683,4,29,,0.0,0.0,1.0,0.0,0.0,3–5
684,1,29,,0.0,0.0,3.0,0.0,0.0,≤2
686,1,29,,0.0,0.0,1.0,0.0,0.0,≤2
691,2,29,Calvert-Lewin,8.0,1.0,2.0,12.698412698412698,1.5625,≤2
693,1,29,,0.0,0.0,3.0,0.0,0.0,≤2
695,6,29,,0.0,0.0,2.0,0.0,0.0,6–9
697,1,29,,0.0,0.0,3.0,0.0,0.0,≤2
699,1,29,,0.0,0.0,2.0,0.0,0.0,≤2
706,2,29,,0.0,0.0,2.0,0.0,0.0,≤2
708,2,29,,0.0,0.0,5.0,0.0,0.0,≤2
712,1,29,,0.0,0.0,3.0,0.0,0.0,≤2
713,2,29,,0.0,0.0,6.0,0.0,0.0,≤2
714,1,29,,0.0,0.0,1.0,0.0,0.0,≤2
717,1,29,,0.0,0.0,2.0,0.0,0.0,≤2
718,1,29,,0.0,0.0,3.0,0.0,0.0,≤2
720,1,29,,0.0,0.0,0.0,0.0,0.0,≤2
722,1,29,,0.0,0.0,0.0,0.0,0.0,≤2
723,3,29,,0.0,0.0,5.0,0.0,0.0,3–5
724,4,29,,0.0,0.0,1.0,0.0,0.0,3–5
725,0,29,,0.0,0.0,4.0,0.0,0.0,≤2
726,1,29,,0.0,0.0,7.0,0.0,0.0,≤2
727,1,29,,0.0,0.0,0.0,0.0,0.0,≤2
733,2,29,,0.0,0.0,9.0,0.0,0.0,≤2
734,1,29,,0.0,0.0,1.0,0.0,0.0,≤2
735,1,29,,0.0,0.0,0.0,0.0,0.0,≤2
736,5,29,,0.0,0.0,5.0,0.0,0.0,3–5
747,1,29,,0.0,0.0,0.0,0.0,0.0,≤2
749,2,29,,0.0,0.0,2.0,0.0,0.0,≤2
758,1,29,,0.0,0.0,1.0,0.0,0.0,≤2
783,5,29,,0.0,0.0,3.0,0.0,0.0,3–5
791,7,29,,0.0,0.0,2.0,0.0,0.0,6–9
792,1,29,,0.0,0.0,0.0,0.0,0.0,≤2
796,1,29,,0.0,0.0,2.0,0.0,0.0,≤2
801,0,29,,0.0,0.0,0.0,0.0,0.0,≤2
804,1,29,,0.0,0.0,0.0,0.0,0.0,≤2
807,2,29,,0.0,0.0,3.0,0.0,0.0,≤2
808,1,29,,0.0,0.0,7.0,0.0,0.0,≤2
813,1,29,,0.0,0.0,2.0,0.0,0.0,≤2
814,1,29,,0.0,0.0,0.0,0.0,0.0,≤2
815,-2,29,,0.0,0.0,6.0,0.0,0.0,≤2
816,1,29,,0.0,0.0,1.0,0.0,0.0,≤2
817,4,29,Armstrong,-1.0,0.0,2.0,-1.5873015873015872,0.0,3–5
1,7,30,,0.0,0.0,3.0,0.0,0.0,6–9
5,11,30,,0.0,0.0,9.0,0.0,0.0,10–14
7,1,30,,0.0,0.0,0.0,0.0,0.0,≤2
8,13,30,,0.0,0.0,8.0,0.0,0.0,10–14
16,9,30,,0.0,0.0,2.0,0.0,0.0,6–9
19,1,30,,0.0,0.0,1.0,0.0,0.0,≤2
20,1,30,,0.0,0.0,1.0,0.0,0.0,≤2
21,3,30,Rice,-7.0,-4.0,5.0,-11.11111111111111,-6.25,3–5
24,1,30,,0.0,0.0,1.0,0.0,0.0,≤2
26,3,30,,0.0,0.0,2.0,0.0,0.0,3–5
30,1,30,,0.0,0.0,1.0,0.0,0.0,≤2
32,1,30,,0.0,0.0,1.0,0.0,0.0,≤2
36,-1,30,,0.0,0.0,0.0,0.0,0.0,≤2
38,0,30,,0.0,0.0,1.0,0.0,0.0,≤2
39,0,30,,0.0,0.0,1.0,0.0,0.0,≤2
40,0,30,,0.0,0.0,0.0,0.0,0.0,≤2
44,0,30,,0.0,0.0,0.0,0.0,0.0,≤2
47,1,30,Rogers,0.0,-4.0,2.0,0.0,-6.25,≤2
49,5,30,,0.0,0.0,0.0,0.0,0.0,3–5
50,2,30,,0.0,0.0,1.0,0.0,0.0,≤2
52,-2,30,,0.0,0.0,6.0,0.0,0.0,≤2
55,1,30,,0.0,0.0,1.0,0.0,0.0,≤2
59,2,30,,0.0,0.0,2.0,0.0,0.0,≤2
64,1,30,,0.0,0.0,2.0,0.0,0.0,≤2
67,6,30,,0.0,0.0,3.0,0.0,0.0,6–9
72,11,30,Senesi,3.0,2.0,4.0,4.761904761904762,3.125,10–14
74,8,30,,0.0,0.0,4.0,0.0,0.0,6–9
77,8,30,Hill,0.0,2.0,2.0,0.0,3.125,6–9
82,7,30,Semenyo,-1.0,-1.0,8.0,-1.5873015873015872,-1.5625,6–9
83,3,30,,0.0,0.0,5.0,0.0,0.0,3–5
84,2,30,Tavernier,7.0,3.0,7.0,11.11111111111111,4.6875,≤2
85,4,30,,0.0,0.0,1.0,0.0,0.0,3–5
87,3,30,,0.0,0.0,0.0,0.0,0.0,3–5
90,3,30,,0.0,0.0,3.0,0.0,0.0,3–5
97,2,30,Evanilson,1.0,0.0,6.0,1.5873015873015872,0.0,≤2
98,1,30,,0.0,0.0,1.0,0.0,0.0,≤2
100,1,30,,0.0,0.0,2.0,0.0,0.0,≤2
101,6,30,Kelleher,0.0,1.0,0.0,0.0,1.5625,6–9
106,6,30,,0.0,0.0,0.0,0.0,0.0,6–9
107,1,30,,0.0,0.0,1.0,0.0,0.0,≤2
108,6,30,,0.0,0.0,1.0,0.0,0.0,6–9
109,1,30,,0.0,0.0,4.0,0.0,0.0,≤2
110,6,30,,0.0,0.0,-1.0,0.0,0.0,6–9
113,6,30,,0.0,0.0,6.0,0.0,0.0,6–9
119,1,30,Mbeumo,-2.0,0.0,2.0,-3.1746031746031744,0.0,≤2
120,3,30,,0.0,0.0,7.0,0.0,0.0,3–5
121,3,30,,0.0,0.0,18.0,0.0,0.0,3–5
124,3,30,,0.0,0.0,1.0,0.0,0.0,3–5
126,4,30,,0.0,0.0,2.0,0.0,0.0,3–5
129,1,30,,0.0,0.0,1.0,0.0,0.0,≤2
136,2,30,Thiago,0.0,4.0,6.0,0.0,6.25,≤2
139,2,30,,0.0,0.0,3.0,0.0,0.0,≤2
143,1,30,,0.0,0.0,0.0,0.0,0.0,≤2
148,1,30,,0.0,0.0,2.0,0.0,0.0,≤2
151,2,30,,0.0,0.0,4.0,0.0,0.0,≤2
152,1,30,,0.0,0.0,1.0,0.0,0.0,≤2
157,1,30,,0.0,0.0,1.0,0.0,0.0,≤2
158,4,30,,0.0,0.0,0.0,0.0,0.0,3–5
160,1,30,,0.0,0.0,0.0,0.0,0.0,≤2
163,2,30,,0.0,0.0,5.0,0.0,0.0,≤2
166,0,30,,0.0,0.0,0.0,0.0,0.0,≤2
167,2,30,,0.0,0.0,1.0,0.0,0.0,≤2
169,1,30,,0.0,0.0,9.0,0.0,0.0,≤2
173,4,30,,0.0,0.0,1.0,0.0,0.0,3–5
178,1,30,,0.0,0.0,9.0,0.0,0.0,≤2
187,3,30,,0.0,0.0,0.0,0.0,0.0,3–5
191,1,30,,0.0,0.0,0.0,0.0,0.0,≤2
193,0,30,,0.0,0.0,1.0,0.0,0.0,≤2
195,1,30,,0.0,0.0,0.0,0.0,0.0,≤2
199,3,30,,0.0,0.0,2.0,0.0,0.0,3–5
200,4,30,,0.0,0.0,10.0,0.0,0.0,3–5
207,2,30,,0.0,0.0,10.0,0.0,0.0,≤2
209,1,30,,0.0,0.0,1.0,0.0,0.0,≤2
210,1,30,,0.0,0.0,1.0,0.0,0.0,≤2
217,2,30,,0.0,0.0,0.0,0.0,0.0,≤2
218,1,30,,0.0,0.0,1.0,0.0,0.0,≤2
221,3,30,,0.0,0.0,0.0,0.0,0.0,3–5
224,1,30,,0.0,0.0,0.0,0.0,0.0,≤2
225,2,30,,0.0,0.0,6.0,0.0,0.0,≤2
226,2,30,,0.0,0.0,1.0,0.0,0.0,≤2
228,5,30,,0.0,0.0,1.0,0.0,0.0,3–5
230,2,30,,0.0,0.0,0.0,0.0,0.0,≤2
232,1,30,,0.0,0.0,1.0,0.0,0.0,≤2
235,9,30,Palmer,0.0,2.0,1.0,0.0,3.125,6–9
237,4,30,Enzo,-1.0,-3.0,1.0,-1.5873015873015872,-4.6875,3–5
241,2,30,,0.0,0.0,4.0,0.0,0.0,≤2
242,9,30,,0.0,0.0,6.0,0.0,0.0,6–9
243,1,30,,0.0,0.0,0.0,0.0,0.0,≤2
244,1,30,,0.0,0.0,1.0,0.0,0.0,≤2
246,1,30,,0.0,0.0,2.0,0.0,0.0,≤2
249,19,30,João Pedro,8.0,6.0,2.0,12.698412698412698,9.375,15+
250,1,30,,0.0,0.0,1.0,0.0,0.0,≤2
253,3,30,,0.0,0.0,3.0,0.0,0.0,3–5
256,1,30,Muñoz,-1.0,-4.0,1.0,-1.5873015873015872,-6.25,≤2
258,2,30,,0.0,0.0,1.0,0.0,0.0,≤2
260,1,30,,0.0,0.0,6.0,0.0,0.0,≤2
261,4,30,,0.0,0.0,1.0,0.0,0.0,3–5
262,2,30,,0.0,0.0,1.0,0.0,0.0,≤2
263,1,30,,0.0,0.0,0.0,0.0,0.0,≤2
266,3,30,,0.0,0.0,2.0,0.0,0.0,3–5
267,15,30,,0.0,0.0,2.0,0.0,0.0,15+
270,1,30,,0.0,0.0,1.0,0.0,0.0,≤2
271,2,30,,0.0,0.0,1.0,0.0,0.0,≤2
273,10,30,,0.0,0.0,2.0,0.0,0.0,10–14
287,6,30,,0.0,0.0,2.0,0.0,0.0,6–9
290,6,30,,0.0,0.0,9.0,0.0,0.0,6–9
291,15,30,Tarkowski,-1.0,-1.0,3.0,-1.5873015873015872,-1.5625,15+
292,6,30,,0.0,0.0,3.0,0.0,0.0,6–9
293,6,30,,0.0,0.0,1.0,0.0,0.0,6–9
295,1,30,Keane,0.0,-1.0,1.0,0.0,-1.5625,≤2
299,6,30,Ndiaye,-6.0,-2.0,4.0,-9.523809523809524,-3.125,6–9
300,5,30,,0.0,0.0,6.0,0.0,0.0,3–5
302,3,30,,0.0,0.0,2.0,0.0,0.0,3–5
303,10,30,,0.0,0.0,6.0,0.0,0.0,10–14
304,1,30,,0.0,0.0,0.0,0.0,0.0,≤2
310,1,30,,0.0,0.0,6.0,0.0,0.0,≤2
311,2,30,,0.0,0.0,9.0,0.0,0.0,≤2
314,3,30,,0.0,0.0,2.0,0.0,0.0,3–5
316,1,30,,0.0,0.0,0.0,0.0,0.0,≤2
318,1,30,,0.0,0.0,1.0,0.0,0.0,≤2
319,1,30,,0.0,0.0,0.0,0.0,0.0,≤2
320,2,30,,0.0,0.0,1.0,0.0,0.0,≤2
322,2,30,Tete,1.0,0.0,2.0,1.5873015873015872,0.0,≤2
324,2,30,,0.0,0.0,10.0,0.0,0.0,≤2
325,1,30,,0.0,0.0,2.0,0.0,0.0,≤2
326,1,30,,0.0,0.0,1.0,0.0,0.0,≤2
328,1,30,,0.0,0.0,4.0,0.0,0.0,≤2
330,4,30,,0.0,0.0,2.0,0.0,0.0,3–5
331,3,30,,0.0,0.0,0.0,0.0,0.0,3–5
335,3,30,,0.0,0.0,1.0,0.0,0.0,3–5
337,1,30,,0.0,0.0,2.0,0.0,0.0,≤2
338,1,30,,0.0,0.0,1.0,0.0,0.0,≤2
341,2,30,Darlow,0.0,1.0,3.0,0.0,1.5625,≤2
342,2,30,,0.0,0.0,2.0,0.0,0.0,≤2
343,2,30,,0.0,0.0,2.0,0.0,0.0,≤2
344,1,30,,0.0,0.0,1.0,0.0,0.0,≤2
347,2,30,,0.0,0.0,2.0,0.0,0.0,≤2
348,2,30,Rodon,0.0,1.0,2.0,0.0,1.5625,≤2
350,2,30,,0.0,0.0,2.0,0.0,0.0,≤2
351,0,30,,0.0,0.0,1.0,0.0,0.0,≤2
353,1,30,,0.0,0.0,1.0,0.0,0.0,≤2
354,2,30,,0.0,0.0,4.0,0.0,0.0,≤2
356,3,30,,0.0,0.0,2.0,0.0,0.0,3–5
362,1,30,,0.0,0.0,1.0,0.0,0.0,≤2
365,1,30,,0.0,0.0,1.0,0.0,0.0,≤2
366,1,30,,0.0,0.0,2.0,0.0,0.0,≤2
370,7,30,,0.0,0.0,4.0,0.0,0.0,6–9
371,6,30,,0.0,0.0,1.0,0.0,0.0,6–9
372,0,30,,0.0,0.0,0.0,0.0,0.0,≤2
373,1,30,Virgil,0.0,5.0,7.0,0.0,7.8125,≤2
374,2,30,,0.0,0.0,1.0,0.0,0.0,≤2
376,0,30,,0.0,0.0,1.0,0.0,0.0,≤2
381,9,30,M.Salah,16.0,8.0,2.0,25.396825396825395,12.5,6–9
384,3,30,,0.0,0.0,6.0,0.0,0.0,3–5
385,1,30,,0.0,0.0,0.0,0.0,0.0,≤2
386,2,30,,0.0,0.0,9.0,0.0,0.0,≤2
387,5,30,Szoboszlai,-1.0,0.0,4.0,-1.5873015873015872,0.0,3–5
388,1,30,,0.0,0.0,0.0,0.0,0.0,≤2
390,0,30,,0.0,0.0,5.0,0.0,0.0,≤2
402,4,30,,0.0,0.0,11.0,0.0,0.0,3–5
406,1,30,,0.0,0.0,0.0,0.0,0.0,≤2
407,1,30,,0.0,0.0,8.0,0.0,0.0,≤2
408,1,30,,0.0,0.0,9.0,0.0,0.0,≤2
414,2,30,,0.0,0.0,0.0,0.0,0.0,≤2
415,1,30,,0.0,0.0,0.0,0.0,0.0,≤2
416,2,30,,0.0,0.0,3.0,0.0,0.0,≤2
417,5,30,,0.0,0.0,3.0,0.0,0.0,3–5
418,1,30,,0.0,0.0,0.0,0.0,0.0,≤2
421,9,30,,0.0,0.0,3.0,0.0,0.0,6–9
424,1,30,,0.0,0.0,5.0,0.0,0.0,≤2
430,2,30,Haaland,-16.0,-13.0,0.0,-25.396825396825395,-20.3125,≤2
438,1,30,,0.0,0.0,7.0,0.0,0.0,≤2
440,1,30,,0.0,0.0,1.0,0.0,0.0,≤2
442,1,30,,0.0,0.0,2.0,0.0,0.0,≤2
443,1,30,,0.0,0.0,1.0,0.0,0.0,≤2
444,1,30,,0.0,0.0,2.0,0.0,0.0,≤2
448,1,30,,0.0,0.0,0.0,0.0,0.0,≤2
449,8,30,,0.0,0.0,13.0,0.0,0.0,6–9
450,2,30,,0.0,0.0,5.0,0.0,0.0,≤2
452,1,30,,0.0,0.0,1.0,0.0,0.0,≤2
453,6,30,,0.0,0.0,1.0,0.0,0.0,6–9
456,1,30,,0.0,0.0,1.0,0.0,0.0,≤2
457,8,30,,0.0,0.0,4.0,0.0,0.0,6–9
458,2,30,,0.0,0.0,2.0,0.0,0.0,≤2
459,1,30,,0.0,0.0,0.0,0.0,0.0,≤2
466,1,30,,0.0,0.0,1.0,0.0,0.0,≤2
470,2,30,,0.0,0.0,0.0,0.0,0.0,≤2
473,2,30,,0.0,0.0,1.0,0.0,0.0,≤2
475,1,30,,0.0,0.0,0.0,0.0,0.0,≤2
476,2,30,,0.0,0.0,0.0,0.0,0.0,≤2
478,6,30,,0.0,0.0,1.0,0.0,0.0,6–9
485,7,30,,0.0,0.0,2.0,0.0,0.0,6–9
486,2,30,,0.0,0.0,1.0,0.0,0.0,≤2
487,1,30,Barnes,0.0,-1.0,1.0,0.0,-1.5625,≤2
489,1,30,,0.0,0.0,6.0,0.0,0.0,≤2
490,1,30,,0.0,0.0,5.0,0.0,0.0,≤2
491,2,30,,0.0,0.0,6.0,0.0,0.0,≤2
494,1,30,,0.0,0.0,0.0,0.0,0.0,≤2
500,7,30,,0.0,0.0,1.0,0.0,0.0,6–9
502,1,30,,0.0,0.0,2.0,0.0,0.0,≤2
505,0,30,,0.0,0.0,1.0,0.0,0.0,≤2
506,2,30,,0.0,0.0,1.0,0.0,0.0,≤2
507,1,30,,0.0,0.0,1.0,0.0,0.0,≤2
508,1,30,,0.0,0.0,0.0,0.0,0.0,≤2
510,1,30,,0.0,0.0,1.0,0.0,0.0,≤2
511,1,30,,0.0,0.0,0.0,0.0,0.0,≤2
515,8,30,,0.0,0.0,9.0,0.0,0.0,6–9
516,4,30,,0.0,0.0,2.0,0.0,0.0,3–5
517,12,30,Anderson,0.0,1.0,1.0,0.0,1.5625,10–14
519,2,30,,0.0,0.0,0.0,0.0,0.0,≤2
521,1,30,,0.0,0.0,2.0,0.0,0.0,≤2
522,1,30,,0.0,0.0,0.0,0.0,0.0,≤2
526,5,30,,0.0,0.0,5.0,0.0,0.0,3–5
527,1,30,,0.0,0.0,1.0,0.0,0.0,≤2
531,9,30,,0.0,0.0,4.0,0.0,0.0,6–9
532,8,30,,0.0,0.0,2.0,0.0,0.0,6–9
539,5,30,,0.0,0.0,0.0,0.0,0.0,3–5
544,7,30,,0.0,0.0,5.0,0.0,0.0,6–9
547,5,30,E.Le Fée,-4.0,-1.0,2.0,-6.349206349206349,-1.5625,3–5
551,1,30,,0.0,0.0,0.0,0.0,0.0,≤2
552,3,30,,0.0,0.0,1.0,0.0,0.0,3–5
560,4,30,,0.0,0.0,1.0,0.0,0.0,3–5
561,1,30,,0.0,0.0,9.0,0.0,0.0,≤2
565,1,30,,0.0,0.0,1.0,0.0,0.0,≤2
568,1,30,,0.0,0.0,0.0,0.0,0.0,≤2
570,3,30,,0.0,0.0,1.0,0.0,0.0,3–5
575,-3,30,Van de Ven,0.0,-1.0,0.0,0.0,-1.5625,≤2
580,1,30,,0.0,0.0,4.0,0.0,0.0,≤2
584,2,30,,0.0,0.0,1.0,0.0,0.0,≤2
587,0,30,,0.0,0.0,2.0,0.0,0.0,≤2
591,5,30,,0.0,0.0,5.0,0.0,0.0,3–5
593,1,30,,0.0,0.0,1.0,0.0,0.0,≤2
596,7,30,,0.0,0.0,2.0,0.0,0.0,6–9
597,1,30,,0.0,0.0,5.0,0.0,0.0,≤2
603,6,30,,0.0,0.0,3.0,0.0,0.0,6–9
606,1,30,,0.0,0.0,2.0,0.0,0.0,≤2
609,9,30,,0.0,0.0,0.0,0.0,0.0,6–9
610,7,30,,0.0,0.0,0.0,0.0,0.0,6–9
613,3,30,,0.0,0.0,7.0,0.0,0.0,3–5
614,1,30,,0.0,0.0,2.0,0.0,0.0,≤2
615,11,30,,0.0,0.0,1.0,0.0,0.0,10–14
624,4,30,Bowen,2.0,0.0,7.0,3.1746031746031744,0.0,3–5
628,3,30,,0.0,0.0,8.0,0.0,0.0,3–5
632,1,30,,0.0,0.0,0.0,0.0,0.0,≤2
633,1,30,,0.0,0.0,6.0,0.0,0.0,≤2
634,1,30,,0.0,0.0,9.0,0.0,0.0,≤2
635,7,30,,0.0,0.0,7.0,0.0,0.0,6–9
636,1,30,,0.0,0.0,6.0,0.0,0.0,≤2
643,12,30,,0.0,0.0,5.0,0.0,0.0,10–14
644,1,30,,0.0,0.0,2.0,0.0,0.0,≤2
646,3,30,,0.0,0.0,14.0,0.0,0.0,3–5
654,5,30,,0.0,0.0,1.0,0.0,0.0,3–5
660,4,30,,0.0,0.0,2.0,0.0,0.0,3–5
661,2,30,Ekitiké,3.0,6.0,15.0,4.761904761904762,9.375,≤2
662,5,30,,0.0,0.0,0.0,0.0,0.0,3–5
666,1,30,,0.0,0.0,2.0,0.0,0.0,≤2
668,1,30,,0.0,0.0,2.0,0.0,0.0,≤2
671,1,30,,0.0,0.0,0.0,0.0,0.0,≤2
672,2,30,,0.0,0.0,0.0,0.0,0.0,≤2
673,4,30,,0.0,0.0,2.0,0.0,0.0,3–5
674,3,30,,0.0,0.0,0.0,0.0,0.0,3–5
676,2,30,,0.0,0.0,1.0,0.0,0.0,≤2
677,2,30,,0.0,0.0,1.0,0.0,0.0,≤2
679,9,30,,0.0,0.0,0.0,0.0,0.0,6–9
681,2,30,,0.0,0.0,8.0,0.0,0.0,≤2
682,6,30,,0.0,0.0,0.0,0.0,0.0,6–9
683,7,30,,0.0,0.0,4.0,0.0,0.0,6–9
684,4,30,,0.0,0.0,1.0,0.0,0.0,3–5
686,1,30,,0.0,0.0,1.0,0.0,0.0,≤2
691,2,30,Calvert-Lewin,2.0,1.0,2.0,3.1746031746031744,1.5625,≤2
695,5,30,,0.0,0.0,6.0,0.0,0.0,3–5
697,1,30,,0.0,0.0,1.0,0.0,0.0,≤2
699,7,30,,0.0,0.0,1.0,0.0,0.0,6–9
706,2,30,,0.0,0.0,2.0,0.0,0.0,≤2
707,1,30,,0.0,0.0,0.0,0.0,0.0,≤2
708,2,30,,0.0,0.0,2.0,0.0,0.0,≤2
709,4,30,,0.0,0.0,0.0,0.0,0.0,3–5
713,8,30,,0.0,0.0,2.0,0.0,0.0,6–9
717,1,30,,0.0,0.0,1.0,0.0,0.0,≤2
718,1,30,,0.0,0.0,1.0,0.0,0.0,≤2
720,4,30,,0.0,0.0,1.0,0.0,0.0,3–5
722,1,30,,0.0,0.0,1.0,0.0,0.0,≤2
723,2,30,,0.0,0.0,3.0,0.0,0.0,≤2
724,1,30,,0.0,0.0,4.0,0.0,0.0,≤2
725,9,30,,0.0,0.0,0.0,0.0,0.0,6–9
726,1,30,,0.0,0.0,1.0,0.0,0.0,≤2
727,2,30,,0.0,0.0,1.0,0.0,0.0,≤2
732,1,30,,0.0,0.0,0.0,0.0,0.0,≤2
733,2,30,,0.0,0.0,2.0,0.0,0.0,≤2
735,1,30,,0.0,0.0,1.0,0.0,0.0,≤2
736,1,30,,0.0,0.0,5.0,0.0,0.0,≤2
749,2,30,Mané,0.0,-2.0,2.0,0.0,-3.125,≤2
758,0,30,,0.0,0.0,1.0,0.0,0.0,≤2
783,2,30,,0.0,0.0,5.0,0.0,0.0,≤2
791,2,30,,0.0,0.0,7.0,0.0,0.0,≤2
792,1,30,,0.0,0.0,1.0,0.0,0.0,≤2
795,1,30,,0.0,0.0,0.0,0.0,0.0,≤2
796,1,30,,0.0,0.0,1.0,0.0,0.0,≤2
804,0,30,,0.0,0.0,1.0,0.0,0.0,≤2
807,3,30,,0.0,0.0,2.0,0.0,0.0,3–5
808,1,30,,0.0,0.0,1.0,0.0,0.0,≤2
812,10,30,,0.0,0.0,0.0,0.0,0.0,10–14
813,3,30,,0.0,0.0,1.0,0.0,0.0,3–5
815,6,30,,0.0,0.0,-2.0,0.0,0.0,6–9
816,1,30,,0.0,0.0,1.0,0.0,0.0,≤2
817,1,30,,0.0,0.0,4.0,0.0,0.0,≤2
1,7,31,Raya,-1.0,0.0,7.0,-1.5873015873015872,0.0,6–9
5,9,31,,0.0,0.0,11.0,0.0,0.0,6–9
6,11,31,,0.0,0.0,0.0,0.0,0.0,10–14
7,6,31,,0.0,0.0,1.0,0.0,0.0,6–9
8,1,31,J.Timber,-12.0,-15.0,13.0,-19.047619047619047,-23.4375,≤2
16,3,31,,0.0,0.0,9.0,0.0,0.0,3–5
18,3,31,,0.0,0.0,0.0,0.0,0.0,3–5
19,4,31,,0.0,0.0,1.0,0.0,0.0,3–5
21,3,31,Rice,-13.0,-14.0,3.0,-20.634920634920636,-21.875,3–5
26,3,31,,0.0,0.0,3.0,0.0,0.0,3–5
27,1,31,,0.0,0.0,0.0,0.0,0.0,≤2
30,2,31,,0.0,0.0,1.0,0.0,0.0,≤2
32,2,31,,0.0,0.0,1.0,0.0,0.0,≤2
37,4,31,,0.0,0.0,0.0,0.0,0.0,3–5
38,1,31,,0.0,0.0,0.0,0.0,0.0,≤2
39,1,31,,0.0,0.0,0.0,0.0,0.0,≤2
40,3,31,,0.0,0.0,0.0,0.0,0.0,3–5
42,1,31,,0.0,0.0,0.0,0.0,0.0,≤2
44,1,31,,0.0,0.0,0.0,0.0,0.0,≤2
47,2,31,Rogers,0.0,1.0,1.0,0.0,1.5625,≤2
49,1,31,,0.0,0.0,5.0,0.0,0.0,≤2
50,3,31,,0.0,0.0,2.0,0.0,0.0,3–5
52,3,31,,0.0,0.0,-2.0,0.0,0.0,3–5
54,2,31,,0.0,0.0,0.0,0.0,0.0,≤2
55,12,31,,0.0,0.0,1.0,0.0,0.0,10–14
59,2,31,,0.0,0.0,2.0,0.0,0.0,≤2
64,0,31,,0.0,0.0,1.0,0.0,0.0,≤2
67,6,31,,0.0,0.0,6.0,0.0,0.0,6–9
72,10,31,,0.0,0.0,11.0,0.0,0.0,10–14
73,8,31,,0.0,0.0,0.0,0.0,0.0,6–9
74,11,31,,0.0,0.0,8.0,0.0,0.0,10–14
77,8,31,,0.0,0.0,8.0,0.0,0.0,6–9
82,2,31,Semenyo,-1.0,-6.0,7.0,-1.5873015873015872,-9.375,≤2
83,8,31,,0.0,0.0,3.0,0.0,0.0,6–9
84,3,31,Tavernier,0.0,-1.0,2.0,0.0,-1.5625,3–5
86,1,31,,0.0,0.0,0.0,0.0,0.0,≤2
87,5,31,,0.0,0.0,3.0,0.0,0.0,3–5
90,5,31,,0.0,0.0,3.0,0.0,0.0,3–5
97,2,31,,0.0,0.0,2.0,0.0,0.0,≤2
98,1,31,,0.0,0.0,1.0,0.0,0.0,≤2
100,2,31,Kroupi.Jr,0.0,-2.0,1.0,0.0,-3.125,≤2
101,1,31,,0.0,0.0,6.0,0.0,0.0,≤2
106,0,31,,0.0,0.0,6.0,0.0,0.0,≤2
107,4,31,,0.0,0.0,1.0,0.0,0.0,3–5
108,0,31,Ajer,-1.0,0.0,6.0,-1.5873015873015872,0.0,≤2
110,8,31,,0.0,0.0,6.0,0.0,0.0,6–9
113,1,31,,0.0,0.0,6.0,0.0,0.0,≤2
119,2,31,,0.0,0.0,1.0,0.0,0.0,≤2
120,2,31,,0.0,0.0,3.0,0.0,0.0,≤2
121,2,31,,0.0,0.0,3.0,0.0,0.0,≤2
124,2,31,,0.0,0.0,3.0,0.0,0.0,≤2
126,2,31,,0.0,0.0,4.0,0.0,0.0,≤2
129,1,31,,0.0,0.0,1.0,0.0,0.0,≤2
136,6,31,,0.0,0.0,2.0,0.0,0.0,6–9
139,7,31,,0.0,0.0,2.0,0.0,0.0,6–9
145,1,31,,0.0,0.0,0.0,0.0,0.0,≤2
146,11,31,,0.0,0.0,0.0,0.0,0.0,10–14
148,8,31,,0.0,0.0,1.0,0.0,0.0,6–9
151,9,31,,0.0,0.0,2.0,0.0,0.0,6–9
152,1,31,,0.0,0.0,1.0,0.0,0.0,≤2
160,9,31,,0.0,0.0,1.0,0.0,0.0,6–9
163,3,31,,0.0,0.0,2.0,0.0,0.0,3–5
164,1,31,,0.0,0.0,0.0,0.0,0.0,≤2
166,1,31,,0.0,0.0,0.0,0.0,0.0,≤2
169,4,31,,0.0,0.0,1.0,0.0,0.0,3–5
170,3,31,,0.0,0.0,0.0,0.0,0.0,3–5
173,5,31,,0.0,0.0,4.0,0.0,0.0,3–5
178,2,31,,0.0,0.0,1.0,0.0,0.0,≤2
187,6,31,,0.0,0.0,3.0,0.0,0.0,6–9
191,6,31,,0.0,0.0,1.0,0.0,0.0,6–9
192,6,31,,0.0,0.0,0.0,0.0,0.0,6–9
193,6,31,,0.0,0.0,0.0,0.0,0.0,6–9
195,1,31,,0.0,0.0,1.0,0.0,0.0,≤2
199,1,31,,0.0,0.0,3.0,0.0,0.0,≤2
200,3,31,,0.0,0.0,4.0,0.0,0.0,3–5
206,1,31,,0.0,0.0,0.0,0.0,0.0,≤2
207,2,31,,0.0,0.0,2.0,0.0,0.0,≤2
209,3,31,,0.0,0.0,1.0,0.0,0.0,3–5
215,2,31,,0.0,0.0,0.0,0.0,0.0,≤2
217,2,31,,0.0,0.0,2.0,0.0,0.0,≤2
220,3,31,,0.0,0.0,0.0,0.0,0.0,3–5
224,2,31,,0.0,0.0,1.0,0.0,0.0,≤2
225,2,31,James,-1.0,-1.0,2.0,-1.5873015873015872,-1.5625,≤2
226,2,31,Chalobah,-1.0,-4.0,2.0,-1.5873015873015872,-6.25,≤2
228,1,31,,0.0,0.0,5.0,0.0,0.0,≤2
230,3,31,,0.0,0.0,2.0,0.0,0.0,3–5
235,2,31,Palmer,3.0,2.0,9.0,4.761904761904762,3.125,≤2
237,2,31,,0.0,0.0,4.0,0.0,0.0,≤2
241,1,31,,0.0,0.0,2.0,0.0,0.0,≤2
242,2,31,,0.0,0.0,9.0,0.0,0.0,≤2
243,1,31,,0.0,0.0,1.0,0.0,0.0,≤2
244,1,31,,0.0,0.0,1.0,0.0,0.0,≤2
249,2,31,João Pedro,1.0,1.0,19.0,1.5873015873015872,1.5625,≤2
250,1,31,,0.0,0.0,1.0,0.0,0.0,≤2
254,7,31,,0.0,0.0,0.0,0.0,0.0,6–9
257,9,31,Lacroix,-5.0,0.0,0.0,-7.936507936507937,0.0,6–9
258,6,31,,0.0,0.0,2.0,0.0,0.0,6–9
260,2,31,Guéhi,0.0,-3.0,1.0,0.0,-4.6875,≤2
261,10,31,Richards,-1.0,-2.0,4.0,-1.5873015873015872,-3.125,10–14
266,3,31,,0.0,0.0,3.0,0.0,0.0,3–5
267,3,31,Sarr,-1.0,-3.0,15.0,-1.5873015873015872,-4.6875,3–5
270,0,31,,0.0,0.0,1.0,0.0,0.0,≤2
271,1,31,,0.0,0.0,2.0,0.0,0.0,≤2
272,3,31,,0.0,0.0,0.0,0.0,0.0,3–5
273,1,31,,0.0,0.0,10.0,0.0,0.0,≤2
283,1,31,,0.0,0.0,0.0,0.0,0.0,≤2
287,2,31,,0.0,0.0,6.0,0.0,0.0,≤2
292,1,31,,0.0,0.0,6.0,0.0,0.0,≤2
293,3,31,,0.0,0.0,6.0,0.0,0.0,3–5
295,3,31,,0.0,0.0,1.0,0.0,0.0,3–5
299,2,31,,0.0,0.0,6.0,0.0,0.0,≤2
300,3,31,,0.0,0.0,5.0,0.0,0.0,3–5
302,4,31,,0.0,0.0,3.0,0.0,0.0,3–5
303,4,31,,0.0,0.0,10.0,0.0,0.0,3–5
304,3,31,,0.0,0.0,1.0,0.0,0.0,3–5
305,1,31,,0.0,0.0,0.0,0.0,0.0,≤2
310,1,31,,0.0,0.0,1.0,0.0,0.0,≤2
311,2,31,,0.0,0.0,2.0,0.0,0.0,≤2
314,7,31,Leno,1.0,0.0,3.0,1.5873015873015872,0.0,6–9
316,5,31,,0.0,0.0,1.0,0.0,0.0,3–5
317,7,31,Andersen,4.0,10.0,0.0,6.349206349206349,15.625,6–9
318,9,31,,0.0,0.0,1.0,0.0,0.0,6–9
322,6,31,Tete,1.0,0.0,2.0,1.5873015873015872,0.0,6–9
324,3,31,,0.0,0.0,2.0,0.0,0.0,3–5
326,1,31,,0.0,0.0,1.0,0.0,0.0,≤2
328,1,31,,0.0,0.0,1.0,0.0,0.0,≤2
329,3,31,Wilson,13.0,10.0,0.0,20.634920634920636,15.625,3–5
330,2,31,,0.0,0.0,4.0,0.0,0.0,≤2
331,1,31,,0.0,0.0,3.0,0.0,0.0,≤2
332,1,31,,0.0,0.0,0.0,0.0,0.0,≤2
335,3,31,,0.0,0.0,3.0,0.0,0.0,3–5
337,2,31,Raúl,0.0,1.0,1.0,0.0,1.5625,≤2
338,1,31,,0.0,0.0,1.0,0.0,0.0,≤2
341,6,31,,0.0,0.0,2.0,0.0,0.0,6–9
342,1,31,,0.0,0.0,2.0,0.0,0.0,≤2
343,8,31,,0.0,0.0,2.0,0.0,0.0,6–9
344,7,31,,0.0,0.0,1.0,0.0,0.0,6–9
347,-2,31,Gudmundsson,-1.0,-1.0,2.0,-1.5873015873015872,-1.5625,≤2
348,8,31,,0.0,0.0,2.0,0.0,0.0,6–9
350,1,31,,0.0,0.0,2.0,0.0,0.0,≤2
354,5,31,,0.0,0.0,2.0,0.0,0.0,3–5
356,1,31,,0.0,0.0,3.0,0.0,0.0,≤2
365,1,31,,0.0,0.0,1.0,0.0,0.0,≤2
366,4,31,,0.0,0.0,1.0,0.0,0.0,3–5
370,6,31,,0.0,0.0,7.0,0.0,0.0,6–9
372,2,31,,0.0,0.0,0.0,0.0,0.0,≤2
373,2,31,,0.0,0.0,1.0,0.0,0.0,≤2
376,2,31,,0.0,0.0,0.0,0.0,0.0,≤2
381,1,31,M.Salah,-22.0,-8.0,9.0,-34.92063492063492,-12.5,≤2
382,3,31,Wirtz,0.0,1.0,0.0,0.0,1.5625,3–5
384,3,31,,0.0,0.0,3.0,0.0,0.0,3–5
385,1,31,,0.0,0.0,1.0,0.0,0.0,≤2
386,8,31,,0.0,0.0,2.0,0.0,0.0,6–9
387,11,31,Szoboszlai,0.0,1.0,5.0,0.0,1.5625,10–14
388,1,31,,0.0,0.0,1.0,0.0,0.0,≤2
390,2,31,,0.0,0.0,0.0,0.0,0.0,≤2
396,1,31,,0.0,0.0,0.0,0.0,0.0,≤2
402,1,31,,0.0,0.0,4.0,0.0,0.0,≤2
406,2,31,,0.0,0.0,1.0,0.0,0.0,≤2
407,2,31,Matheus N.,0.0,-1.0,1.0,0.0,-1.5625,≤2
411,2,31,O'Reilly,-1.0,-5.0,0.0,-1.5873015873015872,-7.8125,≤2
413,3,31,,0.0,0.0,0.0,0.0,0.0,3–5
414,1,31,,0.0,0.0,2.0,0.0,0.0,≤2
416,9,31,,0.0,0.0,2.0,0.0,0.0,6–9
417,1,31,,0.0,0.0,5.0,0.0,0.0,≤2
418,1,31,,0.0,0.0,1.0,0.0,0.0,≤2
421,4,31,,0.0,0.0,9.0,0.0,0.0,3–5
424,3,31,,0.0,0.0,1.0,0.0,0.0,3–5
426,1,31,,0.0,0.0,0.0,0.0,0.0,≤2
427,1,31,,0.0,0.0,0.0,0.0,0.0,≤2
430,2,31,Haaland,-3.0,-4.0,2.0,-4.761904761904762,-6.25,≤2
440,2,31,Dalot,0.0,-1.0,1.0,0.0,-1.5625,≤2
442,1,31,Maguire,0.0,1.0,1.0,0.0,1.5625,≤2
443,4,31,,0.0,0.0,1.0,0.0,0.0,3–5
444,3,31,,0.0,0.0,1.0,0.0,0.0,3–5
449,10,31,,0.0,0.0,8.0,0.0,0.0,10–14
450,8,31,,0.0,0.0,2.0,0.0,0.0,6–9
452,2,31,,0.0,0.0,1.0,0.0,0.0,≤2
453,2,31,,0.0,0.0,6.0,0.0,0.0,≤2
457,6,31,,0.0,0.0,8.0,0.0,0.0,6–9
458,4,31,,0.0,0.0,2.0,0.0,0.0,3–5
459,1,31,,0.0,0.0,1.0,0.0,0.0,≤2
470,6,31,,0.0,0.0,2.0,0.0,0.0,6–9
473,5,31,Hall,11.0,5.0,2.0,17.46031746031746,7.8125,3–5
475,10,31,,0.0,0.0,1.0,0.0,0.0,10–14
476,1,31,,0.0,0.0,2.0,0.0,0.0,≤2
477,6,31,,0.0,0.0,0.0,0.0,0.0,6–9
485,11,31,Gordon,21.0,17.0,7.0,33.333333333333336,26.5625,10–14
486,1,31,,0.0,0.0,2.0,0.0,0.0,≤2
487,3,31,,0.0,0.0,1.0,0.0,0.0,3–5
489,3,31,,0.0,0.0,1.0,0.0,0.0,3–5
490,1,31,,0.0,0.0,1.0,0.0,0.0,≤2
494,6,31,,0.0,0.0,1.0,0.0,0.0,6–9
502,6,31,,0.0,0.0,1.0,0.0,0.0,6–9
505,6,31,,0.0,0.0,0.0,0.0,0.0,6–9
506,6,31,,0.0,0.0,2.0,0.0,0.0,6–9
507,10,31,,0.0,0.0,1.0,0.0,0.0,10–14
508,5,31,,0.0,0.0,1.0,0.0,0.0,3–5
515,3,31,Gibbs-White,0.0,1.0,8.0,0.0,1.5625,3–5
516,1,31,,0.0,0.0,4.0,0.0,0.0,≤2
517,2,31,,0.0,0.0,12.0,0.0,0.0,≤2
519,1,31,,0.0,0.0,2.0,0.0,0.0,≤2
521,3,31,,0.0,0.0,1.0,0.0,0.0,3–5
522,1,31,,0.0,0.0,1.0,0.0,0.0,≤2
526,2,31,,0.0,0.0,5.0,0.0,0.0,≤2
527,1,31,,0.0,0.0,1.0,0.0,0.0,≤2
531,4,31,,0.0,0.0,9.0,0.0,0.0,3–5
532,2,31,,0.0,0.0,8.0,0.0,0.0,≤2
535,1,31,,0.0,0.0,0.0,0.0,0.0,≤2
539,1,31,,0.0,0.0,5.0,0.0,0.0,≤2
544,2,31,,0.0,0.0,7.0,0.0,0.0,≤2
551,2,31,,0.0,0.0,1.0,0.0,0.0,≤2
552,2,31,,0.0,0.0,3.0,0.0,0.0,≤2
553,2,31,,0.0,0.0,0.0,0.0,0.0,≤2
561,1,31,,0.0,0.0,1.0,0.0,0.0,≤2
565,3,31,,0.0,0.0,1.0,0.0,0.0,3–5
568,2,31,Pedro Porro,0.0,1.0,1.0,0.0,1.5625,≤2
570,4,31,,0.0,0.0,3.0,0.0,0.0,3–5
572,4,31,,0.0,0.0,0.0,0.0,0.0,3–5
573,4,31,,0.0,0.0,0.0,0.0,0.0,3–5
580,2,31,,0.0,0.0,1.0,0.0,0.0,≤2
584,2,31,,0.0,0.0,2.0,0.0,0.0,≤2
591,2,31,,0.0,0.0,5.0,0.0,0.0,≤2
593,4,31,,0.0,0.0,1.0,0.0,0.0,3–5
595,1,31,,0.0,0.0,0.0,0.0,0.0,≤2
596,2,31,,0.0,0.0,7.0,0.0,0.0,≤2
597,9,31,Richarlison,0.0,2.0,1.0,0.0,3.125,6–9
603,2,31,,0.0,0.0,6.0,0.0,0.0,≤2
606,12,31,,0.0,0.0,1.0,0.0,0.0,10–14
609,4,31,,0.0,0.0,9.0,0.0,0.0,3–5
610,2,31,,0.0,0.0,7.0,0.0,0.0,≤2
613,4,31,,0.0,0.0,3.0,0.0,0.0,3–5
614,5,31,,0.0,0.0,1.0,0.0,0.0,3–5
624,6,31,Bowen,2.0,1.0,4.0,3.1746031746031744,1.5625,6–9
628,0,31,,0.0,0.0,3.0,0.0,0.0,≤2
633,1,31,,0.0,0.0,1.0,0.0,0.0,≤2
634,1,31,,0.0,0.0,1.0,0.0,0.0,≤2
635,1,31,,0.0,0.0,7.0,0.0,0.0,≤2
636,1,31,,0.0,0.0,1.0,0.0,0.0,≤2
643,2,31,,0.0,0.0,12.0,0.0,0.0,≤2
644,5,31,,0.0,0.0,1.0,0.0,0.0,3–5
646,7,31,,0.0,0.0,3.0,0.0,0.0,6–9
654,1,31,,0.0,0.0,5.0,0.0,0.0,≤2
660,5,31,,0.0,0.0,4.0,0.0,0.0,3–5
661,1,31,Ekitiké,1.0,0.0,2.0,1.5873015873015872,0.0,≤2
662,1,31,,0.0,0.0,5.0,0.0,0.0,≤2
666,7,31,,0.0,0.0,1.0,0.0,0.0,6–9
668,1,31,,0.0,0.0,1.0,0.0,0.0,≤2
669,1,31,,0.0,0.0,0.0,0.0,0.0,≤2
672,1,31,,0.0,0.0,2.0,0.0,0.0,≤2
674,7,31,,0.0,0.0,3.0,0.0,0.0,6–9
676,1,31,,0.0,0.0,2.0,0.0,0.0,≤2
677,3,31,,0.0,0.0,2.0,0.0,0.0,3–5
679,3,31,,0.0,0.0,9.0,0.0,0.0,3–5
680,1,31,,0.0,0.0,0.0,0.0,0.0,≤2
681,5,31,,0.0,0.0,2.0,0.0,0.0,3–5
683,2,31,,0.0,0.0,7.0,0.0,0.0,≤2
684,9,31,Thiaw,20.0,23.0,4.0,31.746031746031747,35.9375,6–9
686,3,31,,0.0,0.0,1.0,0.0,0.0,3–5
691,0,31,Calvert-Lewin,2.0,1.0,2.0,3.1746031746031744,1.5625,≤2
693,1,31,,0.0,0.0,0.0,0.0,0.0,≤2
695,1,31,,0.0,0.0,5.0,0.0,0.0,≤2
697,1,31,,0.0,0.0,1.0,0.0,0.0,≤2
699,1,31,,0.0,0.0,7.0,0.0,0.0,≤2
700,6,31,,0.0,0.0,0.0,0.0,0.0,6–9
706,6,31,,0.0,0.0,2.0,0.0,0.0,6–9
708,1,31,,0.0,0.0,2.0,0.0,0.0,≤2
709,0,31,,0.0,0.0,4.0,0.0,0.0,≤2
712,1,31,,0.0,0.0,0.0,0.0,0.0,≤2
713,1,31,,0.0,0.0,8.0,0.0,0.0,≤2
714,2,31,,0.0,0.0,0.0,0.0,0.0,≤2
717,1,31,,0.0,0.0,1.0,0.0,0.0,≤2
718,0,31,,0.0,0.0,1.0,0.0,0.0,≤2
720,5,31,,0.0,0.0,4.0,0.0,0.0,3–5
723,11,31,,0.0,0.0,2.0,0.0,0.0,10–14
724,2,31,,0.0,0.0,1.0,0.0,0.0,≤2
725,4,31,,0.0,0.0,9.0,0.0,0.0,3–5
726,4,31,,0.0,0.0,1.0,0.0,0.0,3–5
727,1,31,,0.0,0.0,2.0,0.0,0.0,≤2
728,1,31,,0.0,0.0,0.0,0.0,0.0,≤2
730,2,31,,0.0,0.0,0.0,0.0,0.0,≤2
733,2,31,,0.0,0.0,2.0,0.0,0.0,≤2
736,2,31,,0.0,0.0,1.0,0.0,0.0,≤2
749,1,31,,0.0,0.0,2.0,0.0,0.0,≤2
750,1,31,,0.0,0.0,0.0,0.0,0.0,≤2
758,1,31,,0.0,0.0,0.0,0.0,0.0,≤2
783,8,31,,0.0,0.0,2.0,0.0,0.0,6–9
785,2,31,,0.0,0.0,0.0,0.0,0.0,≤2
791,2,31,,0.0,0.0,2.0,0.0,0.0,≤2
804,1,31,,0.0,0.0,0.0,0.0,0.0,≤2
807,3,31,,0.0,0.0,3.0,0.0,0.0,3–5
808,1,31,,0.0,0.0,1.0,0.0,0.0,≤2
812,3,31,,0.0,0.0,10.0,0.0,0.0,3–5
815,2,31,,0.0,0.0,6.0,0.0,0.0,≤2
816,0,31,,0.0,0.0,1.0,0.0,0.0,≤2
817,5,31,,0.0,0.0,1.0,0.0,0.0,3–5
32,6,32,,0.0,0.0,2.0,0.0,0.0,6–9
36,6,32,,0.0,0.0,0.0,0.0,0.0,6–9
37,7,32,,0.0,0.0,4.0,0.0,0.0,6–9
38,6,32,,0.0,0.0,1.0,0.0,0.0,6–9
41,6,32,,0.0,0.0,0.0,0.0,0.0,6–9
47,6,32,,0.0,0.0,2.0,0.0,0.0,6–9
48,1,32,,0.0,0.0,0.0,0.0,0.0,≤2
49,1,32,,0.0,0.0,1.0,0.0,0.0,≤2
50,1,32,,0.0,0.0,3.0,0.0,0.0,≤2
52,2,32,,0.0,0.0,3.0,0.0,0.0,≤2
54,10,32,,0.0,0.0,2.0,0.0,0.0,10–14
55,3,32,,0.0,0.0,12.0,0.0,0.0,3–5
59,5,32,,0.0,0.0,2.0,0.0,0.0,3–5
64,9,32,,0.0,0.0,0.0,0.0,0.0,6–9
67,2,32,Petrović,0.0,-1.0,6.0,0.0,-1.5625,≤2
72,1,32,Senesi,0.0,-1.0,10.0,0.0,-1.5625,≤2
73,0,32,,0.0,0.0,8.0,0.0,0.0,≤2
74,4,32,,0.0,0.0,11.0,0.0,0.0,3–5
77,-1,32,,0.0,0.0,8.0,0.0,0.0,≤2
83,1,32,O.Dango,-5.0,-2.0,8.0,-7.936507936507937,-3.125,≤2
84,2,32,Tavernier,-2.0,-1.0,3.0,-3.1746031746031744,-1.5625,≤2
86,1,32,,0.0,0.0,1.0,0.0,0.0,≤2
87,9,32,,0.0,0.0,5.0,0.0,0.0,6–9
90,2,32,,0.0,0.0,5.0,0.0,0.0,≤2
97,5,32,,0.0,0.0,2.0,0.0,0.0,3–5
100,5,32,Kroupi.Jr,-1.0,0.0,2.0,-1.5873015873015872,0.0,3–5
101,9,32,Kelleher,0.0,-1.0,1.0,0.0,-1.5625,6–9
106,6,32,,0.0,0.0,0.0,0.0,0.0,6–9
107,6,32,,0.0,0.0,4.0,0.0,0.0,6–9
110,6,32,,0.0,0.0,8.0,0.0,0.0,6–9
111,10,32,,0.0,0.0,0.0,0.0,0.0,10–14
113,6,32,,0.0,0.0,1.0,0.0,0.0,6–9
119,2,32,,0.0,0.0,2.0,0.0,0.0,≤2
120,3,32,Schade,-2.0,0.0,2.0,-3.1746031746031744,0.0,3–5
124,5,32,,0.0,0.0,2.0,0.0,0.0,3–5
126,5,32,,0.0,0.0,2.0,0.0,0.0,3–5
129,3,32,,0.0,0.0,1.0,0.0,0.0,3–5
135,1,32,,0.0,0.0,0.0,0.0,0.0,≤2
136,4,32,,0.0,0.0,6.0,0.0,0.0,3–5
139,3,32,,0.0,0.0,7.0,0.0,0.0,3–5
146,1,32,,0.0,0.0,11.0,0.0,0.0,≤2
148,2,32,,0.0,0.0,8.0,0.0,0.0,≤2
151,4,32,,0.0,0.0,9.0,0.0,0.0,3–5
152,1,32,,0.0,0.0,1.0,0.0,0.0,≤2
157,1,32,,0.0,0.0,0.0,0.0,0.0,≤2
158,1,32,,0.0,0.0,0.0,0.0,0.0,≤2
160,1,32,,0.0,0.0,9.0,0.0,0.0,≤2
163,5,32,,0.0,0.0,3.0,0.0,0.0,3–5
166,1,32,,0.0,0.0,1.0,0.0,0.0,≤2
167,1,32,,0.0,0.0,0.0,0.0,0.0,≤2
169,6,32,,0.0,0.0,4.0,0.0,0.0,6–9
170,2,32,,0.0,0.0,3.0,0.0,0.0,≤2
173,1,32,,0.0,0.0,5.0,0.0,0.0,≤2
178,12,32,Welbeck,2.0,0.0,2.0,3.1746031746031744,0.0,10–14
187,1,32,,0.0,0.0,6.0,0.0,0.0,≤2
191,3,32,,0.0,0.0,6.0,0.0,0.0,3–5
192,1,32,,0.0,0.0,6.0,0.0,0.0,≤2
193,1,32,,0.0,0.0,6.0,0.0,0.0,≤2
200,2,32,,0.0,0.0,3.0,0.0,0.0,≤2
206,1,32,,0.0,0.0,1.0,0.0,0.0,≤2
207,1,32,,0.0,0.0,2.0,0.0,0.0,≤2
209,-1,32,,0.0,0.0,3.0,0.0,0.0,≤2
210,1,32,,0.0,0.0,0.0,0.0,0.0,≤2
215,7,32,,0.0,0.0,2.0,0.0,0.0,6–9
217,5,32,,0.0,0.0,2.0,0.0,0.0,3–5
218,1,32,,0.0,0.0,0.0,0.0,0.0,≤2
220,2,32,,0.0,0.0,3.0,0.0,0.0,≤2
224,1,32,,0.0,0.0,2.0,0.0,0.0,≤2
228,1,32,,0.0,0.0,1.0,0.0,0.0,≤2
230,2,32,,0.0,0.0,3.0,0.0,0.0,≤2
232,1,32,,0.0,0.0,0.0,0.0,0.0,≤2
235,2,32,,0.0,0.0,2.0,0.0,0.0,≤2
236,2,32,,0.0,0.0,0.0,0.0,0.0,≤2
237,2,32,,0.0,0.0,2.0,0.0,0.0,≤2
238,1,32,,0.0,0.0,0.0,0.0,0.0,≤2
241,2,32,,0.0,0.0,1.0,0.0,0.0,≤2
242,3,32,,0.0,0.0,2.0,0.0,0.0,3–5
244,1,32,,0.0,0.0,1.0,0.0,0.0,≤2
246,1,32,,0.0,0.0,0.0,0.0,0.0,≤2
249,2,32,João Pedro,-2.0,-2.0,2.0,-3.1746031746031744,-3.125,≤2
250,1,32,,0.0,0.0,1.0,0.0,0.0,≤2
287,7,32,,0.0,0.0,2.0,0.0,0.0,6–9
290,1,32,,0.0,0.0,0.0,0.0,0.0,≤2
291,6,32,,0.0,0.0,0.0,0.0,0.0,6–9
292,7,32,,0.0,0.0,1.0,0.0,0.0,6–9
293,6,32,,0.0,0.0,3.0,0.0,0.0,6–9
295,8,32,,0.0,0.0,3.0,0.0,0.0,6–9
299,10,32,,0.0,0.0,2.0,0.0,0.0,10–14
300,3,32,,0.0,0.0,3.0,0.0,0.0,3–5
302,8,32,,0.0,0.0,4.0,0.0,0.0,6–9
303,6,32,,0.0,0.0,4.0,0.0,0.0,6–9
304,1,32,,0.0,0.0,3.0,0.0,0.0,≤2
310,1,32,,0.0,0.0,1.0,0.0,0.0,≤2
311,16,32,,0.0,0.0,2.0,0.0,0.0,15+
314,3,32,,0.0,0.0,7.0,0.0,0.0,3–5
316,1,32,,0.0,0.0,5.0,0.0,0.0,≤2
317,4,32,Andersen,-1.0,0.0,7.0,-1.5873015873015872,0.0,3–5
318,2,32,,0.0,0.0,9.0,0.0,0.0,≤2
319,2,32,,0.0,0.0,0.0,0.0,0.0,≤2
324,1,32,,0.0,0.0,3.0,0.0,0.0,≤2
325,1,32,,0.0,0.0,0.0,0.0,0.0,≤2
326,1,32,,0.0,0.0,1.0,0.0,0.0,≤2
328,1,32,,0.0,0.0,1.0,0.0,0.0,≤2
329,9,32,,0.0,0.0,3.0,0.0,0.0,6–9
330,5,32,,0.0,0.0,2.0,0.0,0.0,3–5
335,13,32,,0.0,0.0,3.0,0.0,0.0,10–14
336,1,32,,0.0,0.0,0.0,0.0,0.0,≤2
337,5,32,,0.0,0.0,2.0,0.0,0.0,3–5
338,2,32,,0.0,0.0,1.0,0.0,0.0,≤2
341,6,32,,0.0,0.0,6.0,0.0,0.0,6–9
342,5,32,,0.0,0.0,1.0,0.0,0.0,3–5
343,5,32,,0.0,0.0,8.0,0.0,0.0,3–5
344,11,32,,0.0,0.0,7.0,0.0,0.0,10–14
348,6,32,,0.0,0.0,8.0,0.0,0.0,6–9
350,3,32,,0.0,0.0,1.0,0.0,0.0,3–5
353,1,32,,0.0,0.0,0.0,0.0,0.0,≤2
354,5,32,,0.0,0.0,5.0,0.0,0.0,3–5
358,1,32,,0.0,0.0,0.0,0.0,0.0,≤2
365,2,32,,0.0,0.0,1.0,0.0,0.0,≤2
367,2,32,,0.0,0.0,0.0,0.0,0.0,≤2
370,0,32,,0.0,0.0,6.0,0.0,0.0,≤2
371,7,32,,0.0,0.0,0.0,0.0,0.0,6–9
372,1,32,,0.0,0.0,2.0,0.0,0.0,≤2
373,3,32,,0.0,0.0,2.0,0.0,0.0,3–5
374,0,32,,0.0,0.0,0.0,0.0,0.0,≤2
382,2,32,,0.0,0.0,3.0,0.0,0.0,≤2
384,2,32,,0.0,0.0,3.0,0.0,0.0,≤2
385,0,32,,0.0,0.0,1.0,0.0,0.0,≤2
386,1,32,,0.0,0.0,8.0,0.0,0.0,≤2
387,3,32,Szoboszlai,-1.0,0.0,11.0,-1.5873015873015872,0.0,3–5
388,6,32,,0.0,0.0,1.0,0.0,0.0,6–9
390,3,32,,0.0,0.0,2.0,0.0,0.0,3–5
391,1,32,,0.0,0.0,0.0,0.0,0.0,≤2
424,2,32,,0.0,0.0,3.0,0.0,0.0,≤2
426,1,32,,0.0,0.0,1.0,0.0,0.0,≤2
440,1,32,Dalot,0.0,0.0,2.0,0.0,0.0,≤2
442,0,32,Maguire,0.0,-1.0,1.0,0.0,-1.5625,≤2
443,3,32,,0.0,0.0,4.0,0.0,0.0,3–5
444,1,32,Yoro,0.0,1.0,3.0,0.0,1.5625,≤2
447,1,32,,0.0,0.0,0.0,0.0,0.0,≤2
449,13,32,,0.0,0.0,10.0,0.0,0.0,10–14
450,6,32,Cunha,6.0,5.0,8.0,9.523809523809524,7.8125,6–9
452,2,32,,0.0,0.0,2.0,0.0,0.0,≤2
453,0,32,,0.0,0.0,2.0,0.0,0.0,≤2
455,1,32,,0.0,0.0,0.0,0.0,0.0,≤2
456,6,32,,0.0,0.0,0.0,0.0,0.0,6–9
457,1,32,,0.0,0.0,6.0,0.0,0.0,≤2
458,2,32,,0.0,0.0,4.0,0.0,0.0,≤2
459,1,32,,0.0,0.0,1.0,0.0,0.0,≤2
470,2,32,,0.0,0.0,6.0,0.0,0.0,≤2
473,1,32,,0.0,0.0,5.0,0.0,0.0,≤2
475,1,32,,0.0,0.0,10.0,0.0,0.0,≤2
476,3,32,,0.0,0.0,1.0,0.0,0.0,3–5
477,1,32,,0.0,0.0,6.0,0.0,0.0,≤2
478,2,32,,0.0,0.0,0.0,0.0,0.0,≤2
485,10,32,Gordon,1.0,0.0,11.0,1.5873015873015872,0.0,10–14
486,2,32,,0.0,0.0,1.0,0.0,0.0,≤2
487,2,32,,0.0,0.0,3.0,0.0,0.0,≤2
489,1,32,,0.0,0.0,3.0,0.0,0.0,≤2
490,3,32,,0.0,0.0,1.0,0.0,0.0,3–5
494,1,32,,0.0,0.0,6.0,0.0,0.0,≤2
500,1,32,,0.0,0.0,0.0,0.0,0.0,≤2
502,7,32,,0.0,0.0,6.0,0.0,0.0,6–9
505,9,32,,0.0,0.0,6.0,0.0,0.0,6–9
506,8,32,,0.0,0.0,6.0,0.0,0.0,6–9
507,6,32,,0.0,0.0,10.0,0.0,0.0,6–9
508,15,32,,0.0,0.0,5.0,0.0,0.0,15+
515,8,32,,0.0,0.0,3.0,0.0,0.0,6–9
516,6,32,,0.0,0.0,1.0,0.0,0.0,6–9
517,5,32,Anderson,0.0,-1.0,2.0,0.0,-1.5625,3–5
519,1,32,,0.0,0.0,1.0,0.0,0.0,≤2
521,4,32,,0.0,0.0,3.0,0.0,0.0,3–5
522,1,32,,0.0,0.0,1.0,0.0,0.0,≤2
526,8,32,,0.0,0.0,2.0,0.0,0.0,6–9
527,4,32,,0.0,0.0,1.0,0.0,0.0,3–5
532,1,32,,0.0,0.0,2.0,0.0,0.0,≤2
539,2,32,,0.0,0.0,1.0,0.0,0.0,≤2
541,0,32,,0.0,0.0,0.0,0.0,0.0,≤2
544,5,32,,0.0,0.0,2.0,0.0,0.0,3–5
547,1,32,,0.0,0.0,0.0,0.0,0.0,≤2
551,3,32,,0.0,0.0,2.0,0.0,0.0,3–5
552,1,32,,0.0,0.0,2.0,0.0,0.0,≤2
553,8,32,,0.0,0.0,2.0,0.0,0.0,6–9
561,1,32,,0.0,0.0,1.0,0.0,0.0,≤2
565,2,32,,0.0,0.0,3.0,0.0,0.0,≤2
568,1,32,,0.0,0.0,2.0,0.0,0.0,≤2
569,1,32,,0.0,0.0,0.0,0.0,0.0,≤2
570,3,32,,0.0,0.0,4.0,0.0,0.0,3–5
573,1,32,,0.0,0.0,4.0,0.0,0.0,≤2
574,-1,32,,0.0,0.0,0.0,0.0,0.0,≤2
575,1,32,,0.0,0.0,0.0,0.0,0.0,≤2
584,2,32,,0.0,0.0,2.0,0.0,0.0,≤2
586,1,32,,0.0,0.0,0.0,0.0,0.0,≤2
591,2,32,,0.0,0.0,2.0,0.0,0.0,≤2
593,2,32,,0.0,0.0,4.0,0.0,0.0,≤2
596,2,32,,0.0,0.0,2.0,0.0,0.0,≤2
597,2,32,,0.0,0.0,9.0,0.0,0.0,≤2
603,1,32,,0.0,0.0,2.0,0.0,0.0,≤2
606,3,32,Mavropanos,1.0,0.0,12.0,1.5873015873015872,0.0,3–5
610,0,32,,0.0,0.0,2.0,0.0,0.0,≤2
613,2,32,,0.0,0.0,4.0,0.0,0.0,≤2
614,1,32,,0.0,0.0,5.0,0.0,0.0,≤2
623,1,32,Potts,0.0,-1.0,0.0,0.0,-1.5625,≤2
624,2,32,Bowen,7.0,18.0,6.0,11.11111111111111,28.125,≤2
660,3,32,,0.0,0.0,5.0,0.0,0.0,3–5
661,1,32,Ekitiké,-2.0,-13.0,1.0,-3.1746031746031744,-20.3125,≤2
668,4,32,,0.0,0.0,1.0,0.0,0.0,3–5
669,1,32,,0.0,0.0,1.0,0.0,0.0,≤2
671,1,32,,0.0,0.0,0.0,0.0,0.0,≤2
672,1,32,,0.0,0.0,1.0,0.0,0.0,≤2
674,2,32,,0.0,0.0,7.0,0.0,0.0,≤2
676,2,32,,0.0,0.0,1.0,0.0,0.0,≤2
679,2,32,,0.0,0.0,3.0,0.0,0.0,≤2
681,0,32,,0.0,0.0,5.0,0.0,0.0,≤2
683,1,32,Alderete,1.0,0.0,2.0,1.5873015873015872,0.0,≤2
684,0,32,,0.0,0.0,9.0,0.0,0.0,≤2
686,1,32,,0.0,0.0,3.0,0.0,0.0,≤2
691,2,32,Calvert-Lewin,-1.0,0.0,0.0,-1.5873015873015872,0.0,≤2
693,3,32,,0.0,0.0,1.0,0.0,0.0,3–5
697,2,32,,0.0,0.0,1.0,0.0,0.0,≤2
698,1,32,,0.0,0.0,0.0,0.0,0.0,≤2
699,1,32,,0.0,0.0,1.0,0.0,0.0,≤2
706,6,32,,0.0,0.0,6.0,0.0,0.0,6–9
708,2,32,,0.0,0.0,1.0,0.0,0.0,≤2
713,0,32,,0.0,0.0,1.0,0.0,0.0,≤2
714,5,32,,0.0,0.0,2.0,0.0,0.0,3–5
717,1,32,,0.0,0.0,1.0,0.0,0.0,≤2
718,1,32,,0.0,0.0,0.0,0.0,0.0,≤2
724,3,32,,0.0,0.0,2.0,0.0,0.0,3–5
726,1,32,,0.0,0.0,4.0,0.0,0.0,≤2
727,1,32,,0.0,0.0,1.0,0.0,0.0,≤2
728,1,32,,0.0,0.0,1.0,0.0,0.0,≤2
730,8,32,,0.0,0.0,2.0,0.0,0.0,6–9
733,2,32,Lammens,0.0,1.0,2.0,0.0,1.5625,≤2
758,1,32,,0.0,0.0,1.0,0.0,0.0,≤2
783,2,32,,0.0,0.0,8.0,0.0,0.0,≤2
785,2,32,,0.0,0.0,2.0,0.0,0.0,≤2
791,1,32,,0.0,0.0,2.0,0.0,0.0,≤2
796,1,32,,0.0,0.0,0.0,0.0,0.0,≤2
807,2,32,,0.0,0.0,3.0,0.0,0.0,≤2
808,1,32,,0.0,0.0,1.0,0.0,0.0,≤2
812,3,32,,0.0,0.0,3.0,0.0,0.0,3–5
815,1,32,,0.0,0.0,2.0,0.0,0.0,≤2
1,1,33,,0.0,0.0,0.0,0.0,0.0,≤2
5,4,33,Gabriel,-26.0,-24.0,0.0,-41.26984126984127,-37.5,3–5
6,1,33,,0.0,0.0,0.0,0.0,0.0,≤2
10,1,33,,0.0,0.0,0.0,0.0,0.0,≤2
11,1,33,,0.0,0.0,0.0,0.0,0.0,≤2
18,1,33,,0.0,0.0,0.0,0.0,0.0,≤2
19,1,33,,0.0,0.0,0.0,0.0,0.0,≤2
20,1,33,,0.0,0.0,0.0,0.0,0.0,≤2
21,4,33,Rice,-1.0,-1.0,0.0,-1.5873015873015872,-1.5625,3–5
26,2,33,,0.0,0.0,0.0,0.0,0.0,≤2
27,1,33,,0.0,0.0,0.0,0.0,0.0,≤2
30,1,33,,0.0,0.0,0.0,0.0,0.0,≤2
31,1,33,,0.0,0.0,0.0,0.0,0.0,≤2
33,3,33,,0.0,0.0,0.0,0.0,0.0,3–5
36,1,33,,0.0,0.0,6.0,0.0,0.0,≤2
37,2,33,,0.0,0.0,7.0,0.0,0.0,≤2
39,1,33,,0.0,0.0,0.0,0.0,0.0,≤2
41,2,33,,0.0,0.0,6.0,0.0,0.0,≤2
42,1,33,,0.0,0.0,0.0,0.0,0.0,≤2
47,5,33,,0.0,0.0,6.0,0.0,0.0,3–5
48,2,33,,0.0,0.0,1.0,0.0,0.0,≤2
50,1,33,,0.0,0.0,1.0,0.0,0.0,≤2
52,1,33,,0.0,0.0,2.0,0.0,0.0,≤2
54,1,33,,0.0,0.0,10.0,0.0,0.0,≤2
55,2,33,,0.0,0.0,3.0,0.0,0.0,≤2
59,3,33,,0.0,0.0,5.0,0.0,0.0,3–5
64,2,33,,0.0,0.0,9.0,0.0,0.0,≤2
67,2,33,,0.0,0.0,2.0,0.0,0.0,≤2
72,4,33,Senesi,11.0,2.0,1.0,17.46031746031746,3.125,3–5
73,1,33,,0.0,0.0,0.0,0.0,0.0,≤2
74,4,33,,0.0,0.0,4.0,0.0,0.0,3–5
77,3,33,Hill,11.0,11.0,-1.0,17.46031746031746,17.1875,3–5
82,2,33,,0.0,0.0,0.0,0.0,0.0,≤2
83,2,33,,0.0,0.0,1.0,0.0,0.0,≤2
84,2,33,Tavernier,1.0,0.0,2.0,1.5873015873015872,0.0,≤2
85,1,33,,0.0,0.0,0.0,0.0,0.0,≤2
86,1,33,,0.0,0.0,1.0,0.0,0.0,≤2
87,2,33,,0.0,0.0,9.0,0.0,0.0,≤2
90,12,33,Scott,1.0,0.0,2.0,1.5873015873015872,0.0,10–14
97,5,33,Evanilson,2.0,0.0,5.0,3.1746031746031744,0.0,3–5
98,1,33,,0.0,0.0,0.0,0.0,0.0,≤2
100,6,33,,0.0,0.0,5.0,0.0,0.0,6–9
101,2,33,,0.0,0.0,9.0,0.0,0.0,≤2
106,3,33,,0.0,0.0,6.0,0.0,0.0,3–5
107,1,33,,0.0,0.0,6.0,0.0,0.0,≤2
110,4,33,,0.0,0.0,6.0,0.0,0.0,3–5
113,3,33,,0.0,0.0,6.0,0.0,0.0,3–5
119,1,33,,0.0,0.0,2.0,0.0,0.0,≤2
120,5,33,,0.0,0.0,3.0,0.0,0.0,3–5
121,1,33,,0.0,0.0,0.0,0.0,0.0,≤2
126,2,33,,0.0,0.0,5.0,0.0,0.0,≤2
129,4,33,,0.0,0.0,3.0,0.0,0.0,3–5
135,1,33,,0.0,0.0,1.0,0.0,0.0,≤2
136,13,33,Thiago,-1.0,-1.0,4.0,-1.5873015873015872,-1.5625,10–14
139,9,33,,0.0,0.0,3.0,0.0,0.0,6–9
143,10,33,,0.0,0.0,0.0,0.0,0.0,10–14
148,6,33,,0.0,0.0,2.0,0.0,0.0,6–9
151,5,33,,0.0,0.0,4.0,0.0,0.0,3–5
152,1,33,,0.0,0.0,1.0,0.0,0.0,≤2
157,1,33,Mitoma,-17.0,-6.0,1.0,-26.984126984126984,-9.375,≤2
158,1,33,,0.0,0.0,1.0,0.0,0.0,≤2
160,3,33,,0.0,0.0,1.0,0.0,0.0,3–5
163,3,33,,0.0,0.0,5.0,0.0,0.0,3–5
166,8,33,,0.0,0.0,1.0,0.0,0.0,6–9
167,1,33,,0.0,0.0,1.0,0.0,0.0,≤2
169,5,33,,0.0,0.0,6.0,0.0,0.0,3–5
173,18,33,,0.0,0.0,1.0,0.0,0.0,15+
178,2,33,,0.0,0.0,12.0,0.0,0.0,≤2
187,1,33,,0.0,0.0,1.0,0.0,0.0,≤2
190,1,33,,0.0,0.0,0.0,0.0,0.0,≤2
191,2,33,,0.0,0.0,3.0,0.0,0.0,≤2
192,2,33,,0.0,0.0,1.0,0.0,0.0,≤2
193,2,33,,0.0,0.0,1.0,0.0,0.0,≤2
195,1,33,,0.0,0.0,0.0,0.0,0.0,≤2
200,2,33,,0.0,0.0,2.0,0.0,0.0,≤2
202,1,33,,0.0,0.0,0.0,0.0,0.0,≤2
206,2,33,,0.0,0.0,1.0,0.0,0.0,≤2
214,1,33,,0.0,0.0,0.0,0.0,0.0,≤2
215,2,33,,0.0,0.0,7.0,0.0,0.0,≤2
220,2,33,,0.0,0.0,2.0,0.0,0.0,≤2
224,0,33,,0.0,0.0,1.0,0.0,0.0,≤2
228,1,33,,0.0,0.0,1.0,0.0,0.0,≤2
230,3,33,,0.0,0.0,2.0,0.0,0.0,3–5
233,1,33,,0.0,0.0,0.0,0.0,0.0,≤2
235,4,33,Palmer,0.0,2.0,2.0,0.0,3.125,3–5
236,2,33,,0.0,0.0,2.0,0.0,0.0,≤2
238,1,33,,0.0,0.0,1.0,0.0,0.0,≤2
241,2,33,,0.0,0.0,2.0,0.0,0.0,≤2
242,9,33,,0.0,0.0,3.0,0.0,0.0,6–9
243,1,33,,0.0,0.0,0.0,0.0,0.0,≤2
244,1,33,,0.0,0.0,1.0,0.0,0.0,≤2
246,2,33,,0.0,0.0,1.0,0.0,0.0,≤2
247,0,33,,0.0,0.0,0.0,0.0,0.0,≤2
249,2,33,João Pedro,10.0,4.0,2.0,15.873015873015873,6.25,≤2
250,1,33,,0.0,0.0,1.0,0.0,0.0,≤2
253,2,33,,0.0,0.0,0.0,0.0,0.0,≤2
256,4,33,,0.0,0.0,0.0,0.0,0.0,3–5
257,4,33,,0.0,0.0,0.0,0.0,0.0,3–5
258,5,33,,0.0,0.0,0.0,0.0,0.0,3–5
259,1,33,,0.0,0.0,0.0,0.0,0.0,≤2
260,15,33,,0.0,0.0,0.0,0.0,0.0,15+
261,2,33,,0.0,0.0,0.0,0.0,0.0,≤2
266,1,33,,0.0,0.0,0.0,0.0,0.0,≤2
267,1,33,Sarr,0.0,-1.0,0.0,0.0,-1.5625,≤2
270,2,33,,0.0,0.0,0.0,0.0,0.0,≤2
271,1,33,,0.0,0.0,0.0,0.0,0.0,≤2
272,5,33,,0.0,0.0,0.0,0.0,0.0,3–5
273,1,33,,0.0,0.0,0.0,0.0,0.0,≤2
283,12,33,,0.0,0.0,0.0,0.0,0.0,10–14
287,0,33,,0.0,0.0,7.0,0.0,0.0,≤2
290,3,33,,0.0,0.0,1.0,0.0,0.0,3–5
291,3,33,,0.0,0.0,6.0,0.0,0.0,3–5
292,3,33,,0.0,0.0,7.0,0.0,0.0,3–5
293,4,33,,0.0,0.0,6.0,0.0,0.0,3–5
299,2,33,,0.0,0.0,10.0,0.0,0.0,≤2
300,2,33,,0.0,0.0,3.0,0.0,0.0,≤2
302,5,33,,0.0,0.0,8.0,0.0,0.0,3–5
303,3,33,,0.0,0.0,6.0,0.0,0.0,3–5
304,1,33,,0.0,0.0,1.0,0.0,0.0,≤2
310,1,33,,0.0,0.0,1.0,0.0,0.0,≤2
311,7,33,,0.0,0.0,16.0,0.0,0.0,6–9
314,2,33,,0.0,0.0,3.0,0.0,0.0,≤2
316,3,33,,0.0,0.0,1.0,0.0,0.0,3–5
317,1,33,,0.0,0.0,4.0,0.0,0.0,≤2
318,3,33,,0.0,0.0,2.0,0.0,0.0,3–5
319,1,33,,0.0,0.0,2.0,0.0,0.0,≤2
324,2,33,,0.0,0.0,1.0,0.0,0.0,≤2
325,1,33,,0.0,0.0,1.0,0.0,0.0,≤2
326,1,33,,0.0,0.0,1.0,0.0,0.0,≤2
328,1,33,,0.0,0.0,1.0,0.0,0.0,≤2
329,2,33,,0.0,0.0,9.0,0.0,0.0,≤2
330,4,33,,0.0,0.0,5.0,0.0,0.0,3–5
332,1,33,,0.0,0.0,0.0,0.0,0.0,≤2
335,1,33,,0.0,0.0,13.0,0.0,0.0,≤2
337,1,33,,0.0,0.0,5.0,0.0,0.0,≤2
338,2,33,,0.0,0.0,2.0,0.0,0.0,≤2
341,4,33,,0.0,0.0,6.0,0.0,0.0,3–5
342,6,33,Bogle,1.0,0.0,5.0,1.5873015873015872,0.0,6–9
343,2,33,Struijk,0.0,7.0,5.0,0.0,10.9375,≤2
344,4,33,Bijol,1.0,3.0,11.0,1.5873015873015872,4.6875,3–5
347,2,33,Gudmundsson,2.0,1.0,0.0,3.1746031746031744,1.5625,≤2
350,5,33,,0.0,0.0,3.0,0.0,0.0,3–5
351,1,33,,0.0,0.0,0.0,0.0,0.0,≤2
354,3,33,,0.0,0.0,5.0,0.0,0.0,3–5
356,1,33,,0.0,0.0,0.0,0.0,0.0,≤2
358,2,33,,0.0,0.0,1.0,0.0,0.0,≤2
367,9,33,,0.0,0.0,2.0,0.0,0.0,6–9
370,6,33,,0.0,0.0,0.0,0.0,0.0,6–9
372,6,33,,0.0,0.0,1.0,0.0,0.0,6–9
373,9,33,,0.0,0.0,3.0,0.0,0.0,6–9
374,6,33,,0.0,0.0,0.0,0.0,0.0,6–9
376,1,33,,0.0,0.0,0.0,0.0,0.0,≤2
381,8,33,,0.0,0.0,0.0,0.0,0.0,6–9
382,6,33,,0.0,0.0,2.0,0.0,0.0,6–9
384,6,33,,0.0,0.0,2.0,0.0,0.0,6–9
386,1,33,,0.0,0.0,1.0,0.0,0.0,≤2
387,5,33,,0.0,0.0,3.0,0.0,0.0,3–5
388,1,33,,0.0,0.0,6.0,0.0,0.0,≤2
390,1,33,,0.0,0.0,3.0,0.0,0.0,≤2
396,1,33,,0.0,0.0,0.0,0.0,0.0,≤2
402,1,33,,0.0,0.0,0.0,0.0,0.0,≤2
406,6,33,,0.0,0.0,0.0,0.0,0.0,6–9
407,6,33,,0.0,0.0,0.0,0.0,0.0,6–9
411,14,33,,0.0,0.0,0.0,0.0,0.0,10–14
414,1,33,,0.0,0.0,0.0,0.0,0.0,≤2
415,1,33,,0.0,0.0,0.0,0.0,0.0,≤2
416,3,33,,0.0,0.0,0.0,0.0,0.0,3–5
417,10,33,,0.0,0.0,0.0,0.0,0.0,10–14
418,8,33,,0.0,0.0,0.0,0.0,0.0,6–9
421,3,33,,0.0,0.0,0.0,0.0,0.0,3–5
422,1,33,,0.0,0.0,0.0,0.0,0.0,≤2
424,1,33,,0.0,0.0,2.0,0.0,0.0,≤2
430,2,33,,0.0,0.0,0.0,0.0,0.0,≤2
437,-3,33,,0.0,0.0,0.0,0.0,0.0,≤2
438,1,33,,0.0,0.0,0.0,0.0,0.0,≤2
440,1,33,,0.0,0.0,1.0,0.0,0.0,≤2
443,0,33,,0.0,0.0,3.0,0.0,0.0,≤2
444,3,33,,0.0,0.0,1.0,0.0,0.0,3–5
449,4,33,B.Fernandes,-4.0,-4.0,13.0,-6.349206349206349,-6.25,3–5
450,1,33,Cunha,0.0,-1.0,6.0,0.0,-1.5625,≤2
452,2,33,,0.0,0.0,2.0,0.0,0.0,≤2
453,1,33,,0.0,0.0,0.0,0.0,0.0,≤2
457,9,33,,0.0,0.0,1.0,0.0,0.0,6–9
459,4,33,,0.0,0.0,1.0,0.0,0.0,3–5
470,2,33,,0.0,0.0,2.0,0.0,0.0,≤2
473,1,33,,0.0,0.0,1.0,0.0,0.0,≤2
475,3,33,,0.0,0.0,1.0,0.0,0.0,3–5
477,1,33,,0.0,0.0,1.0,0.0,0.0,≤2
485,3,33,Gordon,-2.0,-2.0,10.0,-3.1746031746031744,-3.125,3–5
486,1,33,,0.0,0.0,2.0,0.0,0.0,≤2
487,1,33,,0.0,0.0,2.0,0.0,0.0,≤2
489,2,33,,0.0,0.0,1.0,0.0,0.0,≤2
490,1,33,,0.0,0.0,3.0,0.0,0.0,≤2
491,2,33,,0.0,0.0,0.0,0.0,0.0,≤2
493,1,33,,0.0,0.0,0.0,0.0,0.0,≤2
497,6,33,,0.0,0.0,0.0,0.0,0.0,6–9
499,1,33,,0.0,0.0,0.0,0.0,0.0,≤2
500,8,33,,0.0,0.0,1.0,0.0,0.0,6–9
502,3,33,,0.0,0.0,7.0,0.0,0.0,3–5
505,2,33,,0.0,0.0,9.0,0.0,0.0,≤2
506,-1,33,,0.0,0.0,8.0,0.0,0.0,≤2
507,2,33,,0.0,0.0,6.0,0.0,0.0,≤2
508,11,33,,0.0,0.0,15.0,0.0,0.0,10–14
515,2,33,,0.0,0.0,8.0,0.0,0.0,≤2
516,7,33,,0.0,0.0,6.0,0.0,0.0,6–9
517,4,33,,0.0,0.0,5.0,0.0,0.0,3–5
519,1,33,,0.0,0.0,1.0,0.0,0.0,≤2
521,4,33,,0.0,0.0,4.0,0.0,0.0,3–5
522,1,33,,0.0,0.0,1.0,0.0,0.0,≤2
525,1,33,,0.0,0.0,0.0,0.0,0.0,≤2
526,2,33,,0.0,0.0,8.0,0.0,0.0,≤2
532,0,33,,0.0,0.0,1.0,0.0,0.0,≤2
539,6,33,,0.0,0.0,2.0,0.0,0.0,6–9
541,7,33,,0.0,0.0,0.0,0.0,0.0,6–9
544,6,33,,0.0,0.0,5.0,0.0,0.0,6–9
547,3,33,,0.0,0.0,1.0,0.0,0.0,3–5
551,2,33,,0.0,0.0,3.0,0.0,0.0,≤2
552,3,33,,0.0,0.0,1.0,0.0,0.0,3–5
553,1,33,,0.0,0.0,8.0,0.0,0.0,≤2
560,1,33,,0.0,0.0,0.0,0.0,0.0,≤2
567,2,33,,0.0,0.0,0.0,0.0,0.0,≤2
568,1,33,,0.0,0.0,1.0,0.0,0.0,≤2
569,1,33,,0.0,0.0,1.0,0.0,0.0,≤2
570,1,33,,0.0,0.0,3.0,0.0,0.0,≤2
574,2,33,,0.0,0.0,-1.0,0.0,0.0,≤2
575,1,33,,0.0,0.0,1.0,0.0,0.0,≤2
580,2,33,,0.0,0.0,0.0,0.0,0.0,≤2
584,1,33,,0.0,0.0,2.0,0.0,0.0,≤2
586,2,33,,0.0,0.0,1.0,0.0,0.0,≤2
591,2,33,,0.0,0.0,2.0,0.0,0.0,≤2
593,1,33,,0.0,0.0,2.0,0.0,0.0,≤2
596,2,33,,0.0,0.0,2.0,0.0,0.0,≤2
597,2,33,,0.0,0.0,2.0,0.0,0.0,≤2
603,6,33,,0.0,0.0,1.0,0.0,0.0,6–9
606,21,33,,0.0,0.0,3.0,0.0,0.0,15+
613,3,33,,0.0,0.0,2.0,0.0,0.0,3–5
614,4,33,,0.0,0.0,1.0,0.0,0.0,3–5
615,3,33,,0.0,0.0,0.0,0.0,0.0,3–5
623,1,33,,0.0,0.0,1.0,0.0,0.0,≤2
624,14,33,Bowen,-19.0,-9.0,2.0,-30.158730158730158,-14.0625,10–14
628,1,33,,0.0,0.0,0.0,0.0,0.0,≤2
633,0,33,,0.0,0.0,0.0,0.0,0.0,≤2
634,0,33,,0.0,0.0,0.0,0.0,0.0,≤2
635,0,33,,0.0,0.0,0.0,0.0,0.0,≤2
636,0,33,,0.0,0.0,0.0,0.0,0.0,≤2
642,1,33,,0.0,0.0,0.0,0.0,0.0,≤2
643,4,33,,0.0,0.0,0.0,0.0,0.0,3–5
644,1,33,,0.0,0.0,0.0,0.0,0.0,≤2
646,2,33,,0.0,0.0,0.0,0.0,0.0,≤2
651,1,33,,0.0,0.0,0.0,0.0,0.0,≤2
654,2,33,,0.0,0.0,0.0,0.0,0.0,≤2
659,6,33,,0.0,0.0,0.0,0.0,0.0,6–9
662,1,33,,0.0,0.0,0.0,0.0,0.0,≤2
666,5,33,,0.0,0.0,0.0,0.0,0.0,3–5
668,5,33,,0.0,0.0,4.0,0.0,0.0,3–5
669,1,33,,0.0,0.0,1.0,0.0,0.0,≤2
670,11,33,,0.0,0.0,0.0,0.0,0.0,10–14
671,1,33,,0.0,0.0,1.0,0.0,0.0,≤2
672,1,33,,0.0,0.0,1.0,0.0,0.0,≤2
673,1,33,,0.0,0.0,0.0,0.0,0.0,≤2
674,1,33,,0.0,0.0,2.0,0.0,0.0,≤2
676,2,33,,0.0,0.0,2.0,0.0,0.0,≤2
679,7,33,,0.0,0.0,2.0,0.0,0.0,6–9
680,1,33,,0.0,0.0,0.0,0.0,0.0,≤2
681,2,33,,0.0,0.0,0.0,0.0,0.0,≤2
683,8,33,,0.0,0.0,1.0,0.0,0.0,6–9
684,2,33,,0.0,0.0,0.0,0.0,0.0,≤2
686,11,33,,0.0,0.0,1.0,0.0,0.0,10–14
691,2,33,Calvert-Lewin,8.0,6.0,2.0,12.698412698412698,9.375,≤2
693,1,33,,0.0,0.0,3.0,0.0,0.0,≤2
694,14,33,,0.0,0.0,0.0,0.0,0.0,10–14
695,0,33,,0.0,0.0,0.0,0.0,0.0,≤2
698,15,33,,0.0,0.0,1.0,0.0,0.0,15+
699,1,33,,0.0,0.0,1.0,0.0,0.0,≤2
700,1,33,,0.0,0.0,0.0,0.0,0.0,≤2
706,1,33,,0.0,0.0,6.0,0.0,0.0,≤2
708,2,33,,0.0,0.0,2.0,0.0,0.0,≤2
709,0,33,,0.0,0.0,0.0,0.0,0.0,≤2
712,2,33,,0.0,0.0,0.0,0.0,0.0,≤2
713,2,33,,0.0,0.0,0.0,0.0,0.0,≤2
714,1,33,,0.0,0.0,5.0,0.0,0.0,≤2
717,1,33,,0.0,0.0,1.0,0.0,0.0,≤2
718,1,33,,0.0,0.0,1.0,0.0,0.0,≤2
719,2,33,,0.0,0.0,0.0,0.0,0.0,≤2
720,1,33,,0.0,0.0,0.0,0.0,0.0,≤2
722,1,33,,0.0,0.0,0.0,0.0,0.0,≤2
723,4,33,,0.0,0.0,0.0,0.0,0.0,3–5
726,2,33,,0.0,0.0,1.0,0.0,0.0,≤2
727,1,33,,0.0,0.0,1.0,0.0,0.0,≤2
730,1,33,,0.0,0.0,8.0,0.0,0.0,≤2
733,2,33,,0.0,0.0,2.0,0.0,0.0,≤2
736,7,33,,0.0,0.0,0.0,0.0,0.0,6–9
749,1,33,,0.0,0.0,0.0,0.0,0.0,≤2
783,6,33,Groß,1.0,1.0,2.0,1.5873015873015872,1.5625,6–9
785,5,33,,0.0,0.0,2.0,0.0,0.0,3–5
791,11,33,,0.0,0.0,1.0,0.0,0.0,10–14
796,2,33,,0.0,0.0,1.0,0.0,0.0,≤2
801,1,33,,0.0,0.0,0.0,0.0,0.0,≤2
807,2,33,Rayan,0.0,1.0,2.0,0.0,1.5625,≤2
808,1,33,,0.0,0.0,1.0,0.0,0.0,≤2
815,6,33,,0.0,0.0,1.0,0.0,0.0,6–9
816,2,33,,0.0,0.0,0.0,0.0,0.0,≤2
817,2,33,,0.0,0.0,0.0,0.0,0.0,≤2
1,1,34,Raya,0.0,2.0,1.0,0.0,3.125,≤2
5,0,34,Gabriel,1.0,0.0,4.0,1.5873015873015872,0.0,≤2
6,3,34,Saliba,0.0,1.0,1.0,0.0,1.5625,3–5
11,1,34,,0.0,0.0,1.0,0.0,0.0,≤2
17,2,34,,0.0,0.0,0.0,0.0,0.0,≤2
18,1,34,,0.0,0.0,1.0,0.0,0.0,≤2
19,1,34,,0.0,0.0,1.0,0.0,0.0,≤2
20,1,34,,0.0,0.0,1.0,0.0,0.0,≤2
21,2,34,Rice,3.0,2.0,4.0,4.761904761904762,3.125,≤2
26,4,34,,0.0,0.0,2.0,0.0,0.0,3–5
30,6,34,,0.0,0.0,1.0,0.0,0.0,6–9
32,2,34,,0.0,0.0,0.0,0.0,0.0,≤2
36,1,34,,0.0,0.0,1.0,0.0,0.0,≤2
37,3,34,,0.0,0.0,2.0,0.0,0.0,3–5
38,1,34,,0.0,0.0,0.0,0.0,0.0,≤2
39,5,34,,0.0,0.0,1.0,0.0,0.0,3–5
40,1,34,,0.0,0.0,0.0,0.0,0.0,≤2
47,9,34,Rogers,1.0,1.0,5.0,1.5873015873015872,1.5625,6–9
48,2,34,,0.0,0.0,2.0,0.0,0.0,≤2
50,1,34,,0.0,0.0,1.0,0.0,0.0,≤2
52,2,34,,0.0,0.0,1.0,0.0,0.0,≤2
54,5,34,,0.0,0.0,1.0,0.0,0.0,3–5
55,2,34,,0.0,0.0,2.0,0.0,0.0,≤2
59,1,34,,0.0,0.0,3.0,0.0,0.0,≤2
64,16,34,Watkins,0.0,2.0,2.0,0.0,3.125,15+
67,2,34,,0.0,0.0,2.0,0.0,0.0,≤2
72,6,34,,0.0,0.0,4.0,0.0,0.0,6–9
74,13,34,,0.0,0.0,4.0,0.0,0.0,10–14
77,5,34,Hill,-1.0,0.0,3.0,-1.5873015873015872,0.0,3–5
82,5,34,Semenyo,-1.0,0.0,2.0,-1.5873015873015872,0.0,3–5
83,3,34,O.Dango,-1.0,-1.0,2.0,-1.5873015873015872,-1.5625,3–5
84,9,34,Tavernier,-2.0,-2.0,2.0,-3.1746031746031744,-3.125,6–9
85,5,34,,0.0,0.0,1.0,0.0,0.0,3–5
86,4,34,,0.0,0.0,1.0,0.0,0.0,3–5
87,4,34,,0.0,0.0,2.0,0.0,0.0,3–5
90,5,34,,0.0,0.0,12.0,0.0,0.0,3–5
97,6,34,,0.0,0.0,5.0,0.0,0.0,6–9
98,1,34,,0.0,0.0,1.0,0.0,0.0,≤2
100,10,34,,0.0,0.0,6.0,0.0,0.0,10–14
101,6,34,,0.0,0.0,2.0,0.0,0.0,6–9
106,6,34,,0.0,0.0,3.0,0.0,0.0,6–9
107,6,34,,0.0,0.0,1.0,0.0,0.0,6–9
110,8,34,,0.0,0.0,4.0,0.0,0.0,6–9
113,6,34,,0.0,0.0,3.0,0.0,0.0,6–9
119,3,34,,0.0,0.0,1.0,0.0,0.0,3–5
120,3,34,,0.0,0.0,5.0,0.0,0.0,3–5
121,5,34,,0.0,0.0,1.0,0.0,0.0,3–5
126,3,34,,0.0,0.0,2.0,0.0,0.0,3–5
129,3,34,,0.0,0.0,4.0,0.0,0.0,3–5
136,2,34,,0.0,0.0,13.0,0.0,0.0,≤2
139,8,34,Verbruggen,0.0,-1.0,9.0,0.0,-1.5625,6–9
143,7,34,,0.0,0.0,10.0,0.0,0.0,6–9
145,5,34,,0.0,0.0,0.0,0.0,0.0,3–5
148,16,34,,0.0,0.0,6.0,0.0,0.0,15+
151,12,34,,0.0,0.0,5.0,0.0,0.0,10–14
152,1,34,,0.0,0.0,1.0,0.0,0.0,≤2
157,9,34,,0.0,0.0,1.0,0.0,0.0,6–9
158,12,34,,0.0,0.0,1.0,0.0,0.0,10–14
160,4,34,,0.0,0.0,3.0,0.0,0.0,3–5
163,10,34,,0.0,0.0,3.0,0.0,0.0,10–14
164,2,34,,0.0,0.0,0.0,0.0,0.0,≤2
166,3,34,,0.0,0.0,8.0,0.0,0.0,3–5
167,3,34,,0.0,0.0,1.0,0.0,0.0,3–5
169,1,34,,0.0,0.0,5.0,0.0,0.0,≤2
173,2,34,,0.0,0.0,18.0,0.0,0.0,≤2
178,8,34,,0.0,0.0,2.0,0.0,0.0,6–9
181,1,34,,0.0,0.0,0.0,0.0,0.0,≤2
187,1,34,,0.0,0.0,1.0,0.0,0.0,≤2
190,4,34,,0.0,0.0,1.0,0.0,0.0,3–5
191,6,34,,0.0,0.0,2.0,0.0,0.0,6–9
192,7,34,,0.0,0.0,2.0,0.0,0.0,6–9
193,2,34,,0.0,0.0,2.0,0.0,0.0,≤2
200,4,34,,0.0,0.0,2.0,0.0,0.0,3–5
202,1,34,,0.0,0.0,1.0,0.0,0.0,≤2
206,3,34,,0.0,0.0,2.0,0.0,0.0,3–5
209,3,34,,0.0,0.0,0.0,0.0,0.0,3–5
210,3,34,,0.0,0.0,0.0,0.0,0.0,3–5
214,1,34,,0.0,0.0,1.0,0.0,0.0,≤2
215,9,34,,0.0,0.0,2.0,0.0,0.0,6–9
217,2,34,,0.0,0.0,0.0,0.0,0.0,≤2
220,4,34,Sánchez,0.0,-1.0,2.0,0.0,-1.5625,3–5
224,3,34,,0.0,0.0,0.0,0.0,0.0,3–5
226,2,34,,0.0,0.0,0.0,0.0,0.0,≤2
228,3,34,,0.0,0.0,1.0,0.0,0.0,3–5
230,2,34,,0.0,0.0,3.0,0.0,0.0,≤2
233,2,34,,0.0,0.0,1.0,0.0,0.0,≤2
235,2,34,Palmer,-2.0,-1.0,4.0,-3.1746031746031744,-1.5625,≤2
236,4,34,,0.0,0.0,2.0,0.0,0.0,3–5
237,4,34,Enzo,0.0,-2.0,0.0,0.0,-3.125,3–5
238,1,34,,0.0,0.0,1.0,0.0,0.0,≤2
241,4,34,,0.0,0.0,2.0,0.0,0.0,3–5
242,6,34,Dewsbury-Hall,0.0,1.0,9.0,0.0,1.5625,6–9
243,1,34,,0.0,0.0,1.0,0.0,0.0,≤2
244,3,34,,0.0,0.0,1.0,0.0,0.0,3–5
247,1,34,,0.0,0.0,0.0,0.0,0.0,≤2
250,4,34,,0.0,0.0,1.0,0.0,0.0,3–5
252,1,34,,0.0,0.0,0.0,0.0,0.0,≤2
253,7,34,,0.0,0.0,2.0,0.0,0.0,6–9
256,7,34,,0.0,0.0,4.0,0.0,0.0,6–9
257,11,34,Lacroix,1.0,0.0,4.0,1.5873015873015872,0.0,10–14
258,7,34,,0.0,0.0,5.0,0.0,0.0,6–9
260,8,34,,0.0,0.0,15.0,0.0,0.0,6–9
261,6,34,Richards,0.0,1.0,2.0,0.0,1.5625,6–9
266,2,34,,0.0,0.0,1.0,0.0,0.0,≤2
267,1,34,,0.0,0.0,1.0,0.0,0.0,≤2
270,1,34,,0.0,0.0,2.0,0.0,0.0,≤2
271,1,34,,0.0,0.0,1.0,0.0,0.0,≤2
272,3,34,,0.0,0.0,5.0,0.0,0.0,3–5
276,1,34,,0.0,0.0,0.0,0.0,0.0,≤2
283,1,34,,0.0,0.0,12.0,0.0,0.0,≤2
287,1,34,,0.0,0.0,0.0,0.0,0.0,≤2
290,4,34,,0.0,0.0,3.0,0.0,0.0,3–5
291,1,34,,0.0,0.0,3.0,0.0,0.0,≤2
292,3,34,,0.0,0.0,3.0,0.0,0.0,3–5
293,1,34,,0.0,0.0,4.0,0.0,0.0,≤2
295,1,34,,0.0,0.0,0.0,0.0,0.0,≤2
299,4,34,Ndiaye,1.0,1.0,2.0,1.5873015873015872,1.5625,3–5
300,2,34,,0.0,0.0,2.0,0.0,0.0,≤2
302,2,34,,0.0,0.0,5.0,0.0,0.0,≤2
303,3,34,,0.0,0.0,3.0,0.0,0.0,3–5
310,1,34,,0.0,0.0,1.0,0.0,0.0,≤2
311,9,34,,0.0,0.0,7.0,0.0,0.0,6–9
314,10,34,,0.0,0.0,2.0,0.0,0.0,10–14
316,1,34,,0.0,0.0,3.0,0.0,0.0,≤2
317,6,34,,0.0,0.0,1.0,0.0,0.0,6–9
318,6,34,,0.0,0.0,3.0,0.0,0.0,6–9
319,7,34,,0.0,0.0,1.0,0.0,0.0,6–9
324,1,34,,0.0,0.0,2.0,0.0,0.0,≤2
325,3,34,,0.0,0.0,1.0,0.0,0.0,3–5
328,3,34,,0.0,0.0,1.0,0.0,0.0,3–5
329,3,34,Wilson,0.0,1.0,2.0,0.0,1.5625,3–5
331,3,34,,0.0,0.0,0.0,0.0,0.0,3–5
332,2,34,,0.0,0.0,1.0,0.0,0.0,≤2
335,1,34,,0.0,0.0,1.0,0.0,0.0,≤2
337,1,34,,0.0,0.0,1.0,0.0,0.0,≤2
338,2,34,,0.0,0.0,2.0,0.0,0.0,≤2
341,8,34,,0.0,0.0,4.0,0.0,0.0,6–9
342,7,34,,0.0,0.0,6.0,0.0,0.0,6–9
343,10,34,Struijk,-2.0,0.0,2.0,-3.1746031746031744,0.0,10–14
344,10,34,,0.0,0.0,4.0,0.0,0.0,10–14
347,7,34,,0.0,0.0,2.0,0.0,0.0,6–9
348,1,34,Rodon,0.0,-1.0,0.0,0.0,-1.5625,≤2
350,7,34,,0.0,0.0,5.0,0.0,0.0,6–9
351,5,34,,0.0,0.0,1.0,0.0,0.0,3–5
354,12,34,,0.0,0.0,3.0,0.0,0.0,10–14
356,1,34,,0.0,0.0,1.0,0.0,0.0,≤2
358,5,34,,0.0,0.0,2.0,0.0,0.0,3–5
362,1,34,,0.0,0.0,0.0,0.0,0.0,≤2
365,2,34,,0.0,0.0,0.0,0.0,0.0,≤2
367,1,34,,0.0,0.0,9.0,0.0,0.0,≤2
369,1,34,,0.0,0.0,0.0,0.0,0.0,≤2
370,1,34,,0.0,0.0,6.0,0.0,0.0,≤2
371,1,34,,0.0,0.0,0.0,0.0,0.0,≤2
372,2,34,,0.0,0.0,6.0,0.0,0.0,≤2
373,8,34,,0.0,0.0,9.0,0.0,0.0,6–9
374,4,34,,0.0,0.0,6.0,0.0,0.0,3–5
381,10,34,M.Salah,1.0,4.0,8.0,1.5873015873015872,6.25,10–14
382,2,34,,0.0,0.0,6.0,0.0,0.0,≤2
384,5,34,,0.0,0.0,6.0,0.0,0.0,3–5
386,1,34,,0.0,0.0,1.0,0.0,0.0,≤2
387,5,34,Szoboszlai,1.0,2.0,5.0,1.5873015873015872,3.125,3–5
388,4,34,,0.0,0.0,1.0,0.0,0.0,3–5
390,2,34,,0.0,0.0,1.0,0.0,0.0,≤2
391,1,34,,0.0,0.0,0.0,0.0,0.0,≤2
402,8,34,,0.0,0.0,1.0,0.0,0.0,6–9
405,1,34,,0.0,0.0,0.0,0.0,0.0,≤2
406,15,34,,0.0,0.0,6.0,0.0,0.0,15+
407,11,34,,0.0,0.0,6.0,0.0,0.0,10–14
411,13,34,,0.0,0.0,14.0,0.0,0.0,10–14
414,1,34,,0.0,0.0,1.0,0.0,0.0,≤2
415,2,34,,0.0,0.0,1.0,0.0,0.0,≤2
416,7,34,,0.0,0.0,3.0,0.0,0.0,6–9
417,13,34,,0.0,0.0,10.0,0.0,0.0,10–14
418,8,34,,0.0,0.0,8.0,0.0,0.0,6–9
421,2,34,,0.0,0.0,3.0,0.0,0.0,≤2
423,2,34,,0.0,0.0,0.0,0.0,0.0,≤2
424,1,34,,0.0,0.0,1.0,0.0,0.0,≤2
430,13,34,Haaland,-1.0,-2.0,2.0,-1.5873015873015872,-3.125,10–14
438,6,34,,0.0,0.0,1.0,0.0,0.0,6–9
440,6,34,,0.0,0.0,1.0,0.0,0.0,6–9
443,11,34,,0.0,0.0,0.0,0.0,0.0,10–14
447,11,34,,0.0,0.0,0.0,0.0,0.0,10–14
449,6,34,,0.0,0.0,4.0,0.0,0.0,6–9
450,7,34,,0.0,0.0,1.0,0.0,0.0,6–9
452,1,34,,0.0,0.0,2.0,0.0,0.0,≤2
453,3,34,,0.0,0.0,1.0,0.0,0.0,3–5
455,0,34,,0.0,0.0,0.0,0.0,0.0,≤2
456,1,34,,0.0,0.0,0.0,0.0,0.0,≤2
457,5,34,,0.0,0.0,9.0,0.0,0.0,3–5
458,4,34,,0.0,0.0,0.0,0.0,0.0,3–5
466,1,34,,0.0,0.0,0.0,0.0,0.0,≤2
470,4,34,Dúbravka,0.0,-4.0,2.0,0.0,-6.25,3–5
473,1,34,,0.0,0.0,1.0,0.0,0.0,≤2
475,2,34,,0.0,0.0,3.0,0.0,0.0,≤2
476,1,34,,0.0,0.0,0.0,0.0,0.0,≤2
477,2,34,,0.0,0.0,1.0,0.0,0.0,≤2
478,1,34,,0.0,0.0,0.0,0.0,0.0,≤2
486,2,34,,0.0,0.0,1.0,0.0,0.0,≤2
487,2,34,,0.0,0.0,1.0,0.0,0.0,≤2
488,1,34,,0.0,0.0,0.0,0.0,0.0,≤2
489,0,34,,0.0,0.0,2.0,0.0,0.0,≤2
491,2,34,,0.0,0.0,2.0,0.0,0.0,≤2
493,8,34,,0.0,0.0,1.0,0.0,0.0,6–9
497,4,34,,0.0,0.0,6.0,0.0,0.0,3–5
499,2,34,,0.0,0.0,1.0,0.0,0.0,≤2
500,9,34,,0.0,0.0,8.0,0.0,0.0,6–9
502,2,34,,0.0,0.0,3.0,0.0,0.0,≤2
505,5,34,,0.0,0.0,2.0,0.0,0.0,3–5
506,1,34,,0.0,0.0,-1.0,0.0,0.0,≤2
507,2,34,,0.0,0.0,2.0,0.0,0.0,≤2
508,2,34,,0.0,0.0,11.0,0.0,0.0,≤2
510,1,34,,0.0,0.0,0.0,0.0,0.0,≤2
511,1,34,,0.0,0.0,0.0,0.0,0.0,≤2
515,20,34,,0.0,0.0,2.0,0.0,0.0,15+
517,2,34,,0.0,0.0,4.0,0.0,0.0,≤2
519,4,34,,0.0,0.0,1.0,0.0,0.0,3–5
521,4,34,,0.0,0.0,4.0,0.0,0.0,3–5
522,4,34,,0.0,0.0,1.0,0.0,0.0,3–5
525,2,34,,0.0,0.0,1.0,0.0,0.0,≤2
526,7,34,,0.0,0.0,2.0,0.0,0.0,6–9
531,0,34,,0.0,0.0,0.0,0.0,0.0,≤2
532,7,34,,0.0,0.0,0.0,0.0,0.0,6–9
539,0,34,,0.0,0.0,6.0,0.0,0.0,≤2
541,1,34,,0.0,0.0,7.0,0.0,0.0,≤2
544,2,34,,0.0,0.0,6.0,0.0,0.0,≤2
547,9,34,,0.0,0.0,3.0,0.0,0.0,6–9
551,7,34,,0.0,0.0,2.0,0.0,0.0,6–9
552,4,34,,0.0,0.0,3.0,0.0,0.0,3–5
553,1,34,,0.0,0.0,1.0,0.0,0.0,≤2
560,5,34,,0.0,0.0,1.0,0.0,0.0,3–5
567,1,34,Kinsky,0.0,1.0,2.0,0.0,1.5625,≤2
568,10,34,,0.0,0.0,1.0,0.0,0.0,10–14
570,2,34,Danso,1.0,0.0,1.0,1.5873015873015872,0.0,≤2
573,1,34,,0.0,0.0,0.0,0.0,0.0,≤2
574,2,34,,0.0,0.0,2.0,0.0,0.0,≤2
575,1,34,,0.0,0.0,1.0,0.0,0.0,≤2
580,2,34,,0.0,0.0,2.0,0.0,0.0,≤2
584,1,34,,0.0,0.0,1.0,0.0,0.0,≤2
585,4,34,,0.0,0.0,0.0,0.0,0.0,3–5
586,4,34,,0.0,0.0,2.0,0.0,0.0,3–5
587,0,34,,0.0,0.0,0.0,0.0,0.0,≤2
591,1,34,,0.0,0.0,2.0,0.0,0.0,≤2
596,2,34,Solanke,4.0,2.0,2.0,6.349206349206349,3.125,≤2
603,5,34,,0.0,0.0,6.0,0.0,0.0,3–5
606,6,34,Mavropanos,0.0,1.0,21.0,0.0,1.5625,6–9
613,3,34,,0.0,0.0,3.0,0.0,0.0,3–5
614,6,34,,0.0,0.0,4.0,0.0,0.0,6–9
615,3,34,,0.0,0.0,3.0,0.0,0.0,3–5
624,2,34,Bowen,0.0,1.0,14.0,0.0,1.5625,≤2
629,2,34,,0.0,0.0,0.0,0.0,0.0,≤2
633,0,34,,0.0,0.0,0.0,0.0,0.0,≤2
635,1,34,,0.0,0.0,0.0,0.0,0.0,≤2
636,3,34,,0.0,0.0,0.0,0.0,0.0,3–5
637,3,34,,0.0,0.0,0.0,0.0,0.0,3–5
640,1,34,,0.0,0.0,0.0,0.0,0.0,≤2
642,1,34,,0.0,0.0,1.0,0.0,0.0,≤2
643,4,34,,0.0,0.0,4.0,0.0,0.0,3–5
644,2,34,,0.0,0.0,1.0,0.0,0.0,≤2
646,2,34,,0.0,0.0,2.0,0.0,0.0,≤2
654,1,34,,0.0,0.0,2.0,0.0,0.0,≤2
659,6,34,,0.0,0.0,6.0,0.0,0.0,6–9
662,0,34,,0.0,0.0,1.0,0.0,0.0,≤2
666,1,34,,0.0,0.0,5.0,0.0,0.0,≤2
668,2,34,Xhaka,0.0,-1.0,5.0,0.0,-1.5625,≤2
670,1,34,Roefs,0.0,3.0,11.0,0.0,4.6875,≤2
671,1,34,,0.0,0.0,1.0,0.0,0.0,≤2
672,2,34,,0.0,0.0,1.0,0.0,0.0,≤2
673,1,34,,0.0,0.0,1.0,0.0,0.0,≤2
674,1,34,,0.0,0.0,1.0,0.0,0.0,≤2
676,2,34,,0.0,0.0,2.0,0.0,0.0,≤2
679,6,34,,0.0,0.0,7.0,0.0,0.0,6–9
680,2,34,,0.0,0.0,1.0,0.0,0.0,≤2
681,2,34,,0.0,0.0,2.0,0.0,0.0,≤2
683,1,34,,0.0,0.0,8.0,0.0,0.0,≤2
684,1,34,,0.0,0.0,2.0,0.0,0.0,≤2
686,1,34,,0.0,0.0,11.0,0.0,0.0,≤2
691,8,34,Calvert-Lewin,-1.0,0.0,2.0,-1.5873015873015872,0.0,6–9
693,5,34,,0.0,0.0,1.0,0.0,0.0,3–5
694,-1,34,,0.0,0.0,14.0,0.0,0.0,≤2
695,0,34,,0.0,0.0,0.0,0.0,0.0,≤2
697,1,34,,0.0,0.0,0.0,0.0,0.0,≤2
698,16,34,,0.0,0.0,15.0,0.0,0.0,15+
706,19,34,,0.0,0.0,1.0,0.0,0.0,15+
708,5,34,,0.0,0.0,2.0,0.0,0.0,3–5
709,1,34,,0.0,0.0,0.0,0.0,0.0,≤2
712,1,34,,0.0,0.0,2.0,0.0,0.0,≤2
713,2,34,,0.0,0.0,2.0,0.0,0.0,≤2
714,1,34,,0.0,0.0,1.0,0.0,0.0,≤2
717,11,34,Xavi,1.0,2.0,1.0,1.5873015873015872,3.125,10–14
722,4,34,,0.0,0.0,1.0,0.0,0.0,3–5
723,10,34,,0.0,0.0,4.0,0.0,0.0,10–14
725,1,34,,0.0,0.0,0.0,0.0,0.0,≤2
726,1,34,,0.0,0.0,2.0,0.0,0.0,≤2
727,1,34,,0.0,0.0,1.0,0.0,0.0,≤2
730,2,34,Brobbey,0.0,1.0,1.0,0.0,1.5625,≤2
733,10,34,,0.0,0.0,2.0,0.0,0.0,10–14
734,1,34,,0.0,0.0,0.0,0.0,0.0,≤2
736,8,34,,0.0,0.0,7.0,0.0,0.0,6–9
749,1,34,,0.0,0.0,1.0,0.0,0.0,≤2
758,1,34,,0.0,0.0,0.0,0.0,0.0,≤2
783,16,34,,0.0,0.0,6.0,0.0,0.0,15+
785,2,34,,0.0,0.0,5.0,0.0,0.0,≤2
791,2,34,,0.0,0.0,11.0,0.0,0.0,≤2
796,2,34,,0.0,0.0,2.0,0.0,0.0,≤2
801,2,34,,0.0,0.0,1.0,0.0,0.0,≤2
807,11,34,Rayan,0.0,-1.0,2.0,0.0,-1.5625,10–14
808,5,34,,0.0,0.0,1.0,0.0,0.0,3–5
815,9,34,,0.0,0.0,6.0,0.0,0.0,6–9
816,1,34,,0.0,0.0,2.0,0.0,0.0,≤2
817,2,34,,0.0,0.0,2.0,0.0,0.0,≤2
1,10,35,,0.0,0.0,1.0,0.0,0.0,10–14
5,8,35,Gabriel,4.0,13.0,0.0,6.349206349206349,20.3125,6–9
6,7,35,,0.0,0.0,3.0,0.0,0.0,6–9
10,1,35,,0.0,0.0,0.0,0.0,0.0,≤2
11,6,35,,0.0,0.0,1.0,0.0,0.0,6–9
16,1,35,,0.0,0.0,0.0,0.0,0.0,≤2
17,3,35,,0.0,0.0,2.0,0.0,0.0,3–5
18,3,35,,0.0,0.0,1.0,0.0,0.0,3–5
19,0,35,,0.0,0.0,1.0,0.0,0.0,≤2
21,2,35,,0.0,0.0,2.0,0.0,0.0,≤2
26,5,35,,0.0,0.0,4.0,0.0,0.0,3–5
27,4,35,,0.0,0.0,0.0,0.0,0.0,3–5
30,4,35,,0.0,0.0,6.0,0.0,0.0,3–5
32,3,35,,0.0,0.0,2.0,0.0,0.0,3–5
36,2,35,,0.0,0.0,1.0,0.0,0.0,≤2
37,2,35,,0.0,0.0,3.0,0.0,0.0,≤2
38,2,35,,0.0,0.0,1.0,0.0,0.0,≤2
41,1,35,,0.0,0.0,0.0,0.0,0.0,≤2
44,2,35,,0.0,0.0,0.0,0.0,0.0,≤2
47,2,35,,0.0,0.0,9.0,0.0,0.0,≤2
48,2,35,,0.0,0.0,2.0,0.0,0.0,≤2
49,1,35,,0.0,0.0,0.0,0.0,0.0,≤2
50,2,35,,0.0,0.0,1.0,0.0,0.0,≤2
52,2,35,,0.0,0.0,2.0,0.0,0.0,≤2
54,2,35,,0.0,0.0,5.0,0.0,0.0,≤2
55,1,35,,0.0,0.0,2.0,0.0,0.0,≤2
64,2,35,,0.0,0.0,16.0,0.0,0.0,≤2
83,1,35,,0.0,0.0,3.0,0.0,0.0,≤2
101,2,35,,0.0,0.0,6.0,0.0,0.0,≤2
106,2,35,,0.0,0.0,6.0,0.0,0.0,≤2
107,1,35,,0.0,0.0,6.0,0.0,0.0,≤2
110,1,35,,0.0,0.0,8.0,0.0,0.0,≤2
113,0,35,,0.0,0.0,6.0,0.0,0.0,≤2
119,3,35,Mbeumo,0.0,-2.0,3.0,0.0,-3.125,3–5
120,2,35,,0.0,0.0,3.0,0.0,0.0,≤2
121,2,35,,0.0,0.0,5.0,0.0,0.0,≤2
126,10,35,,0.0,0.0,3.0,0.0,0.0,10–14
129,4,35,,0.0,0.0,3.0,0.0,0.0,3–5
135,1,35,,0.0,0.0,0.0,0.0,0.0,≤2
136,1,35,Thiago,3.0,0.0,2.0,4.761904761904762,0.0,≤2
242,8,35,,0.0,0.0,6.0,0.0,0.0,6–9
243,1,35,,0.0,0.0,1.0,0.0,0.0,≤2
253,0,35,,0.0,0.0,7.0,0.0,0.0,≤2
256,6,35,,0.0,0.0,7.0,0.0,0.0,6–9
257,3,35,Lacroix,0.0,1.0,11.0,0.0,1.5625,3–5
258,0,35,,0.0,0.0,7.0,0.0,0.0,≤2
259,0,35,,0.0,0.0,0.0,0.0,0.0,≤2
261,1,35,,0.0,0.0,6.0,0.0,0.0,≤2
266,6,35,,0.0,0.0,2.0,0.0,0.0,6–9
267,5,35,,0.0,0.0,1.0,0.0,0.0,3–5
271,4,35,,0.0,0.0,1.0,0.0,0.0,3–5
273,2,35,,0.0,0.0,0.0,0.0,0.0,≤2
283,2,35,,0.0,0.0,1.0,0.0,0.0,≤2
287,1,35,,0.0,0.0,1.0,0.0,0.0,≤2
291,3,35,,0.0,0.0,1.0,0.0,0.0,3–5
292,1,35,,0.0,0.0,3.0,0.0,0.0,≤2
293,1,35,,0.0,0.0,1.0,0.0,0.0,≤2
295,1,35,,0.0,0.0,1.0,0.0,0.0,≤2
299,2,35,,0.0,0.0,4.0,0.0,0.0,≤2
300,2,35,,0.0,0.0,2.0,0.0,0.0,≤2
301,0,35,,0.0,0.0,0.0,0.0,0.0,≤2
302,2,35,,0.0,0.0,2.0,0.0,0.0,≤2
303,3,35,,0.0,0.0,3.0,0.0,0.0,3–5
304,1,35,,0.0,0.0,0.0,0.0,0.0,≤2
310,2,35,,0.0,0.0,1.0,0.0,0.0,≤2
314,7,35,,0.0,0.0,10.0,0.0,0.0,6–9
316,1,35,,0.0,0.0,1.0,0.0,0.0,≤2
317,11,35,,0.0,0.0,6.0,0.0,0.0,10–14
318,6,35,,0.0,0.0,6.0,0.0,0.0,6–9
319,5,35,,0.0,0.0,7.0,0.0,0.0,3–5
325,3,35,,0.0,0.0,3.0,0.0,0.0,3–5
328,11,35,,0.0,0.0,3.0,0.0,0.0,10–14
329,2,35,,0.0,0.0,3.0,0.0,0.0,≤2
330,3,35,,0.0,0.0,0.0,0.0,0.0,3–5
332,6,35,,0.0,0.0,2.0,0.0,0.0,6–9
335,1,35,,0.0,0.0,1.0,0.0,0.0,≤2
337,2,35,,0.0,0.0,1.0,0.0,0.0,≤2
338,1,35,,0.0,0.0,2.0,0.0,0.0,≤2
369,3,35,,0.0,0.0,1.0,0.0,0.0,3–5
370,1,35,,0.0,0.0,1.0,0.0,0.0,≤2
371,1,35,,0.0,0.0,1.0,0.0,0.0,≤2
372,8,35,,0.0,0.0,2.0,0.0,0.0,6–9
373,4,35,Virgil,0.0,-2.0,8.0,0.0,-3.125,3–5
374,4,35,,0.0,0.0,4.0,0.0,0.0,3–5
376,1,35,,0.0,0.0,0.0,0.0,0.0,≤2
381,1,35,,0.0,0.0,10.0,0.0,0.0,≤2
382,8,35,,0.0,0.0,2.0,0.0,0.0,6–9
384,2,35,,0.0,0.0,5.0,0.0,0.0,≤2
386,13,35,,0.0,0.0,1.0,0.0,0.0,10–14
387,1,35,,0.0,0.0,5.0,0.0,0.0,≤2
388,7,35,,0.0,0.0,4.0,0.0,0.0,6–9
390,1,35,,0.0,0.0,2.0,0.0,0.0,≤2
424,1,35,,0.0,0.0,1.0,0.0,0.0,≤2
438,1,35,,0.0,0.0,6.0,0.0,0.0,≤2
440,4,35,,0.0,0.0,6.0,0.0,0.0,3–5
442,7,35,,0.0,0.0,0.0,0.0,0.0,6–9
443,5,35,,0.0,0.0,11.0,0.0,0.0,3–5
444,1,35,,0.0,0.0,0.0,0.0,0.0,≤2
447,2,35,,0.0,0.0,11.0,0.0,0.0,≤2
449,5,35,B.Fernandes,4.0,2.0,6.0,6.349206349206349,3.125,3–5
452,1,35,,0.0,0.0,1.0,0.0,0.0,≤2
455,1,35,,0.0,0.0,0.0,0.0,0.0,≤2
456,1,35,,0.0,0.0,1.0,0.0,0.0,≤2
457,12,35,,0.0,0.0,5.0,0.0,0.0,10–14
458,4,35,,0.0,0.0,4.0,0.0,0.0,3–5
466,0,35,,0.0,0.0,1.0,0.0,0.0,≤2
469,2,35,,0.0,0.0,0.0,0.0,0.0,≤2
475,4,35,,0.0,0.0,2.0,0.0,0.0,3–5
476,3,35,,0.0,0.0,1.0,0.0,0.0,3–5
486,1,35,,0.0,0.0,2.0,0.0,0.0,≤2
487,1,35,,0.0,0.0,2.0,0.0,0.0,≤2
488,2,35,,0.0,0.0,1.0,0.0,0.0,≤2
489,2,35,,0.0,0.0,0.0,0.0,0.0,≤2
491,2,35,,0.0,0.0,2.0,0.0,0.0,≤2
494,2,35,,0.0,0.0,0.0,0.0,0.0,≤2
497,2,35,,0.0,0.0,4.0,0.0,0.0,≤2
499,8,35,,0.0,0.0,2.0,0.0,0.0,6–9
500,2,35,,0.0,0.0,9.0,0.0,0.0,≤2
502,7,35,,0.0,0.0,2.0,0.0,0.0,6–9
505,8,35,,0.0,0.0,5.0,0.0,0.0,6–9
507,9,35,,0.0,0.0,2.0,0.0,0.0,6–9
508,5,35,,0.0,0.0,2.0,0.0,0.0,3–5
510,1,35,,0.0,0.0,1.0,0.0,0.0,≤2
511,1,35,,0.0,0.0,1.0,0.0,0.0,≤2
515,13,35,,0.0,0.0,20.0,0.0,0.0,10–14
517,9,35,,0.0,0.0,2.0,0.0,0.0,6–9
519,0,35,,0.0,0.0,4.0,0.0,0.0,≤2
521,1,35,,0.0,0.0,4.0,0.0,0.0,≤2
522,0,35,,0.0,0.0,4.0,0.0,0.0,≤2
525,7,35,,0.0,0.0,2.0,0.0,0.0,6–9
526,14,35,,0.0,0.0,7.0,0.0,0.0,10–14
527,4,35,,0.0,0.0,0.0,0.0,0.0,3–5
531,0,35,,0.0,0.0,0.0,0.0,0.0,≤2
532,-2,35,,0.0,0.0,7.0,0.0,0.0,≤2
541,1,35,Reinildo,0.0,-1.0,1.0,0.0,-1.5625,≤2
544,1,35,,0.0,0.0,2.0,0.0,0.0,≤2
547,2,35,E.Le Fée,0.0,1.0,9.0,0.0,1.5625,≤2
551,1,35,,0.0,0.0,7.0,0.0,0.0,≤2
552,2,35,,0.0,0.0,4.0,0.0,0.0,≤2
560,1,35,,0.0,0.0,5.0,0.0,0.0,≤2
567,6,35,,0.0,0.0,1.0,0.0,0.0,6–9
568,8,35,,0.0,0.0,10.0,0.0,0.0,6–9
570,5,35,,0.0,0.0,2.0,0.0,0.0,3–5
572,1,35,,0.0,0.0,0.0,0.0,0.0,≤2
573,8,35,,0.0,0.0,1.0,0.0,0.0,6–9
575,6,35,,0.0,0.0,1.0,0.0,0.0,6–9
580,1,35,,0.0,0.0,2.0,0.0,0.0,≤2
584,1,35,,0.0,0.0,1.0,0.0,0.0,≤2
585,4,35,,0.0,0.0,4.0,0.0,0.0,3–5
586,1,35,,0.0,0.0,4.0,0.0,0.0,≤2
587,3,35,,0.0,0.0,0.0,0.0,0.0,3–5
596,1,35,Solanke,-1.0,0.0,2.0,-1.5873015873015872,0.0,≤2
597,4,35,,0.0,0.0,0.0,0.0,0.0,3–5
603,2,35,,0.0,0.0,5.0,0.0,0.0,≤2
606,4,35,,0.0,0.0,6.0,0.0,0.0,3–5
609,1,35,,0.0,0.0,0.0,0.0,0.0,≤2
613,10,35,,0.0,0.0,3.0,0.0,0.0,10–14
615,2,35,,0.0,0.0,3.0,0.0,0.0,≤2
623,1,35,,0.0,0.0,0.0,0.0,0.0,≤2
624,10,35,,0.0,0.0,2.0,0.0,0.0,10–14
628,2,35,,0.0,0.0,0.0,0.0,0.0,≤2
632,2,35,,0.0,0.0,0.0,0.0,0.0,≤2
633,3,35,,0.0,0.0,0.0,0.0,0.0,3–5
635,6,35,,0.0,0.0,1.0,0.0,0.0,6–9
636,2,35,,0.0,0.0,3.0,0.0,0.0,≤2
637,2,35,,0.0,0.0,3.0,0.0,0.0,≤2
640,2,35,,0.0,0.0,1.0,0.0,0.0,≤2
642,1,35,,0.0,0.0,1.0,0.0,0.0,≤2
643,1,35,,0.0,0.0,4.0,0.0,0.0,≤2
646,3,35,,0.0,0.0,2.0,0.0,0.0,3–5
654,1,35,,0.0,0.0,1.0,0.0,0.0,≤2
659,2,35,,0.0,0.0,6.0,0.0,0.0,≤2
666,1,35,,0.0,0.0,1.0,0.0,0.0,≤2
668,1,35,,0.0,0.0,2.0,0.0,0.0,≤2
670,0,35,,0.0,0.0,1.0,0.0,0.0,≤2
671,4,35,,0.0,0.0,1.0,0.0,0.0,3–5
673,9,35,,0.0,0.0,1.0,0.0,0.0,6–9
679,2,35,,0.0,0.0,6.0,0.0,0.0,≤2
681,8,35,,0.0,0.0,2.0,0.0,0.0,6–9
682,1,35,,0.0,0.0,0.0,0.0,0.0,≤2
683,0,35,,0.0,0.0,1.0,0.0,0.0,≤2
684,2,35,Thiaw,0.0,-1.0,1.0,0.0,-1.5625,≤2
693,3,35,,0.0,0.0,5.0,0.0,0.0,3–5
694,0,35,,0.0,0.0,-1.0,0.0,0.0,≤2
695,1,35,,0.0,0.0,0.0,0.0,0.0,≤2
699,0,35,,0.0,0.0,0.0,0.0,0.0,≤2
708,2,35,,0.0,0.0,5.0,0.0,0.0,≤2
712,1,35,,0.0,0.0,1.0,0.0,0.0,≤2
714,1,35,,0.0,0.0,1.0,0.0,0.0,≤2
717,3,35,Xavi,-1.0,-2.0,11.0,-1.5873015873015872,-3.125,3–5
720,1,35,,0.0,0.0,0.0,0.0,0.0,≤2
723,3,35,,0.0,0.0,10.0,0.0,0.0,3–5
725,9,35,,0.0,0.0,1.0,0.0,0.0,6–9
726,1,35,,0.0,0.0,1.0,0.0,0.0,≤2
727,3,35,,0.0,0.0,1.0,0.0,0.0,3–5
730,2,35,,0.0,0.0,2.0,0.0,0.0,≤2
733,3,35,,0.0,0.0,10.0,0.0,0.0,3–5
749,2,35,,0.0,0.0,1.0,0.0,0.0,≤2
785,2,35,,0.0,0.0,2.0,0.0,0.0,≤2
791,1,35,,0.0,0.0,2.0,0.0,0.0,≤2
796,4,35,,0.0,0.0,2.0,0.0,0.0,3–5
808,1,35,,0.0,0.0,5.0,0.0,0.0,≤2
814,1,35,,0.0,0.0,0.0,0.0,0.0,≤2
815,3,35,,0.0,0.0,9.0,0.0,0.0,3–5
817,2,35,,0.0,0.0,2.0,0.0,0.0,≤2
1,6,36,Raya,0.0,-1.0,10.0,0.0,-1.5625,6–9
5,6,36,Gabriel,36.0,12.0,8.0,57.142857142857146,18.75,6–9
6,6,36,,0.0,0.0,7.0,0.0,0.0,6–9
7,6,36,,0.0,0.0,0.0,0.0,0.0,6–9
10,6,36,,0.0,0.0,1.0,0.0,0.0,6–9
11,6,36,,0.0,0.0,6.0,0.0,0.0,6–9
16,11,36,Saka,7.0,38.0,1.0,11.11111111111111,59.375,10–14
18,1,36,,0.0,0.0,3.0,0.0,0.0,≤2
20,7,36,,0.0,0.0,0.0,0.0,0.0,6–9
21,5,36,Rice,-1.0,0.0,2.0,-1.5873015873015872,0.0,3–5
26,1,36,,0.0,0.0,5.0,0.0,0.0,≤2
31,1,36,,0.0,0.0,0.0,0.0,0.0,≤2
32,2,36,,0.0,0.0,3.0,0.0,0.0,≤2
36,5,36,,0.0,0.0,2.0,0.0,0.0,3–5
39,1,36,,0.0,0.0,0.0,0.0,0.0,≤2
40,1,36,,0.0,0.0,0.0,0.0,0.0,≤2
44,1,36,,0.0,0.0,2.0,0.0,0.0,≤2
47,1,36,,0.0,0.0,2.0,0.0,0.0,≤2
48,2,36,,0.0,0.0,2.0,0.0,0.0,≤2
49,1,36,,0.0,0.0,1.0,0.0,0.0,≤2
50,6,36,,0.0,0.0,2.0,0.0,0.0,6–9
52,1,36,,0.0,0.0,2.0,0.0,0.0,≤2
55,1,36,,0.0,0.0,1.0,0.0,0.0,≤2
64,1,36,,0.0,0.0,2.0,0.0,0.0,≤2
67,6,36,,0.0,0.0,0.0,0.0,0.0,6–9
72,14,36,Senesi,-19.0,-8.0,0.0,-30.158730158730158,-12.5,10–14
74,7,36,,0.0,0.0,0.0,0.0,0.0,6–9
77,10,36,Hill,-2.0,-3.0,0.0,-3.1746031746031744,-4.6875,10–14
82,2,36,Semenyo,-44.0,-21.0,0.0,-69.84126984126983,-32.8125,≤2
83,6,36,O.Dango,0.0,-1.0,1.0,0.0,-1.5625,6–9
84,3,36,Tavernier,-3.0,-2.0,0.0,-4.761904761904762,-3.125,3–5
85,3,36,,0.0,0.0,0.0,0.0,0.0,3–5
86,4,36,,0.0,0.0,0.0,0.0,0.0,3–5
87,1,36,,0.0,0.0,0.0,0.0,0.0,≤2
90,3,36,,0.0,0.0,0.0,0.0,0.0,3–5
97,5,36,Evanilson,-2.0,0.0,0.0,-3.1746031746031744,0.0,3–5
98,1,36,,0.0,0.0,0.0,0.0,0.0,≤2
100,6,36,,0.0,0.0,0.0,0.0,0.0,6–9
101,8,36,,0.0,0.0,2.0,0.0,0.0,6–9
106,6,36,,0.0,0.0,2.0,0.0,0.0,6–9
107,11,36,,0.0,0.0,1.0,0.0,0.0,10–14
108,1,36,,0.0,0.0,0.0,0.0,0.0,≤2
110,5,36,,0.0,0.0,1.0,0.0,0.0,3–5
113,6,36,,0.0,0.0,0.0,0.0,0.0,6–9
116,1,36,,0.0,0.0,0.0,0.0,0.0,≤2
119,2,36,Mbeumo,0.0,-2.0,3.0,0.0,-3.125,≤2
120,3,36,,0.0,0.0,2.0,0.0,0.0,3–5
121,11,36,,0.0,0.0,2.0,0.0,0.0,10–14
126,3,36,,0.0,0.0,10.0,0.0,0.0,3–5
129,3,36,,0.0,0.0,4.0,0.0,0.0,3–5
135,3,36,,0.0,0.0,1.0,0.0,0.0,3–5
136,6,36,Thiago,-1.0,-3.0,1.0,-1.5873015873015872,-4.6875,6–9
139,2,36,Verbruggen,-3.0,-1.0,0.0,-4.761904761904762,-1.5625,≤2
143,1,36,,0.0,0.0,0.0,0.0,0.0,≤2
145,1,36,,0.0,0.0,0.0,0.0,0.0,≤2
146,1,36,,0.0,0.0,0.0,0.0,0.0,≤2
148,1,36,F.Kadıoğlu,1.0,2.0,0.0,1.5873015873015872,3.125,≤2
151,2,36,Van Hecke,1.0,1.0,0.0,1.5873015873015872,1.5625,≤2
152,1,36,,0.0,0.0,0.0,0.0,0.0,≤2
157,1,36,,0.0,0.0,0.0,0.0,0.0,≤2
158,1,36,,0.0,0.0,0.0,0.0,0.0,≤2
160,2,36,,0.0,0.0,0.0,0.0,0.0,≤2
163,7,36,Hinshelwood,0.0,4.0,0.0,0.0,6.25,6–9
167,2,36,,0.0,0.0,0.0,0.0,0.0,≤2
173,1,36,,0.0,0.0,0.0,0.0,0.0,≤2
178,5,36,Welbeck,15.0,9.0,0.0,23.80952380952381,14.0625,3–5
181,1,36,,0.0,0.0,0.0,0.0,0.0,≤2
187,1,36,,0.0,0.0,0.0,0.0,0.0,≤2
190,3,36,,0.0,0.0,0.0,0.0,0.0,3–5
191,3,36,,0.0,0.0,0.0,0.0,0.0,3–5
192,1,36,,0.0,0.0,0.0,0.0,0.0,≤2
193,0,36,,0.0,0.0,0.0,0.0,0.0,≤2
195,1,36,,0.0,0.0,0.0,0.0,0.0,≤2
200,5,36,,0.0,0.0,0.0,0.0,0.0,3–5
207,0,36,,0.0,0.0,0.0,0.0,0.0,≤2
209,1,36,,0.0,0.0,0.0,0.0,0.0,≤2
210,6,36,,0.0,0.0,0.0,0.0,0.0,6–9
215,2,36,,0.0,0.0,0.0,0.0,0.0,≤2
216,1,36,,0.0,0.0,0.0,0.0,0.0,≤2
220,1,36,,0.0,0.0,0.0,0.0,0.0,≤2
221,1,36,,0.0,0.0,0.0,0.0,0.0,≤2
224,4,36,,0.0,0.0,0.0,0.0,0.0,3–5
226,1,36,,0.0,0.0,0.0,0.0,0.0,≤2
227,1,36,,0.0,0.0,0.0,0.0,0.0,≤2
228,0,36,,0.0,0.0,0.0,0.0,0.0,≤2
232,0,36,,0.0,0.0,0.0,0.0,0.0,≤2
235,0,36,Palmer,-6.0,-38.0,0.0,-9.523809523809524,-59.375,≤2
237,2,36,Enzo,-3.0,-3.0,0.0,-4.761904761904762,-4.6875,≤2
241,3,36,,0.0,0.0,0.0,0.0,0.0,3–5
242,2,36,,0.0,0.0,8.0,0.0,0.0,≤2
244,1,36,,0.0,0.0,0.0,0.0,0.0,≤2
246,1,36,,0.0,0.0,0.0,0.0,0.0,≤2
249,8,36,João Pedro,-10.0,-8.0,0.0,-15.873015873015873,-12.5,6–9
250,0,36,,0.0,0.0,0.0,0.0,0.0,≤2
253,2,36,Henderson,4.0,2.0,0.0,6.349206349206349,3.125,≤2
256,0,36,Muñoz,1.0,1.0,6.0,1.5873015873015872,1.5625,≤2
257,2,36,Lacroix,16.0,12.0,3.0,25.396825396825395,18.75,≤2
258,1,36,,0.0,0.0,0.0,0.0,0.0,≤2
260,4,36,,0.0,0.0,0.0,0.0,0.0,3–5
261,1,36,,0.0,0.0,1.0,0.0,0.0,≤2
262,1,36,,0.0,0.0,0.0,0.0,0.0,≤2
266,3,36,Eze,0.0,-3.0,6.0,0.0,-4.6875,3–5
267,1,36,Sarr,0.0,2.0,5.0,0.0,3.125,≤2
271,1,36,,0.0,0.0,4.0,0.0,0.0,≤2
272,0,36,,0.0,0.0,0.0,0.0,0.0,≤2
273,1,36,,0.0,0.0,2.0,0.0,0.0,≤2
276,4,36,,0.0,0.0,0.0,0.0,0.0,3–5
283,1,36,,0.0,0.0,2.0,0.0,0.0,≤2
287,1,36,,0.0,0.0,1.0,0.0,0.0,≤2
291,0,36,,0.0,0.0,3.0,0.0,0.0,≤2
292,1,36,,0.0,0.0,1.0,0.0,0.0,≤2
293,6,36,,0.0,0.0,1.0,0.0,0.0,6–9
295,2,36,Keane,1.0,0.0,1.0,1.5873015873015872,0.0,≤2
296,1,36,,0.0,0.0,0.0,0.0,0.0,≤2
299,2,36,Ndiaye,2.0,0.0,2.0,3.1746031746031744,0.0,≤2
301,1,36,,0.0,0.0,0.0,0.0,0.0,≤2
303,5,36,,0.0,0.0,3.0,0.0,0.0,3–5
304,2,36,,0.0,0.0,1.0,0.0,0.0,≤2
305,1,36,,0.0,0.0,0.0,0.0,0.0,≤2
310,11,36,,0.0,0.0,2.0,0.0,0.0,10–14
311,1,36,,0.0,0.0,0.0,0.0,0.0,≤2
314,3,36,,0.0,0.0,7.0,0.0,0.0,3–5
316,1,36,,0.0,0.0,1.0,0.0,0.0,≤2
317,3,36,,0.0,0.0,11.0,0.0,0.0,3–5
318,1,36,,0.0,0.0,6.0,0.0,0.0,≤2
319,1,36,,0.0,0.0,5.0,0.0,0.0,≤2
325,2,36,,0.0,0.0,3.0,0.0,0.0,≤2
326,1,36,,0.0,0.0,0.0,0.0,0.0,≤2
329,2,36,Wilson,0.0,2.0,2.0,0.0,3.125,≤2
331,1,36,,0.0,0.0,0.0,0.0,0.0,≤2
332,1,36,,0.0,0.0,6.0,0.0,0.0,≤2
335,1,36,,0.0,0.0,1.0,0.0,0.0,≤2
336,2,36,,0.0,0.0,0.0,0.0,0.0,≤2
337,2,36,,0.0,0.0,2.0,0.0,0.0,≤2
338,1,36,,0.0,0.0,1.0,0.0,0.0,≤2
341,2,36,,0.0,0.0,0.0,0.0,0.0,≤2
342,5,36,Bogle,-4.0,-2.0,0.0,-6.349206349206349,-3.125,3–5
343,1,36,Struijk,-28.0,-15.0,0.0,-44.44444444444444,-23.4375,≤2
344,5,36,Bijol,-1.0,0.0,0.0,-1.5873015873015872,0.0,3–5
348,1,36,,0.0,0.0,0.0,0.0,0.0,≤2
350,1,36,Aaronson,0.0,-1.0,0.0,0.0,-1.5625,≤2
351,1,36,,0.0,0.0,0.0,0.0,0.0,≤2
353,1,36,,0.0,0.0,0.0,0.0,0.0,≤2
354,1,36,,0.0,0.0,0.0,0.0,0.0,≤2
358,6,36,,0.0,0.0,0.0,0.0,0.0,6–9
365,1,36,,0.0,0.0,0.0,0.0,0.0,≤2
369,2,36,,0.0,0.0,3.0,0.0,0.0,≤2
370,1,36,,0.0,0.0,1.0,0.0,0.0,≤2
371,1,36,,0.0,0.0,1.0,0.0,0.0,≤2
372,0,36,,0.0,0.0,8.0,0.0,0.0,≤2
373,1,36,Virgil,0.0,0.0,4.0,0.0,0.0,≤2
374,1,36,,0.0,0.0,4.0,0.0,0.0,≤2
382,2,36,,0.0,0.0,8.0,0.0,0.0,≤2
384,6,36,,0.0,0.0,2.0,0.0,0.0,6–9
385,1,36,,0.0,0.0,0.0,0.0,0.0,≤2
386,2,36,,0.0,0.0,13.0,0.0,0.0,≤2
387,13,36,Szoboszlai,3.0,4.0,1.0,4.761904761904762,6.25,10–14
388,1,36,,0.0,0.0,7.0,0.0,0.0,≤2
390,2,36,,0.0,0.0,1.0,0.0,0.0,≤2
391,1,36,,0.0,0.0,0.0,0.0,0.0,≤2
406,3,36,,0.0,0.0,0.0,0.0,0.0,3–5
407,1,36,,0.0,0.0,0.0,0.0,0.0,≤2
411,1,36,O'Reilly,0.0,1.0,0.0,0.0,1.5625,≤2
413,1,36,,0.0,0.0,0.0,0.0,0.0,≤2
414,1,36,,0.0,0.0,0.0,0.0,0.0,≤2
416,2,36,,0.0,0.0,0.0,0.0,0.0,≤2
417,5,36,Cherki,45.0,21.0,0.0,71.42857142857143,32.8125,3–5
418,15,36,Doku,0.0,2.0,0.0,0.0,3.125,15+
422,4,36,,0.0,0.0,0.0,0.0,0.0,3–5
423,2,36,,0.0,0.0,0.0,0.0,0.0,≤2
424,1,36,,0.0,0.0,1.0,0.0,0.0,≤2
426,2,36,,0.0,0.0,0.0,0.0,0.0,≤2
430,7,36,,0.0,0.0,0.0,0.0,0.0,6–9
440,1,36,,0.0,0.0,4.0,0.0,0.0,≤2
441,1,36,,0.0,0.0,0.0,0.0,0.0,≤2
442,1,36,,0.0,0.0,7.0,0.0,0.0,≤2
443,2,36,,0.0,0.0,5.0,0.0,0.0,≤2
444,1,36,Yoro,0.0,-1.0,1.0,0.0,-1.5625,≤2
447,1,36,,0.0,0.0,2.0,0.0,0.0,≤2
449,5,36,,0.0,0.0,5.0,0.0,0.0,3–5
450,7,36,,0.0,0.0,0.0,0.0,0.0,6–9
452,1,36,,0.0,0.0,1.0,0.0,0.0,≤2
456,2,36,,0.0,0.0,1.0,0.0,0.0,≤2
457,4,36,,0.0,0.0,12.0,0.0,0.0,3–5
458,9,36,,0.0,0.0,4.0,0.0,0.0,6–9
466,1,36,,0.0,0.0,0.0,0.0,0.0,≤2
469,3,36,,0.0,0.0,2.0,0.0,0.0,3–5
470,2,36,,0.0,0.0,0.0,0.0,0.0,≤2
473,1,36,,0.0,0.0,0.0,0.0,0.0,≤2
475,4,36,,0.0,0.0,4.0,0.0,0.0,3–5
476,7,36,,0.0,0.0,3.0,0.0,0.0,6–9
487,6,36,,0.0,0.0,1.0,0.0,0.0,6–9
488,6,36,,0.0,0.0,2.0,0.0,0.0,6–9
489,8,36,,0.0,0.0,2.0,0.0,0.0,6–9
490,4,36,,0.0,0.0,0.0,0.0,0.0,3–5
491,1,36,,0.0,0.0,2.0,0.0,0.0,≤2
493,1,36,,0.0,0.0,0.0,0.0,0.0,≤2
494,2,36,,0.0,0.0,2.0,0.0,0.0,≤2
497,2,36,,0.0,0.0,2.0,0.0,0.0,≤2
500,9,36,,0.0,0.0,2.0,0.0,0.0,6–9
502,8,36,,0.0,0.0,7.0,0.0,0.0,6–9
505,1,36,,0.0,0.0,8.0,0.0,0.0,≤2
508,1,36,,0.0,0.0,5.0,0.0,0.0,≤2
510,1,36,,0.0,0.0,1.0,0.0,0.0,≤2
511,1,36,,0.0,0.0,1.0,0.0,0.0,≤2
513,1,36,,0.0,0.0,0.0,0.0,0.0,≤2
515,4,36,Gibbs-White,0.0,-1.0,13.0,0.0,-1.5625,3–5
517,1,36,,0.0,0.0,9.0,0.0,0.0,≤2
519,1,36,,0.0,0.0,0.0,0.0,0.0,≤2
522,4,36,,0.0,0.0,0.0,0.0,0.0,3–5
525,1,36,,0.0,0.0,7.0,0.0,0.0,≤2
526,5,36,,0.0,0.0,14.0,0.0,0.0,3–5
527,16,36,,0.0,0.0,4.0,0.0,0.0,15+
531,-2,36,,0.0,0.0,0.0,0.0,0.0,≤2
532,2,36,,0.0,0.0,-2.0,0.0,0.0,≤2
535,0,36,,0.0,0.0,0.0,0.0,0.0,≤2
541,2,36,,0.0,0.0,1.0,0.0,0.0,≤2
544,1,36,,0.0,0.0,1.0,0.0,0.0,≤2
547,4,36,,0.0,0.0,2.0,0.0,0.0,3–5
552,2,36,,0.0,0.0,2.0,0.0,0.0,≤2
553,2,36,,0.0,0.0,0.0,0.0,0.0,≤2
560,1,36,,0.0,0.0,1.0,0.0,0.0,≤2
567,2,36,,0.0,0.0,6.0,0.0,0.0,≤2
568,4,36,,0.0,0.0,8.0,0.0,0.0,3–5
570,3,36,,0.0,0.0,5.0,0.0,0.0,3–5
573,1,36,,0.0,0.0,8.0,0.0,0.0,≤2
574,2,36,,0.0,0.0,0.0,0.0,0.0,≤2
575,2,36,,0.0,0.0,6.0,0.0,0.0,≤2
580,2,36,,0.0,0.0,1.0,0.0,0.0,≤2
584,5,36,,0.0,0.0,1.0,0.0,0.0,3–5
585,2,36,,0.0,0.0,4.0,0.0,0.0,≤2
586,1,36,,0.0,0.0,1.0,0.0,0.0,≤2
587,1,36,,0.0,0.0,3.0,0.0,0.0,≤2
593,1,36,,0.0,0.0,0.0,0.0,0.0,≤2
597,9,36,,0.0,0.0,4.0,0.0,0.0,6–9
603,1,36,,0.0,0.0,2.0,0.0,0.0,≤2
606,-1,36,,0.0,0.0,4.0,0.0,0.0,≤2
608,0,36,,0.0,0.0,0.0,0.0,0.0,≤2
610,1,36,,0.0,0.0,0.0,0.0,0.0,≤2
613,2,36,,0.0,0.0,10.0,0.0,0.0,≤2
614,2,36,,0.0,0.0,0.0,0.0,0.0,≤2
615,1,36,,0.0,0.0,2.0,0.0,0.0,≤2
624,2,36,Bowen,0.0,-1.0,10.0,0.0,-1.5625,≤2
629,2,36,,0.0,0.0,0.0,0.0,0.0,≤2
633,5,36,,0.0,0.0,3.0,0.0,0.0,3–5
634,2,36,,0.0,0.0,0.0,0.0,0.0,≤2
635,1,36,,0.0,0.0,6.0,0.0,0.0,≤2
636,10,36,,0.0,0.0,2.0,0.0,0.0,10–14
637,4,36,,0.0,0.0,2.0,0.0,0.0,3–5
640,1,36,,0.0,0.0,2.0,0.0,0.0,≤2
643,2,36,,0.0,0.0,1.0,0.0,0.0,≤2
646,2,36,,0.0,0.0,3.0,0.0,0.0,≤2
651,1,36,,0.0,0.0,0.0,0.0,0.0,≤2
654,2,36,,0.0,0.0,1.0,0.0,0.0,≤2
659,1,36,,0.0,0.0,2.0,0.0,0.0,≤2
660,10,36,,0.0,0.0,0.0,0.0,0.0,10–14
662,1,36,,0.0,0.0,0.0,0.0,0.0,≤2
666,16,36,Gyökeres,6.0,10.0,1.0,9.523809523809524,15.625,15+
668,9,36,,0.0,0.0,1.0,0.0,0.0,6–9
670,3,36,,0.0,0.0,0.0,0.0,0.0,3–5
671,1,36,,0.0,0.0,4.0,0.0,0.0,≤2
673,2,36,,0.0,0.0,9.0,0.0,0.0,≤2
679,2,36,,0.0,0.0,2.0,0.0,0.0,≤2
680,1,36,,0.0,0.0,0.0,0.0,0.0,≤2
681,5,36,,0.0,0.0,8.0,0.0,0.0,3–5
683,4,36,,0.0,0.0,0.0,0.0,0.0,3–5
684,2,36,,0.0,0.0,2.0,0.0,0.0,≤2
686,1,36,,0.0,0.0,0.0,0.0,0.0,≤2
691,6,36,Calvert-Lewin,-8.0,-7.0,0.0,-12.698412698412698,-10.9375,6–9
693,1,36,,0.0,0.0,3.0,0.0,0.0,≤2
694,11,36,,0.0,0.0,0.0,0.0,0.0,10–14
697,1,36,,0.0,0.0,0.0,0.0,0.0,≤2
698,10,36,Okafor,0.0,-1.0,0.0,0.0,-1.5625,10–14
700,1,36,,0.0,0.0,0.0,0.0,0.0,≤2
706,2,36,Justin,0.0,-2.0,0.0,0.0,-3.125,≤2
708,4,36,,0.0,0.0,2.0,0.0,0.0,3–5
712,1,36,,0.0,0.0,1.0,0.0,0.0,≤2
713,6,36,,0.0,0.0,0.0,0.0,0.0,6–9
718,1,36,,0.0,0.0,0.0,0.0,0.0,≤2
719,1,36,,0.0,0.0,0.0,0.0,0.0,≤2
720,2,36,,0.0,0.0,1.0,0.0,0.0,≤2
722,1,36,,0.0,0.0,0.0,0.0,0.0,≤2
723,0,36,Canvot,1.0,2.0,3.0,1.5873015873015872,3.125,≤2
726,1,36,,0.0,0.0,1.0,0.0,0.0,≤2
727,2,36,,0.0,0.0,3.0,0.0,0.0,≤2
728,5,36,,0.0,0.0,0.0,0.0,0.0,3–5
730,1,36,,0.0,0.0,2.0,0.0,0.0,≤2
733,2,36,,0.0,0.0,3.0,0.0,0.0,≤2
734,7,36,,0.0,0.0,0.0,0.0,0.0,6–9
736,1,36,Donnarumma,-1.0,0.0,0.0,-1.5873015873015872,0.0,≤2
737,1,36,,0.0,0.0,0.0,0.0,0.0,≤2
748,1,36,,0.0,0.0,0.0,0.0,0.0,≤2
749,2,36,,0.0,0.0,2.0,0.0,0.0,≤2
783,2,36,,0.0,0.0,0.0,0.0,0.0,≤2
785,2,36,,0.0,0.0,2.0,0.0,0.0,≤2
791,1,36,,0.0,0.0,1.0,0.0,0.0,≤2
796,9,36,Gallagher,0.0,1.0,4.0,0.0,1.5625,6–9
797,1,36,,0.0,0.0,0.0,0.0,0.0,≤2
807,8,36,,0.0,0.0,0.0,0.0,0.0,6–9
808,1,36,,0.0,0.0,1.0,0.0,0.0,≤2
814,4,36,,0.0,0.0,1.0,0.0,0.0,3–5
815,1,36,,0.0,0.0,3.0,0.0,0.0,≤2
816,1,36,,0.0,0.0,0.0,0.0,0.0,≤2
817,2,36,,0.0,0.0,2.0,0.0,0.0,≤2
829,1,36,,0.0,0.0,0.0,0.0,0.0,≤2
1,9,37,Raya,1.0,3.0,6.0,1.5873015873015872,4.6875,6–9
5,11,37,Gabriel,5.0,3.0,6.0,7.936507936507937,4.6875,10–14
6,5,37,Saliba,14.0,7.0,6.0,22.22222222222222,10.9375,3–5
7,1,37,Calafiori,0.0,1.0,6.0,0.0,1.5625,≤2
10,6,37,Lewis-Skelly,2.0,0.0,6.0,3.1746031746031744,0.0,6–9
11,1,37,,0.0,0.0,6.0,0.0,0.0,≤2
16,2,37,Saka,23.0,5.0,11.0,36.507936507936506,7.8125,≤2
17,4,37,,0.0,0.0,0.0,0.0,0.0,3–5
18,1,37,,0.0,0.0,1.0,0.0,0.0,≤2
20,8,37,Trossard,5.0,6.0,7.0,7.936507936507937,9.375,6–9
21,3,37,Rice,5.0,3.0,5.0,7.936507936507937,4.6875,3–5
26,1,37,,0.0,0.0,1.0,0.0,0.0,≤2
30,1,37,,0.0,0.0,0.0,0.0,0.0,≤2
32,6,37,,0.0,0.0,2.0,0.0,0.0,6–9
36,1,37,,0.0,0.0,5.0,0.0,0.0,≤2
37,1,37,,0.0,0.0,0.0,0.0,0.0,≤2
38,1,37,,0.0,0.0,0.0,0.0,0.0,≤2
39,1,37,,0.0,0.0,1.0,0.0,0.0,≤2
40,0,37,,0.0,0.0,1.0,0.0,0.0,≤2
44,1,37,,0.0,0.0,1.0,0.0,0.0,≤2
47,2,37,Rogers,-2.0,-7.0,1.0,-3.1746031746031744,-10.9375,≤2
48,4,37,,0.0,0.0,2.0,0.0,0.0,3–5
49,1,37,,0.0,0.0,1.0,0.0,0.0,≤2
50,1,37,,0.0,0.0,6.0,0.0,0.0,≤2
52,4,37,,0.0,0.0,1.0,0.0,0.0,3–5
54,5,37,,0.0,0.0,0.0,0.0,0.0,3–5
55,9,37,,0.0,0.0,1.0,0.0,0.0,6–9
64,9,37,,0.0,0.0,1.0,0.0,0.0,6–9
67,6,37,,0.0,0.0,6.0,0.0,0.0,6–9
72,8,37,Senesi,-6.0,-1.0,14.0,-9.523809523809524,-1.5625,6–9
73,11,37,,0.0,0.0,0.0,0.0,0.0,10–14
74,9,37,,0.0,0.0,7.0,0.0,0.0,6–9
77,6,37,Hill,0.0,-1.0,10.0,0.0,-1.5625,6–9
82,12,37,Semenyo,-1.0,-2.0,2.0,-1.5873015873015872,-3.125,10–14
83,1,37,,0.0,0.0,6.0,0.0,0.0,≤2
84,2,37,Tavernier,-7.0,-7.0,3.0,-11.11111111111111,-10.9375,≤2
85,1,37,,0.0,0.0,3.0,0.0,0.0,≤2
86,1,37,,0.0,0.0,4.0,0.0,0.0,≤2
87,-2,37,,0.0,0.0,1.0,0.0,0.0,≤2
90,4,37,Scott,0.0,-1.0,3.0,0.0,-1.5625,3–5
97,1,37,,0.0,0.0,5.0,0.0,0.0,≤2
98,1,37,,0.0,0.0,1.0,0.0,0.0,≤2
100,2,37,,0.0,0.0,6.0,0.0,0.0,≤2
101,3,37,,0.0,0.0,8.0,0.0,0.0,3–5
106,1,37,,0.0,0.0,6.0,0.0,0.0,≤2
107,1,37,,0.0,0.0,11.0,0.0,0.0,≤2
108,2,37,,0.0,0.0,1.0,0.0,0.0,≤2
110,1,37,Kayode,0.0,1.0,5.0,0.0,1.5625,≤2
116,2,37,,0.0,0.0,1.0,0.0,0.0,≤2
119,1,37,Mbeumo,0.0,-1.0,2.0,0.0,-1.5625,≤2
120,2,37,,0.0,0.0,3.0,0.0,0.0,≤2
121,4,37,,0.0,0.0,11.0,0.0,0.0,3–5
124,0,37,,0.0,0.0,0.0,0.0,0.0,≤2
125,1,37,,0.0,0.0,0.0,0.0,0.0,≤2
126,4,37,,0.0,0.0,3.0,0.0,0.0,3–5
129,2,37,,0.0,0.0,3.0,0.0,0.0,≤2
135,1,37,,0.0,0.0,3.0,0.0,0.0,≤2
136,2,37,Thiago,4.0,1.0,6.0,6.349206349206349,1.5625,≤2
139,6,37,Verbruggen,0.0,-1.0,2.0,0.0,-1.5625,6–9
145,15,37,,0.0,0.0,1.0,0.0,0.0,15+
146,14,37,,0.0,0.0,1.0,0.0,0.0,10–14
148,6,37,F.Kadıoğlu,0.0,-1.0,1.0,0.0,-1.5625,6–9
151,6,37,,0.0,0.0,2.0,0.0,0.0,6–9
152,1,37,,0.0,0.0,1.0,0.0,0.0,≤2
157,0,37,Mitoma,-1.0,-3.0,1.0,-1.5873015873015872,-4.6875,≤2
158,1,37,,0.0,0.0,1.0,0.0,0.0,≤2
159,1,37,,0.0,0.0,0.0,0.0,0.0,≤2
160,9,37,,0.0,0.0,2.0,0.0,0.0,6–9
163,8,37,Hinshelwood,0.0,1.0,7.0,0.0,1.5625,6–9
166,1,37,,0.0,0.0,0.0,0.0,0.0,≤2
167,5,37,,0.0,0.0,2.0,0.0,0.0,3–5
178,2,37,Welbeck,-1.0,-3.0,5.0,-1.5873015873015872,-4.6875,≤2
181,1,37,,0.0,0.0,1.0,0.0,0.0,≤2
183,2,37,,0.0,0.0,0.0,0.0,0.0,≤2
187,1,37,,0.0,0.0,1.0,0.0,0.0,≤2
191,3,37,,0.0,0.0,3.0,0.0,0.0,3–5
195,1,37,,0.0,0.0,1.0,0.0,0.0,≤2
198,3,37,,0.0,0.0,0.0,0.0,0.0,3–5
200,7,37,,0.0,0.0,5.0,0.0,0.0,6–9
202,1,37,,0.0,0.0,0.0,0.0,0.0,≤2
207,5,37,,0.0,0.0,0.0,0.0,0.0,3–5
209,1,37,,0.0,0.0,1.0,0.0,0.0,≤2
210,4,37,,0.0,0.0,6.0,0.0,0.0,3–5
215,5,37,,0.0,0.0,2.0,0.0,0.0,3–5
216,1,37,,0.0,0.0,1.0,0.0,0.0,≤2
217,1,37,,0.0,0.0,0.0,0.0,0.0,≤2
221,2,37,,0.0,0.0,1.0,0.0,0.0,≤2
224,1,37,,0.0,0.0,4.0,0.0,0.0,≤2
225,1,37,,0.0,0.0,0.0,0.0,0.0,≤2
227,4,37,,0.0,0.0,1.0,0.0,0.0,3–5
228,2,37,,0.0,0.0,0.0,0.0,0.0,≤2
230,5,37,,0.0,0.0,0.0,0.0,0.0,3–5
235,2,37,Palmer,-26.0,-3.0,0.0,-41.26984126984127,-4.6875,≤2
237,8,37,Enzo,0.0,-1.0,2.0,0.0,-1.5625,6–9
241,1,37,,0.0,0.0,3.0,0.0,0.0,≤2
242,5,37,Dewsbury-Hall,0.0,5.0,2.0,0.0,7.8125,3–5
243,1,37,,0.0,0.0,0.0,0.0,0.0,≤2
246,2,37,,0.0,0.0,1.0,0.0,0.0,≤2
249,2,37,João Pedro,-14.0,-5.0,8.0,-22.22222222222222,-7.8125,≤2
253,3,37,Henderson,-2.0,-2.0,2.0,-3.1746031746031744,-3.125,3–5
256,3,37,Muñoz,-7.0,-5.0,0.0,-11.11111111111111,-7.8125,3–5
257,4,37,Lacroix,-8.0,-5.0,2.0,-12.698412698412698,-7.8125,3–5
258,6,37,,0.0,0.0,1.0,0.0,0.0,6–9
260,15,37,,0.0,0.0,4.0,0.0,0.0,15+
261,4,37,Richards,-1.0,0.0,1.0,-1.5873015873015872,0.0,3–5
263,1,37,,0.0,0.0,0.0,0.0,0.0,≤2
266,3,37,Eze,0.0,-1.0,3.0,0.0,-1.5625,3–5
267,8,37,Sarr,-1.0,0.0,1.0,-1.5873015873015872,0.0,6–9
270,1,37,,0.0,0.0,0.0,0.0,0.0,≤2
271,2,37,,0.0,0.0,1.0,0.0,0.0,≤2
272,3,37,,0.0,0.0,0.0,0.0,0.0,3–5
273,5,37,,0.0,0.0,1.0,0.0,0.0,3–5
283,6,37,,0.0,0.0,1.0,0.0,0.0,6–9
287,3,37,,0.0,0.0,1.0,0.0,0.0,3–5
291,15,37,Tarkowski,4.0,1.0,0.0,6.349206349206349,1.5625,15+
292,0,37,,0.0,0.0,1.0,0.0,0.0,≤2
293,1,37,,0.0,0.0,6.0,0.0,0.0,≤2
295,1,37,Keane,3.0,6.0,2.0,4.761904761904762,9.375,≤2
299,2,37,Ndiaye,12.0,5.0,2.0,19.047619047619047,7.8125,≤2
301,1,37,,0.0,0.0,1.0,0.0,0.0,≤2
303,1,37,,0.0,0.0,5.0,0.0,0.0,≤2
304,2,37,,0.0,0.0,2.0,0.0,0.0,≤2
310,1,37,,0.0,0.0,11.0,0.0,0.0,≤2
311,8,37,,0.0,0.0,1.0,0.0,0.0,6–9
314,3,37,Leno,1.0,1.0,3.0,1.5873015873015872,1.5625,3–5
316,1,37,,0.0,0.0,1.0,0.0,0.0,≤2
317,-2,37,Andersen,0.0,-1.0,3.0,0.0,-1.5625,≤2
318,2,37,Bassey,0.0,1.0,1.0,0.0,1.5625,≤2
319,2,37,,0.0,0.0,1.0,0.0,0.0,≤2
320,1,37,,0.0,0.0,0.0,0.0,0.0,≤2
325,1,37,,0.0,0.0,2.0,0.0,0.0,≤2
329,2,37,,0.0,0.0,2.0,0.0,0.0,≤2
331,2,37,,0.0,0.0,1.0,0.0,0.0,≤2
332,1,37,,0.0,0.0,1.0,0.0,0.0,≤2
335,0,37,,0.0,0.0,1.0,0.0,0.0,≤2
338,1,37,,0.0,0.0,1.0,0.0,0.0,≤2
341,2,37,,0.0,0.0,2.0,0.0,0.0,≤2
343,1,37,Struijk,-6.0,-4.0,1.0,-9.523809523809524,-6.25,≤2
344,5,37,,0.0,0.0,5.0,0.0,0.0,3–5
345,1,37,,0.0,0.0,0.0,0.0,0.0,≤2
348,1,37,Rodon,0.0,2.0,1.0,0.0,3.125,≤2
350,2,37,,0.0,0.0,1.0,0.0,0.0,≤2
351,1,37,,0.0,0.0,1.0,0.0,0.0,≤2
353,2,37,,0.0,0.0,1.0,0.0,0.0,≤2
354,10,37,Ampadu,0.0,-1.0,1.0,0.0,-1.5625,10–14
358,5,37,,0.0,0.0,6.0,0.0,0.0,3–5
365,1,37,,0.0,0.0,1.0,0.0,0.0,≤2
367,2,37,,0.0,0.0,0.0,0.0,0.0,≤2
370,2,37,,0.0,0.0,1.0,0.0,0.0,≤2
371,2,37,,0.0,0.0,1.0,0.0,0.0,≤2
373,2,37,,0.0,0.0,1.0,0.0,0.0,≤2
374,2,37,,0.0,0.0,1.0,0.0,0.0,≤2
376,0,37,,0.0,0.0,0.0,0.0,0.0,≤2
384,2,37,,0.0,0.0,6.0,0.0,0.0,≤2
385,1,37,,0.0,0.0,1.0,0.0,0.0,≤2
386,1,37,,0.0,0.0,2.0,0.0,0.0,≤2
387,2,37,,0.0,0.0,13.0,0.0,0.0,≤2
388,2,37,,0.0,0.0,1.0,0.0,0.0,≤2
390,10,37,,0.0,0.0,2.0,0.0,0.0,10–14
402,6,37,,0.0,0.0,0.0,0.0,0.0,6–9
403,1,37,,0.0,0.0,0.0,0.0,0.0,≤2
405,7,37,,0.0,0.0,0.0,0.0,0.0,6–9
406,6,37,,0.0,0.0,3.0,0.0,0.0,6–9
407,6,37,,0.0,0.0,1.0,0.0,0.0,6–9
409,1,37,,0.0,0.0,0.0,0.0,0.0,≤2
411,5,37,,0.0,0.0,1.0,0.0,0.0,3–5
413,14,37,,0.0,0.0,1.0,0.0,0.0,10–14
414,13,37,,0.0,0.0,1.0,0.0,0.0,10–14
415,10,37,,0.0,0.0,0.0,0.0,0.0,10–14
416,7,37,,0.0,0.0,2.0,0.0,0.0,6–9
417,5,37,Cherki,-5.0,-2.0,5.0,-7.936507936507937,-3.125,3–5
418,12,37,,0.0,0.0,15.0,0.0,0.0,10–14
422,1,37,,0.0,0.0,4.0,0.0,0.0,≤2
424,1,37,,0.0,0.0,1.0,0.0,0.0,≤2
426,4,37,,0.0,0.0,2.0,0.0,0.0,3–5
427,1,37,,0.0,0.0,0.0,0.0,0.0,≤2
430,11,37,Haaland,-1.0,0.0,7.0,-1.5873015873015872,0.0,10–14
437,6,37,,0.0,0.0,0.0,0.0,0.0,6–9
438,11,37,,0.0,0.0,0.0,0.0,0.0,10–14
441,1,37,,0.0,0.0,1.0,0.0,0.0,≤2
442,10,37,,0.0,0.0,1.0,0.0,0.0,10–14
443,6,37,,0.0,0.0,2.0,0.0,0.0,6–9
449,3,37,,0.0,0.0,5.0,0.0,0.0,3–5
450,2,37,,0.0,0.0,7.0,0.0,0.0,≤2
452,3,37,,0.0,0.0,1.0,0.0,0.0,3–5
455,4,37,,0.0,0.0,0.0,0.0,0.0,3–5
458,5,37,,0.0,0.0,9.0,0.0,0.0,3–5
466,1,37,,0.0,0.0,1.0,0.0,0.0,≤2
469,3,37,,0.0,0.0,3.0,0.0,0.0,3–5
473,2,37,,0.0,0.0,1.0,0.0,0.0,≤2
475,4,37,,0.0,0.0,4.0,0.0,0.0,3–5
476,2,37,,0.0,0.0,7.0,0.0,0.0,≤2
478,1,37,,0.0,0.0,0.0,0.0,0.0,≤2
487,7,37,Barnes,0.0,1.0,6.0,0.0,1.5625,6–9
488,6,37,Bruno G.,0.0,4.0,6.0,0.0,6.25,6–9
489,3,37,,0.0,0.0,8.0,0.0,0.0,3–5
490,2,37,,0.0,0.0,4.0,0.0,0.0,≤2
491,2,37,,0.0,0.0,1.0,0.0,0.0,≤2
493,1,37,,0.0,0.0,1.0,0.0,0.0,≤2
499,1,37,,0.0,0.0,0.0,0.0,0.0,≤2
500,2,37,,0.0,0.0,9.0,0.0,0.0,≤2
502,3,37,,0.0,0.0,8.0,0.0,0.0,3–5
505,2,37,,0.0,0.0,1.0,0.0,0.0,≤2
508,2,37,N.Williams,0.0,-1.0,1.0,0.0,-1.5625,≤2
510,2,37,,0.0,0.0,1.0,0.0,0.0,≤2
511,2,37,,0.0,0.0,1.0,0.0,0.0,≤2
517,12,37,,0.0,0.0,1.0,0.0,0.0,10–14
519,1,37,,0.0,0.0,1.0,0.0,0.0,≤2
522,0,37,,0.0,0.0,4.0,0.0,0.0,≤2
525,1,37,,0.0,0.0,1.0,0.0,0.0,≤2
526,1,37,,0.0,0.0,5.0,0.0,0.0,≤2
527,2,37,,0.0,0.0,16.0,0.0,0.0,≤2
532,6,37,,0.0,0.0,2.0,0.0,0.0,6–9
541,8,37,,0.0,0.0,2.0,0.0,0.0,6–9
547,3,37,,0.0,0.0,4.0,0.0,0.0,3–5
552,5,37,,0.0,0.0,2.0,0.0,0.0,3–5
553,3,37,,0.0,0.0,2.0,0.0,0.0,3–5
561,1,37,,0.0,0.0,0.0,0.0,0.0,≤2
567,3,37,,0.0,0.0,2.0,0.0,0.0,3–5
568,1,37,,0.0,0.0,4.0,0.0,0.0,≤2
570,3,37,,0.0,0.0,3.0,0.0,0.0,3–5
573,1,37,,0.0,0.0,1.0,0.0,0.0,≤2
574,2,37,,0.0,0.0,2.0,0.0,0.0,≤2
575,2,37,,0.0,0.0,2.0,0.0,0.0,≤2
580,4,37,,0.0,0.0,2.0,0.0,0.0,3–5
581,1,37,,0.0,0.0,0.0,0.0,0.0,≤2
584,9,37,,0.0,0.0,5.0,0.0,0.0,6–9
585,5,37,,0.0,0.0,2.0,0.0,0.0,3–5
586,1,37,,0.0,0.0,1.0,0.0,0.0,≤2
597,2,37,,0.0,0.0,9.0,0.0,0.0,≤2
603,2,37,Diouf,0.0,-1.0,1.0,0.0,-1.5625,≤2
606,4,37,,0.0,0.0,-1.0,0.0,0.0,3–5
609,1,37,,0.0,0.0,0.0,0.0,0.0,≤2
610,2,37,,0.0,0.0,1.0,0.0,0.0,≤2
613,2,37,,0.0,0.0,2.0,0.0,0.0,≤2
614,1,37,,0.0,0.0,2.0,0.0,0.0,≤2
615,1,37,,0.0,0.0,1.0,0.0,0.0,≤2
624,2,37,,0.0,0.0,2.0,0.0,0.0,≤2
629,2,37,,0.0,0.0,2.0,0.0,0.0,≤2
633,0,37,,0.0,0.0,5.0,0.0,0.0,≤2
634,3,37,,0.0,0.0,2.0,0.0,0.0,3–5
635,1,37,,0.0,0.0,1.0,0.0,0.0,≤2
636,1,37,,0.0,0.0,10.0,0.0,0.0,≤2
637,3,37,,0.0,0.0,4.0,0.0,0.0,3–5
640,1,37,,0.0,0.0,1.0,0.0,0.0,≤2
642,1,37,,0.0,0.0,0.0,0.0,0.0,≤2
643,1,37,,0.0,0.0,2.0,0.0,0.0,≤2
644,1,37,,0.0,0.0,0.0,0.0,0.0,≤2
646,4,37,,0.0,0.0,2.0,0.0,0.0,3–5
654,3,37,,0.0,0.0,2.0,0.0,0.0,3–5
660,2,37,Stach,1.0,0.0,10.0,1.5873015873015872,0.0,≤2
662,0,37,,0.0,0.0,1.0,0.0,0.0,≤2
666,2,37,Gyökeres,16.0,15.0,16.0,25.396825396825395,23.4375,≤2
668,5,37,,0.0,0.0,9.0,0.0,0.0,3–5
670,6,37,Roefs,0.0,-1.0,3.0,0.0,-1.5625,6–9
671,1,37,,0.0,0.0,1.0,0.0,0.0,≤2
672,3,37,,0.0,0.0,0.0,0.0,0.0,3–5
673,3,37,,0.0,0.0,2.0,0.0,0.0,3–5
676,5,37,,0.0,0.0,0.0,0.0,0.0,3–5
679,2,37,,0.0,0.0,2.0,0.0,0.0,≤2
682,1,37,,0.0,0.0,0.0,0.0,0.0,≤2
683,8,37,,0.0,0.0,4.0,0.0,0.0,6–9
684,2,37,,0.0,0.0,2.0,0.0,0.0,≤2
686,6,37,,0.0,0.0,1.0,0.0,0.0,6–9
691,7,37,Calvert-Lewin,-4.0,-8.0,6.0,-6.349206349206349,-12.5,6–9
693,1,37,,0.0,0.0,1.0,0.0,0.0,≤2
694,6,37,,0.0,0.0,11.0,0.0,0.0,6–9
697,1,37,,0.0,0.0,1.0,0.0,0.0,≤2
699,1,37,,0.0,0.0,0.0,0.0,0.0,≤2
706,4,37,,0.0,0.0,2.0,0.0,0.0,3–5
708,2,37,,0.0,0.0,4.0,0.0,0.0,≤2
712,1,37,,0.0,0.0,1.0,0.0,0.0,≤2
714,2,37,,0.0,0.0,0.0,0.0,0.0,≤2
719,1,37,,0.0,0.0,1.0,0.0,0.0,≤2
720,1,37,,0.0,0.0,2.0,0.0,0.0,≤2
722,4,37,,0.0,0.0,1.0,0.0,0.0,3–5
723,4,37,Canvot,0.0,-1.0,0.0,0.0,-1.5625,3–5
724,6,37,,0.0,0.0,0.0,0.0,0.0,6–9
726,2,37,,0.0,0.0,1.0,0.0,0.0,≤2
727,2,37,,0.0,0.0,2.0,0.0,0.0,≤2
728,2,37,,0.0,0.0,5.0,0.0,0.0,≤2
730,2,37,,0.0,0.0,1.0,0.0,0.0,≤2
731,1,37,,0.0,0.0,0.0,0.0,0.0,≤2
733,9,37,,0.0,0.0,2.0,0.0,0.0,6–9
734,3,37,,0.0,0.0,7.0,0.0,0.0,3–5
736,14,37,,0.0,0.0,1.0,0.0,0.0,10–14
737,1,37,,0.0,0.0,1.0,0.0,0.0,≤2
749,2,37,,0.0,0.0,2.0,0.0,0.0,≤2
783,6,37,Groß,-3.0,-1.0,2.0,-4.761904761904762,-1.5625,6–9
785,1,37,,0.0,0.0,2.0,0.0,0.0,≤2
791,1,37,,0.0,0.0,1.0,0.0,0.0,≤2
796,2,37,,0.0,0.0,9.0,0.0,0.0,≤2
801,1,37,,0.0,0.0,0.0,0.0,0.0,≤2
805,1,37,,0.0,0.0,0.0,0.0,0.0,≤2
807,9,37,,0.0,0.0,8.0,0.0,0.0,6–9
813,1,37,,0.0,0.0,0.0,0.0,0.0,≤2
814,2,37,,0.0,0.0,4.0,0.0,0.0,≤2
815,2,37,,0.0,0.0,1.0,0.0,0.0,≤2
816,1,37,,0.0,0.0,1.0,0.0,0.0,≤2
817,2,37,,0.0,0.0,2.0,0.0,0.0,≤2
1,6,38,,0.0,0.0,9.0,0.0,0.0,6–9
5,6,38,,0.0,0.0,11.0,0.0,0.0,6–9
6,8,38,,0.0,0.0,5.0,0.0,0.0,6–9
7,8,38,,0.0,0.0,1.0,0.0,0.0,6–9
10,1,38,,0.0,0.0,6.0,0.0,0.0,≤2
16,10,38,Saka,-15.0,-23.0,2.0,-23.80952380952381,-35.9375,10–14
17,3,38,,0.0,0.0,4.0,0.0,0.0,3–5
19,1,38,,0.0,0.0,0.0,0.0,0.0,≤2
20,3,38,Trossard,-1.0,-4.0,8.0,-1.5873015873015872,-6.25,3–5
21,5,38,Rice,-6.0,-1.0,3.0,-9.523809523809524,-1.5625,3–5
26,1,38,,0.0,0.0,1.0,0.0,0.0,≤2
30,8,38,,0.0,0.0,1.0,0.0,0.0,6–9
32,2,38,,0.0,0.0,6.0,0.0,0.0,≤2
36,0,38,,0.0,0.0,1.0,0.0,0.0,≤2
37,4,38,,0.0,0.0,1.0,0.0,0.0,3–5
38,1,38,,0.0,0.0,1.0,0.0,0.0,≤2
39,1,38,,0.0,0.0,1.0,0.0,0.0,≤2
41,4,38,,0.0,0.0,0.0,0.0,0.0,3–5
47,12,38,Rogers,0.0,-2.0,2.0,0.0,-3.125,10–14
48,2,38,,0.0,0.0,4.0,0.0,0.0,≤2
50,2,38,,0.0,0.0,1.0,0.0,0.0,≤2
52,9,38,,0.0,0.0,4.0,0.0,0.0,6–9
54,6,38,,0.0,0.0,5.0,0.0,0.0,6–9
55,1,38,,0.0,0.0,9.0,0.0,0.0,≤2
64,15,38,Watkins,0.0,-2.0,9.0,0.0,-3.125,15+
67,3,38,,0.0,0.0,6.0,0.0,0.0,3–5
72,4,38,,0.0,0.0,8.0,0.0,0.0,3–5
73,6,38,,0.0,0.0,11.0,0.0,0.0,6–9
74,4,38,,0.0,0.0,9.0,0.0,0.0,3–5
77,1,38,,0.0,0.0,6.0,0.0,0.0,≤2
81,0,38,,0.0,0.0,0.0,0.0,0.0,≤2
82,1,38,,0.0,0.0,12.0,0.0,0.0,≤2
83,15,38,,0.0,0.0,1.0,0.0,0.0,15+
84,2,38,Tavernier,0.0,-1.0,2.0,0.0,-1.5625,≤2
85,3,38,,0.0,0.0,1.0,0.0,0.0,3–5
86,1,38,,0.0,0.0,1.0,0.0,0.0,≤2
88,1,38,,0.0,0.0,0.0,0.0,0.0,≤2
90,4,38,,0.0,0.0,4.0,0.0,0.0,3–5
97,2,38,,0.0,0.0,1.0,0.0,0.0,≤2
98,1,38,,0.0,0.0,1.0,0.0,0.0,≤2
100,8,38,Kroupi.Jr,0.0,1.0,2.0,0.0,1.5625,6–9
101,2,38,,0.0,0.0,3.0,0.0,0.0,≤2
106,3,38,,0.0,0.0,1.0,0.0,0.0,3–5
107,1,38,,0.0,0.0,1.0,0.0,0.0,≤2
108,3,38,,0.0,0.0,2.0,0.0,0.0,3–5
110,0,38,,0.0,0.0,1.0,0.0,0.0,≤2
113,4,38,,0.0,0.0,0.0,0.0,0.0,3–5
119,7,38,,0.0,0.0,1.0,0.0,0.0,6–9
120,1,38,,0.0,0.0,2.0,0.0,0.0,≤2
121,2,38,,0.0,0.0,4.0,0.0,0.0,≤2
124,1,38,,0.0,0.0,0.0,0.0,0.0,≤2
125,2,38,,0.0,0.0,1.0,0.0,0.0,≤2
126,2,38,,0.0,0.0,4.0,0.0,0.0,≤2
129,8,38,,0.0,0.0,2.0,0.0,0.0,6–9
135,1,38,,0.0,0.0,1.0,0.0,0.0,≤2
136,2,38,Thiago,0.0,-1.0,2.0,0.0,-1.5625,≤2
139,2,38,,0.0,0.0,6.0,0.0,0.0,≤2
145,2,38,,0.0,0.0,15.0,0.0,0.0,≤2
146,2,38,,0.0,0.0,14.0,0.0,0.0,≤2
148,2,38,,0.0,0.0,6.0,0.0,0.0,≤2
151,2,38,,0.0,0.0,6.0,0.0,0.0,≤2
152,6,38,,0.0,0.0,1.0,0.0,0.0,6–9
158,1,38,,0.0,0.0,1.0,0.0,0.0,≤2
159,1,38,,0.0,0.0,1.0,0.0,0.0,≤2
160,3,38,,0.0,0.0,9.0,0.0,0.0,3–5
163,3,38,,0.0,0.0,8.0,0.0,0.0,3–5
166,1,38,,0.0,0.0,1.0,0.0,0.0,≤2
167,3,38,,0.0,0.0,5.0,0.0,0.0,3–5
169,1,38,,0.0,0.0,0.0,0.0,0.0,≤2
178,2,38,,0.0,0.0,2.0,0.0,0.0,≤2
181,1,38,,0.0,0.0,1.0,0.0,0.0,≤2
183,2,38,,0.0,0.0,2.0,0.0,0.0,≤2
187,2,38,,0.0,0.0,1.0,0.0,0.0,≤2
191,2,38,,0.0,0.0,3.0,0.0,0.0,≤2
193,1,38,,0.0,0.0,0.0,0.0,0.0,≤2
195,1,38,,0.0,0.0,1.0,0.0,0.0,≤2
198,2,38,,0.0,0.0,3.0,0.0,0.0,≤2
200,2,38,,0.0,0.0,7.0,0.0,0.0,≤2
202,1,38,,0.0,0.0,1.0,0.0,0.0,≤2
207,1,38,,0.0,0.0,5.0,0.0,0.0,≤2
209,1,38,,0.0,0.0,1.0,0.0,0.0,≤2
210,2,38,,0.0,0.0,4.0,0.0,0.0,≤2
215,1,38,Flemming,0.0,1.0,5.0,0.0,1.5625,≤2
216,1,38,,0.0,0.0,1.0,0.0,0.0,≤2
220,2,38,,0.0,0.0,0.0,0.0,0.0,≤2
224,1,38,,0.0,0.0,1.0,0.0,0.0,≤2
226,1,38,,0.0,0.0,0.0,0.0,0.0,≤2
230,2,38,,0.0,0.0,5.0,0.0,0.0,≤2
231,1,38,,0.0,0.0,0.0,0.0,0.0,≤2
233,2,38,,0.0,0.0,0.0,0.0,0.0,≤2
235,2,38,,0.0,0.0,2.0,0.0,0.0,≤2
236,5,38,,0.0,0.0,0.0,0.0,0.0,3–5
237,13,38,,0.0,0.0,8.0,0.0,0.0,10–14
241,2,38,,0.0,0.0,1.0,0.0,0.0,≤2
242,2,38,,0.0,0.0,5.0,0.0,0.0,≤2
243,1,38,,0.0,0.0,1.0,0.0,0.0,≤2
246,10,38,,0.0,0.0,2.0,0.0,0.0,10–14
247,0,38,,0.0,0.0,0.0,0.0,0.0,≤2
250,1,38,,0.0,0.0,0.0,0.0,0.0,≤2
253,0,38,,0.0,0.0,3.0,0.0,0.0,≤2
256,6,38,,0.0,0.0,3.0,0.0,0.0,6–9
257,2,38,,0.0,0.0,4.0,0.0,0.0,≤2
258,1,38,,0.0,0.0,6.0,0.0,0.0,≤2
260,2,38,,0.0,0.0,15.0,0.0,0.0,≤2
261,0,38,,0.0,0.0,4.0,0.0,0.0,≤2
262,2,38,,0.0,0.0,0.0,0.0,0.0,≤2
266,3,38,Eze,0.0,-1.0,3.0,0.0,-1.5625,3–5
267,7,38,Sarr,0.0,-1.0,8.0,0.0,-1.5625,6–9
271,4,38,,0.0,0.0,2.0,0.0,0.0,3–5
272,0,38,,0.0,0.0,3.0,0.0,0.0,≤2
273,11,38,,0.0,0.0,5.0,0.0,0.0,10–14
283,1,38,,0.0,0.0,6.0,0.0,0.0,≤2
287,1,38,,0.0,0.0,3.0,0.0,0.0,≤2
291,3,38,,0.0,0.0,15.0,0.0,0.0,3–5
292,1,38,,0.0,0.0,0.0,0.0,0.0,≤2
293,0,38,,0.0,0.0,1.0,0.0,0.0,≤2
294,1,38,,0.0,0.0,0.0,0.0,0.0,≤2
295,4,38,,0.0,0.0,1.0,0.0,0.0,3–5
299,2,38,,0.0,0.0,2.0,0.0,0.0,≤2
300,1,38,,0.0,0.0,0.0,0.0,0.0,≤2
303,1,38,,0.0,0.0,1.0,0.0,0.0,≤2
304,1,38,,0.0,0.0,2.0,0.0,0.0,≤2
310,1,38,,0.0,0.0,1.0,0.0,0.0,≤2
311,2,38,,0.0,0.0,8.0,0.0,0.0,≤2
314,2,38,,0.0,0.0,3.0,0.0,0.0,≤2
316,12,38,,0.0,0.0,1.0,0.0,0.0,10–14
318,2,38,,0.0,0.0,2.0,0.0,0.0,≤2
319,5,38,,0.0,0.0,2.0,0.0,0.0,3–5
320,2,38,,0.0,0.0,1.0,0.0,0.0,≤2
324,2,38,,0.0,0.0,0.0,0.0,0.0,≤2
325,2,38,,0.0,0.0,1.0,0.0,0.0,≤2
329,1,38,Wilson,0.0,-1.0,2.0,0.0,-1.5625,≤2
330,1,38,,0.0,0.0,0.0,0.0,0.0,≤2
332,5,38,,0.0,0.0,1.0,0.0,0.0,3–5
335,1,38,,0.0,0.0,0.0,0.0,0.0,≤2
337,1,38,,0.0,0.0,0.0,0.0,0.0,≤2
338,2,38,,0.0,0.0,1.0,0.0,0.0,≤2
341,11,38,,0.0,0.0,2.0,0.0,0.0,10–14
344,8,38,,0.0,0.0,5.0,0.0,0.0,6–9
345,6,38,,0.0,0.0,1.0,0.0,0.0,6–9
346,1,38,,0.0,0.0,0.0,0.0,0.0,≤2
348,6,38,,0.0,0.0,1.0,0.0,0.0,6–9
350,1,38,,0.0,0.0,2.0,0.0,0.0,≤2
351,1,38,,0.0,0.0,1.0,0.0,0.0,≤2
353,1,38,,0.0,0.0,2.0,0.0,0.0,≤2
354,3,38,,0.0,0.0,10.0,0.0,0.0,3–5
358,1,38,,0.0,0.0,5.0,0.0,0.0,≤2
362,1,38,,0.0,0.0,0.0,0.0,0.0,≤2
365,1,38,,0.0,0.0,1.0,0.0,0.0,≤2
367,1,38,,0.0,0.0,2.0,0.0,0.0,≤2
371,0,38,,0.0,0.0,2.0,0.0,0.0,≤2
373,14,38,Virgil,0.0,1.0,2.0,0.0,1.5625,10–14
374,0,38,,0.0,0.0,2.0,0.0,0.0,≤2
376,0,38,,0.0,0.0,0.0,0.0,0.0,≤2
381,1,38,M.Salah,20.0,33.0,0.0,31.746031746031747,51.5625,≤2
382,1,38,,0.0,0.0,0.0,0.0,0.0,≤2
384,2,38,,0.0,0.0,2.0,0.0,0.0,≤2
385,1,38,,0.0,0.0,1.0,0.0,0.0,≤2
386,4,38,,0.0,0.0,1.0,0.0,0.0,3–5
387,9,38,Szoboszlai,0.0,1.0,2.0,0.0,1.5625,6–9
388,2,38,,0.0,0.0,2.0,0.0,0.0,≤2
390,2,38,,0.0,0.0,10.0,0.0,0.0,≤2
406,2,38,,0.0,0.0,6.0,0.0,0.0,≤2
407,2,38,,0.0,0.0,6.0,0.0,0.0,≤2
411,2,38,O'Reilly,-1.0,-11.0,5.0,-1.5873015873015872,-17.1875,≤2
413,1,38,Marmoush,7.0,9.0,14.0,11.11111111111111,14.0625,≤2
414,1,38,Foden,8.0,7.0,13.0,12.698412698412698,10.9375,≤2
415,1,38,,0.0,0.0,10.0,0.0,0.0,≤2
416,1,38,,0.0,0.0,7.0,0.0,0.0,≤2
417,1,38,Cherki,-13.0,-18.0,5.0,-20.634920634920636,-28.125,≤2
418,2,38,,0.0,0.0,12.0,0.0,0.0,≤2
421,7,38,,0.0,0.0,0.0,0.0,0.0,6–9
422,1,38,,0.0,0.0,1.0,0.0,0.0,≤2
424,2,38,,0.0,0.0,1.0,0.0,0.0,≤2
426,1,38,,0.0,0.0,4.0,0.0,0.0,≤2
430,9,38,Haaland,-58.0,-53.0,11.0,-92.06349206349206,-82.8125,6–9
437,3,38,,0.0,0.0,6.0,0.0,0.0,3–5
440,1,38,,0.0,0.0,0.0,0.0,0.0,≤2
441,1,38,,0.0,0.0,1.0,0.0,0.0,≤2
442,3,38,,0.0,0.0,10.0,0.0,0.0,3–5
443,6,38,,0.0,0.0,6.0,0.0,0.0,6–9
449,9,38,,0.0,0.0,3.0,0.0,0.0,6–9
450,9,38,,0.0,0.0,2.0,0.0,0.0,6–9
452,2,38,,0.0,0.0,3.0,0.0,0.0,≤2
453,1,38,,0.0,0.0,0.0,0.0,0.0,≤2
455,1,38,,0.0,0.0,4.0,0.0,0.0,≤2
456,1,38,,0.0,0.0,0.0,0.0,0.0,≤2
457,1,38,,0.0,0.0,0.0,0.0,0.0,≤2
458,4,38,,0.0,0.0,5.0,0.0,0.0,3–5
466,1,38,,0.0,0.0,1.0,0.0,0.0,≤2
469,4,38,,0.0,0.0,3.0,0.0,0.0,3–5
473,1,38,,0.0,0.0,2.0,0.0,0.0,≤2
475,4,38,,0.0,0.0,4.0,0.0,0.0,3–5
476,1,38,,0.0,0.0,2.0,0.0,0.0,≤2
478,2,38,,0.0,0.0,1.0,0.0,0.0,≤2
486,1,38,,0.0,0.0,0.0,0.0,0.0,≤2
487,5,38,,0.0,0.0,7.0,0.0,0.0,3–5
488,4,38,Bruno G.,0.0,1.0,6.0,0.0,1.5625,3–5
489,1,38,,0.0,0.0,3.0,0.0,0.0,≤2
491,1,38,,0.0,0.0,2.0,0.0,0.0,≤2
493,1,38,,0.0,0.0,1.0,0.0,0.0,≤2
494,4,38,,0.0,0.0,0.0,0.0,0.0,3–5
500,13,38,Osula,0.0,1.0,2.0,0.0,1.5625,10–14
502,2,38,,0.0,0.0,3.0,0.0,0.0,≤2
505,1,38,,0.0,0.0,2.0,0.0,0.0,≤2
508,1,38,,0.0,0.0,2.0,0.0,0.0,≤2
510,1,38,,0.0,0.0,2.0,0.0,0.0,≤2
511,9,38,,0.0,0.0,2.0,0.0,0.0,6–9
515,7,38,Gibbs-White,0.0,1.0,0.0,0.0,1.5625,6–9
517,12,38,,0.0,0.0,12.0,0.0,0.0,10–14
519,2,38,,0.0,0.0,1.0,0.0,0.0,≤2
521,1,38,,0.0,0.0,0.0,0.0,0.0,≤2
525,2,38,,0.0,0.0,1.0,0.0,0.0,≤2
526,2,38,,0.0,0.0,1.0,0.0,0.0,≤2
527,1,38,,0.0,0.0,2.0,0.0,0.0,≤2
532,1,38,,0.0,0.0,6.0,0.0,0.0,≤2
539,4,38,,0.0,0.0,0.0,0.0,0.0,3–5
541,2,38,,0.0,0.0,8.0,0.0,0.0,≤2
544,4,38,,0.0,0.0,0.0,0.0,0.0,3–5
547,13,38,,0.0,0.0,3.0,0.0,0.0,10–14
551,4,38,,0.0,0.0,0.0,0.0,0.0,3–5
552,2,38,,0.0,0.0,5.0,0.0,0.0,≤2
553,1,38,,0.0,0.0,3.0,0.0,0.0,≤2
560,5,38,,0.0,0.0,0.0,0.0,0.0,3–5
567,1,38,,0.0,0.0,3.0,0.0,0.0,≤2
568,0,38,Pedro Porro,1.0,9.0,1.0,1.5873015873015872,14.0625,≤2
570,3,38,,0.0,0.0,3.0,0.0,0.0,3–5
573,1,38,,0.0,0.0,1.0,0.0,0.0,≤2
574,0,38,,0.0,0.0,2.0,0.0,0.0,≤2
575,0,38,,0.0,0.0,2.0,0.0,0.0,≤2
580,1,38,,0.0,0.0,4.0,0.0,0.0,≤2
581,1,38,,0.0,0.0,1.0,0.0,0.0,≤2
584,2,38,,0.0,0.0,9.0,0.0,0.0,≤2
585,2,38,,0.0,0.0,5.0,0.0,0.0,≤2
593,4,38,,0.0,0.0,0.0,0.0,0.0,3–5
597,7,38,Richarlison,0.0,12.0,2.0,0.0,18.75,6–9
603,0,38,,0.0,0.0,2.0,0.0,0.0,≤2
606,3,38,Mavropanos,0.0,3.0,4.0,0.0,4.6875,3–5
609,0,38,,0.0,0.0,1.0,0.0,0.0,≤2
610,1,38,,0.0,0.0,2.0,0.0,0.0,≤2
613,1,38,,0.0,0.0,2.0,0.0,0.0,≤2
614,1,38,,0.0,0.0,1.0,0.0,0.0,≤2
615,2,38,Summerville,1.0,0.0,1.0,1.5873015873015872,0.0,≤2
624,2,38,Bowen,59.0,41.0,2.0,93.65079365079364,64.0625,≤2
628,3,38,,0.0,0.0,0.0,0.0,0.0,3–5
633,1,38,,0.0,0.0,0.0,0.0,0.0,≤2
634,2,38,,0.0,0.0,3.0,0.0,0.0,≤2
635,2,38,,0.0,0.0,1.0,0.0,0.0,≤2
636,2,38,,0.0,0.0,1.0,0.0,0.0,≤2
640,1,38,,0.0,0.0,1.0,0.0,0.0,≤2
642,5,38,,0.0,0.0,1.0,0.0,0.0,3–5
643,3,38,,0.0,0.0,1.0,0.0,0.0,3–5
644,1,38,,0.0,0.0,1.0,0.0,0.0,≤2
646,2,38,,0.0,0.0,4.0,0.0,0.0,≤2
654,2,38,,0.0,0.0,3.0,0.0,0.0,≤2
660,3,38,Stach,-1.0,0.0,2.0,-1.5873015873015872,0.0,3–5
662,6,38,,0.0,0.0,0.0,0.0,0.0,6–9
666,1,38,Gyökeres,-2.0,0.0,2.0,-3.1746031746031744,0.0,≤2
668,2,38,,0.0,0.0,5.0,0.0,0.0,≤2
670,3,38,,0.0,0.0,6.0,0.0,0.0,3–5
671,2,38,,0.0,0.0,1.0,0.0,0.0,≤2
672,1,38,,0.0,0.0,3.0,0.0,0.0,≤2
673,4,38,,0.0,0.0,3.0,0.0,0.0,3–5
676,2,38,,0.0,0.0,5.0,0.0,0.0,≤2
677,1,38,,0.0,0.0,0.0,0.0,0.0,≤2
679,5,38,,0.0,0.0,2.0,0.0,0.0,3–5
682,2,38,,0.0,0.0,1.0,0.0,0.0,≤2
683,1,38,Alderete,0.0,-1.0,8.0,0.0,-1.5625,≤2
684,2,38,,0.0,0.0,2.0,0.0,0.0,≤2
686,2,38,,0.0,0.0,6.0,0.0,0.0,≤2
691,7,38,,0.0,0.0,7.0,0.0,0.0,6–9
693,2,38,,0.0,0.0,1.0,0.0,0.0,≤2
694,2,38,,0.0,0.0,6.0,0.0,0.0,≤2
699,1,38,,0.0,0.0,1.0,0.0,0.0,≤2
706,6,38,,0.0,0.0,4.0,0.0,0.0,6–9
708,4,38,,0.0,0.0,2.0,0.0,0.0,3–5
709,2,38,,0.0,0.0,0.0,0.0,0.0,≤2
712,1,38,,0.0,0.0,1.0,0.0,0.0,≤2
714,8,38,,0.0,0.0,2.0,0.0,0.0,6–9
719,1,38,,0.0,0.0,1.0,0.0,0.0,≤2
720,1,38,,0.0,0.0,1.0,0.0,0.0,≤2
722,4,38,,0.0,0.0,4.0,0.0,0.0,3–5
723,3,38,,0.0,0.0,4.0,0.0,0.0,3–5
724,2,38,,0.0,0.0,6.0,0.0,0.0,≤2
725,1,38,,0.0,0.0,0.0,0.0,0.0,≤2
726,2,38,,0.0,0.0,2.0,0.0,0.0,≤2
727,1,38,,0.0,0.0,2.0,0.0,0.0,≤2
728,9,38,,0.0,0.0,2.0,0.0,0.0,6–9
730,7,38,,0.0,0.0,2.0,0.0,0.0,6–9
731,1,38,,0.0,0.0,1.0,0.0,0.0,≤2
733,1,38,,0.0,0.0,9.0,0.0,0.0,≤2
734,1,38,,0.0,0.0,3.0,0.0,0.0,≤2
736,1,38,,0.0,0.0,14.0,0.0,0.0,≤2
748,1,38,,0.0,0.0,0.0,0.0,0.0,≤2
749,11,38,,0.0,0.0,2.0,0.0,0.0,10–14
758,0,38,,0.0,0.0,0.0,0.0,0.0,≤2
783,3,38,,0.0,0.0,6.0,0.0,0.0,3–5
785,1,38,,0.0,0.0,1.0,0.0,0.0,≤2
791,6,38,Taty,1.0,1.0,1.0,1.5873015873015872,1.5625,6–9
796,2,38,,0.0,0.0,2.0,0.0,0.0,≤2
807,3,38,,0.0,0.0,9.0,0.0,0.0,3–5
813,2,38,,0.0,0.0,1.0,0.0,0.0,≤2
814,1,38,,0.0,0.0,2.0,0.0,0.0,≤2
815,1,38,,0.0,0.0,2.0,0.0,0.0,≤2
817,2,38,,0.0,0.0,2.0,0.0,0.0,≤2
840,1,38,,0.0,0.0,0.0,0.0,0.0,≤2
