season,gw,fpl_id,web_name,pos,ae64_own,e64_own,ae64_own_pct,e64_own_pct,quality
2025-26,1,1,Raya,G,1.28,0.0,2.0,0.0,exact
2025-26,1,5,Gabriel,D,1.28,1.28,2.0,2.0,exact
2025-26,1,16,Saka,M,0.0,8.32,0.0,13.0,exact
2025-26,1,33,M.Bizot,G,0.0,1.28,0.0,2.0,exact
2025-26,1,38,Konsa,D,0.0,6.4,0.0,10.0,exact
2025-26,1,47,Rogers,M,0.0,19.84,0.0,31.0,exact
2025-26,1,48,Tielemans,M,12.8,3.2,20.0,5.0,exact
2025-26,1,64,Watkins,F,10.24,55.04,16.0,86.0,exact
2025-26,1,67,Petrović,G,3.84,1.28,6.0,2.0,exact
2025-26,1,72,Senesi,D,1.28,1.28,2.0,2.0,exact
2025-26,1,97,Evanilson,F,10.88,1.92,17.0,3.0,exact
2025-26,1,100,Kroupi.Jr,F,3.84,0.0,6.0,0.0,exact
2025-26,1,101,Kelleher,G,1.28,1.28,2.0,2.0,exact
2025-26,1,105,Valdimarsson,G,0.0,1.28,0.0,2.0,exact
2025-26,1,123,Carvalho,M,0.0,1.28,0.0,2.0,exact
2025-26,1,136,Thiago,F,7.04,1.92,11.0,3.0,exact
2025-26,1,139,Verbruggen,G,3.84,5.12,6.0,8.0,exact
2025-26,1,145,De Cuyper,D,0.0,3.2,0.0,5.0,exact
2025-26,1,157,Mitoma,M,3.2,1.28,5.0,2.0,exact
2025-26,1,158,Georginio,M,35.84,12.16,56.0,19.0,exact
2025-26,1,191,Estève,D,56.32,55.68,88.0,87.0,exact
2025-26,1,192,Hartman,D,0.0,1.28,0.0,2.0,exact
2025-26,1,220,Sánchez,G,44.8,36.48,70.0,57.0,exact
2025-26,1,224,Cucurella,D,0.0,1.92,0.0,3.0,exact
2025-26,1,232,Tosin,D,0.0,5.12,0.0,8.0,exact
2025-26,1,235,Palmer,M,64.0,62.08,100.0,97.0,exact
2025-26,1,242,Dewsbury-Hall,M,0.0,14.72,0.0,23.0,exact
2025-26,1,249,João Pedro,F,0.0,25.6,0.0,40.0,exact
2025-26,1,252,Marc Guiu,F,56.96,55.04,89.0,86.0,exact
2025-26,1,256,Muñoz,D,1.92,1.92,3.0,3.0,exact
2025-26,1,257,Lacroix,D,0.0,1.92,0.0,3.0,exact
2025-26,1,261,Richards,D,3.84,10.24,6.0,16.0,exact
2025-26,1,266,Eze,M,1.28,0.0,2.0,0.0,exact
2025-26,1,267,Sarr,M,3.84,3.2,6.0,5.0,exact
2025-26,1,283,Mateta,F,53.76,15.36,84.0,24.0,exact
2025-26,1,291,Tarkowski,D,3.2,3.2,5.0,5.0,exact
2025-26,1,295,Keane,D,0.0,1.28,0.0,2.0,exact
2025-26,1,299,Ndiaye,M,0.0,1.92,0.0,3.0,exact
2025-26,1,317,Andersen,D,60.8,36.48,95.0,57.0,exact
2025-26,1,337,Raúl,F,0.0,1.28,0.0,2.0,exact
2025-26,1,347,Gudmundsson,D,3.2,3.2,5.0,5.0,exact
2025-26,1,348,Rodon,D,0.0,11.52,0.0,18.0,exact
2025-26,1,370,Frimpong,D,0.0,1.28,0.0,2.0,exact
2025-26,1,373,Virgil,D,1.92,0.0,3.0,0.0,exact
2025-26,1,381,M.Salah,M,62.72,57.6,98.0,90.0,exact
2025-26,1,382,Wirtz,M,48.0,40.32,75.0,63.0,exact
2025-26,1,384,Gakpo,M,1.92,3.2,3.0,5.0,exact
2025-26,1,402,Aït-Nouri,D,0.0,7.04,0.0,11.0,exact
2025-26,1,413,Marmoush,M,0.0,1.28,0.0,2.0,exact
2025-26,1,427,Reijnders,M,10.24,33.92,16.0,53.0,exact
2025-26,1,430,Haaland,F,1.28,3.2,2.0,5.0,exact
2025-26,1,441,Dorgu,D,28.8,13.44,45.0,21.0,exact
2025-26,1,449,B.Fernandes,M,64.0,37.12,100.0,58.0,exact
2025-26,1,450,Cunha,M,0.0,1.28,0.0,2.0,exact
2025-26,1,470,Dúbravka,G,62.08,57.6,97.0,90.0,exact
2025-26,1,491,Tonali,M,0.0,1.28,0.0,2.0,exact
2025-26,1,502,Sels,G,0.0,23.04,0.0,36.0,exact
2025-26,1,505,Milenković,D,1.28,7.04,2.0,11.0,exact
2025-26,1,506,Murillo,D,62.72,30.08,98.0,47.0,exact
2025-26,1,508,N.Williams,D,8.32,20.48,13.0,32.0,exact
2025-26,1,517,Anderson,M,5.76,4.48,9.0,7.0,exact
2025-26,1,525,Wood,F,0.0,1.92,0.0,3.0,exact
2025-26,1,541,Reinildo,D,0.0,1.28,0.0,2.0,exact
2025-26,1,565,Vicario,G,10.24,1.28,16.0,2.0,exact
2025-26,1,568,Pedro Porro,D,62.72,60.16,98.0,94.0,exact
2025-26,1,569,Romero,D,12.8,4.48,20.0,7.0,exact
2025-26,1,573,Spence,D,1.28,0.0,2.0,0.0,exact
2025-26,1,575,Van de Ven,D,1.28,19.84,2.0,31.0,exact
2025-26,1,582,Kudus,M,0.0,7.04,0.0,11.0,exact
2025-26,1,593,P.M.Sarr,M,0.0,1.28,0.0,2.0,exact
2025-26,1,603,Diouf,D,0.0,7.04,0.0,11.0,exact
2025-26,1,612,L.Paquetá,M,5.76,3.2,9.0,5.0,exact
2025-26,1,623,Potts,M,0.0,1.28,0.0,2.0,exact
2025-26,1,624,Bowen,F,0.0,3.2,0.0,5.0,exact
2025-26,1,625,Füllkrug,F,0.0,1.92,0.0,3.0,exact
2025-26,1,626,Marshall,F,1.28,0.0,2.0,0.0,exact
2025-26,1,631,Agbadou,D,8.32,4.48,13.0,7.0,exact
2025-26,1,652,Gonzalez,M,0.0,1.28,0.0,2.0,exact
2025-26,1,654,Strand Larsen,F,46.72,23.04,73.0,36.0,exact
2025-26,1,661,Ekitiké,F,0.0,1.92,0.0,3.0,exact
2025-26,1,665,Perri,G,1.28,1.28,2.0,2.0,exact
2025-26,1,666,Gyökeres,F,0.0,1.28,0.0,2.0,exact
2025-26,2,1,Raya,G,1.28,0.0,2.0,0.0,exact
2025-26,2,5,Gabriel,D,1.28,1.28,2.0,2.0,exact
2025-26,2,16,Saka,M,0.0,8.32,0.0,13.0,exact
2025-26,2,33,M.Bizot,G,0.0,1.28,0.0,2.0,exact
2025-26,2,38,Konsa,D,0.0,5.4,0.0,8.4,exact
2025-26,2,47,Rogers,M,0.0,18.84,0.0,29.4,exact
2025-26,2,48,Tielemans,M,11.8,3.2,18.4,5.0,exact
2025-26,2,64,Watkins,F,10.24,55.04,16.0,86.0,exact
2025-26,2,67,Petrović,G,3.84,1.28,6.0,2.0,exact
2025-26,2,72,Senesi,D,1.28,1.28,2.0,2.0,exact
2025-26,2,82,Semenyo,M,0.0,1.0,0.0,1.6,exact
2025-26,2,97,Evanilson,F,10.88,1.92,17.0,3.0,exact
2025-26,2,100,Kroupi.Jr,F,3.84,0.0,6.0,0.0,exact
2025-26,2,101,Kelleher,G,1.28,1.28,2.0,2.0,exact
2025-26,2,105,Valdimarsson,G,0.0,1.28,0.0,2.0,exact
2025-26,2,123,Carvalho,M,0.0,1.28,0.0,2.0,exact
2025-26,2,136,Thiago,F,7.04,1.92,11.0,3.0,exact
2025-26,2,139,Verbruggen,G,3.84,5.12,6.0,8.0,exact
2025-26,2,145,De Cuyper,D,0.0,3.2,0.0,5.0,exact
2025-26,2,157,Mitoma,M,3.2,1.28,5.0,2.0,exact
2025-26,2,158,Georginio,M,33.84,10.16,52.9,15.9,exact
2025-26,2,191,Estève,D,56.32,55.68,88.0,87.0,exact
2025-26,2,192,Hartman,D,0.0,1.28,0.0,2.0,exact
2025-26,2,220,Sánchez,G,44.8,36.48,70.0,57.0,exact
2025-26,2,224,Cucurella,D,0.0,1.92,0.0,3.0,exact
2025-26,2,232,Tosin,D,0.0,5.12,0.0,8.0,exact
2025-26,2,235,Palmer,M,64.0,62.08,100.0,97.0,exact
2025-26,2,242,Dewsbury-Hall,M,0.0,14.72,0.0,23.0,exact
2025-26,2,249,João Pedro,F,0.0,25.6,0.0,40.0,exact
2025-26,2,252,Marc Guiu,F,56.96,55.04,89.0,86.0,exact
2025-26,2,256,Muñoz,D,1.92,2.92,3.0,4.6,exact
2025-26,2,257,Lacroix,D,0.0,1.92,0.0,3.0,exact
2025-26,2,261,Richards,D,3.84,11.24,6.0,17.6,exact
2025-26,2,266,Eze,M,0.28,0.0,0.4,0.0,exact
2025-26,2,267,Sarr,M,4.84,3.2,7.6,5.0,exact
2025-26,2,283,Mateta,F,53.76,15.36,84.0,24.0,exact
2025-26,2,291,Tarkowski,D,3.2,3.2,5.0,5.0,exact
2025-26,2,295,Keane,D,0.0,1.28,0.0,2.0,exact
2025-26,2,299,Ndiaye,M,0.0,1.92,0.0,3.0,exact
2025-26,2,317,Andersen,D,60.8,36.48,95.0,57.0,exact
2025-26,2,337,Raúl,F,0.0,1.28,0.0,2.0,exact
2025-26,2,347,Gudmundsson,D,3.2,3.2,5.0,5.0,exact
2025-26,2,348,Rodon,D,0.0,11.52,0.0,18.0,exact
2025-26,2,370,Frimpong,D,0.0,0.28,0.0,0.4,exact
2025-26,2,373,Virgil,D,1.92,0.0,3.0,0.0,exact
2025-26,2,381,M.Salah,M,62.72,57.6,98.0,90.0,exact
2025-26,2,382,Wirtz,M,48.0,37.32,75.0,58.3,exact
2025-26,2,384,Gakpo,M,1.92,3.2,3.0,5.0,exact
2025-26,2,402,Aït-Nouri,D,0.0,7.04,0.0,11.0,exact
2025-26,2,413,Marmoush,M,0.0,1.28,0.0,2.0,exact
2025-26,2,427,Reijnders,M,13.24,40.92,20.7,63.9,exact
2025-26,2,430,Haaland,F,1.28,3.2,2.0,5.0,exact
2025-26,2,441,Dorgu,D,28.8,13.44,45.0,21.0,exact
2025-26,2,449,B.Fernandes,M,64.0,37.12,100.0,58.0,exact
2025-26,2,450,Cunha,M,0.0,1.28,0.0,2.0,exact
2025-26,2,470,Dúbravka,G,62.08,57.6,97.0,90.0,exact
2025-26,2,491,Tonali,M,0.0,1.28,0.0,2.0,exact
2025-26,2,502,Sels,G,0.0,23.04,0.0,36.0,exact
2025-26,2,505,Milenković,D,1.28,7.04,2.0,11.0,exact
2025-26,2,506,Murillo,D,62.72,30.08,98.0,47.0,exact
2025-26,2,508,N.Williams,D,8.32,20.48,13.0,32.0,exact
2025-26,2,517,Anderson,M,5.76,2.48,9.0,3.9,exact
2025-26,2,525,Wood,F,0.0,1.92,0.0,3.0,exact
2025-26,2,541,Reinildo,D,0.0,1.28,0.0,2.0,exact
2025-26,2,565,Vicario,G,10.24,1.28,16.0,2.0,exact
2025-26,2,568,Pedro Porro,D,62.72,60.16,98.0,94.0,exact
2025-26,2,569,Romero,D,12.8,4.48,20.0,7.0,exact
2025-26,2,573,Spence,D,1.28,0.0,2.0,0.0,exact
2025-26,2,575,Van de Ven,D,1.28,19.84,2.0,31.0,exact
2025-26,2,582,Kudus,M,0.0,7.04,0.0,11.0,exact
2025-26,2,593,P.M.Sarr,M,0.0,1.28,0.0,2.0,exact
2025-26,2,603,Diouf,D,0.0,7.04,0.0,11.0,exact
2025-26,2,612,L.Paquetá,M,5.76,3.2,9.0,5.0,exact
2025-26,2,623,Potts,M,0.0,1.28,0.0,2.0,exact
2025-26,2,624,Bowen,F,0.0,3.2,0.0,5.0,exact
2025-26,2,625,Füllkrug,F,0.0,1.92,0.0,3.0,exact
2025-26,2,626,Marshall,F,1.28,0.0,2.0,0.0,exact
2025-26,2,631,Agbadou,D,8.32,4.48,13.0,7.0,exact
2025-26,2,652,Gonzalez,M,0.0,1.28,0.0,2.0,exact
2025-26,2,654,Strand Larsen,F,46.72,23.04,73.0,36.0,exact
2025-26,2,661,Ekitiké,F,0.0,1.92,0.0,3.0,exact
2025-26,2,665,Perri,G,1.28,1.28,2.0,2.0,exact
2025-26,2,666,Gyökeres,F,0.0,1.28,0.0,2.0,exact
2025-26,3,1,Raya,G,1.28,0.0,2.0,0.0,exact
2025-26,3,5,Gabriel,D,1.28,1.28,2.0,2.0,exact
2025-26,3,16,Saka,M,0.0,2.99,0.0,4.7,exact
2025-26,3,33,M.Bizot,G,0.0,1.28,0.0,2.0,exact
2025-26,3,38,Konsa,D,0.0,5.4,0.0,8.4,exact
2025-26,3,47,Rogers,M,0.0,18.84,0.0,29.4,exact
2025-26,3,48,Tielemans,M,21.8,4.27,34.1,6.7,exact
2025-26,3,64,Watkins,F,12.24,53.97,19.1,84.3,exact
2025-26,3,67,Petrović,G,3.84,1.28,6.0,2.0,exact
2025-26,3,72,Senesi,D,1.28,1.28,2.0,2.0,exact
2025-26,3,82,Semenyo,M,0.0,8.47,0.0,13.2,exact
2025-26,3,83,O.Dango,M,7.0,1.07,10.9,1.7,exact
2025-26,3,97,Evanilson,F,10.88,1.92,17.0,3.0,exact
2025-26,3,100,Kroupi.Jr,F,0.84,0.0,1.3,0.0,exact
2025-26,3,101,Kelleher,G,1.28,1.28,2.0,2.0,exact
2025-26,3,105,Valdimarsson,G,0.0,1.28,0.0,2.0,exact
2025-26,3,119,Mbeumo,M,1.0,1.07,1.6,1.7,exact
2025-26,3,123,Carvalho,M,0.0,1.28,0.0,2.0,exact
2025-26,3,136,Thiago,F,6.04,1.92,9.4,3.0,exact
2025-26,3,139,Verbruggen,G,3.84,5.12,6.0,8.0,exact
2025-26,3,145,De Cuyper,D,0.0,3.2,0.0,5.0,exact
2025-26,3,157,Mitoma,M,8.2,1.28,12.8,2.0,exact
2025-26,3,158,Georginio,M,31.84,5.89,49.8,9.2,exact
2025-26,3,191,Estève,D,56.32,54.61,88.0,85.3,exact
2025-26,3,192,Hartman,D,0.0,1.28,0.0,2.0,exact
2025-26,3,220,Sánchez,G,44.8,36.48,70.0,57.0,exact
2025-26,3,224,Cucurella,D,0.0,1.92,0.0,3.0,exact
2025-26,3,232,Tosin,D,0.0,5.12,0.0,8.0,exact
2025-26,3,235,Palmer,M,10.0,7.68,15.6,12.0,exact
2025-26,3,242,Dewsbury-Hall,M,0.0,14.72,0.0,23.0,exact
2025-26,3,249,João Pedro,F,0.0,30.93,0.0,48.3,exact
2025-26,3,252,Marc Guiu,F,27.96,29.44,43.7,46.0,exact
2025-26,3,256,Muñoz,D,1.92,2.92,3.0,4.6,exact
2025-26,3,257,Lacroix,D,0.0,1.92,0.0,3.0,exact
2025-26,3,261,Richards,D,3.84,11.24,6.0,17.6,exact
2025-26,3,266,Eze,M,0.28,0.0,0.4,0.0,exact
2025-26,3,267,Sarr,M,17.84,22.4,27.9,35.0,exact
2025-26,3,283,Mateta,F,55.76,21.76,87.1,34.0,exact
2025-26,3,291,Tarkowski,D,3.2,3.2,5.0,5.0,exact
2025-26,3,295,Keane,D,0.0,1.28,0.0,2.0,exact
2025-26,3,299,Ndiaye,M,0.0,0.85,0.0,1.3,exact
2025-26,3,317,Andersen,D,60.8,36.48,95.0,57.0,exact
2025-26,3,337,Raúl,F,0.0,0.21,0.0,0.3,exact
2025-26,3,347,Gudmundsson,D,3.2,3.2,5.0,5.0,exact
2025-26,3,348,Rodon,D,0.0,11.52,0.0,18.0,exact
2025-26,3,370,Frimpong,D,0.0,0.28,0.0,0.4,exact
2025-26,3,373,Virgil,D,1.92,0.0,3.0,0.0,exact
2025-26,3,381,M.Salah,M,62.72,57.6,98.0,90.0,exact
2025-26,3,382,Wirtz,M,48.0,35.19,75.0,55.0,exact
2025-26,3,384,Gakpo,M,2.92,5.33,4.6,8.3,exact
2025-26,3,402,Aït-Nouri,D,0.0,7.04,0.0,11.0,exact
2025-26,3,413,Marmoush,M,0.0,1.28,0.0,2.0,exact
2025-26,3,427,Reijnders,M,16.24,41.99,25.4,65.6,exact
2025-26,3,430,Haaland,F,1.28,4.27,2.0,6.7,exact
2025-26,3,441,Dorgu,D,28.8,14.51,45.0,22.7,exact
2025-26,3,449,B.Fernandes,M,64.0,43.52,100.0,68.0,exact
2025-26,3,450,Cunha,M,3.0,11.95,4.7,18.7,exact
2025-26,3,470,Dúbravka,G,62.08,57.6,97.0,90.0,exact
2025-26,3,486,Elanga,M,0.0,3.2,0.0,5.0,exact
2025-26,3,491,Tonali,M,0.0,1.28,0.0,2.0,exact
2025-26,3,502,Sels,G,0.0,23.04,0.0,36.0,exact
2025-26,3,505,Milenković,D,1.28,7.04,2.0,11.0,exact
2025-26,3,506,Murillo,D,62.72,30.08,98.0,47.0,exact
2025-26,3,508,N.Williams,D,8.32,20.48,13.0,32.0,exact
2025-26,3,517,Anderson,M,15.76,5.68,24.6,8.9,exact
2025-26,3,525,Wood,F,1.0,12.59,1.6,19.7,exact
2025-26,3,541,Reinildo,D,0.0,1.28,0.0,2.0,exact
2025-26,3,565,Vicario,G,10.24,1.28,16.0,2.0,exact
2025-26,3,568,Pedro Porro,D,62.72,60.16,98.0,94.0,exact
2025-26,3,569,Romero,D,12.8,4.48,20.0,7.0,exact
2025-26,3,573,Spence,D,1.28,0.0,2.0,0.0,exact
2025-26,3,575,Van de Ven,D,1.28,20.91,2.0,32.7,exact
2025-26,3,580,Johnson,M,0.0,1.07,0.0,1.7,exact
2025-26,3,582,Kudus,M,2.0,14.51,3.1,22.7,exact
2025-26,3,593,P.M.Sarr,M,0.0,1.28,0.0,2.0,exact
2025-26,3,603,Diouf,D,0.0,5.97,0.0,9.3,exact
2025-26,3,612,L.Paquetá,M,5.76,3.2,9.0,5.0,exact
2025-26,3,623,Potts,M,0.0,1.28,0.0,2.0,exact
2025-26,3,624,Bowen,F,0.0,2.13,0.0,3.3,exact
2025-26,3,625,Füllkrug,F,0.0,1.92,0.0,3.0,exact
2025-26,3,626,Marshall,F,1.28,0.0,2.0,0.0,exact
2025-26,3,631,Agbadou,D,8.32,4.48,13.0,7.0,exact
2025-26,3,652,Gonzalez,M,0.0,1.28,0.0,2.0,exact
2025-26,3,654,Strand Larsen,F,30.72,18.77,48.0,29.3,exact
2025-26,3,660,Stach,M,1.0,1.07,1.6,1.7,exact
2025-26,3,661,Ekitiké,F,0.0,2.99,0.0,4.7,exact
2025-26,3,665,Perri,G,1.28,1.28,2.0,2.0,exact
2025-26,3,666,Gyökeres,F,44.0,9.81,68.8,15.3,exact
2025-26,3,669,Ndoye,M,0.0,1.07,0.0,1.7,exact
2025-26,4,1,Raya,G,1.28,0.0,2.0,0.0,estimated (GW4 WCs mirrored; GW6 WC table partial for D/M)
2025-26,4,5,Gabriel,D,2.53,1.28,4.0,2.0,estimated (GW4 WCs mirrored; GW6 WC table partial for D/M)
2025-26,4,8,J.Timber,D,0.0,1.14,0.0,1.8,estimated (GW4 WCs mirrored; GW6 WC table partial for D/M)
2025-26,4,16,Saka,M,0.0,2.99,0.0,4.7,estimated (GW4 WCs mirrored; GW6 WC table partial for D/M)
2025-26,4,33,M.Bizot,G,0.0,1.28,0.0,2.0,estimated (GW4 WCs mirrored; GW6 WC table partial for D/M)
2025-26,4,38,Konsa,D,0.0,5.4,0.0,8.4,estimated (GW4 WCs mirrored; GW6 WC table partial for D/M)
2025-26,4,47,Rogers,M,0.0,17.7,0.0,27.7,estimated (GW4 WCs mirrored; GW6 WC table partial for D/M)
2025-26,4,48,Tielemans,M,21.8,4.27,34.1,6.7,estimated (GW4 WCs mirrored; GW6 WC table partial for D/M)
2025-26,4,64,Watkins,F,12.24,53.97,19.1,84.3,estimated (GW4 WCs mirrored; GW6 WC table partial for D/M)
2025-26,4,67,Petrović,G,3.84,1.28,6.0,2.0,estimated (GW4 WCs mirrored; GW6 WC table partial for D/M)
2025-26,4,72,Senesi,D,1.28,5.85,2.0,9.1,estimated (GW4 WCs mirrored; GW6 WC table partial for D/M)
2025-26,4,82,Semenyo,M,2.51,25.61,3.9,40.0,estimated (GW4 WCs mirrored; GW6 WC table partial for D/M)
2025-26,4,83,O.Dango,M,7.0,1.07,10.9,1.7,estimated (GW4 WCs mirrored; GW6 WC table partial for D/M)
2025-26,4,97,Evanilson,F,10.88,1.92,17.0,3.0,estimated (GW4 WCs mirrored; GW6 WC table partial for D/M)
2025-26,4,100,Kroupi.Jr,F,0.84,0.0,1.3,0.0,estimated (GW4 WCs mirrored; GW6 WC table partial for D/M)
2025-26,4,101,Kelleher,G,1.28,1.28,2.0,2.0,estimated (GW4 WCs mirrored; GW6 WC table partial for D/M)
2025-26,4,105,Valdimarsson,G,0.0,1.28,0.0,2.0,estimated (GW4 WCs mirrored; GW6 WC table partial for D/M)
2025-26,4,119,Mbeumo,M,1.0,1.07,1.6,1.7,estimated (GW4 WCs mirrored; GW6 WC table partial for D/M)
2025-26,4,123,Carvalho,M,0.0,1.28,0.0,2.0,estimated (GW4 WCs mirrored; GW6 WC table partial for D/M)
2025-26,4,136,Thiago,F,3.53,1.92,5.5,3.0,estimated (GW4 WCs mirrored; GW6 WC table partial for D/M)
2025-26,4,139,Verbruggen,G,3.84,5.12,6.0,8.0,estimated (GW4 WCs mirrored; GW6 WC table partial for D/M)
2025-26,4,145,De Cuyper,D,0.0,3.2,0.0,5.0,estimated (GW4 WCs mirrored; GW6 WC table partial for D/M)
2025-26,4,157,Mitoma,M,8.2,1.28,12.8,2.0,estimated (GW4 WCs mirrored; GW6 WC table partial for D/M)
2025-26,4,158,Georginio,M,31.84,5.89,49.8,9.2,estimated (GW4 WCs mirrored; GW6 WC table partial for D/M)
2025-26,4,160,Minteh,M,1.25,0.0,2.0,0.0,estimated (GW4 WCs mirrored; GW6 WC table partial for D/M)
2025-26,4,190,Ekdal,D,0.0,1.14,0.0,1.8,estimated (GW4 WCs mirrored; GW6 WC table partial for D/M)
2025-26,4,191,Estève,D,56.32,50.04,88.0,78.2,estimated (GW4 WCs mirrored; GW6 WC table partial for D/M)
2025-26,4,192,Hartman,D,0.0,1.28,0.0,2.0,estimated (GW4 WCs mirrored; GW6 WC table partial for D/M)
2025-26,4,220,Sánchez,G,44.8,36.48,70.0,57.0,estimated (GW4 WCs mirrored; GW6 WC table partial for D/M)
2025-26,4,224,Cucurella,D,0.0,1.92,0.0,3.0,estimated (GW4 WCs mirrored; GW6 WC table partial for D/M)
2025-26,4,232,Tosin,D,0.0,5.12,0.0,8.0,estimated (GW4 WCs mirrored; GW6 WC table partial for D/M)
2025-26,4,235,Palmer,M,3.73,3.11,5.8,4.9,estimated (GW4 WCs mirrored; GW6 WC table partial for D/M)
2025-26,4,242,Dewsbury-Hall,M,0.0,14.72,0.0,23.0,estimated (GW4 WCs mirrored; GW6 WC table partial for D/M)
2025-26,4,249,João Pedro,F,0.0,32.08,0.0,50.1,estimated (GW4 WCs mirrored; GW6 WC table partial for D/M)
2025-26,4,252,Marc Guiu,F,25.45,24.87,39.8,38.9,estimated (GW4 WCs mirrored; GW6 WC table partial for D/M)
2025-26,4,256,Muñoz,D,9.45,13.21,14.8,20.6,estimated (GW4 WCs mirrored; GW6 WC table partial for D/M)
2025-26,4,257,Lacroix,D,15.06,5.35,23.5,8.4,estimated (GW4 WCs mirrored; GW6 WC table partial for D/M)
2025-26,4,261,Richards,D,3.84,12.38,6.0,19.3,estimated (GW4 WCs mirrored; GW6 WC table partial for D/M)
2025-26,4,266,Eze,M,0.28,0.0,0.4,0.0,estimated (GW4 WCs mirrored; GW6 WC table partial for D/M)
2025-26,4,267,Sarr,M,7.8,7.54,12.2,11.8,estimated (GW4 WCs mirrored; GW6 WC table partial for D/M)
2025-26,4,283,Mateta,F,57.01,25.19,89.1,39.4,estimated (GW4 WCs mirrored; GW6 WC table partial for D/M)
2025-26,4,291,Tarkowski,D,3.2,3.2,5.0,5.0,estimated (GW4 WCs mirrored; GW6 WC table partial for D/M)
2025-26,4,295,Keane,D,0.0,1.28,0.0,2.0,estimated (GW4 WCs mirrored; GW6 WC table partial for D/M)
2025-26,4,299,Ndiaye,M,0.0,0.85,0.0,1.3,estimated (GW4 WCs mirrored; GW6 WC table partial for D/M)
2025-26,4,317,Andersen,D,60.8,36.48,95.0,57.0,estimated (GW4 WCs mirrored; GW6 WC table partial for D/M)
2025-26,4,335,King,M,0.0,1.14,0.0,1.8,estimated (GW4 WCs mirrored; GW6 WC table partial for D/M)
2025-26,4,337,Raúl,F,0.0,0.21,0.0,0.3,estimated (GW4 WCs mirrored; GW6 WC table partial for D/M)
2025-26,4,347,Gudmundsson,D,1.95,3.2,3.0,5.0,estimated (GW4 WCs mirrored; GW6 WC table partial for D/M)
2025-26,4,348,Rodon,D,0.0,11.52,0.0,18.0,estimated (GW4 WCs mirrored; GW6 WC table partial for D/M)
2025-26,4,370,Frimpong,D,0.0,0.28,0.0,0.4,estimated (GW4 WCs mirrored; GW6 WC table partial for D/M)
2025-26,4,373,Virgil,D,16.98,1.14,26.5,1.8,estimated (GW4 WCs mirrored; GW6 WC table partial for D/M)
2025-26,4,381,M.Salah,M,62.72,59.89,98.0,93.6,estimated (GW4 WCs mirrored; GW6 WC table partial for D/M)
2025-26,4,382,Wirtz,M,48.0,35.19,75.0,55.0,estimated (GW4 WCs mirrored; GW6 WC table partial for D/M)
2025-26,4,384,Gakpo,M,2.92,5.33,4.6,8.3,estimated (GW4 WCs mirrored; GW6 WC table partial for D/M)
2025-26,4,389,Elliott,M,1.25,0.0,2.0,0.0,estimated (GW4 WCs mirrored; GW6 WC table partial for D/M)
2025-26,4,402,Aït-Nouri,D,0.0,4.75,0.0,7.4,estimated (GW4 WCs mirrored; GW6 WC table partial for D/M)
2025-26,4,413,Marmoush,M,0.0,1.28,0.0,2.0,estimated (GW4 WCs mirrored; GW6 WC table partial for D/M)
2025-26,4,419,Grealish,M,0.0,2.29,0.0,3.6,estimated (GW4 WCs mirrored; GW6 WC table partial for D/M)
2025-26,4,427,Reijnders,M,17.49,40.84,27.3,63.8,estimated (GW4 WCs mirrored; GW6 WC table partial for D/M)
2025-26,4,430,Haaland,F,1.28,4.27,2.0,6.7,estimated (GW4 WCs mirrored; GW6 WC table partial for D/M)
2025-26,4,441,Dorgu,D,20.02,8.79,31.3,13.7,estimated (GW4 WCs mirrored; GW6 WC table partial for D/M)
2025-26,4,449,B.Fernandes,M,64.0,42.38,100.0,66.2,estimated (GW4 WCs mirrored; GW6 WC table partial for D/M)
2025-26,4,450,Cunha,M,1.75,6.23,2.7,9.7,estimated (GW4 WCs mirrored; GW6 WC table partial for D/M)
2025-26,4,470,Dúbravka,G,62.08,57.6,97.0,90.0,estimated (GW4 WCs mirrored; GW6 WC table partial for D/M)
2025-26,4,486,Elanga,M,0.0,3.2,0.0,5.0,estimated (GW4 WCs mirrored; GW6 WC table partial for D/M)
2025-26,4,487,Barnes,M,1.25,0.0,2.0,0.0,estimated (GW4 WCs mirrored; GW6 WC table partial for D/M)
2025-26,4,491,Tonali,M,1.25,1.28,2.0,2.0,estimated (GW4 WCs mirrored; GW6 WC table partial for D/M)
2025-26,4,502,Sels,G,0.0,23.04,0.0,36.0,estimated (GW4 WCs mirrored; GW6 WC table partial for D/M)
2025-26,4,505,Milenković,D,1.28,7.04,2.0,11.0,estimated (GW4 WCs mirrored; GW6 WC table partial for D/M)
2025-26,4,506,Murillo,D,43.9,25.51,68.6,39.9,estimated (GW4 WCs mirrored; GW6 WC table partial for D/M)
2025-26,4,508,N.Williams,D,4.56,19.34,7.1,30.2,estimated (GW4 WCs mirrored; GW6 WC table partial for D/M)
2025-26,4,517,Anderson,M,15.76,5.68,24.6,8.9,estimated (GW4 WCs mirrored; GW6 WC table partial for D/M)
2025-26,4,525,Wood,F,1.0,12.59,1.6,19.7,estimated (GW4 WCs mirrored; GW6 WC table partial for D/M)
2025-26,4,541,Reinildo,D,0.0,1.28,0.0,2.0,estimated (GW4 WCs mirrored; GW6 WC table partial for D/M)
2025-26,4,565,Vicario,G,10.24,1.28,16.0,2.0,estimated (GW4 WCs mirrored; GW6 WC table partial for D/M)
2025-26,4,568,Pedro Porro,D,61.47,59.02,96.0,92.2,estimated (GW4 WCs mirrored; GW6 WC table partial for D/M)
2025-26,4,569,Romero,D,7.78,3.34,12.2,5.2,estimated (GW4 WCs mirrored; GW6 WC table partial for D/M)
2025-26,4,573,Spence,D,1.28,0.0,2.0,0.0,estimated (GW4 WCs mirrored; GW6 WC table partial for D/M)
2025-26,4,575,Van de Ven,D,1.28,20.91,2.0,32.7,estimated (GW4 WCs mirrored; GW6 WC table partial for D/M)
2025-26,4,580,Johnson,M,0.0,1.07,0.0,1.7,estimated (GW4 WCs mirrored; GW6 WC table partial for D/M)
2025-26,4,582,Kudus,M,2.0,14.51,3.1,22.7,estimated (GW4 WCs mirrored; GW6 WC table partial for D/M)
2025-26,4,593,P.M.Sarr,M,0.0,1.28,0.0,2.0,estimated (GW4 WCs mirrored; GW6 WC table partial for D/M)
2025-26,4,603,Diouf,D,0.0,4.83,0.0,7.5,estimated (GW4 WCs mirrored; GW6 WC table partial for D/M)
2025-26,4,612,L.Paquetá,M,12.03,8.91,18.8,13.9,estimated (GW4 WCs mirrored; GW6 WC table partial for D/M)
2025-26,4,623,Potts,M,0.0,1.28,0.0,2.0,estimated (GW4 WCs mirrored; GW6 WC table partial for D/M)
2025-26,4,624,Bowen,F,0.0,2.13,0.0,3.3,estimated (GW4 WCs mirrored; GW6 WC table partial for D/M)
2025-26,4,625,Füllkrug,F,0.0,1.92,0.0,3.0,estimated (GW4 WCs mirrored; GW6 WC table partial for D/M)
2025-26,4,626,Marshall,F,1.28,0.0,2.0,0.0,estimated (GW4 WCs mirrored; GW6 WC table partial for D/M)
2025-26,4,631,Agbadou,D,8.32,3.34,13.0,5.2,estimated (GW4 WCs mirrored; GW6 WC table partial for D/M)
2025-26,4,652,Gonzalez,M,0.0,1.28,0.0,2.0,estimated (GW4 WCs mirrored; GW6 WC table partial for D/M)
2025-26,4,654,Strand Larsen,F,25.7,14.2,40.2,22.2,estimated (GW4 WCs mirrored; GW6 WC table partial for D/M)
2025-26,4,660,Stach,M,3.51,1.07,5.5,1.7,estimated (GW4 WCs mirrored; GW6 WC table partial for D/M)
2025-26,4,661,Ekitiké,F,0.0,2.99,0.0,4.7,estimated (GW4 WCs mirrored; GW6 WC table partial for D/M)
2025-26,4,665,Perri,G,1.28,1.28,2.0,2.0,estimated (GW4 WCs mirrored; GW6 WC table partial for D/M)
2025-26,4,666,Gyökeres,F,52.78,14.38,82.5,22.5,estimated (GW4 WCs mirrored; GW6 WC table partial for D/M)
2025-26,4,669,Ndoye,M,0.0,1.07,0.0,1.7,estimated (GW4 WCs mirrored; GW6 WC table partial for D/M)
2025-26,5,1,Raya,G,1.28,0.0,2.0,0.0,estimated (GW4 WCs mirrored; GW6 WC table partial for D/M)
2025-26,5,5,Gabriel,D,2.53,1.28,4.0,2.0,estimated (GW4 WCs mirrored; GW6 WC table partial for D/M)
2025-26,5,8,J.Timber,D,0.0,1.14,0.0,1.8,estimated (GW4 WCs mirrored; GW6 WC table partial for D/M)
2025-26,5,16,Saka,M,0.0,2.99,0.0,4.7,estimated (GW4 WCs mirrored; GW6 WC table partial for D/M)
2025-26,5,33,M.Bizot,G,0.0,1.28,0.0,2.0,estimated (GW4 WCs mirrored; GW6 WC table partial for D/M)
2025-26,5,38,Konsa,D,0.0,5.4,0.0,8.4,estimated (GW4 WCs mirrored; GW6 WC table partial for D/M)
2025-26,5,47,Rogers,M,0.0,15.7,0.0,24.5,estimated (GW4 WCs mirrored; GW6 WC table partial for D/M)
2025-26,5,48,Tielemans,M,20.8,3.27,32.5,5.1,estimated (GW4 WCs mirrored; GW6 WC table partial for D/M)
2025-26,5,64,Watkins,F,12.24,53.97,19.1,84.3,estimated (GW4 WCs mirrored; GW6 WC table partial for D/M)
2025-26,5,67,Petrović,G,3.84,1.28,6.0,2.0,estimated (GW4 WCs mirrored; GW6 WC table partial for D/M)
2025-26,5,72,Senesi,D,3.28,6.85,5.1,10.7,estimated (GW4 WCs mirrored; GW6 WC table partial for D/M)
2025-26,5,82,Semenyo,M,2.51,30.61,3.9,47.8,estimated (GW4 WCs mirrored; GW6 WC table partial for D/M)
2025-26,5,83,O.Dango,M,7.0,1.07,10.9,1.7,estimated (GW4 WCs mirrored; GW6 WC table partial for D/M)
2025-26,5,97,Evanilson,F,12.88,1.92,20.1,3.0,estimated (GW4 WCs mirrored; GW6 WC table partial for D/M)
2025-26,5,100,Kroupi.Jr,F,0.84,0.0,1.3,0.0,estimated (GW4 WCs mirrored; GW6 WC table partial for D/M)
2025-26,5,101,Kelleher,G,1.28,1.28,2.0,2.0,estimated (GW4 WCs mirrored; GW6 WC table partial for D/M)
2025-26,5,105,Valdimarsson,G,0.0,1.28,0.0,2.0,estimated (GW4 WCs mirrored; GW6 WC table partial for D/M)
2025-26,5,119,Mbeumo,M,1.0,1.07,1.6,1.7,estimated (GW4 WCs mirrored; GW6 WC table partial for D/M)
2025-26,5,123,Carvalho,M,0.0,1.28,0.0,2.0,estimated (GW4 WCs mirrored; GW6 WC table partial for D/M)
2025-26,5,136,Thiago,F,4.53,1.92,7.1,3.0,estimated (GW4 WCs mirrored; GW6 WC table partial for D/M)
2025-26,5,139,Verbruggen,G,3.84,5.12,6.0,8.0,estimated (GW4 WCs mirrored; GW6 WC table partial for D/M)
2025-26,5,145,De Cuyper,D,0.0,3.2,0.0,5.0,estimated (GW4 WCs mirrored; GW6 WC table partial for D/M)
2025-26,5,157,Mitoma,M,8.2,1.28,12.8,2.0,estimated (GW4 WCs mirrored; GW6 WC table partial for D/M)
2025-26,5,158,Georginio,M,31.84,5.89,49.8,9.2,estimated (GW4 WCs mirrored; GW6 WC table partial for D/M)
2025-26,5,160,Minteh,M,1.25,0.0,2.0,0.0,estimated (GW4 WCs mirrored; GW6 WC table partial for D/M)
2025-26,5,190,Ekdal,D,0.0,1.14,0.0,1.8,estimated (GW4 WCs mirrored; GW6 WC table partial for D/M)
2025-26,5,191,Estève,D,56.32,50.04,88.0,78.2,estimated (GW4 WCs mirrored; GW6 WC table partial for D/M)
2025-26,5,192,Hartman,D,0.0,1.28,0.0,2.0,estimated (GW4 WCs mirrored; GW6 WC table partial for D/M)
2025-26,5,220,Sánchez,G,44.8,36.48,70.0,57.0,estimated (GW4 WCs mirrored; GW6 WC table partial for D/M)
2025-26,5,224,Cucurella,D,0.0,1.92,0.0,3.0,estimated (GW4 WCs mirrored; GW6 WC table partial for D/M)
2025-26,5,232,Tosin,D,0.0,5.12,0.0,8.0,estimated (GW4 WCs mirrored; GW6 WC table partial for D/M)
2025-26,5,235,Palmer,M,3.73,4.11,5.8,6.4,estimated (GW4 WCs mirrored; GW6 WC table partial for D/M)
2025-26,5,242,Dewsbury-Hall,M,0.0,14.72,0.0,23.0,estimated (GW4 WCs mirrored; GW6 WC table partial for D/M)
2025-26,5,249,João Pedro,F,0.0,32.08,0.0,50.1,estimated (GW4 WCs mirrored; GW6 WC table partial for D/M)
2025-26,5,252,Marc Guiu,F,24.45,24.87,38.2,38.9,estimated (GW4 WCs mirrored; GW6 WC table partial for D/M)
2025-26,5,256,Muñoz,D,9.45,13.21,14.8,20.6,estimated (GW4 WCs mirrored; GW6 WC table partial for D/M)
2025-26,5,257,Lacroix,D,16.06,6.35,25.1,9.9,estimated (GW4 WCs mirrored; GW6 WC table partial for D/M)
2025-26,5,261,Richards,D,3.84,12.38,6.0,19.3,estimated (GW4 WCs mirrored; GW6 WC table partial for D/M)
2025-26,5,266,Eze,M,0.28,0.0,0.4,0.0,estimated (GW4 WCs mirrored; GW6 WC table partial for D/M)
2025-26,5,267,Sarr,M,7.8,7.54,12.2,11.8,estimated (GW4 WCs mirrored; GW6 WC table partial for D/M)
2025-26,5,283,Mateta,F,57.01,25.19,89.1,39.4,estimated (GW4 WCs mirrored; GW6 WC table partial for D/M)
2025-26,5,291,Tarkowski,D,3.2,3.2,5.0,5.0,estimated (GW4 WCs mirrored; GW6 WC table partial for D/M)
2025-26,5,295,Keane,D,0.0,1.28,0.0,2.0,estimated (GW4 WCs mirrored; GW6 WC table partial for D/M)
2025-26,5,299,Ndiaye,M,0.0,0.85,0.0,1.3,estimated (GW4 WCs mirrored; GW6 WC table partial for D/M)
2025-26,5,317,Andersen,D,60.8,36.48,95.0,57.0,estimated (GW4 WCs mirrored; GW6 WC table partial for D/M)
2025-26,5,335,King,M,0.0,1.14,0.0,1.8,estimated (GW4 WCs mirrored; GW6 WC table partial for D/M)
2025-26,5,337,Raúl,F,0.0,0.21,0.0,0.3,estimated (GW4 WCs mirrored; GW6 WC table partial for D/M)
2025-26,5,347,Gudmundsson,D,1.95,3.2,3.0,5.0,estimated (GW4 WCs mirrored; GW6 WC table partial for D/M)
2025-26,5,348,Rodon,D,0.0,11.52,0.0,18.0,estimated (GW4 WCs mirrored; GW6 WC table partial for D/M)
2025-26,5,370,Frimpong,D,0.0,0.28,0.0,0.4,estimated (GW4 WCs mirrored; GW6 WC table partial for D/M)
2025-26,5,373,Virgil,D,17.98,2.14,28.1,3.3,estimated (GW4 WCs mirrored; GW6 WC table partial for D/M)
2025-26,5,381,M.Salah,M,62.72,59.89,98.0,93.6,estimated (GW4 WCs mirrored; GW6 WC table partial for D/M)
2025-26,5,382,Wirtz,M,48.0,33.19,75.0,51.9,estimated (GW4 WCs mirrored; GW6 WC table partial for D/M)
2025-26,5,384,Gakpo,M,2.92,5.33,4.6,8.3,estimated (GW4 WCs mirrored; GW6 WC table partial for D/M)
2025-26,5,389,Elliott,M,1.25,0.0,2.0,0.0,estimated (GW4 WCs mirrored; GW6 WC table partial for D/M)
2025-26,5,402,Aït-Nouri,D,0.0,4.75,0.0,7.4,estimated (GW4 WCs mirrored; GW6 WC table partial for D/M)
2025-26,5,413,Marmoush,M,0.0,1.28,0.0,2.0,estimated (GW4 WCs mirrored; GW6 WC table partial for D/M)
2025-26,5,419,Grealish,M,0.0,2.29,0.0,3.6,estimated (GW4 WCs mirrored; GW6 WC table partial for D/M)
2025-26,5,427,Reijnders,M,17.49,40.84,27.3,63.8,estimated (GW4 WCs mirrored; GW6 WC table partial for D/M)
2025-26,5,430,Haaland,F,1.28,4.27,2.0,6.7,estimated (GW4 WCs mirrored; GW6 WC table partial for D/M)
2025-26,5,441,Dorgu,D,20.02,8.79,31.3,13.7,estimated (GW4 WCs mirrored; GW6 WC table partial for D/M)
2025-26,5,449,B.Fernandes,M,64.0,42.38,100.0,66.2,estimated (GW4 WCs mirrored; GW6 WC table partial for D/M)
2025-26,5,450,Cunha,M,1.75,6.23,2.7,9.7,estimated (GW4 WCs mirrored; GW6 WC table partial for D/M)
2025-26,5,470,Dúbravka,G,62.08,57.6,97.0,90.0,estimated (GW4 WCs mirrored; GW6 WC table partial for D/M)
2025-26,5,486,Elanga,M,0.0,2.2,0.0,3.4,estimated (GW4 WCs mirrored; GW6 WC table partial for D/M)
2025-26,5,487,Barnes,M,1.25,0.0,2.0,0.0,estimated (GW4 WCs mirrored; GW6 WC table partial for D/M)
2025-26,5,491,Tonali,M,1.25,1.28,2.0,2.0,estimated (GW4 WCs mirrored; GW6 WC table partial for D/M)
2025-26,5,502,Sels,G,0.0,23.04,0.0,36.0,estimated (GW4 WCs mirrored; GW6 WC table partial for D/M)
2025-26,5,505,Milenković,D,1.28,7.04,2.0,11.0,estimated (GW4 WCs mirrored; GW6 WC table partial for D/M)
2025-26,5,506,Murillo,D,38.9,23.51,60.8,36.7,estimated (GW4 WCs mirrored; GW6 WC table partial for D/M)
2025-26,5,508,N.Williams,D,4.56,19.34,7.1,30.2,estimated (GW4 WCs mirrored; GW6 WC table partial for D/M)
2025-26,5,517,Anderson,M,15.76,6.68,24.6,10.4,estimated (GW4 WCs mirrored; GW6 WC table partial for D/M)
2025-26,5,525,Wood,F,1.0,12.59,1.6,19.7,estimated (GW4 WCs mirrored; GW6 WC table partial for D/M)
2025-26,5,541,Reinildo,D,0.0,1.28,0.0,2.0,estimated (GW4 WCs mirrored; GW6 WC table partial for D/M)
2025-26,5,565,Vicario,G,10.24,1.28,16.0,2.0,estimated (GW4 WCs mirrored; GW6 WC table partial for D/M)
2025-26,5,568,Pedro Porro,D,61.47,58.02,96.0,90.7,estimated (GW4 WCs mirrored; GW6 WC table partial for D/M)
2025-26,5,569,Romero,D,7.78,3.34,12.2,5.2,estimated (GW4 WCs mirrored; GW6 WC table partial for D/M)
2025-26,5,573,Spence,D,1.28,0.0,2.0,0.0,estimated (GW4 WCs mirrored; GW6 WC table partial for D/M)
2025-26,5,575,Van de Ven,D,1.28,20.91,2.0,32.7,estimated (GW4 WCs mirrored; GW6 WC table partial for D/M)
2025-26,5,580,Johnson,M,0.0,1.07,0.0,1.7,estimated (GW4 WCs mirrored; GW6 WC table partial for D/M)
2025-26,5,582,Kudus,M,2.0,14.51,3.1,22.7,estimated (GW4 WCs mirrored; GW6 WC table partial for D/M)
2025-26,5,593,P.M.Sarr,M,0.0,1.28,0.0,2.0,estimated (GW4 WCs mirrored; GW6 WC table partial for D/M)
2025-26,5,603,Diouf,D,0.0,4.83,0.0,7.5,estimated (GW4 WCs mirrored; GW6 WC table partial for D/M)
2025-26,5,612,L.Paquetá,M,12.03,8.91,18.8,13.9,estimated (GW4 WCs mirrored; GW6 WC table partial for D/M)
2025-26,5,623,Potts,M,0.0,0.28,0.0,0.4,estimated (GW4 WCs mirrored; GW6 WC table partial for D/M)
2025-26,5,624,Bowen,F,0.0,2.13,0.0,3.3,estimated (GW4 WCs mirrored; GW6 WC table partial for D/M)
2025-26,5,625,Füllkrug,F,0.0,1.92,0.0,3.0,estimated (GW4 WCs mirrored; GW6 WC table partial for D/M)
2025-26,5,626,Marshall,F,1.28,0.0,2.0,0.0,estimated (GW4 WCs mirrored; GW6 WC table partial for D/M)
2025-26,5,631,Agbadou,D,9.32,3.34,14.6,5.2,estimated (GW4 WCs mirrored; GW6 WC table partial for D/M)
2025-26,5,652,Gonzalez,M,0.0,1.28,0.0,2.0,estimated (GW4 WCs mirrored; GW6 WC table partial for D/M)
2025-26,5,654,Strand Larsen,F,22.7,14.2,35.5,22.2,estimated (GW4 WCs mirrored; GW6 WC table partial for D/M)
2025-26,5,660,Stach,M,4.51,1.07,7.0,1.7,estimated (GW4 WCs mirrored; GW6 WC table partial for D/M)
2025-26,5,661,Ekitiké,F,0.0,2.99,0.0,4.7,estimated (GW4 WCs mirrored; GW6 WC table partial for D/M)
2025-26,5,665,Perri,G,1.28,1.28,2.0,2.0,estimated (GW4 WCs mirrored; GW6 WC table partial for D/M)
2025-26,5,666,Gyökeres,F,53.78,14.38,84.0,22.5,estimated (GW4 WCs mirrored; GW6 WC table partial for D/M)
2025-26,5,669,Ndoye,M,0.0,1.07,0.0,1.7,estimated (GW4 WCs mirrored; GW6 WC table partial for D/M)
2025-26,6,1,Raya,G,46.36,26.82,72.4,41.9,estimated (GW4 WCs mirrored; GW6 WC table partial for D/M)
2025-26,6,5,Gabriel,D,45.92,29.62,71.8,46.3,estimated (GW4 WCs mirrored; GW6 WC table partial for D/M)
2025-26,6,8,J.Timber,D,0.0,0.68,0.0,1.1,estimated (GW4 WCs mirrored; GW6 WC table partial for D/M)
2025-26,6,16,Saka,M,4.14,4.76,6.5,7.4,estimated (GW4 WCs mirrored; GW6 WC table partial for D/M)
2025-26,6,33,M.Bizot,G,0.0,0.72,0.0,1.1,estimated (GW4 WCs mirrored; GW6 WC table partial for D/M)
2025-26,6,38,Konsa,D,0.0,3.23,0.0,5.0,estimated (GW4 WCs mirrored; GW6 WC table partial for D/M)
2025-26,6,47,Rogers,M,0.0,5.89,0.0,9.2,estimated (GW4 WCs mirrored; GW6 WC table partial for D/M)
2025-26,6,48,Tielemans,M,5.34,1.85,8.3,2.9,estimated (GW4 WCs mirrored; GW6 WC table partial for D/M)
2025-26,6,64,Watkins,F,3.39,18.24,5.3,28.5,estimated (GW4 WCs mirrored; GW6 WC table partial for D/M)
2025-26,6,67,Petrović,G,6.14,1.72,9.6,2.7,estimated (GW4 WCs mirrored; GW6 WC table partial for D/M)
2025-26,6,72,Senesi,D,46.16,36.08,72.1,56.4,estimated (GW4 WCs mirrored; GW6 WC table partial for D/M)
2025-26,6,82,Semenyo,M,28.61,49.14,44.7,76.8,estimated (GW4 WCs mirrored; GW6 WC table partial for D/M)
2025-26,6,83,O.Dango,M,2.13,0.6,3.3,0.9,estimated (GW4 WCs mirrored; GW6 WC table partial for D/M)
2025-26,6,97,Evanilson,F,5.39,1.19,8.4,1.9,estimated (GW4 WCs mirrored; GW6 WC table partial for D/M)
2025-26,6,100,Kroupi.Jr,F,0.23,0.0,0.4,0.0,estimated (GW4 WCs mirrored; GW6 WC table partial for D/M)
2025-26,6,101,Kelleher,G,0.36,0.72,0.6,1.1,estimated (GW4 WCs mirrored; GW6 WC table partial for D/M)
2025-26,6,105,Valdimarsson,G,0.0,0.72,0.0,1.1,estimated (GW4 WCs mirrored; GW6 WC table partial for D/M)
2025-26,6,119,Mbeumo,M,0.3,3.59,0.5,5.6,estimated (GW4 WCs mirrored; GW6 WC table partial for D/M)
2025-26,6,123,Carvalho,M,0.0,0.72,0.0,1.1,estimated (GW4 WCs mirrored; GW6 WC table partial for D/M)
2025-26,6,136,Thiago,F,0.0,0.08,0.0,0.1,estimated (GW4 WCs mirrored; GW6 WC table partial for D/M)
2025-26,6,139,Verbruggen,G,1.08,2.87,1.7,4.5,estimated (GW4 WCs mirrored; GW6 WC table partial for D/M)
2025-26,6,145,De Cuyper,D,0.0,1.91,0.0,3.0,estimated (GW4 WCs mirrored; GW6 WC table partial for D/M)
2025-26,6,151,Van Hecke,D,4.14,1.96,6.5,3.1,estimated (GW4 WCs mirrored; GW6 WC table partial for D/M)
2025-26,6,157,Mitoma,M,2.5,0.72,3.9,1.1,estimated (GW4 WCs mirrored; GW6 WC table partial for D/M)
2025-26,6,158,Georginio,M,9.71,3.33,15.2,5.2,estimated (GW4 WCs mirrored; GW6 WC table partial for D/M)
2025-26,6,160,Minteh,M,2.22,1.12,3.5,1.8,estimated (GW4 WCs mirrored; GW6 WC table partial for D/M)
2025-26,6,190,Ekdal,D,0.0,0.68,0.0,1.1,estimated (GW4 WCs mirrored; GW6 WC table partial for D/M)
2025-26,6,191,Estève,D,18.6,29.94,29.1,46.8,estimated (GW4 WCs mirrored; GW6 WC table partial for D/M)
2025-26,6,192,Hartman,D,0.0,0.77,0.0,1.2,estimated (GW4 WCs mirrored; GW6 WC table partial for D/M)
2025-26,6,217,Foster,F,1.81,1.11,2.8,1.7,estimated (GW4 WCs mirrored; GW6 WC table partial for D/M)
2025-26,6,220,Sánchez,G,12.6,20.48,19.7,32.0,estimated (GW4 WCs mirrored; GW6 WC table partial for D/M)
2025-26,6,224,Cucurella,D,0.0,0.15,0.0,0.2,estimated (GW4 WCs mirrored; GW6 WC table partial for D/M)
2025-26,6,232,Tosin,D,0.0,3.06,0.0,4.8,estimated (GW4 WCs mirrored; GW6 WC table partial for D/M)
2025-26,6,235,Palmer,M,1.14,2.32,1.8,3.6,estimated (GW4 WCs mirrored; GW6 WC table partial for D/M)
2025-26,6,237,Enzo,M,5.06,0.0,7.9,0.0,estimated (GW4 WCs mirrored; GW6 WC table partial for D/M)
2025-26,6,242,Dewsbury-Hall,M,0.0,9.33,0.0,14.6,estimated (GW4 WCs mirrored; GW6 WC table partial for D/M)
2025-26,6,249,João Pedro,F,9.98,40.88,15.6,63.9,estimated (GW4 WCs mirrored; GW6 WC table partial for D/M)
2025-26,6,252,Marc Guiu,F,17.67,14.01,27.6,21.9,estimated (GW4 WCs mirrored; GW6 WC table partial for D/M)
2025-26,6,256,Muñoz,D,3.12,5.9,4.9,9.2,estimated (GW4 WCs mirrored; GW6 WC table partial for D/M)
2025-26,6,257,Lacroix,D,11.28,5.76,17.6,9.0,estimated (GW4 WCs mirrored; GW6 WC table partial for D/M)
2025-26,6,261,Richards,D,2.19,16.36,3.4,25.6,estimated (GW4 WCs mirrored; GW6 WC table partial for D/M)
2025-26,6,266,Eze,M,0.09,0.0,0.1,0.0,estimated (GW4 WCs mirrored; GW6 WC table partial for D/M)
2025-26,6,267,Sarr,M,2.38,3.27,3.7,5.1,estimated (GW4 WCs mirrored; GW6 WC table partial for D/M)
2025-26,6,283,Mateta,F,9.89,9.11,15.5,14.2,estimated (GW4 WCs mirrored; GW6 WC table partial for D/M)
2025-26,6,291,Tarkowski,D,42.0,21.94,65.6,34.3,estimated (GW4 WCs mirrored; GW6 WC table partial for D/M)
2025-26,6,295,Keane,D,0.0,0.77,0.0,1.2,estimated (GW4 WCs mirrored; GW6 WC table partial for D/M)
2025-26,6,299,Ndiaye,M,39.88,24.41,62.3,38.1,estimated (GW4 WCs mirrored; GW6 WC table partial for D/M)
2025-26,6,317,Andersen,D,61.94,42.81,96.8,66.9,estimated (GW4 WCs mirrored; GW6 WC table partial for D/M)
2025-26,6,335,King,M,0.0,1.64,0.0,2.6,estimated (GW4 WCs mirrored; GW6 WC table partial for D/M)
2025-26,6,337,Raúl,F,0.0,0.12,0.0,0.2,estimated (GW4 WCs mirrored; GW6 WC table partial for D/M)
2025-26,6,338,Muniz,F,0.91,0.12,1.4,0.2,estimated (GW4 WCs mirrored; GW6 WC table partial for D/M)
2025-26,6,347,Gudmundsson,D,0.64,1.91,1.0,3.0,estimated (GW4 WCs mirrored; GW6 WC table partial for D/M)
2025-26,6,348,Rodon,D,5.98,16.97,9.3,26.5,estimated (GW4 WCs mirrored; GW6 WC table partial for D/M)
2025-26,6,370,Frimpong,D,0.0,0.17,0.0,0.3,estimated (GW4 WCs mirrored; GW6 WC table partial for D/M)
2025-26,6,373,Virgil,D,5.94,1.28,9.3,2.0,estimated (GW4 WCs mirrored; GW6 WC table partial for D/M)
2025-26,6,381,M.Salah,M,8.12,9.96,12.7,15.6,estimated (GW4 WCs mirrored; GW6 WC table partial for D/M)
2025-26,6,382,Wirtz,M,13.63,14.79,21.3,23.1,estimated (GW4 WCs mirrored; GW6 WC table partial for D/M)
2025-26,6,384,Gakpo,M,0.89,2.02,1.4,3.2,estimated (GW4 WCs mirrored; GW6 WC table partial for D/M)
2025-26,6,389,Elliott,M,0.38,0.0,0.6,0.0,estimated (GW4 WCs mirrored; GW6 WC table partial for D/M)
2025-26,6,402,Aït-Nouri,D,0.0,2.84,0.0,4.4,estimated (GW4 WCs mirrored; GW6 WC table partial for D/M)
2025-26,6,403,Gvardiol,D,18.86,4.92,29.5,7.7,estimated (GW4 WCs mirrored; GW6 WC table partial for D/M)
2025-26,6,413,Marmoush,M,0.0,0.72,0.0,1.1,estimated (GW4 WCs mirrored; GW6 WC table partial for D/M)
2025-26,6,414,Foden,M,24.92,11.09,38.9,17.3,estimated (GW4 WCs mirrored; GW6 WC table partial for D/M)
2025-26,6,419,Grealish,M,0.0,3.29,0.0,5.1,estimated (GW4 WCs mirrored; GW6 WC table partial for D/M)
2025-26,6,427,Reijnders,M,56.33,56.88,88.0,88.9,estimated (GW4 WCs mirrored; GW6 WC table partial for D/M)
2025-26,6,430,Haaland,F,56.56,57.01,88.4,89.1,estimated (GW4 WCs mirrored; GW6 WC table partial for D/M)
2025-26,6,441,Dorgu,D,6.61,5.26,10.3,8.2,estimated (GW4 WCs mirrored; GW6 WC table partial for D/M)
2025-26,6,449,B.Fernandes,M,64.0,55.76,100.0,87.1,estimated (GW4 WCs mirrored; GW6 WC table partial for D/M)
2025-26,6,450,Cunha,M,4.67,3.53,7.3,5.5,estimated (GW4 WCs mirrored; GW6 WC table partial for D/M)
2025-26,6,470,Dúbravka,G,58.4,60.27,91.2,94.2,estimated (GW4 WCs mirrored; GW6 WC table partial for D/M)
2025-26,6,486,Elanga,M,0.0,0.25,0.0,0.4,estimated (GW4 WCs mirrored; GW6 WC table partial for D/M)
2025-26,6,487,Barnes,M,0.38,0.0,0.6,0.0,estimated (GW4 WCs mirrored; GW6 WC table partial for D/M)
2025-26,6,491,Tonali,M,0.38,0.72,0.6,1.1,estimated (GW4 WCs mirrored; GW6 WC table partial for D/M)
2025-26,6,502,Sels,G,0.0,12.93,0.0,20.2,estimated (GW4 WCs mirrored; GW6 WC table partial for D/M)
2025-26,6,505,Milenković,D,0.42,3.21,0.7,5.0,estimated (GW4 WCs mirrored; GW6 WC table partial for D/M)
2025-26,6,506,Murillo,D,12.85,13.07,20.1,20.4,estimated (GW4 WCs mirrored; GW6 WC table partial for D/M)
2025-26,6,508,N.Williams,D,1.5,10.57,2.3,16.5,estimated (GW4 WCs mirrored; GW6 WC table partial for D/M)
2025-26,6,517,Anderson,M,4.8,3.78,7.5,5.9,estimated (GW4 WCs mirrored; GW6 WC table partial for D/M)
2025-26,6,525,Wood,F,0.28,5.05,0.4,7.9,estimated (GW4 WCs mirrored; GW6 WC table partial for D/M)
2025-26,6,565,Vicario,G,2.88,1.84,4.5,2.9,estimated (GW4 WCs mirrored; GW6 WC table partial for D/M)
2025-26,6,568,Pedro Porro,D,20.3,33.72,31.7,52.7,estimated (GW4 WCs mirrored; GW6 WC table partial for D/M)
2025-26,6,569,Romero,D,2.57,2.0,4.0,3.1,estimated (GW4 WCs mirrored; GW6 WC table partial for D/M)
2025-26,6,573,Spence,D,0.42,0.0,0.7,0.0,estimated (GW4 WCs mirrored; GW6 WC table partial for D/M)
2025-26,6,575,Van de Ven,D,0.42,12.51,0.7,19.5,estimated (GW4 WCs mirrored; GW6 WC table partial for D/M)
2025-26,6,580,Johnson,M,0.0,0.6,0.0,0.9,estimated (GW4 WCs mirrored; GW6 WC table partial for D/M)
2025-26,6,582,Kudus,M,0.61,8.21,1.0,12.8,estimated (GW4 WCs mirrored; GW6 WC table partial for D/M)
2025-26,6,593,P.M.Sarr,M,0.0,0.72,0.0,1.1,estimated (GW4 WCs mirrored; GW6 WC table partial for D/M)
2025-26,6,597,Richarlison,F,3.17,6.83,5.0,10.7,estimated (GW4 WCs mirrored; GW6 WC table partial for D/M)
2025-26,6,603,Diouf,D,0.0,2.89,0.0,4.5,estimated (GW4 WCs mirrored; GW6 WC table partial for D/M)
2025-26,6,612,L.Paquetá,M,3.67,4.05,5.7,6.3,estimated (GW4 WCs mirrored; GW6 WC table partial for D/M)
2025-26,6,623,Potts,M,0.0,0.16,0.0,0.2,estimated (GW4 WCs mirrored; GW6 WC table partial for D/M)
2025-26,6,624,Bowen,F,0.0,1.19,0.0,1.9,estimated (GW4 WCs mirrored; GW6 WC table partial for D/M)
2025-26,6,625,Füllkrug,F,0.0,1.07,0.0,1.7,estimated (GW4 WCs mirrored; GW6 WC table partial for D/M)
2025-26,6,626,Marshall,F,0.35,0.0,0.5,0.0,estimated (GW4 WCs mirrored; GW6 WC table partial for D/M)
2025-26,6,631,Agbadou,D,3.08,2.0,4.8,3.1,estimated (GW4 WCs mirrored; GW6 WC table partial for D/M)
2025-26,6,652,Gonzalez,M,0.0,0.72,0.0,1.1,estimated (GW4 WCs mirrored; GW6 WC table partial for D/M)
2025-26,6,654,Strand Larsen,F,6.22,6.07,9.7,9.5,estimated (GW4 WCs mirrored; GW6 WC table partial for D/M)
2025-26,6,660,Stach,M,32.19,28.44,50.3,44.4,estimated (GW4 WCs mirrored; GW6 WC table partial for D/M)
2025-26,6,665,Perri,G,0.36,0.0,0.6,0.0,estimated (GW4 WCs mirrored; GW6 WC table partial for D/M)
2025-26,6,666,Gyökeres,F,54.37,30.01,85.0,46.9,estimated (GW4 WCs mirrored; GW6 WC table partial for D/M)
2025-26,6,669,Ndoye,M,0.0,0.6,0.0,0.9,estimated (GW4 WCs mirrored; GW6 WC table partial for D/M)
2025-26,6,683,Alderete,D,5.06,5.04,7.9,7.9,estimated (GW4 WCs mirrored; GW6 WC table partial for D/M)
2025-26,6,691,Calvert-Lewin,F,21.77,1.11,34.0,1.7,estimated (GW4 WCs mirrored; GW6 WC table partial for D/M)
2025-26,6,717,Xavi,M,0.0,1.0,0.0,1.6,estimated (GW4 WCs mirrored; GW6 WC table partial for D/M)
2025-26,7,1,Raya,G,46.36,28.66,72.4,44.8,estimated (GW4 WCs mirrored; GW6 WC table partial for D/M)
2025-26,7,5,Gabriel,D,49.98,37.4,78.1,58.4,estimated (GW4 WCs mirrored; GW6 WC table partial for D/M)
2025-26,7,7,Calafiori,D,1.02,0.0,1.6,0.0,estimated (GW4 WCs mirrored; GW6 WC table partial for D/M)
2025-26,7,8,J.Timber,D,0.0,3.73,0.0,5.8,estimated (GW4 WCs mirrored; GW6 WC table partial for D/M)
2025-26,7,16,Saka,M,6.17,11.89,9.6,18.6,estimated (GW4 WCs mirrored; GW6 WC table partial for D/M)
2025-26,7,33,M.Bizot,G,0.0,0.71,0.0,1.1,estimated (GW4 WCs mirrored; GW6 WC table partial for D/M)
2025-26,7,38,Konsa,D,0.0,3.19,0.0,5.0,estimated (GW4 WCs mirrored; GW6 WC table partial for D/M)
2025-26,7,47,Rogers,M,0.0,5.84,0.0,9.1,estimated (GW4 WCs mirrored; GW6 WC table partial for D/M)
2025-26,7,48,Tielemans,M,4.33,1.83,6.8,2.9,estimated (GW4 WCs mirrored; GW6 WC table partial for D/M)
2025-26,7,64,Watkins,F,3.39,18.24,5.3,28.5,estimated (GW4 WCs mirrored; GW6 WC table partial for D/M)
2025-26,7,67,Petrović,G,6.14,1.7,9.6,2.7,estimated (GW4 WCs mirrored; GW6 WC table partial for D/M)
2025-26,7,72,Senesi,D,46.16,40.71,72.1,63.6,estimated (GW4 WCs mirrored; GW6 WC table partial for D/M)
2025-26,7,82,Semenyo,M,29.62,48.75,46.3,76.2,estimated (GW4 WCs mirrored; GW6 WC table partial for D/M)
2025-26,7,83,O.Dango,M,2.13,0.6,3.3,0.9,estimated (GW4 WCs mirrored; GW6 WC table partial for D/M)
2025-26,7,97,Evanilson,F,5.39,1.19,8.4,1.9,estimated (GW4 WCs mirrored; GW6 WC table partial for D/M)
2025-26,7,100,Kroupi.Jr,F,0.23,0.0,0.4,0.0,estimated (GW4 WCs mirrored; GW6 WC table partial for D/M)
2025-26,7,101,Kelleher,G,0.36,0.71,0.6,1.1,estimated (GW4 WCs mirrored; GW6 WC table partial for D/M)
2025-26,7,105,Valdimarsson,G,0.0,0.71,0.0,1.1,estimated (GW4 WCs mirrored; GW6 WC table partial for D/M)
2025-26,7,119,Mbeumo,M,0.3,3.57,0.5,5.6,estimated (GW4 WCs mirrored; GW6 WC table partial for D/M)
2025-26,7,123,Carvalho,M,0.0,0.72,0.0,1.1,estimated (GW4 WCs mirrored; GW6 WC table partial for D/M)
2025-26,7,136,Thiago,F,0.0,0.08,0.0,0.1,estimated (GW4 WCs mirrored; GW6 WC table partial for D/M)
2025-26,7,139,Verbruggen,G,1.08,2.85,1.7,4.5,estimated (GW4 WCs mirrored; GW6 WC table partial for D/M)
2025-26,7,145,De Cuyper,D,0.0,1.89,0.0,3.0,estimated (GW4 WCs mirrored; GW6 WC table partial for D/M)
2025-26,7,151,Van Hecke,D,4.14,1.93,6.5,3.0,estimated (GW4 WCs mirrored; GW6 WC table partial for D/M)
2025-26,7,157,Mitoma,M,1.48,0.72,2.3,1.1,estimated (GW4 WCs mirrored; GW6 WC table partial for D/M)
2025-26,7,158,Georginio,M,9.71,3.31,15.2,5.2,estimated (GW4 WCs mirrored; GW6 WC table partial for D/M)
2025-26,7,160,Minteh,M,3.24,1.11,5.1,1.7,estimated (GW4 WCs mirrored; GW6 WC table partial for D/M)
2025-26,7,190,Ekdal,D,0.0,0.68,0.0,1.1,estimated (GW4 WCs mirrored; GW6 WC table partial for D/M)
2025-26,7,191,Estève,D,18.6,29.56,29.1,46.2,estimated (GW4 WCs mirrored; GW6 WC table partial for D/M)
2025-26,7,192,Hartman,D,0.0,0.76,0.0,1.2,estimated (GW4 WCs mirrored; GW6 WC table partial for D/M)
2025-26,7,217,Foster,F,1.81,1.11,2.8,1.7,estimated (GW4 WCs mirrored; GW6 WC table partial for D/M)
2025-26,7,220,Sánchez,G,12.6,20.31,19.7,31.7,estimated (GW4 WCs mirrored; GW6 WC table partial for D/M)
2025-26,7,232,Tosin,D,0.0,3.02,0.0,4.7,estimated (GW4 WCs mirrored; GW6 WC table partial for D/M)
2025-26,7,235,Palmer,M,1.14,1.28,1.8,2.0,estimated (GW4 WCs mirrored; GW6 WC table partial for D/M)
2025-26,7,237,Enzo,M,5.06,0.0,7.9,0.0,estimated (GW4 WCs mirrored; GW6 WC table partial for D/M)
2025-26,7,242,Dewsbury-Hall,M,0.0,9.25,0.0,14.5,estimated (GW4 WCs mirrored; GW6 WC table partial for D/M)
2025-26,7,249,João Pedro,F,9.98,38.82,15.6,60.7,estimated (GW4 WCs mirrored; GW6 WC table partial for D/M)
2025-26,7,252,Marc Guiu,F,17.67,14.01,27.6,21.9,estimated (GW4 WCs mirrored; GW6 WC table partial for D/M)
2025-26,7,256,Muñoz,D,1.09,5.83,1.7,9.1,estimated (GW4 WCs mirrored; GW6 WC table partial for D/M)
2025-26,7,257,Lacroix,D,11.28,5.68,17.6,8.9,estimated (GW4 WCs mirrored; GW6 WC table partial for D/M)
2025-26,7,261,Richards,D,2.19,16.15,3.4,25.2,estimated (GW4 WCs mirrored; GW6 WC table partial for D/M)
2025-26,7,266,Eze,M,0.09,1.02,0.1,1.6,estimated (GW4 WCs mirrored; GW6 WC table partial for D/M)
2025-26,7,267,Sarr,M,2.38,5.29,3.7,8.3,estimated (GW4 WCs mirrored; GW6 WC table partial for D/M)
2025-26,7,283,Mateta,F,9.89,9.11,15.5,14.2,estimated (GW4 WCs mirrored; GW6 WC table partial for D/M)
2025-26,7,291,Tarkowski,D,42.0,21.66,65.6,33.8,estimated (GW4 WCs mirrored; GW6 WC table partial for D/M)
2025-26,7,295,Keane,D,0.0,0.76,0.0,1.2,estimated (GW4 WCs mirrored; GW6 WC table partial for D/M)
2025-26,7,299,Ndiaye,M,39.88,23.19,62.3,36.2,estimated (GW4 WCs mirrored; GW6 WC table partial for D/M)
2025-26,7,317,Andersen,D,61.94,42.27,96.8,66.0,estimated (GW4 WCs mirrored; GW6 WC table partial for D/M)
2025-26,7,335,King,M,0.0,1.63,0.0,2.5,estimated (GW4 WCs mirrored; GW6 WC table partial for D/M)
2025-26,7,337,Raúl,F,0.0,0.12,0.0,0.2,estimated (GW4 WCs mirrored; GW6 WC table partial for D/M)
2025-26,7,338,Muniz,F,0.91,0.12,1.4,0.2,estimated (GW4 WCs mirrored; GW6 WC table partial for D/M)
2025-26,7,347,Gudmundsson,D,0.64,0.0,1.0,0.0,estimated (GW4 WCs mirrored; GW6 WC table partial for D/M)
2025-26,7,348,Rodon,D,5.98,16.75,9.3,26.2,estimated (GW4 WCs mirrored; GW6 WC table partial for D/M)
2025-26,7,367,Mamardashvili,G,0.0,1.02,0.0,1.6,estimated (GW4 WCs mirrored; GW6 WC table partial for D/M)
2025-26,7,370,Frimpong,D,0.0,0.17,0.0,0.3,estimated (GW4 WCs mirrored; GW6 WC table partial for D/M)
2025-26,7,373,Virgil,D,5.94,1.27,9.3,2.0,estimated (GW4 WCs mirrored; GW6 WC table partial for D/M)
2025-26,7,381,M.Salah,M,8.12,7.83,12.7,12.2,estimated (GW4 WCs mirrored; GW6 WC table partial for D/M)
2025-26,7,382,Wirtz,M,11.6,8.53,18.1,13.3,estimated (GW4 WCs mirrored; GW6 WC table partial for D/M)
2025-26,7,384,Gakpo,M,0.89,0.0,1.4,0.0,estimated (GW4 WCs mirrored; GW6 WC table partial for D/M)
2025-26,7,389,Elliott,M,0.38,0.0,0.6,0.0,estimated (GW4 WCs mirrored; GW6 WC table partial for D/M)
2025-26,7,402,Aït-Nouri,D,0.0,1.79,0.0,2.8,estimated (GW4 WCs mirrored; GW6 WC table partial for D/M)
2025-26,7,403,Gvardiol,D,18.86,4.85,29.5,7.6,estimated (GW4 WCs mirrored; GW6 WC table partial for D/M)
2025-26,7,413,Marmoush,M,0.0,0.72,0.0,1.1,estimated (GW4 WCs mirrored; GW6 WC table partial for D/M)
2025-26,7,414,Foden,M,24.92,11.0,38.9,17.2,estimated (GW4 WCs mirrored; GW6 WC table partial for D/M)
2025-26,7,419,Grealish,M,0.0,2.24,0.0,3.5,estimated (GW4 WCs mirrored; GW6 WC table partial for D/M)
2025-26,7,427,Reijnders,M,56.33,55.41,88.0,86.6,estimated (GW4 WCs mirrored; GW6 WC table partial for D/M)
2025-26,7,430,Haaland,F,56.56,57.01,88.4,89.1,estimated (GW4 WCs mirrored; GW6 WC table partial for D/M)
2025-26,7,441,Dorgu,D,6.61,5.19,10.3,8.1,estimated (GW4 WCs mirrored; GW6 WC table partial for D/M)
2025-26,7,449,B.Fernandes,M,64.0,55.32,100.0,86.4,estimated (GW4 WCs mirrored; GW6 WC table partial for D/M)
2025-26,7,450,Cunha,M,4.67,3.5,7.3,5.5,estimated (GW4 WCs mirrored; GW6 WC table partial for D/M)
2025-26,7,469,Pope,G,0.0,1.02,0.0,1.6,estimated (GW4 WCs mirrored; GW6 WC table partial for D/M)
2025-26,7,470,Dúbravka,G,58.4,59.79,91.2,93.4,estimated (GW4 WCs mirrored; GW6 WC table partial for D/M)
2025-26,7,478,Trippier,D,0.0,1.02,0.0,1.6,estimated (GW4 WCs mirrored; GW6 WC table partial for D/M)
2025-26,7,485,Gordon,M,0.0,7.17,0.0,11.2,estimated (GW4 WCs mirrored; GW6 WC table partial for D/M)
2025-26,7,486,Elanga,M,0.0,0.25,0.0,0.4,estimated (GW4 WCs mirrored; GW6 WC table partial for D/M)
2025-26,7,487,Barnes,M,0.38,0.0,0.6,0.0,estimated (GW4 WCs mirrored; GW6 WC table partial for D/M)
2025-26,7,491,Tonali,M,0.38,0.72,0.6,1.1,estimated (GW4 WCs mirrored; GW6 WC table partial for D/M)
2025-26,7,502,Sels,G,0.0,9.76,0.0,15.2,estimated (GW4 WCs mirrored; GW6 WC table partial for D/M)
2025-26,7,505,Milenković,D,0.42,3.17,0.7,5.0,estimated (GW4 WCs mirrored; GW6 WC table partial for D/M)
2025-26,7,506,Murillo,D,10.81,9.84,16.9,15.4,estimated (GW4 WCs mirrored; GW6 WC table partial for D/M)
2025-26,7,508,N.Williams,D,1.5,9.42,2.3,14.7,estimated (GW4 WCs mirrored; GW6 WC table partial for D/M)
2025-26,7,517,Anderson,M,4.8,3.75,7.5,5.9,estimated (GW4 WCs mirrored; GW6 WC table partial for D/M)
2025-26,7,525,Wood,F,0.28,2.98,0.4,4.7,estimated (GW4 WCs mirrored; GW6 WC table partial for D/M)
2025-26,7,565,Vicario,G,2.88,1.82,4.5,2.8,estimated (GW4 WCs mirrored; GW6 WC table partial for D/M)
2025-26,7,568,Pedro Porro,D,19.28,28.19,30.1,44.0,estimated (GW4 WCs mirrored; GW6 WC table partial for D/M)
2025-26,7,569,Romero,D,2.57,1.97,4.0,3.1,estimated (GW4 WCs mirrored; GW6 WC table partial for D/M)
2025-26,7,573,Spence,D,0.42,0.0,0.7,0.0,estimated (GW4 WCs mirrored; GW6 WC table partial for D/M)
2025-26,7,575,Van de Ven,D,0.42,11.33,0.7,17.7,estimated (GW4 WCs mirrored; GW6 WC table partial for D/M)
2025-26,7,580,Johnson,M,0.0,0.6,0.0,0.9,estimated (GW4 WCs mirrored; GW6 WC table partial for D/M)
2025-26,7,582,Kudus,M,0.61,8.14,1.0,12.7,estimated (GW4 WCs mirrored; GW6 WC table partial for D/M)
2025-26,7,593,P.M.Sarr,M,0.0,0.72,0.0,1.1,estimated (GW4 WCs mirrored; GW6 WC table partial for D/M)
2025-26,7,597,Richarlison,F,3.17,5.8,5.0,9.1,estimated (GW4 WCs mirrored; GW6 WC table partial for D/M)
2025-26,7,603,Diouf,D,0.0,2.85,0.0,4.5,estimated (GW4 WCs mirrored; GW6 WC table partial for D/M)
2025-26,7,612,L.Paquetá,M,3.67,4.02,5.7,6.3,estimated (GW4 WCs mirrored; GW6 WC table partial for D/M)
2025-26,7,623,Potts,M,0.0,0.16,0.0,0.2,estimated (GW4 WCs mirrored; GW6 WC table partial for D/M)
2025-26,7,624,Bowen,F,0.0,0.16,0.0,0.2,estimated (GW4 WCs mirrored; GW6 WC table partial for D/M)
2025-26,7,625,Füllkrug,F,0.0,1.07,0.0,1.7,estimated (GW4 WCs mirrored; GW6 WC table partial for D/M)
2025-26,7,626,Marshall,F,0.35,0.0,0.5,0.0,estimated (GW4 WCs mirrored; GW6 WC table partial for D/M)
2025-26,7,631,Agbadou,D,3.08,1.97,4.8,3.1,estimated (GW4 WCs mirrored; GW6 WC table partial for D/M)
2025-26,7,652,Gonzalez,M,0.0,0.72,0.0,1.1,estimated (GW4 WCs mirrored; GW6 WC table partial for D/M)
2025-26,7,654,Strand Larsen,F,6.22,6.07,9.7,9.5,estimated (GW4 WCs mirrored; GW6 WC table partial for D/M)
2025-26,7,660,Stach,M,32.19,28.21,50.3,44.1,estimated (GW4 WCs mirrored; GW6 WC table partial for D/M)
2025-26,7,665,Perri,G,0.36,0.0,0.6,0.0,estimated (GW4 WCs mirrored; GW6 WC table partial for D/M)
2025-26,7,666,Gyökeres,F,54.37,36.2,85.0,56.6,estimated (GW4 WCs mirrored; GW6 WC table partial for D/M)
2025-26,7,683,Alderete,D,5.06,4.97,7.9,7.8,estimated (GW4 WCs mirrored; GW6 WC table partial for D/M)
2025-26,7,691,Calvert-Lewin,F,21.77,1.11,34.0,1.7,estimated (GW4 WCs mirrored; GW6 WC table partial for D/M)
2025-26,7,717,Xavi,M,0.0,0.99,0.0,1.5,estimated (GW4 WCs mirrored; GW6 WC table partial for D/M)
2025-26,8,1,Raya,G,59.66,27.53,93.2,43.0,estimated (GW4 WCs mirrored; GW6 WC table partial for D/M)
2025-26,8,5,Gabriel,D,59.58,42.57,93.1,66.5,estimated (GW4 WCs mirrored; GW6 WC table partial for D/M)
2025-26,8,7,Calafiori,D,0.72,0.0,1.1,0.0,estimated (GW4 WCs mirrored; GW6 WC table partial for D/M)
2025-26,8,8,J.Timber,D,0.0,7.03,0.0,11.0,estimated (GW4 WCs mirrored; GW6 WC table partial for D/M)
2025-26,8,16,Saka,M,10.03,19.74,15.7,30.8,estimated (GW4 WCs mirrored; GW6 WC table partial for D/M)
2025-26,8,33,M.Bizot,G,0.0,0.71,0.0,1.1,estimated (GW4 WCs mirrored; GW6 WC table partial for D/M)
2025-26,8,38,Konsa,D,0.0,2.05,0.0,3.2,estimated (GW4 WCs mirrored; GW6 WC table partial for D/M)
2025-26,8,47,Rogers,M,0.0,5.84,0.0,9.1,estimated (GW4 WCs mirrored; GW6 WC table partial for D/M)
2025-26,8,48,Tielemans,M,3.21,1.83,5.0,2.9,estimated (GW4 WCs mirrored; GW6 WC table partial for D/M)
2025-26,8,64,Watkins,F,2.91,13.74,4.5,21.5,estimated (GW4 WCs mirrored; GW6 WC table partial for D/M)
2025-26,8,67,Petrović,G,5.35,1.7,8.4,2.7,estimated (GW4 WCs mirrored; GW6 WC table partial for D/M)
2025-26,8,72,Senesi,D,38.21,40.29,59.7,63.0,estimated (GW4 WCs mirrored; GW6 WC table partial for D/M)
2025-26,8,82,Semenyo,M,34.7,48.73,54.2,76.1,estimated (GW4 WCs mirrored; GW6 WC table partial for D/M)
2025-26,8,83,O.Dango,M,1.42,0.6,2.2,0.9,estimated (GW4 WCs mirrored; GW6 WC table partial for D/M)
2025-26,8,97,Evanilson,F,7.0,1.19,10.9,1.9,estimated (GW4 WCs mirrored; GW6 WC table partial for D/M)
2025-26,8,100,Kroupi.Jr,F,0.2,0.0,0.3,0.0,estimated (GW4 WCs mirrored; GW6 WC table partial for D/M)
2025-26,8,101,Kelleher,G,0.3,0.71,0.5,1.1,estimated (GW4 WCs mirrored; GW6 WC table partial for D/M)
2025-26,8,105,Valdimarsson,G,0.0,0.71,0.0,1.1,estimated (GW4 WCs mirrored; GW6 WC table partial for D/M)
2025-26,8,119,Mbeumo,M,0.2,1.32,0.3,2.1,estimated (GW4 WCs mirrored; GW6 WC table partial for D/M)
2025-26,8,123,Carvalho,M,0.0,0.72,0.0,1.1,estimated (GW4 WCs mirrored; GW6 WC table partial for D/M)
2025-26,8,136,Thiago,F,0.78,1.2,1.2,1.9,estimated (GW4 WCs mirrored; GW6 WC table partial for D/M)
2025-26,8,139,Verbruggen,G,0.9,2.85,1.4,4.5,estimated (GW4 WCs mirrored; GW6 WC table partial for D/M)
2025-26,8,145,De Cuyper,D,0.0,1.87,0.0,2.9,estimated (GW4 WCs mirrored; GW6 WC table partial for D/M)
2025-26,8,151,Van Hecke,D,2.95,1.91,4.6,3.0,estimated (GW4 WCs mirrored; GW6 WC table partial for D/M)
2025-26,8,157,Mitoma,M,3.0,0.72,4.7,1.1,estimated (GW4 WCs mirrored; GW6 WC table partial for D/M)
2025-26,8,158,Georginio,M,8.12,2.18,12.7,3.4,estimated (GW4 WCs mirrored; GW6 WC table partial for D/M)
2025-26,8,160,Minteh,M,4.26,1.11,6.7,1.7,estimated (GW4 WCs mirrored; GW6 WC table partial for D/M)
2025-26,8,190,Ekdal,D,0.0,0.67,0.0,1.0,estimated (GW4 WCs mirrored; GW6 WC table partial for D/M)
2025-26,8,191,Estève,D,13.56,29.26,21.2,45.7,estimated (GW4 WCs mirrored; GW6 WC table partial for D/M)
2025-26,8,192,Hartman,D,0.0,0.75,0.0,1.2,estimated (GW4 WCs mirrored; GW6 WC table partial for D/M)
2025-26,8,217,Foster,F,2.0,0.0,3.1,0.0,estimated (GW4 WCs mirrored; GW6 WC table partial for D/M)
2025-26,8,220,Sánchez,G,10.72,20.31,16.8,31.7,estimated (GW4 WCs mirrored; GW6 WC table partial for D/M)
2025-26,8,232,Tosin,D,0.0,2.99,0.0,4.7,estimated (GW4 WCs mirrored; GW6 WC table partial for D/M)
2025-26,8,235,Palmer,M,0.75,1.28,1.2,2.0,estimated (GW4 WCs mirrored; GW6 WC table partial for D/M)
2025-26,8,237,Enzo,M,8.38,0.0,13.1,0.0,estimated (GW4 WCs mirrored; GW6 WC table partial for D/M)
2025-26,8,242,Dewsbury-Hall,M,0.0,9.25,0.0,14.5,estimated (GW4 WCs mirrored; GW6 WC table partial for D/M)
2025-26,8,249,João Pedro,F,11.98,39.94,18.7,62.4,estimated (GW4 WCs mirrored; GW6 WC table partial for D/M)
2025-26,8,252,Marc Guiu,F,16.0,14.01,25.0,21.9,estimated (GW4 WCs mirrored; GW6 WC table partial for D/M)
2025-26,8,256,Muñoz,D,1.34,5.77,2.1,9.0,estimated (GW4 WCs mirrored; GW6 WC table partial for D/M)
2025-26,8,257,Lacroix,D,17.42,5.62,27.2,8.8,estimated (GW4 WCs mirrored; GW6 WC table partial for D/M)
2025-26,8,261,Richards,D,1.78,15.99,2.8,25.0,estimated (GW4 WCs mirrored; GW6 WC table partial for D/M)
2025-26,8,266,Eze,M,0.06,3.27,0.1,5.1,estimated (GW4 WCs mirrored; GW6 WC table partial for D/M)
2025-26,8,267,Sarr,M,2.46,10.9,3.8,17.0,estimated (GW4 WCs mirrored; GW6 WC table partial for D/M)
2025-26,8,283,Mateta,F,11.7,9.11,18.3,14.2,estimated (GW4 WCs mirrored; GW6 WC table partial for D/M)
2025-26,8,291,Tarkowski,D,42.3,18.1,66.1,28.3,estimated (GW4 WCs mirrored; GW6 WC table partial for D/M)
2025-26,8,295,Keane,D,0.0,0.75,0.0,1.2,estimated (GW4 WCs mirrored; GW6 WC table partial for D/M)
2025-26,8,299,Ndiaye,M,37.49,20.94,58.6,32.7,estimated (GW4 WCs mirrored; GW6 WC table partial for D/M)
2025-26,8,317,Andersen,D,60.92,40.72,95.2,63.6,estimated (GW4 WCs mirrored; GW6 WC table partial for D/M)
2025-26,8,335,King,M,1.0,1.63,1.6,2.5,estimated (GW4 WCs mirrored; GW6 WC table partial for D/M)
2025-26,8,337,Raúl,F,0.0,0.12,0.0,0.2,estimated (GW4 WCs mirrored; GW6 WC table partial for D/M)
2025-26,8,338,Muniz,F,0.78,0.12,1.2,0.2,estimated (GW4 WCs mirrored; GW6 WC table partial for D/M)
2025-26,8,347,Gudmundsson,D,1.0,0.0,1.6,0.0,estimated (GW4 WCs mirrored; GW6 WC table partial for D/M)
2025-26,8,348,Rodon,D,4.27,16.58,6.7,25.9,estimated (GW4 WCs mirrored; GW6 WC table partial for D/M)
2025-26,8,367,Mamardashvili,G,0.0,2.15,0.0,3.4,estimated (GW4 WCs mirrored; GW6 WC table partial for D/M)
2025-26,8,370,Frimpong,D,0.0,0.16,0.0,0.2,estimated (GW4 WCs mirrored; GW6 WC table partial for D/M)
2025-26,8,373,Virgil,D,19.5,0.14,30.5,0.2,estimated (GW4 WCs mirrored; GW6 WC table partial for D/M)
2025-26,8,381,M.Salah,M,8.88,7.83,13.9,12.2,estimated (GW4 WCs mirrored; GW6 WC table partial for D/M)
2025-26,8,382,Wirtz,M,7.02,7.4,11.0,11.6,estimated (GW4 WCs mirrored; GW6 WC table partial for D/M)
2025-26,8,384,Gakpo,M,0.59,0.0,0.9,0.0,estimated (GW4 WCs mirrored; GW6 WC table partial for D/M)
2025-26,8,389,Elliott,M,0.25,0.0,0.4,0.0,estimated (GW4 WCs mirrored; GW6 WC table partial for D/M)
2025-26,8,402,Aït-Nouri,D,0.0,1.77,0.0,2.8,estimated (GW4 WCs mirrored; GW6 WC table partial for D/M)
2025-26,8,403,Gvardiol,D,18.75,4.8,29.3,7.5,estimated (GW4 WCs mirrored; GW6 WC table partial for D/M)
2025-26,8,413,Marmoush,M,0.0,0.72,0.0,1.1,estimated (GW4 WCs mirrored; GW6 WC table partial for D/M)
2025-26,8,414,Foden,M,22.59,10.99,35.3,17.2,estimated (GW4 WCs mirrored; GW6 WC table partial for D/M)
2025-26,8,419,Grealish,M,0.0,1.11,0.0,1.7,estimated (GW4 WCs mirrored; GW6 WC table partial for D/M)
2025-26,8,427,Reijnders,M,51.38,55.39,80.3,86.5,estimated (GW4 WCs mirrored; GW6 WC table partial for D/M)
2025-26,8,430,Haaland,F,56.78,57.01,88.7,89.1,estimated (GW4 WCs mirrored; GW6 WC table partial for D/M)
2025-26,8,441,Dorgu,D,5.29,5.14,8.3,8.0,estimated (GW4 WCs mirrored; GW6 WC table partial for D/M)
2025-26,8,449,B.Fernandes,M,64.0,50.81,100.0,79.4,estimated (GW4 WCs mirrored; GW6 WC table partial for D/M)
2025-26,8,450,Cunha,M,1.41,1.25,2.2,2.0,estimated (GW4 WCs mirrored; GW6 WC table partial for D/M)
2025-26,8,469,Pope,G,0.0,2.15,0.0,3.4,estimated (GW4 WCs mirrored; GW6 WC table partial for D/M)
2025-26,8,470,Dúbravka,G,48.57,59.79,75.9,93.4,estimated (GW4 WCs mirrored; GW6 WC table partial for D/M)
2025-26,8,478,Trippier,D,0.0,1.01,0.0,1.6,estimated (GW4 WCs mirrored; GW6 WC table partial for D/M)
2025-26,8,485,Gordon,M,0.0,7.17,0.0,11.2,estimated (GW4 WCs mirrored; GW6 WC table partial for D/M)
2025-26,8,486,Elanga,M,0.0,0.25,0.0,0.4,estimated (GW4 WCs mirrored; GW6 WC table partial for D/M)
2025-26,8,487,Barnes,M,0.25,0.0,0.4,0.0,estimated (GW4 WCs mirrored; GW6 WC table partial for D/M)
2025-26,8,491,Tonali,M,0.25,0.72,0.4,1.1,estimated (GW4 WCs mirrored; GW6 WC table partial for D/M)
2025-26,8,502,Sels,G,0.0,8.63,0.0,13.5,estimated (GW4 WCs mirrored; GW6 WC table partial for D/M)
2025-26,8,505,Milenković,D,0.3,3.14,0.5,4.9,estimated (GW4 WCs mirrored; GW6 WC table partial for D/M)
2025-26,8,506,Murillo,D,6.99,9.74,10.9,15.2,estimated (GW4 WCs mirrored; GW6 WC table partial for D/M)
2025-26,8,508,N.Williams,D,1.07,8.21,1.7,12.8,estimated (GW4 WCs mirrored; GW6 WC table partial for D/M)
2025-26,8,517,Anderson,M,3.19,3.75,5.0,5.9,estimated (GW4 WCs mirrored; GW6 WC table partial for D/M)
2025-26,8,525,Wood,F,0.24,1.86,0.4,2.9,estimated (GW4 WCs mirrored; GW6 WC table partial for D/M)
2025-26,8,565,Vicario,G,2.4,1.82,3.8,2.8,estimated (GW4 WCs mirrored; GW6 WC table partial for D/M)
2025-26,8,568,Pedro Porro,D,14.04,27.9,21.9,43.6,estimated (GW4 WCs mirrored; GW6 WC table partial for D/M)
2025-26,8,569,Romero,D,1.11,1.95,1.7,3.0,estimated (GW4 WCs mirrored; GW6 WC table partial for D/M)
2025-26,8,573,Spence,D,0.3,0.0,0.5,0.0,estimated (GW4 WCs mirrored; GW6 WC table partial for D/M)
2025-26,8,575,Van de Ven,D,0.3,11.21,0.5,17.5,estimated (GW4 WCs mirrored; GW6 WC table partial for D/M)
2025-26,8,580,Johnson,M,0.0,0.6,0.0,0.9,estimated (GW4 WCs mirrored; GW6 WC table partial for D/M)
2025-26,8,582,Kudus,M,2.0,8.14,3.1,12.7,estimated (GW4 WCs mirrored; GW6 WC table partial for D/M)
2025-26,8,593,P.M.Sarr,M,0.0,0.72,0.0,1.1,estimated (GW4 WCs mirrored; GW6 WC table partial for D/M)
2025-26,8,597,Richarlison,F,3.15,2.43,4.9,3.8,estimated (GW4 WCs mirrored; GW6 WC table partial for D/M)
2025-26,8,603,Diouf,D,0.0,2.82,0.0,4.4,estimated (GW4 WCs mirrored; GW6 WC table partial for D/M)
2025-26,8,612,L.Paquetá,M,8.26,5.14,12.9,8.0,estimated (GW4 WCs mirrored; GW6 WC table partial for D/M)
2025-26,8,623,Potts,M,0.0,0.16,0.0,0.2,estimated (GW4 WCs mirrored; GW6 WC table partial for D/M)
2025-26,8,624,Bowen,F,0.0,6.9,0.0,10.8,estimated (GW4 WCs mirrored; GW6 WC table partial for D/M)
2025-26,8,625,Füllkrug,F,0.0,1.07,0.0,1.7,estimated (GW4 WCs mirrored; GW6 WC table partial for D/M)
2025-26,8,626,Marshall,F,0.3,0.0,0.5,0.0,estimated (GW4 WCs mirrored; GW6 WC table partial for D/M)
2025-26,8,631,Agbadou,D,2.2,1.95,3.4,3.0,estimated (GW4 WCs mirrored; GW6 WC table partial for D/M)
2025-26,8,652,Gonzalez,M,0.0,0.72,0.0,1.1,estimated (GW4 WCs mirrored; GW6 WC table partial for D/M)
2025-26,8,654,Strand Larsen,F,5.44,6.07,8.5,9.5,estimated (GW4 WCs mirrored; GW6 WC table partial for D/M)
2025-26,8,660,Stach,M,34.0,27.08,53.1,42.3,estimated (GW4 WCs mirrored; GW6 WC table partial for D/M)
2025-26,8,665,Perri,G,0.3,0.0,0.5,0.0,estimated (GW4 WCs mirrored; GW6 WC table partial for D/M)
2025-26,8,666,Gyökeres,F,53.38,32.83,83.4,51.3,estimated (GW4 WCs mirrored; GW6 WC table partial for D/M)
2025-26,8,683,Alderete,D,4.47,4.92,7.0,7.7,estimated (GW4 WCs mirrored; GW6 WC table partial for D/M)
2025-26,8,691,Calvert-Lewin,F,19.37,5.6,30.3,8.8,estimated (GW4 WCs mirrored; GW6 WC table partial for D/M)
2025-26,8,694,Mukiele,D,1.62,2.22,2.5,3.5,estimated (GW4 WCs mirrored; GW6 WC table partial for D/M)
2025-26,9,1,Raya,G,59.66,27.53,93.2,43.0,estimated (GW4 WCs mirrored; GW6 WC table partial for D/M)
2025-26,9,5,Gabriel,D,59.58,42.53,93.1,66.5,estimated (GW4 WCs mirrored; GW6 WC table partial for D/M)
2025-26,9,7,Calafiori,D,0.72,0.0,1.1,0.0,estimated (GW4 WCs mirrored; GW6 WC table partial for D/M)
2025-26,9,8,J.Timber,D,1.0,9.23,1.6,14.4,estimated (GW4 WCs mirrored; GW6 WC table partial for D/M)
2025-26,9,16,Saka,M,14.03,25.26,21.9,39.5,estimated (GW4 WCs mirrored; GW6 WC table partial for D/M)
2025-26,9,33,M.Bizot,G,0.0,0.71,0.0,1.1,estimated (GW4 WCs mirrored; GW6 WC table partial for D/M)
2025-26,9,38,Konsa,D,0.0,0.94,0.0,1.5,estimated (GW4 WCs mirrored; GW6 WC table partial for D/M)
2025-26,9,47,Rogers,M,0.0,4.74,0.0,7.4,estimated (GW4 WCs mirrored; GW6 WC table partial for D/M)
2025-26,9,48,Tielemans,M,2.21,1.83,3.5,2.9,estimated (GW4 WCs mirrored; GW6 WC table partial for D/M)
2025-26,9,64,Watkins,F,2.91,12.57,4.5,19.6,estimated (GW4 WCs mirrored; GW6 WC table partial for D/M)
2025-26,9,67,Petrović,G,5.35,1.7,8.4,2.7,estimated (GW4 WCs mirrored; GW6 WC table partial for D/M)
2025-26,9,72,Senesi,D,38.21,41.36,59.7,64.6,estimated (GW4 WCs mirrored; GW6 WC table partial for D/M)
2025-26,9,74,Truffert,D,0.0,1.1,0.0,1.7,estimated (GW4 WCs mirrored; GW6 WC table partial for D/M)
2025-26,9,82,Semenyo,M,34.7,48.73,54.2,76.1,estimated (GW4 WCs mirrored; GW6 WC table partial for D/M)
2025-26,9,83,O.Dango,M,1.42,0.6,2.2,0.9,estimated (GW4 WCs mirrored; GW6 WC table partial for D/M)
2025-26,9,97,Evanilson,F,1.0,0.0,1.6,0.0,estimated (GW4 WCs mirrored; GW6 WC table partial for D/M)
2025-26,9,100,Kroupi.Jr,F,7.2,5.49,11.2,8.6,estimated (GW4 WCs mirrored; GW6 WC table partial for D/M)
2025-26,9,101,Kelleher,G,0.3,0.71,0.5,1.1,estimated (GW4 WCs mirrored; GW6 WC table partial for D/M)
2025-26,9,105,Valdimarsson,G,0.0,0.71,0.0,1.1,estimated (GW4 WCs mirrored; GW6 WC table partial for D/M)
2025-26,9,119,Mbeumo,M,0.2,1.32,0.3,2.1,estimated (GW4 WCs mirrored; GW6 WC table partial for D/M)
2025-26,9,123,Carvalho,M,0.0,0.72,0.0,1.1,estimated (GW4 WCs mirrored; GW6 WC table partial for D/M)
2025-26,9,136,Thiago,F,0.78,1.2,1.2,1.9,estimated (GW4 WCs mirrored; GW6 WC table partial for D/M)
2025-26,9,139,Verbruggen,G,0.9,2.85,1.4,4.5,estimated (GW4 WCs mirrored; GW6 WC table partial for D/M)
2025-26,9,145,De Cuyper,D,0.0,1.87,0.0,2.9,estimated (GW4 WCs mirrored; GW6 WC table partial for D/M)
2025-26,9,151,Van Hecke,D,2.95,0.81,4.6,1.3,estimated (GW4 WCs mirrored; GW6 WC table partial for D/M)
2025-26,9,157,Mitoma,M,1.0,0.72,1.6,1.1,estimated (GW4 WCs mirrored; GW6 WC table partial for D/M)
2025-26,9,158,Georginio,M,5.12,2.18,8.0,3.4,estimated (GW4 WCs mirrored; GW6 WC table partial for D/M)
2025-26,9,160,Minteh,M,7.26,2.21,11.3,3.5,estimated (GW4 WCs mirrored; GW6 WC table partial for D/M)
2025-26,9,190,Ekdal,D,0.0,0.67,0.0,1.0,estimated (GW4 WCs mirrored; GW6 WC table partial for D/M)
2025-26,9,191,Estève,D,13.56,30.33,21.2,47.4,estimated (GW4 WCs mirrored; GW6 WC table partial for D/M)
2025-26,9,192,Hartman,D,0.0,0.75,0.0,1.2,estimated (GW4 WCs mirrored; GW6 WC table partial for D/M)
2025-26,9,217,Foster,F,1.0,0.0,1.6,0.0,estimated (GW4 WCs mirrored; GW6 WC table partial for D/M)
2025-26,9,220,Sánchez,G,10.72,20.31,16.8,31.7,estimated (GW4 WCs mirrored; GW6 WC table partial for D/M)
2025-26,9,225,James,D,0.0,2.21,0.0,3.5,estimated (GW4 WCs mirrored; GW6 WC table partial for D/M)
2025-26,9,232,Tosin,D,0.0,2.99,0.0,4.7,estimated (GW4 WCs mirrored; GW6 WC table partial for D/M)
2025-26,9,235,Palmer,M,0.75,1.28,1.2,2.0,estimated (GW4 WCs mirrored; GW6 WC table partial for D/M)
2025-26,9,237,Enzo,M,47.38,27.59,74.0,43.1,estimated (GW4 WCs mirrored; GW6 WC table partial for D/M)
2025-26,9,242,Dewsbury-Hall,M,0.0,9.25,0.0,14.5,estimated (GW4 WCs mirrored; GW6 WC table partial for D/M)
2025-26,9,249,João Pedro,F,11.98,37.54,18.7,58.7,estimated (GW4 WCs mirrored; GW6 WC table partial for D/M)
2025-26,9,252,Marc Guiu,F,17.0,17.23,26.6,26.9,estimated (GW4 WCs mirrored; GW6 WC table partial for D/M)
2025-26,9,256,Muñoz,D,0.34,5.76,0.5,9.0,estimated (GW4 WCs mirrored; GW6 WC table partial for D/M)
2025-26,9,257,Lacroix,D,17.42,4.52,27.2,7.1,estimated (GW4 WCs mirrored; GW6 WC table partial for D/M)
2025-26,9,261,Richards,D,1.78,15.97,2.8,25.0,estimated (GW4 WCs mirrored; GW6 WC table partial for D/M)
2025-26,9,266,Eze,M,0.06,3.27,0.1,5.1,estimated (GW4 WCs mirrored; GW6 WC table partial for D/M)
2025-26,9,267,Sarr,M,2.46,10.9,3.8,17.0,estimated (GW4 WCs mirrored; GW6 WC table partial for D/M)
2025-26,9,283,Mateta,F,11.7,10.16,18.3,15.9,estimated (GW4 WCs mirrored; GW6 WC table partial for D/M)
2025-26,9,291,Tarkowski,D,44.3,12.57,69.2,19.6,estimated (GW4 WCs mirrored; GW6 WC table partial for D/M)
2025-26,9,295,Keane,D,6.0,6.26,9.4,9.8,estimated (GW4 WCs mirrored; GW6 WC table partial for D/M)
2025-26,9,299,Ndiaye,M,36.49,19.83,57.0,31.0,estimated (GW4 WCs mirrored; GW6 WC table partial for D/M)
2025-26,9,317,Andersen,D,59.92,35.17,93.6,55.0,estimated (GW4 WCs mirrored; GW6 WC table partial for D/M)
2025-26,9,335,King,M,0.0,0.53,0.0,0.8,estimated (GW4 WCs mirrored; GW6 WC table partial for D/M)
2025-26,9,337,Raúl,F,0.0,0.12,0.0,0.2,estimated (GW4 WCs mirrored; GW6 WC table partial for D/M)
2025-26,9,338,Muniz,F,0.78,0.12,1.2,0.2,estimated (GW4 WCs mirrored; GW6 WC table partial for D/M)
2025-26,9,347,Gudmundsson,D,1.0,0.0,1.6,0.0,estimated (GW4 WCs mirrored; GW6 WC table partial for D/M)
2025-26,9,348,Rodon,D,6.27,24.28,9.8,37.9,estimated (GW4 WCs mirrored; GW6 WC table partial for D/M)
2025-26,9,367,Mamardashvili,G,0.0,2.15,0.0,3.4,estimated (GW4 WCs mirrored; GW6 WC table partial for D/M)
2025-26,9,370,Frimpong,D,0.0,0.16,0.0,0.2,estimated (GW4 WCs mirrored; GW6 WC table partial for D/M)
2025-26,9,373,Virgil,D,19.5,1.24,30.5,1.9,estimated (GW4 WCs mirrored; GW6 WC table partial for D/M)
2025-26,9,381,M.Salah,M,7.88,7.83,12.3,12.2,estimated (GW4 WCs mirrored; GW6 WC table partial for D/M)
2025-26,9,382,Wirtz,M,7.02,7.4,11.0,11.6,estimated (GW4 WCs mirrored; GW6 WC table partial for D/M)
2025-26,9,384,Gakpo,M,0.59,0.0,0.9,0.0,estimated (GW4 WCs mirrored; GW6 WC table partial for D/M)
2025-26,9,389,Elliott,M,0.25,0.0,0.4,0.0,estimated (GW4 WCs mirrored; GW6 WC table partial for D/M)
2025-26,9,402,Aït-Nouri,D,0.0,1.77,0.0,2.8,estimated (GW4 WCs mirrored; GW6 WC table partial for D/M)
2025-26,9,403,Gvardiol,D,14.75,3.7,23.0,5.8,estimated (GW4 WCs mirrored; GW6 WC table partial for D/M)
2025-26,9,413,Marmoush,M,0.0,0.72,0.0,1.1,estimated (GW4 WCs mirrored; GW6 WC table partial for D/M)
2025-26,9,414,Foden,M,8.59,7.68,13.4,12.0,estimated (GW4 WCs mirrored; GW6 WC table partial for D/M)
2025-26,9,419,Grealish,M,0.0,1.11,0.0,1.7,estimated (GW4 WCs mirrored; GW6 WC table partial for D/M)
2025-26,9,427,Reijnders,M,40.38,36.63,63.1,57.2,estimated (GW4 WCs mirrored; GW6 WC table partial for D/M)
2025-26,9,430,Haaland,F,56.78,56.71,88.7,88.6,estimated (GW4 WCs mirrored; GW6 WC table partial for D/M)
2025-26,9,441,Dorgu,D,3.29,4.03,5.1,6.3,estimated (GW4 WCs mirrored; GW6 WC table partial for D/M)
2025-26,9,449,B.Fernandes,M,64.0,49.7,100.0,77.7,estimated (GW4 WCs mirrored; GW6 WC table partial for D/M)
2025-26,9,450,Cunha,M,0.41,1.25,0.6,2.0,estimated (GW4 WCs mirrored; GW6 WC table partial for D/M)
2025-26,9,467,Obi,F,1.0,0.0,1.6,0.0,estimated (GW4 WCs mirrored; GW6 WC table partial for D/M)
2025-26,9,469,Pope,G,0.0,2.15,0.0,3.4,estimated (GW4 WCs mirrored; GW6 WC table partial for D/M)
2025-26,9,470,Dúbravka,G,48.57,59.79,75.9,93.4,estimated (GW4 WCs mirrored; GW6 WC table partial for D/M)
2025-26,9,478,Trippier,D,0.0,1.01,0.0,1.6,estimated (GW4 WCs mirrored; GW6 WC table partial for D/M)
2025-26,9,485,Gordon,M,0.0,8.27,0.0,12.9,estimated (GW4 WCs mirrored; GW6 WC table partial for D/M)
2025-26,9,486,Elanga,M,0.0,0.25,0.0,0.4,estimated (GW4 WCs mirrored; GW6 WC table partial for D/M)
2025-26,9,487,Barnes,M,0.25,0.0,0.4,0.0,estimated (GW4 WCs mirrored; GW6 WC table partial for D/M)
2025-26,9,491,Tonali,M,0.25,0.72,0.4,1.1,estimated (GW4 WCs mirrored; GW6 WC table partial for D/M)
2025-26,9,497,L.Miley,M,0.0,1.1,0.0,1.7,estimated (GW4 WCs mirrored; GW6 WC table partial for D/M)
2025-26,9,502,Sels,G,0.0,8.63,0.0,13.5,estimated (GW4 WCs mirrored; GW6 WC table partial for D/M)
2025-26,9,505,Milenković,D,0.3,3.14,0.5,4.9,estimated (GW4 WCs mirrored; GW6 WC table partial for D/M)
2025-26,9,506,Murillo,D,6.99,9.73,10.9,15.2,estimated (GW4 WCs mirrored; GW6 WC table partial for D/M)
2025-26,9,508,N.Williams,D,1.07,8.2,1.7,12.8,estimated (GW4 WCs mirrored; GW6 WC table partial for D/M)
2025-26,9,517,Anderson,M,3.19,3.75,5.0,5.9,estimated (GW4 WCs mirrored; GW6 WC table partial for D/M)
2025-26,9,525,Wood,F,0.24,1.85,0.4,2.9,estimated (GW4 WCs mirrored; GW6 WC table partial for D/M)
2025-26,9,565,Vicario,G,2.4,1.82,3.8,2.8,estimated (GW4 WCs mirrored; GW6 WC table partial for D/M)
2025-26,9,568,Pedro Porro,D,14.04,26.77,21.9,41.8,estimated (GW4 WCs mirrored; GW6 WC table partial for D/M)
2025-26,9,569,Romero,D,1.11,0.0,1.7,0.0,estimated (GW4 WCs mirrored; GW6 WC table partial for D/M)
2025-26,9,573,Spence,D,0.3,0.0,0.5,0.0,estimated (GW4 WCs mirrored; GW6 WC table partial for D/M)
2025-26,9,575,Van de Ven,D,0.3,10.1,0.5,15.8,estimated (GW4 WCs mirrored; GW6 WC table partial for D/M)
2025-26,9,580,Johnson,M,0.0,0.6,0.0,0.9,estimated (GW4 WCs mirrored; GW6 WC table partial for D/M)
2025-26,9,582,Kudus,M,0.0,7.04,0.0,11.0,estimated (GW4 WCs mirrored; GW6 WC table partial for D/M)
2025-26,9,593,P.M.Sarr,M,0.0,0.72,0.0,1.1,estimated (GW4 WCs mirrored; GW6 WC table partial for D/M)
2025-26,9,597,Richarlison,F,1.15,0.22,1.8,0.3,estimated (GW4 WCs mirrored; GW6 WC table partial for D/M)
2025-26,9,603,Diouf,D,0.0,2.82,0.0,4.4,estimated (GW4 WCs mirrored; GW6 WC table partial for D/M)
2025-26,9,612,L.Paquetá,M,5.26,5.14,8.2,8.0,estimated (GW4 WCs mirrored; GW6 WC table partial for D/M)
2025-26,9,623,Potts,M,0.0,0.16,0.0,0.2,estimated (GW4 WCs mirrored; GW6 WC table partial for D/M)
2025-26,9,624,Bowen,F,0.0,6.86,0.0,10.7,estimated (GW4 WCs mirrored; GW6 WC table partial for D/M)
2025-26,9,625,Füllkrug,F,0.0,1.07,0.0,1.7,estimated (GW4 WCs mirrored; GW6 WC table partial for D/M)
2025-26,9,626,Marshall,F,0.3,0.0,0.5,0.0,estimated (GW4 WCs mirrored; GW6 WC table partial for D/M)
2025-26,9,631,Agbadou,D,2.2,1.95,3.4,3.0,estimated (GW4 WCs mirrored; GW6 WC table partial for D/M)
2025-26,9,652,Gonzalez,M,0.0,0.72,0.0,1.1,estimated (GW4 WCs mirrored; GW6 WC table partial for D/M)
2025-26,9,654,Strand Larsen,F,5.44,6.04,8.5,9.4,estimated (GW4 WCs mirrored; GW6 WC table partial for D/M)
2025-26,9,660,Stach,M,28.0,18.25,43.8,28.5,estimated (GW4 WCs mirrored; GW6 WC table partial for D/M)
2025-26,9,665,Perri,G,0.3,0.0,0.5,0.0,estimated (GW4 WCs mirrored; GW6 WC table partial for D/M)
2025-26,9,666,Gyökeres,F,50.38,26.07,78.7,40.7,estimated (GW4 WCs mirrored; GW6 WC table partial for D/M)
2025-26,9,683,Alderete,D,1.47,3.81,2.3,6.0,estimated (GW4 WCs mirrored; GW6 WC table partial for D/M)
2025-26,9,691,Calvert-Lewin,F,22.37,6.67,35.0,10.4,estimated (GW4 WCs mirrored; GW6 WC table partial for D/M)
2025-26,9,694,Mukiele,D,1.62,2.22,2.5,3.5,estimated (GW4 WCs mirrored; GW6 WC table partial for D/M)
2025-26,9,714,Woltemade,F,0.0,3.29,0.0,5.1,estimated (GW4 WCs mirrored; GW6 WC table partial for D/M)
2025-26,10,1,Raya,G,59.66,36.62,93.2,57.2,"good (transfers exact, EO-anchored)"
2025-26,10,5,Gabriel,D,61.58,61.58,96.2,96.2,"good (transfers exact, EO-anchored)"
2025-26,10,7,Calafiori,D,0.72,0.0,1.1,0.0,"good (transfers exact, EO-anchored)"
2025-26,10,8,J.Timber,D,3.0,18.7,4.7,29.2,"good (transfers exact, EO-anchored)"
2025-26,10,16,Saka,M,20.03,38.46,31.3,60.1,"good (transfers exact, EO-anchored)"
2025-26,10,33,M.Bizot,G,0.0,0.53,0.0,0.8,"good (transfers exact, EO-anchored)"
2025-26,10,38,Konsa,D,0.0,0.52,0.0,0.8,"good (transfers exact, EO-anchored)"
2025-26,10,47,Rogers,M,0.0,2.03,0.0,3.2,"good (transfers exact, EO-anchored)"
2025-26,10,48,Tielemans,M,2.21,0.79,3.5,1.2,"good (transfers exact, EO-anchored)"
2025-26,10,64,Watkins,F,2.91,8.77,4.5,13.7,"good (transfers exact, EO-anchored)"
2025-26,10,67,Petrović,G,5.35,1.63,8.4,2.5,"good (transfers exact, EO-anchored)"
2025-26,10,72,Senesi,D,36.21,51.62,56.6,80.7,"good (transfers exact, EO-anchored)"
2025-26,10,74,Truffert,D,4.0,0.79,6.2,1.2,"good (transfers exact, EO-anchored)"
2025-26,10,82,Semenyo,M,31.7,59.54,49.5,93.0,"good (transfers exact, EO-anchored)"
2025-26,10,83,O.Dango,M,1.42,0.26,2.2,0.4,"good (transfers exact, EO-anchored)"
2025-26,10,100,Kroupi.Jr,F,7.2,5.12,11.2,8.0,"good (transfers exact, EO-anchored)"
2025-26,10,101,Kelleher,G,0.3,0.53,0.5,0.8,"good (transfers exact, EO-anchored)"
2025-26,10,105,Valdimarsson,G,0.0,0.53,0.0,0.8,"good (transfers exact, EO-anchored)"
2025-26,10,119,Mbeumo,M,0.2,11.66,0.3,18.2,"good (transfers exact, EO-anchored)"
2025-26,10,123,Carvalho,M,0.0,0.31,0.0,0.5,"good (transfers exact, EO-anchored)"
2025-26,10,136,Thiago,F,0.78,2.7,1.2,4.2,"good (transfers exact, EO-anchored)"
2025-26,10,139,Verbruggen,G,0.9,2.12,1.4,3.3,"good (transfers exact, EO-anchored)"
2025-26,10,145,De Cuyper,D,0.0,1.02,0.0,1.6,"good (transfers exact, EO-anchored)"
2025-26,10,151,Van Hecke,D,2.95,0.44,4.6,0.7,"good (transfers exact, EO-anchored)"
2025-26,10,157,Mitoma,M,0.0,0.31,0.0,0.5,"good (transfers exact, EO-anchored)"
2025-26,10,158,Georginio,M,3.12,0.94,4.9,1.5,"good (transfers exact, EO-anchored)"
2025-26,10,160,Minteh,M,21.26,9.78,33.2,15.3,"good (transfers exact, EO-anchored)"
2025-26,10,178,Welbeck,F,0.0,1.42,0.0,2.2,"good (transfers exact, EO-anchored)"
2025-26,10,190,Ekdal,D,0.0,0.37,0.0,0.6,"good (transfers exact, EO-anchored)"
2025-26,10,191,Estève,D,12.56,17.05,19.6,26.6,"good (transfers exact, EO-anchored)"
2025-26,10,192,Hartman,D,0.0,0.41,0.0,0.6,"good (transfers exact, EO-anchored)"
2025-26,10,217,Foster,F,1.0,0.0,1.6,0.0,"good (transfers exact, EO-anchored)"
2025-26,10,220,Sánchez,G,10.72,17.03,16.8,26.6,"good (transfers exact, EO-anchored)"
2025-26,10,225,James,D,0.0,1.21,0.0,1.9,"good (transfers exact, EO-anchored)"
2025-26,10,232,Tosin,D,0.0,1.64,0.0,2.6,"good (transfers exact, EO-anchored)"
2025-26,10,235,Palmer,M,0.75,0.55,1.2,0.9,"good (transfers exact, EO-anchored)"
2025-26,10,237,Enzo,M,51.38,37.22,80.3,58.2,"good (transfers exact, EO-anchored)"
2025-26,10,242,Dewsbury-Hall,M,0.0,3.61,0.0,5.6,"good (transfers exact, EO-anchored)"
2025-26,10,249,João Pedro,F,0.98,2.7,1.5,4.2,"good (transfers exact, EO-anchored)"
2025-26,10,252,Marc Guiu,F,19.0,12.78,29.7,20.0,"good (transfers exact, EO-anchored)"
2025-26,10,256,Muñoz,D,3.34,17.42,5.2,27.2,"good (transfers exact, EO-anchored)"
2025-26,10,257,Lacroix,D,17.42,6.46,27.2,10.1,"good (transfers exact, EO-anchored)"
2025-26,10,261,Richards,D,1.78,14.59,2.8,22.8,"good (transfers exact, EO-anchored)"
2025-26,10,266,Eze,M,0.06,2.54,0.1,4.0,"good (transfers exact, EO-anchored)"
2025-26,10,267,Sarr,M,21.46,30.26,33.5,47.3,"good (transfers exact, EO-anchored)"
2025-26,10,283,Mateta,F,36.7,52.13,57.3,81.5,"good (transfers exact, EO-anchored)"
2025-26,10,291,Tarkowski,D,44.3,8.93,69.2,14.0,"good (transfers exact, EO-anchored)"
2025-26,10,295,Keane,D,6.0,4.61,9.4,7.2,"good (transfers exact, EO-anchored)"
2025-26,10,299,Ndiaye,M,33.49,19.55,52.3,30.5,"good (transfers exact, EO-anchored)"
2025-26,10,317,Andersen,D,60.92,33.23,95.2,51.9,"good (transfers exact, EO-anchored)"
2025-26,10,335,King,M,0.0,0.69,0.0,1.1,"good (transfers exact, EO-anchored)"
2025-26,10,337,Raúl,F,0.0,0.08,0.0,0.1,"good (transfers exact, EO-anchored)"
2025-26,10,338,Muniz,F,0.78,0.0,1.2,0.0,"good (transfers exact, EO-anchored)"
2025-26,10,347,Gudmundsson,D,1.0,0.0,1.6,0.0,"good (transfers exact, EO-anchored)"
2025-26,10,348,Rodon,D,5.27,16.38,8.2,25.6,"good (transfers exact, EO-anchored)"
2025-26,10,367,Mamardashvili,G,0.0,2.05,0.0,3.2,"good (transfers exact, EO-anchored)"
2025-26,10,370,Frimpong,D,0.0,0.09,0.0,0.1,"good (transfers exact, EO-anchored)"
2025-26,10,373,Virgil,D,15.5,8.46,24.2,13.2,"good (transfers exact, EO-anchored)"
2025-26,10,381,M.Salah,M,5.88,3.81,9.2,6.0,"good (transfers exact, EO-anchored)"
2025-26,10,382,Wirtz,M,7.02,3.18,11.0,5.0,"good (transfers exact, EO-anchored)"
2025-26,10,384,Gakpo,M,0.59,0.93,0.9,1.5,"good (transfers exact, EO-anchored)"
2025-26,10,389,Elliott,M,0.25,0.0,0.4,0.0,"good (transfers exact, EO-anchored)"
2025-26,10,402,Aït-Nouri,D,0.0,0.97,0.0,1.5,"good (transfers exact, EO-anchored)"
2025-26,10,403,Gvardiol,D,8.75,3.38,13.7,5.3,"good (transfers exact, EO-anchored)"
2025-26,10,413,Marmoush,M,0.0,0.31,0.0,0.5,"good (transfers exact, EO-anchored)"
2025-26,10,414,Foden,M,4.59,2.47,7.2,3.9,"good (transfers exact, EO-anchored)"
2025-26,10,427,Reijnders,M,27.38,18.49,42.8,28.9,"good (transfers exact, EO-anchored)"
2025-26,10,430,Haaland,F,57.78,62.74,90.3,98.0,"good (transfers exact, EO-anchored)"
2025-26,10,441,Dorgu,D,3.29,1.61,5.1,2.5,"good (transfers exact, EO-anchored)"
2025-26,10,449,B.Fernandes,M,64.0,42.9,100.0,67.0,"good (transfers exact, EO-anchored)"
2025-26,10,450,Cunha,M,0.41,0.07,0.6,0.1,"good (transfers exact, EO-anchored)"
2025-26,10,467,Obi,F,1.0,0.0,1.6,0.0,"good (transfers exact, EO-anchored)"
2025-26,10,469,Pope,G,0.0,13.58,0.0,21.2,"good (transfers exact, EO-anchored)"
2025-26,10,470,Dúbravka,G,48.57,46.48,75.9,72.6,"good (transfers exact, EO-anchored)"
2025-26,10,478,Trippier,D,0.0,0.55,0.0,0.9,"good (transfers exact, EO-anchored)"
2025-26,10,485,Gordon,M,0.0,6.97,0.0,10.9,"good (transfers exact, EO-anchored)"
2025-26,10,486,Elanga,M,0.0,0.11,0.0,0.2,"good (transfers exact, EO-anchored)"
2025-26,10,487,Barnes,M,0.25,0.0,0.4,0.0,"good (transfers exact, EO-anchored)"
2025-26,10,491,Tonali,M,0.25,0.31,0.4,0.5,"good (transfers exact, EO-anchored)"
2025-26,10,497,L.Miley,M,0.0,0.47,0.0,0.7,"good (transfers exact, EO-anchored)"
2025-26,10,502,Sels,G,0.0,6.43,0.0,10.0,"good (transfers exact, EO-anchored)"
2025-26,10,505,Milenković,D,0.3,1.72,0.5,2.7,"good (transfers exact, EO-anchored)"
2025-26,10,506,Murillo,D,6.99,5.32,10.9,8.3,"good (transfers exact, EO-anchored)"
2025-26,10,508,N.Williams,D,1.07,4.49,1.7,7.0,"good (transfers exact, EO-anchored)"
2025-26,10,517,Anderson,M,3.19,1.61,5.0,2.5,"good (transfers exact, EO-anchored)"
2025-26,10,525,Wood,F,0.24,1.29,0.4,2.0,"good (transfers exact, EO-anchored)"
2025-26,10,554,Ba,M,0.0,0.47,0.0,0.7,"good (transfers exact, EO-anchored)"
2025-26,10,565,Vicario,G,2.4,1.56,3.8,2.4,"good (transfers exact, EO-anchored)"
2025-26,10,568,Pedro Porro,D,13.04,15.41,20.4,24.1,"good (transfers exact, EO-anchored)"
2025-26,10,569,Romero,D,1.11,1.0,1.7,1.6,"good (transfers exact, EO-anchored)"
2025-26,10,573,Spence,D,0.3,0.0,0.5,0.0,"good (transfers exact, EO-anchored)"
2025-26,10,575,Van de Ven,D,0.3,5.39,0.5,8.4,"good (transfers exact, EO-anchored)"
2025-26,10,580,Johnson,M,0.0,0.26,0.0,0.4,"good (transfers exact, EO-anchored)"
2025-26,10,582,Kudus,M,0.0,4.84,0.0,7.6,"good (transfers exact, EO-anchored)"
2025-26,10,593,P.M.Sarr,M,0.0,0.31,0.0,0.5,"good (transfers exact, EO-anchored)"
2025-26,10,597,Richarlison,F,0.15,0.16,0.2,0.2,"good (transfers exact, EO-anchored)"
2025-26,10,603,Diouf,D,0.0,1.54,0.0,2.4,"good (transfers exact, EO-anchored)"
2025-26,10,612,L.Paquetá,M,4.26,2.5,6.7,3.9,"good (transfers exact, EO-anchored)"
2025-26,10,623,Potts,M,0.0,0.07,0.0,0.1,"good (transfers exact, EO-anchored)"
2025-26,10,624,Bowen,F,0.0,4.11,0.0,6.4,"good (transfers exact, EO-anchored)"
2025-26,10,625,Füllkrug,F,0.0,0.74,0.0,1.2,"good (transfers exact, EO-anchored)"
2025-26,10,626,Marshall,F,0.3,0.0,0.5,0.0,"good (transfers exact, EO-anchored)"
2025-26,10,631,Agbadou,D,2.2,1.07,3.4,1.7,"good (transfers exact, EO-anchored)"
2025-26,10,652,Gonzalez,M,0.0,0.31,0.0,0.5,"good (transfers exact, EO-anchored)"
2025-26,10,654,Strand Larsen,F,5.44,4.51,8.5,7.0,"good (transfers exact, EO-anchored)"
2025-26,10,660,Stach,M,14.0,10.07,21.9,15.7,"good (transfers exact, EO-anchored)"
2025-26,10,665,Perri,G,0.3,0.0,0.5,0.0,"good (transfers exact, EO-anchored)"
2025-26,10,666,Gyökeres,F,42.38,21.59,66.2,33.7,"good (transfers exact, EO-anchored)"
2025-26,10,668,Xhaka,M,0.0,1.04,0.0,1.6,"good (transfers exact, EO-anchored)"
2025-26,10,683,Alderete,D,1.47,3.59,2.3,5.6,"good (transfers exact, EO-anchored)"
2025-26,10,691,Calvert-Lewin,F,15.37,5.8,24.0,9.1,"good (transfers exact, EO-anchored)"
2025-26,10,694,Mukiele,D,4.62,8.46,7.2,13.2,"good (transfers exact, EO-anchored)"
2025-26,10,714,Woltemade,F,0.0,6.54,0.0,10.2,"good (transfers exact, EO-anchored)"
2025-26,11,1,Raya,G,59.66,36.62,93.2,57.2,"good (transfers exact, EO-anchored)"
2025-26,11,5,Gabriel,D,61.58,63.58,96.2,99.3,"good (transfers exact, EO-anchored)"
2025-26,11,7,Calafiori,D,0.72,1.0,1.1,1.6,"good (transfers exact, EO-anchored)"
2025-26,11,8,J.Timber,D,8.0,21.7,12.5,33.9,"good (transfers exact, EO-anchored)"
2025-26,11,16,Saka,M,44.03,43.46,68.8,67.9,"good (transfers exact, EO-anchored)"
2025-26,11,33,M.Bizot,G,0.0,0.53,0.0,0.8,"good (transfers exact, EO-anchored)"
2025-26,11,38,Konsa,D,0.0,0.52,0.0,0.8,"good (transfers exact, EO-anchored)"
2025-26,11,47,Rogers,M,0.0,2.03,0.0,3.2,"good (transfers exact, EO-anchored)"
2025-26,11,48,Tielemans,M,2.21,0.79,3.5,1.2,"good (transfers exact, EO-anchored)"
2025-26,11,64,Watkins,F,2.91,8.77,4.5,13.7,"good (transfers exact, EO-anchored)"
2025-26,11,67,Petrović,G,5.35,1.63,8.4,2.5,"good (transfers exact, EO-anchored)"
2025-26,11,72,Senesi,D,36.21,51.62,56.6,80.7,"good (transfers exact, EO-anchored)"
2025-26,11,74,Truffert,D,6.0,1.79,9.4,2.8,"good (transfers exact, EO-anchored)"
2025-26,11,82,Semenyo,M,33.7,59.54,52.7,93.0,"good (transfers exact, EO-anchored)"
2025-26,11,83,O.Dango,M,1.42,0.26,2.2,0.4,"good (transfers exact, EO-anchored)"
2025-26,11,100,Kroupi.Jr,F,7.2,5.12,11.2,8.0,"good (transfers exact, EO-anchored)"
2025-26,11,101,Kelleher,G,0.3,0.53,0.5,0.8,"good (transfers exact, EO-anchored)"
2025-26,11,105,Valdimarsson,G,0.0,0.53,0.0,0.8,"good (transfers exact, EO-anchored)"
2025-26,11,119,Mbeumo,M,1.2,12.66,1.9,19.8,"good (transfers exact, EO-anchored)"
2025-26,11,123,Carvalho,M,0.0,0.31,0.0,0.5,"good (transfers exact, EO-anchored)"
2025-26,11,136,Thiago,F,10.78,7.7,16.8,12.0,"good (transfers exact, EO-anchored)"
2025-26,11,139,Verbruggen,G,0.9,2.12,1.4,3.3,"good (transfers exact, EO-anchored)"
2025-26,11,145,De Cuyper,D,0.0,1.02,0.0,1.6,"good (transfers exact, EO-anchored)"
2025-26,11,151,Van Hecke,D,2.95,0.44,4.6,0.7,"good (transfers exact, EO-anchored)"
2025-26,11,157,Mitoma,M,0.0,0.31,0.0,0.5,"good (transfers exact, EO-anchored)"
2025-26,11,158,Georginio,M,3.12,0.94,4.9,1.5,"good (transfers exact, EO-anchored)"
2025-26,11,160,Minteh,M,22.26,10.78,34.8,16.8,"good (transfers exact, EO-anchored)"
2025-26,11,178,Welbeck,F,1.0,1.42,1.6,2.2,"good (transfers exact, EO-anchored)"
2025-26,11,190,Ekdal,D,0.0,0.37,0.0,0.6,"good (transfers exact, EO-anchored)"
2025-26,11,191,Estève,D,12.56,16.05,19.6,25.1,"good (transfers exact, EO-anchored)"
2025-26,11,192,Hartman,D,0.0,0.41,0.0,0.6,"good (transfers exact, EO-anchored)"
2025-26,11,220,Sánchez,G,10.72,17.03,16.8,26.6,"good (transfers exact, EO-anchored)"
2025-26,11,225,James,D,0.0,2.21,0.0,3.5,"good (transfers exact, EO-anchored)"
2025-26,11,226,Chalobah,D,0.0,1.0,0.0,1.6,"good (transfers exact, EO-anchored)"
2025-26,11,232,Tosin,D,0.0,1.64,0.0,2.6,"good (transfers exact, EO-anchored)"
2025-26,11,235,Palmer,M,0.75,0.55,1.2,0.9,"good (transfers exact, EO-anchored)"
2025-26,11,237,Enzo,M,56.38,44.22,88.1,69.1,"good (transfers exact, EO-anchored)"
2025-26,11,242,Dewsbury-Hall,M,1.0,3.61,1.6,5.6,"good (transfers exact, EO-anchored)"
2025-26,11,249,João Pedro,F,0.98,4.7,1.5,7.3,"good (transfers exact, EO-anchored)"
2025-26,11,252,Marc Guiu,F,37.0,20.78,57.8,32.5,"good (transfers exact, EO-anchored)"
2025-26,11,256,Muñoz,D,3.34,17.42,5.2,27.2,"good (transfers exact, EO-anchored)"
2025-26,11,257,Lacroix,D,17.42,6.46,27.2,10.1,"good (transfers exact, EO-anchored)"
2025-26,11,260,Guéhi,D,0.0,1.0,0.0,1.6,"good (transfers exact, EO-anchored)"
2025-26,11,261,Richards,D,1.78,14.59,2.8,22.8,"good (transfers exact, EO-anchored)"
2025-26,11,266,Eze,M,0.06,2.54,0.1,4.0,"good (transfers exact, EO-anchored)"
2025-26,11,267,Sarr,M,21.46,35.26,33.5,55.1,"good (transfers exact, EO-anchored)"
2025-26,11,283,Mateta,F,47.7,58.13,74.5,90.8,"good (transfers exact, EO-anchored)"
2025-26,11,291,Tarkowski,D,43.3,8.93,67.7,14.0,"good (transfers exact, EO-anchored)"
2025-26,11,295,Keane,D,6.0,4.61,9.4,7.2,"good (transfers exact, EO-anchored)"
2025-26,11,299,Ndiaye,M,30.49,18.55,47.6,29.0,"good (transfers exact, EO-anchored)"
2025-26,11,317,Andersen,D,60.92,33.23,95.2,51.9,"good (transfers exact, EO-anchored)"
2025-26,11,335,King,M,0.0,1.69,0.0,2.6,"good (transfers exact, EO-anchored)"
2025-26,11,337,Raúl,F,0.0,0.08,0.0,0.1,"good (transfers exact, EO-anchored)"
2025-26,11,338,Muniz,F,0.78,0.0,1.2,0.0,"good (transfers exact, EO-anchored)"
2025-26,11,344,Bijol,D,1.0,0.0,1.6,0.0,"good (transfers exact, EO-anchored)"
2025-26,11,348,Rodon,D,5.27,15.38,8.2,24.0,"good (transfers exact, EO-anchored)"
2025-26,11,367,Mamardashvili,G,0.0,2.05,0.0,3.2,"good (transfers exact, EO-anchored)"
2025-26,11,370,Frimpong,D,0.0,0.09,0.0,0.1,"good (transfers exact, EO-anchored)"
2025-26,11,373,Virgil,D,14.5,7.46,22.7,11.7,"good (transfers exact, EO-anchored)"
2025-26,11,381,M.Salah,M,4.88,3.81,7.6,6.0,"good (transfers exact, EO-anchored)"
2025-26,11,382,Wirtz,M,7.02,3.18,11.0,5.0,"good (transfers exact, EO-anchored)"
2025-26,11,384,Gakpo,M,0.59,0.93,0.9,1.5,"good (transfers exact, EO-anchored)"
2025-26,11,387,Szoboszlai,M,0.0,1.0,0.0,1.6,"good (transfers exact, EO-anchored)"
2025-26,11,389,Elliott,M,0.25,0.0,0.4,0.0,"good (transfers exact, EO-anchored)"
2025-26,11,402,Aït-Nouri,D,0.0,0.97,0.0,1.5,"good (transfers exact, EO-anchored)"
2025-26,11,403,Gvardiol,D,3.75,0.38,5.9,0.6,"good (transfers exact, EO-anchored)"
2025-26,11,413,Marmoush,M,0.0,0.31,0.0,0.5,"good (transfers exact, EO-anchored)"
2025-26,11,414,Foden,M,2.59,1.47,4.0,2.3,"good (transfers exact, EO-anchored)"
2025-26,11,427,Reijnders,M,13.38,11.49,20.9,18.0,"good (transfers exact, EO-anchored)"
2025-26,11,430,Haaland,F,58.78,62.74,91.8,98.0,"good (transfers exact, EO-anchored)"
2025-26,11,441,Dorgu,D,3.29,1.61,5.1,2.5,"good (transfers exact, EO-anchored)"
2025-26,11,449,B.Fernandes,M,64.0,42.9,100.0,67.0,"good (transfers exact, EO-anchored)"
2025-26,11,450,Cunha,M,0.41,0.07,0.6,0.1,"good (transfers exact, EO-anchored)"
2025-26,11,467,Obi,F,1.0,0.0,1.6,0.0,"good (transfers exact, EO-anchored)"
2025-26,11,469,Pope,G,0.0,13.58,0.0,21.2,"good (transfers exact, EO-anchored)"
2025-26,11,470,Dúbravka,G,48.57,46.48,75.9,72.6,"good (transfers exact, EO-anchored)"
2025-26,11,478,Trippier,D,0.0,0.55,0.0,0.9,"good (transfers exact, EO-anchored)"
2025-26,11,485,Gordon,M,0.0,3.97,0.0,6.2,"good (transfers exact, EO-anchored)"
2025-26,11,486,Elanga,M,0.0,0.11,0.0,0.2,"good (transfers exact, EO-anchored)"
2025-26,11,487,Barnes,M,2.25,0.0,3.5,0.0,"good (transfers exact, EO-anchored)"
2025-26,11,491,Tonali,M,0.25,0.31,0.4,0.5,"good (transfers exact, EO-anchored)"
2025-26,11,497,L.Miley,M,0.0,0.47,0.0,0.7,"good (transfers exact, EO-anchored)"
2025-26,11,502,Sels,G,0.0,6.43,0.0,10.0,"good (transfers exact, EO-anchored)"
2025-26,11,505,Milenković,D,0.3,1.72,0.5,2.7,"good (transfers exact, EO-anchored)"
2025-26,11,506,Murillo,D,6.99,5.32,10.9,8.3,"good (transfers exact, EO-anchored)"
2025-26,11,508,N.Williams,D,1.07,4.49,1.7,7.0,"good (transfers exact, EO-anchored)"
2025-26,11,517,Anderson,M,3.19,1.61,5.0,2.5,"good (transfers exact, EO-anchored)"
2025-26,11,525,Wood,F,0.24,1.29,0.4,2.0,"good (transfers exact, EO-anchored)"
2025-26,11,554,Ba,M,0.0,0.47,0.0,0.7,"good (transfers exact, EO-anchored)"
2025-26,11,562,Abdullahi,F,1.0,0.0,1.6,0.0,"good (transfers exact, EO-anchored)"
2025-26,11,565,Vicario,G,2.4,1.56,3.8,2.4,"good (transfers exact, EO-anchored)"
2025-26,11,568,Pedro Porro,D,13.04,12.41,20.4,19.4,"good (transfers exact, EO-anchored)"
2025-26,11,569,Romero,D,1.11,1.0,1.7,1.6,"good (transfers exact, EO-anchored)"
2025-26,11,573,Spence,D,0.3,0.0,0.5,0.0,"good (transfers exact, EO-anchored)"
2025-26,11,575,Van de Ven,D,0.3,5.39,0.5,8.4,"good (transfers exact, EO-anchored)"
2025-26,11,580,Johnson,M,0.0,0.26,0.0,0.4,"good (transfers exact, EO-anchored)"
2025-26,11,582,Kudus,M,0.0,3.84,0.0,6.0,"good (transfers exact, EO-anchored)"
2025-26,11,593,P.M.Sarr,M,0.0,0.31,0.0,0.5,"good (transfers exact, EO-anchored)"
2025-26,11,597,Richarlison,F,0.15,0.16,0.2,0.2,"good (transfers exact, EO-anchored)"
2025-26,11,603,Diouf,D,0.0,1.54,0.0,2.4,"good (transfers exact, EO-anchored)"
2025-26,11,612,L.Paquetá,M,4.26,2.5,6.7,3.9,"good (transfers exact, EO-anchored)"
2025-26,11,623,Potts,M,0.0,0.07,0.0,0.1,"good (transfers exact, EO-anchored)"
2025-26,11,624,Bowen,F,0.0,4.11,0.0,6.4,"good (transfers exact, EO-anchored)"
2025-26,11,625,Füllkrug,F,0.0,0.74,0.0,1.2,"good (transfers exact, EO-anchored)"
2025-26,11,626,Marshall,F,0.3,0.0,0.5,0.0,"good (transfers exact, EO-anchored)"
2025-26,11,631,Agbadou,D,2.2,1.07,3.4,1.7,"good (transfers exact, EO-anchored)"
2025-26,11,652,Gonzalez,M,0.0,0.31,0.0,0.5,"good (transfers exact, EO-anchored)"
2025-26,11,654,Strand Larsen,F,5.44,4.51,8.5,7.0,"good (transfers exact, EO-anchored)"
2025-26,11,660,Stach,M,0.0,3.07,0.0,4.8,"good (transfers exact, EO-anchored)"
2025-26,11,665,Perri,G,0.3,0.0,0.5,0.0,"good (transfers exact, EO-anchored)"
2025-26,11,666,Gyökeres,F,0.38,2.59,0.6,4.0,"good (transfers exact, EO-anchored)"
2025-26,11,683,Alderete,D,1.47,2.59,2.3,4.0,"good (transfers exact, EO-anchored)"
2025-26,11,691,Calvert-Lewin,F,14.37,3.8,22.5,5.9,"good (transfers exact, EO-anchored)"
2025-26,11,694,Mukiele,D,4.62,8.46,7.2,13.2,"good (transfers exact, EO-anchored)"
2025-26,11,714,Woltemade,F,0.0,6.54,0.0,10.2,"good (transfers exact, EO-anchored)"
2025-26,12,1,Raya,G,59.66,36.62,93.2,57.2,"good (transfers exact, EO-anchored)"
2025-26,12,5,Gabriel,D,2.22,5.58,3.5,8.7,"good (transfers exact, EO-anchored)"
2025-26,12,6,Saliba,D,0.85,0.0,1.3,0.0,"good (transfers exact, EO-anchored)"
2025-26,12,7,Calafiori,D,0.61,1.0,1.0,1.6,"good (transfers exact, EO-anchored)"
2025-26,12,8,J.Timber,D,14.96,23.7,23.4,37.0,"good (transfers exact, EO-anchored)"
2025-26,12,16,Saka,M,43.98,45.46,68.7,71.0,"good (transfers exact, EO-anchored)"
2025-26,12,33,M.Bizot,G,0.0,0.53,0.0,0.8,"good (transfers exact, EO-anchored)"
2025-26,12,38,Konsa,D,0.0,0.52,0.0,0.8,"good (transfers exact, EO-anchored)"
2025-26,12,47,Rogers,M,0.0,2.03,0.0,3.2,"good (transfers exact, EO-anchored)"
2025-26,12,48,Tielemans,M,2.05,0.79,3.2,1.2,"good (transfers exact, EO-anchored)"
2025-26,12,64,Watkins,F,2.86,8.77,4.5,13.7,"good (transfers exact, EO-anchored)"
2025-26,12,67,Petrović,G,5.35,1.63,8.4,2.5,"good (transfers exact, EO-anchored)"
2025-26,12,72,Senesi,D,53.26,52.62,83.2,82.2,"good (transfers exact, EO-anchored)"
2025-26,12,74,Truffert,D,5.88,1.79,9.2,2.8,"good (transfers exact, EO-anchored)"
2025-26,12,82,Semenyo,M,34.7,54.54,54.2,85.2,"good (transfers exact, EO-anchored)"
2025-26,12,83,O.Dango,M,1.32,0.26,2.1,0.4,"good (transfers exact, EO-anchored)"
2025-26,12,84,Tavernier,M,0.95,0.0,1.5,0.0,"good (transfers exact, EO-anchored)"
2025-26,12,97,Evanilson,F,0.78,0.0,1.2,0.0,"good (transfers exact, EO-anchored)"
2025-26,12,100,Kroupi.Jr,F,7.08,4.12,11.1,6.4,"good (transfers exact, EO-anchored)"
2025-26,12,101,Kelleher,G,0.3,0.53,0.5,0.8,"good (transfers exact, EO-anchored)"
2025-26,12,105,Valdimarsson,G,0.0,0.53,0.0,0.8,"good (transfers exact, EO-anchored)"
2025-26,12,113,Van den Berg,D,1.7,0.0,2.7,0.0,"good (transfers exact, EO-anchored)"
2025-26,12,119,Mbeumo,M,9.29,18.66,14.5,29.2,"good (transfers exact, EO-anchored)"
2025-26,12,123,Carvalho,M,0.0,0.31,0.0,0.5,"good (transfers exact, EO-anchored)"
2025-26,12,136,Thiago,F,14.73,13.7,23.0,21.4,"good (transfers exact, EO-anchored)"
2025-26,12,139,Verbruggen,G,0.9,2.12,1.4,3.3,"good (transfers exact, EO-anchored)"
2025-26,12,145,De Cuyper,D,0.0,1.02,0.0,1.6,"good (transfers exact, EO-anchored)"
2025-26,12,151,Van Hecke,D,2.47,0.44,3.9,0.7,"good (transfers exact, EO-anchored)"
2025-26,12,157,Mitoma,M,0.0,0.31,0.0,0.5,"good (transfers exact, EO-anchored)"
2025-26,12,158,Georginio,M,2.91,0.94,4.5,1.5,"good (transfers exact, EO-anchored)"
2025-26,12,160,Minteh,M,29.58,16.78,46.2,26.2,"good (transfers exact, EO-anchored)"
2025-26,12,178,Welbeck,F,1.42,1.42,2.2,2.2,"good (transfers exact, EO-anchored)"
2025-26,12,190,Ekdal,D,0.0,0.37,0.0,0.6,"good (transfers exact, EO-anchored)"
2025-26,12,191,Estève,D,11.33,16.05,17.7,25.1,"good (transfers exact, EO-anchored)"
2025-26,12,192,Hartman,D,0.0,0.41,0.0,0.6,"good (transfers exact, EO-anchored)"
2025-26,12,220,Sánchez,G,10.72,18.03,16.8,28.2,"good (transfers exact, EO-anchored)"
2025-26,12,225,James,D,0.0,2.21,0.0,3.5,"good (transfers exact, EO-anchored)"
2025-26,12,226,Chalobah,D,0.0,1.0,0.0,1.6,"good (transfers exact, EO-anchored)"
2025-26,12,232,Tosin,D,0.0,1.64,0.0,2.6,"good (transfers exact, EO-anchored)"
2025-26,12,235,Palmer,M,0.7,0.55,1.1,0.9,"good (transfers exact, EO-anchored)"
2025-26,12,237,Enzo,M,51.26,43.22,80.1,67.5,"good (transfers exact, EO-anchored)"
2025-26,12,242,Dewsbury-Hall,M,0.93,2.61,1.5,4.1,"good (transfers exact, EO-anchored)"
2025-26,12,249,João Pedro,F,0.96,4.7,1.5,7.3,"good (transfers exact, EO-anchored)"
2025-26,12,252,Marc Guiu,F,36.41,23.78,56.9,37.2,"good (transfers exact, EO-anchored)"
2025-26,12,256,Muñoz,D,8.46,21.42,13.2,33.5,"good (transfers exact, EO-anchored)"
2025-26,12,257,Lacroix,D,30.22,8.46,47.2,13.2,"good (transfers exact, EO-anchored)"
2025-26,12,260,Guéhi,D,0.0,1.0,0.0,1.6,"good (transfers exact, EO-anchored)"
2025-26,12,261,Richards,D,8.72,17.59,13.6,27.5,"good (transfers exact, EO-anchored)"
2025-26,12,266,Eze,M,0.05,0.54,0.1,0.8,"good (transfers exact, EO-anchored)"
2025-26,12,267,Sarr,M,21.4,37.26,33.4,58.2,"good (transfers exact, EO-anchored)"
2025-26,12,283,Mateta,F,47.68,58.13,74.5,90.8,"good (transfers exact, EO-anchored)"
2025-26,12,291,Tarkowski,D,30.22,8.93,47.2,14.0,"good (transfers exact, EO-anchored)"
2025-26,12,295,Keane,D,5.01,4.61,7.8,7.2,"good (transfers exact, EO-anchored)"
2025-26,12,299,Ndiaye,M,19.77,10.55,30.9,16.5,"good (transfers exact, EO-anchored)"
2025-26,12,317,Andersen,D,59.55,34.23,93.0,53.5,"good (transfers exact, EO-anchored)"
2025-26,12,335,King,M,0.0,2.69,0.0,4.2,"good (transfers exact, EO-anchored)"
2025-26,12,337,Raúl,F,0.0,0.08,0.0,0.1,"good (transfers exact, EO-anchored)"
2025-26,12,338,Muniz,F,0.76,0.0,1.2,0.0,"good (transfers exact, EO-anchored)"
2025-26,12,344,Bijol,D,0.84,0.0,1.3,0.0,"good (transfers exact, EO-anchored)"
2025-26,12,348,Rodon,D,4.53,15.38,7.1,24.0,"good (transfers exact, EO-anchored)"
2025-26,12,366,A.Becker,G,0.0,1.0,0.0,1.6,"good (transfers exact, EO-anchored)"
2025-26,12,367,Mamardashvili,G,0.0,1.05,0.0,1.6,"good (transfers exact, EO-anchored)"
2025-26,12,370,Frimpong,D,0.0,0.09,0.0,0.1,"good (transfers exact, EO-anchored)"
2025-26,12,373,Virgil,D,48.78,53.46,76.2,83.5,"good (transfers exact, EO-anchored)"
2025-26,12,381,M.Salah,M,4.87,3.81,7.6,6.0,"good (transfers exact, EO-anchored)"
2025-26,12,382,Wirtz,M,6.53,3.18,10.2,5.0,"good (transfers exact, EO-anchored)"
2025-26,12,384,Gakpo,M,0.55,0.93,0.9,1.5,"good (transfers exact, EO-anchored)"
2025-26,12,387,Szoboszlai,M,0.95,2.0,1.5,3.1,"good (transfers exact, EO-anchored)"
2025-26,12,389,Elliott,M,0.24,0.0,0.4,0.0,"good (transfers exact, EO-anchored)"
2025-26,12,402,Aït-Nouri,D,0.0,0.97,0.0,1.5,"good (transfers exact, EO-anchored)"
2025-26,12,403,Gvardiol,D,0.58,1.38,0.9,2.2,"good (transfers exact, EO-anchored)"
2025-26,12,411,O'Reilly,D,0.0,1.0,0.0,1.6,"good (transfers exact, EO-anchored)"
2025-26,12,413,Marmoush,M,0.0,0.31,0.0,0.5,"good (transfers exact, EO-anchored)"
2025-26,12,414,Foden,M,2.41,1.47,3.8,2.3,"good (transfers exact, EO-anchored)"
2025-26,12,427,Reijnders,M,4.89,5.49,7.6,8.6,"good (transfers exact, EO-anchored)"
2025-26,12,430,Haaland,F,58.77,62.74,91.8,98.0,"good (transfers exact, EO-anchored)"
2025-26,12,436,De Ligt,D,0.85,0.0,1.3,0.0,"good (transfers exact, EO-anchored)"
2025-26,12,441,Dorgu,D,2.75,1.61,4.3,2.5,"good (transfers exact, EO-anchored)"
2025-26,12,449,B.Fernandes,M,64.0,48.9,100.0,76.4,"good (transfers exact, EO-anchored)"
2025-26,12,450,Cunha,M,11.5,6.07,18.0,9.5,"good (transfers exact, EO-anchored)"
2025-26,12,467,Obi,F,0.98,0.0,1.5,0.0,"good (transfers exact, EO-anchored)"
2025-26,12,469,Pope,G,0.0,12.58,0.0,19.7,"good (transfers exact, EO-anchored)"
2025-26,12,470,Dúbravka,G,48.57,46.48,75.9,72.6,"good (transfers exact, EO-anchored)"
2025-26,12,478,Trippier,D,0.0,0.55,0.0,0.9,"good (transfers exact, EO-anchored)"
2025-26,12,485,Gordon,M,0.0,0.97,0.0,1.5,"good (transfers exact, EO-anchored)"
2025-26,12,486,Elanga,M,0.0,0.11,0.0,0.2,"good (transfers exact, EO-anchored)"
2025-26,12,487,Barnes,M,2.1,0.0,3.3,0.0,"good (transfers exact, EO-anchored)"
2025-26,12,491,Tonali,M,0.24,0.31,0.4,0.5,"good (transfers exact, EO-anchored)"
2025-26,12,497,L.Miley,M,0.0,0.47,0.0,0.7,"good (transfers exact, EO-anchored)"
2025-26,12,502,Sels,G,0.0,6.43,0.0,10.0,"good (transfers exact, EO-anchored)"
2025-26,12,505,Milenković,D,0.25,1.72,0.4,2.7,"good (transfers exact, EO-anchored)"
2025-26,12,506,Murillo,D,5.84,5.32,9.1,8.3,"good (transfers exact, EO-anchored)"
2025-26,12,508,N.Williams,D,0.9,4.49,1.4,7.0,"good (transfers exact, EO-anchored)"
2025-26,12,517,Anderson,M,2.97,1.61,4.6,2.5,"good (transfers exact, EO-anchored)"
2025-26,12,525,Wood,F,0.23,1.29,0.4,2.0,"good (transfers exact, EO-anchored)"
2025-26,12,554,Ba,M,0.0,0.47,0.0,0.7,"good (transfers exact, EO-anchored)"
2025-26,12,562,Abdullahi,F,0.98,0.0,1.5,0.0,"good (transfers exact, EO-anchored)"
2025-26,12,565,Vicario,G,2.4,1.56,3.8,2.4,"good (transfers exact, EO-anchored)"
2025-26,12,568,Pedro Porro,D,10.89,12.41,17.0,19.4,"good (transfers exact, EO-anchored)"
2025-26,12,569,Romero,D,0.93,0.0,1.5,0.0,"good (transfers exact, EO-anchored)"
2025-26,12,573,Spence,D,0.25,0.0,0.4,0.0,"good (transfers exact, EO-anchored)"
2025-26,12,575,Van de Ven,D,0.25,4.39,0.4,6.9,"good (transfers exact, EO-anchored)"
2025-26,12,580,Johnson,M,0.0,0.26,0.0,0.4,"good (transfers exact, EO-anchored)"
2025-26,12,582,Kudus,M,0.0,0.84,0.0,1.3,"good (transfers exact, EO-anchored)"
2025-26,12,593,P.M.Sarr,M,0.0,0.31,0.0,0.5,"good (transfers exact, EO-anchored)"
2025-26,12,597,Richarlison,F,0.15,0.16,0.2,0.2,"good (transfers exact, EO-anchored)"
2025-26,12,603,Diouf,D,0.0,1.54,0.0,2.4,"good (transfers exact, EO-anchored)"
2025-26,12,612,L.Paquetá,M,1.13,2.5,1.8,3.9,"good (transfers exact, EO-anchored)"
2025-26,12,623,Potts,M,0.0,0.07,0.0,0.1,"good (transfers exact, EO-anchored)"
2025-26,12,624,Bowen,F,0.0,2.11,0.0,3.3,"good (transfers exact, EO-anchored)"
2025-26,12,625,Füllkrug,F,0.0,0.74,0.0,1.2,"good (transfers exact, EO-anchored)"
2025-26,12,626,Marshall,F,0.3,0.0,0.5,0.0,"good (transfers exact, EO-anchored)"
2025-26,12,631,Agbadou,D,1.83,1.07,2.9,1.7,"good (transfers exact, EO-anchored)"
2025-26,12,652,Gonzalez,M,0.0,0.31,0.0,0.5,"good (transfers exact, EO-anchored)"
2025-26,12,654,Strand Larsen,F,5.35,3.51,8.4,5.5,"good (transfers exact, EO-anchored)"
2025-26,12,660,Stach,M,0.0,2.07,0.0,3.2,"good (transfers exact, EO-anchored)"
2025-26,12,665,Perri,G,0.3,0.0,0.5,0.0,"good (transfers exact, EO-anchored)"
2025-26,12,666,Gyökeres,F,0.37,0.59,0.6,0.9,"good (transfers exact, EO-anchored)"
2025-26,12,683,Alderete,D,1.23,1.59,1.9,2.5,"good (transfers exact, EO-anchored)"
2025-26,12,691,Calvert-Lewin,F,10.16,2.8,15.9,4.4,"good (transfers exact, EO-anchored)"
2025-26,12,694,Mukiele,D,3.86,8.46,6.0,13.2,"good (transfers exact, EO-anchored)"
2025-26,12,714,Woltemade,F,0.0,4.54,0.0,7.1,"good (transfers exact, EO-anchored)"
2025-26,13,1,Raya,G,59.66,36.62,93.2,57.2,"good (transfers exact, EO-anchored)"
2025-26,13,5,Gabriel,D,0.0,1.51,0.0,2.4,"good (transfers exact, EO-anchored)"
2025-26,13,6,Saliba,D,1.0,0.0,1.6,0.0,"good (transfers exact, EO-anchored)"
2025-26,13,7,Calafiori,D,0.6,0.99,0.9,1.5,"good (transfers exact, EO-anchored)"
2025-26,13,8,J.Timber,D,15.96,23.69,24.9,37.0,"good (transfers exact, EO-anchored)"
2025-26,13,16,Saka,M,42.74,45.45,66.8,71.0,"good (transfers exact, EO-anchored)"
2025-26,13,33,M.Bizot,G,0.0,0.53,0.0,0.8,"good (transfers exact, EO-anchored)"
2025-26,13,38,Konsa,D,0.0,1.51,0.0,2.4,"good (transfers exact, EO-anchored)"
2025-26,13,47,Rogers,M,0.0,1.98,0.0,3.1,"good (transfers exact, EO-anchored)"
2025-26,13,48,Tielemans,M,1.98,0.77,3.1,1.2,"good (transfers exact, EO-anchored)"
2025-26,13,64,Watkins,F,2.81,8.77,4.4,13.7,"good (transfers exact, EO-anchored)"
2025-26,13,67,Petrović,G,5.35,1.63,8.4,2.5,"good (transfers exact, EO-anchored)"
2025-26,13,72,Senesi,D,53.12,52.33,83.0,81.8,"good (transfers exact, EO-anchored)"
2025-26,13,74,Truffert,D,5.85,1.77,9.1,2.8,"good (transfers exact, EO-anchored)"
2025-26,13,82,Semenyo,M,34.26,53.47,53.5,83.5,"good (transfers exact, EO-anchored)"
2025-26,13,83,O.Dango,M,1.31,0.25,2.0,0.4,"good (transfers exact, EO-anchored)"
2025-26,13,84,Tavernier,M,1.9,0.0,3.0,0.0,"good (transfers exact, EO-anchored)"
2025-26,13,100,Kroupi.Jr,F,6.98,3.11,10.9,4.9,"good (transfers exact, EO-anchored)"
2025-26,13,101,Kelleher,G,0.3,0.53,0.5,0.8,"good (transfers exact, EO-anchored)"
2025-26,13,105,Valdimarsson,G,0.0,0.53,0.0,0.8,"good (transfers exact, EO-anchored)"
2025-26,13,113,Van den Berg,D,3.71,2.01,5.8,3.1,"good (transfers exact, EO-anchored)"
2025-26,13,119,Mbeumo,M,9.2,19.66,14.4,30.7,"good (transfers exact, EO-anchored)"
2025-26,13,120,Schade,M,6.0,1.98,9.4,3.1,"good (transfers exact, EO-anchored)"
2025-26,13,123,Carvalho,M,0.0,0.3,0.0,0.5,"good (transfers exact, EO-anchored)"
2025-26,13,136,Thiago,F,22.42,18.78,35.0,29.3,"good (transfers exact, EO-anchored)"
2025-26,13,139,Verbruggen,G,0.9,2.12,1.4,3.3,"good (transfers exact, EO-anchored)"
2025-26,13,145,De Cuyper,D,0.0,1.01,0.0,1.6,"good (transfers exact, EO-anchored)"
2025-26,13,151,Van Hecke,D,2.45,0.44,3.8,0.7,"good (transfers exact, EO-anchored)"
2025-26,13,157,Mitoma,M,0.0,0.3,0.0,0.5,"good (transfers exact, EO-anchored)"
2025-26,13,158,Georginio,M,2.81,0.91,4.4,1.4,"good (transfers exact, EO-anchored)"
2025-26,13,160,Minteh,M,32.13,16.74,50.2,26.2,"good (transfers exact, EO-anchored)"
2025-26,13,178,Welbeck,F,1.4,1.42,2.2,2.2,"good (transfers exact, EO-anchored)"
2025-26,13,190,Ekdal,D,0.0,0.36,0.0,0.6,"good (transfers exact, EO-anchored)"
2025-26,13,191,Estève,D,11.28,15.87,17.6,24.8,"good (transfers exact, EO-anchored)"
2025-26,13,192,Hartman,D,0.0,0.4,0.0,0.6,"good (transfers exact, EO-anchored)"
2025-26,13,220,Sánchez,G,10.72,18.03,16.8,28.2,"good (transfers exact, EO-anchored)"
2025-26,13,225,James,D,0.0,2.19,0.0,3.4,"good (transfers exact, EO-anchored)"
2025-26,13,226,Chalobah,D,0.0,0.99,0.0,1.5,"good (transfers exact, EO-anchored)"
2025-26,13,232,Tosin,D,0.0,1.62,0.0,2.5,"good (transfers exact, EO-anchored)"
2025-26,13,235,Palmer,M,0.68,0.54,1.1,0.8,"good (transfers exact, EO-anchored)"
2025-26,13,237,Enzo,M,30.53,39.12,47.7,61.1,"good (transfers exact, EO-anchored)"
2025-26,13,242,Dewsbury-Hall,M,0.9,2.54,1.4,4.0,"good (transfers exact, EO-anchored)"
2025-26,13,249,João Pedro,F,0.94,2.67,1.5,4.2,"good (transfers exact, EO-anchored)"
2025-26,13,252,Marc Guiu,F,35.79,22.76,55.9,35.6,"good (transfers exact, EO-anchored)"
2025-26,13,256,Muñoz,D,8.45,22.41,13.2,35.0,"good (transfers exact, EO-anchored)"
2025-26,13,257,Lacroix,D,30.2,8.46,47.2,13.2,"good (transfers exact, EO-anchored)"
2025-26,13,260,Guéhi,D,0.0,0.99,0.0,1.5,"good (transfers exact, EO-anchored)"
2025-26,13,261,Richards,D,8.67,17.57,13.5,27.5,"good (transfers exact, EO-anchored)"
2025-26,13,266,Eze,M,0.05,0.53,0.1,0.8,"good (transfers exact, EO-anchored)"
2025-26,13,267,Sarr,M,21.29,37.17,33.3,58.1,"good (transfers exact, EO-anchored)"
2025-26,13,283,Mateta,F,42.45,57.12,66.3,89.2,"good (transfers exact, EO-anchored)"
2025-26,13,291,Tarkowski,D,25.09,8.91,39.2,13.9,"good (transfers exact, EO-anchored)"
2025-26,13,295,Keane,D,4.98,4.6,7.8,7.2,"good (transfers exact, EO-anchored)"
2025-26,13,299,Ndiaye,M,18.27,9.51,28.5,14.9,"good (transfers exact, EO-anchored)"
2025-26,13,317,Andersen,D,59.25,32.97,92.6,51.5,"good (transfers exact, EO-anchored)"
2025-26,13,335,King,M,0.0,1.63,0.0,2.5,"good (transfers exact, EO-anchored)"
2025-26,13,337,Raúl,F,0.0,0.08,0.0,0.1,"good (transfers exact, EO-anchored)"
2025-26,13,338,Muniz,F,0.75,0.0,1.2,0.0,"good (transfers exact, EO-anchored)"
2025-26,13,344,Bijol,D,0.83,0.0,1.3,0.0,"good (transfers exact, EO-anchored)"
2025-26,13,348,Rodon,D,4.5,15.23,7.0,23.8,"good (transfers exact, EO-anchored)"
2025-26,13,366,A.Becker,G,0.0,2.02,0.0,3.2,"good (transfers exact, EO-anchored)"
2025-26,13,367,Mamardashvili,G,0.0,1.05,0.0,1.6,"good (transfers exact, EO-anchored)"
2025-26,13,370,Frimpong,D,0.0,0.09,0.0,0.1,"good (transfers exact, EO-anchored)"
2025-26,13,373,Virgil,D,48.73,53.54,76.1,83.7,"good (transfers exact, EO-anchored)"
2025-26,13,381,M.Salah,M,2.75,3.7,4.3,5.8,"good (transfers exact, EO-anchored)"
2025-26,13,382,Wirtz,M,6.32,3.09,9.9,4.8,"good (transfers exact, EO-anchored)"
2025-26,13,384,Gakpo,M,0.53,0.0,0.8,0.0,"good (transfers exact, EO-anchored)"
2025-26,13,387,Szoboszlai,M,0.91,1.95,1.4,3.0,"good (transfers exact, EO-anchored)"
2025-26,13,389,Elliott,M,0.23,0.0,0.4,0.0,"good (transfers exact, EO-anchored)"
2025-26,13,402,Aït-Nouri,D,0.0,0.96,0.0,1.5,"good (transfers exact, EO-anchored)"
2025-26,13,403,Gvardiol,D,0.58,1.37,0.9,2.1,"good (transfers exact, EO-anchored)"
2025-26,13,411,O'Reilly,D,6.07,5.04,9.5,7.9,"good (transfers exact, EO-anchored)"
2025-26,13,413,Marmoush,M,0.0,0.3,0.0,0.5,"good (transfers exact, EO-anchored)"
2025-26,13,414,Foden,M,20.5,5.49,32.0,8.6,"good (transfers exact, EO-anchored)"
2025-26,13,418,Doku,M,0.0,1.98,0.0,3.1,"good (transfers exact, EO-anchored)"
2025-26,13,427,Reijnders,M,3.0,5.34,4.7,8.3,"good (transfers exact, EO-anchored)"
2025-26,13,430,Haaland,F,60.56,62.74,94.6,98.0,"good (transfers exact, EO-anchored)"
2025-26,13,436,De Ligt,D,0.84,0.0,1.3,0.0,"good (transfers exact, EO-anchored)"
2025-26,13,441,Dorgu,D,2.73,1.6,4.3,2.5,"good (transfers exact, EO-anchored)"
2025-26,13,449,B.Fernandes,M,64.0,47.71,100.0,74.5,"good (transfers exact, EO-anchored)"
2025-26,13,450,Cunha,M,9.16,4.92,14.3,7.7,"good (transfers exact, EO-anchored)"
2025-26,13,467,Obi,F,0.97,0.0,1.5,0.0,"good (transfers exact, EO-anchored)"
2025-26,13,469,Pope,G,0.0,11.56,0.0,18.1,"good (transfers exact, EO-anchored)"
2025-26,13,470,Dúbravka,G,48.57,46.48,75.9,72.6,"good (transfers exact, EO-anchored)"
2025-26,13,485,Gordon,M,0.0,1.0,0.0,1.6,"good (transfers exact, EO-anchored)"
2025-26,13,486,Elanga,M,0.0,0.1,0.0,0.2,"good (transfers exact, EO-anchored)"
2025-26,13,487,Barnes,M,3.01,0.0,4.7,0.0,"good (transfers exact, EO-anchored)"
2025-26,13,491,Tonali,M,0.23,0.3,0.4,0.5,"good (transfers exact, EO-anchored)"
2025-26,13,493,Longstaff,M,0.0,1.0,0.0,1.6,"good (transfers exact, EO-anchored)"
2025-26,13,497,L.Miley,M,0.0,0.46,0.0,0.7,"good (transfers exact, EO-anchored)"
2025-26,13,502,Sels,G,0.0,6.43,0.0,10.0,"good (transfers exact, EO-anchored)"
2025-26,13,505,Milenković,D,0.25,1.7,0.4,2.7,"good (transfers exact, EO-anchored)"
2025-26,13,506,Murillo,D,5.81,5.27,9.1,8.2,"good (transfers exact, EO-anchored)"
2025-26,13,508,N.Williams,D,0.89,4.44,1.4,6.9,"good (transfers exact, EO-anchored)"
2025-26,13,517,Anderson,M,5.86,1.57,9.2,2.5,"good (transfers exact, EO-anchored)"
2025-26,13,525,Wood,F,0.23,1.29,0.4,2.0,"good (transfers exact, EO-anchored)"
2025-26,13,554,Ba,M,0.0,1.0,0.0,1.6,"good (transfers exact, EO-anchored)"
2025-26,13,562,Abdullahi,F,0.97,0.0,1.5,0.0,"good (transfers exact, EO-anchored)"
2025-26,13,565,Vicario,G,2.4,1.56,3.8,2.4,"good (transfers exact, EO-anchored)"
2025-26,13,568,Pedro Porro,D,10.84,12.3,16.9,19.2,"good (transfers exact, EO-anchored)"
2025-26,13,569,Romero,D,0.92,0.0,1.4,0.0,"good (transfers exact, EO-anchored)"
2025-26,13,573,Spence,D,0.25,0.0,0.4,0.0,"good (transfers exact, EO-anchored)"
2025-26,13,575,Van de Ven,D,0.25,3.33,0.4,5.2,"good (transfers exact, EO-anchored)"
2025-26,13,580,Johnson,M,0.0,0.25,0.0,0.4,"good (transfers exact, EO-anchored)"
2025-26,13,582,Kudus,M,0.0,0.82,0.0,1.3,"good (transfers exact, EO-anchored)"
2025-26,13,593,P.M.Sarr,M,0.0,0.3,0.0,0.5,"good (transfers exact, EO-anchored)"
2025-26,13,597,Richarlison,F,0.14,0.16,0.2,0.2,"good (transfers exact, EO-anchored)"
2025-26,13,603,Diouf,D,0.0,1.53,0.0,2.4,"good (transfers exact, EO-anchored)"
2025-26,13,612,L.Paquetá,M,1.09,2.46,1.7,3.8,"good (transfers exact, EO-anchored)"
2025-26,13,623,Potts,M,0.0,0.07,0.0,0.1,"good (transfers exact, EO-anchored)"
2025-26,13,624,Bowen,F,0.0,2.11,0.0,3.3,"good (transfers exact, EO-anchored)"
2025-26,13,625,Füllkrug,F,0.0,0.74,0.0,1.2,"good (transfers exact, EO-anchored)"
2025-26,13,626,Marshall,F,0.29,0.0,0.5,0.0,"good (transfers exact, EO-anchored)"
2025-26,13,631,Agbadou,D,1.82,1.05,2.8,1.6,"good (transfers exact, EO-anchored)"
2025-26,13,650,Chirewa,M,0.0,0.99,0.0,1.5,"good (transfers exact, EO-anchored)"
2025-26,13,652,Gonzalez,M,0.0,0.3,0.0,0.5,"good (transfers exact, EO-anchored)"
2025-26,13,654,Strand Larsen,F,5.26,3.51,8.2,5.5,"good (transfers exact, EO-anchored)"
2025-26,13,660,Stach,M,1.0,2.02,1.6,3.2,"good (transfers exact, EO-anchored)"
2025-26,13,665,Perri,G,0.3,0.0,0.5,0.0,"good (transfers exact, EO-anchored)"
2025-26,13,666,Gyökeres,F,0.0,0.59,0.0,0.9,"good (transfers exact, EO-anchored)"
2025-26,13,683,Alderete,D,1.22,1.57,1.9,2.5,"good (transfers exact, EO-anchored)"
2025-26,13,691,Calvert-Lewin,F,7.03,2.8,11.0,4.4,"good (transfers exact, EO-anchored)"
2025-26,13,694,Mukiele,D,2.83,8.37,4.4,13.1,"good (transfers exact, EO-anchored)"
2025-26,13,714,Woltemade,F,0.0,4.54,0.0,7.1,"good (transfers exact, EO-anchored)"
2025-26,14,1,Raya,G,59.66,38.62,93.2,60.3,"good (transfers exact, EO-anchored)"
2025-26,14,5,Gabriel,D,0.0,0.51,0.0,0.8,"good (transfers exact, EO-anchored)"
2025-26,14,7,Calafiori,D,0.6,0.99,0.9,1.5,"good (transfers exact, EO-anchored)"
2025-26,14,8,J.Timber,D,26.96,32.69,42.1,51.1,"good (transfers exact, EO-anchored)"
2025-26,14,16,Saka,M,42.74,44.45,66.8,69.5,"good (transfers exact, EO-anchored)"
2025-26,14,21,Rice,M,0.0,1.0,0.0,1.6,"good (transfers exact, EO-anchored)"
2025-26,14,33,M.Bizot,G,0.0,0.53,0.0,0.8,"good (transfers exact, EO-anchored)"
2025-26,14,38,Konsa,D,0.0,1.51,0.0,2.4,"good (transfers exact, EO-anchored)"
2025-26,14,47,Rogers,M,0.0,1.98,0.0,3.1,"good (transfers exact, EO-anchored)"
2025-26,14,48,Tielemans,M,1.98,0.77,3.1,1.2,"good (transfers exact, EO-anchored)"
2025-26,14,64,Watkins,F,2.81,8.77,4.4,13.7,"good (transfers exact, EO-anchored)"
2025-26,14,67,Petrović,G,5.35,1.63,8.4,2.5,"good (transfers exact, EO-anchored)"
2025-26,14,72,Senesi,D,28.12,27.33,43.9,42.7,"good (transfers exact, EO-anchored)"
2025-26,14,74,Truffert,D,5.85,1.77,9.1,2.8,"good (transfers exact, EO-anchored)"
2025-26,14,82,Semenyo,M,32.26,52.47,50.4,82.0,"good (transfers exact, EO-anchored)"
2025-26,14,83,O.Dango,M,0.31,0.25,0.5,0.4,"good (transfers exact, EO-anchored)"
2025-26,14,84,Tavernier,M,1.9,0.0,3.0,0.0,"good (transfers exact, EO-anchored)"
2025-26,14,100,Kroupi.Jr,F,5.98,3.11,9.3,4.9,"good (transfers exact, EO-anchored)"
2025-26,14,101,Kelleher,G,0.3,0.53,0.5,0.8,"good (transfers exact, EO-anchored)"
2025-26,14,105,Valdimarsson,G,0.0,0.53,0.0,0.8,"good (transfers exact, EO-anchored)"
2025-26,14,113,Van den Berg,D,3.71,2.01,5.8,3.1,"good (transfers exact, EO-anchored)"
2025-26,14,119,Mbeumo,M,11.2,19.66,17.5,30.7,"good (transfers exact, EO-anchored)"
2025-26,14,120,Schade,M,4.0,1.98,6.2,3.1,"good (transfers exact, EO-anchored)"
2025-26,14,123,Carvalho,M,0.0,0.3,0.0,0.5,"good (transfers exact, EO-anchored)"
2025-26,14,136,Thiago,F,22.42,18.78,35.0,29.3,"good (transfers exact, EO-anchored)"
2025-26,14,139,Verbruggen,G,0.9,4.12,1.4,6.4,"good (transfers exact, EO-anchored)"
2025-26,14,145,De Cuyper,D,0.0,1.01,0.0,1.6,"good (transfers exact, EO-anchored)"
2025-26,14,151,Van Hecke,D,2.45,1.44,3.8,2.2,"good (transfers exact, EO-anchored)"
2025-26,14,157,Mitoma,M,0.0,0.3,0.0,0.5,"good (transfers exact, EO-anchored)"
2025-26,14,158,Georginio,M,2.81,0.91,4.4,1.4,"good (transfers exact, EO-anchored)"
2025-26,14,160,Minteh,M,37.13,28.74,58.0,44.9,"good (transfers exact, EO-anchored)"
2025-26,14,178,Welbeck,F,1.4,1.42,2.2,2.2,"good (transfers exact, EO-anchored)"
2025-26,14,190,Ekdal,D,0.0,0.36,0.0,0.6,"good (transfers exact, EO-anchored)"
2025-26,14,191,Estève,D,12.28,17.87,19.2,27.9,"good (transfers exact, EO-anchored)"
2025-26,14,192,Hartman,D,0.0,0.4,0.0,0.6,"good (transfers exact, EO-anchored)"
2025-26,14,220,Sánchez,G,10.72,18.03,16.8,28.2,"good (transfers exact, EO-anchored)"
2025-26,14,225,James,D,0.0,1.19,0.0,1.9,"good (transfers exact, EO-anchored)"
2025-26,14,226,Chalobah,D,0.0,0.99,0.0,1.5,"good (transfers exact, EO-anchored)"
2025-26,14,232,Tosin,D,0.0,1.62,0.0,2.5,"good (transfers exact, EO-anchored)"
2025-26,14,235,Palmer,M,0.68,0.54,1.1,0.8,"good (transfers exact, EO-anchored)"
2025-26,14,237,Enzo,M,24.53,37.12,38.3,58.0,"good (transfers exact, EO-anchored)"
2025-26,14,242,Dewsbury-Hall,M,10.9,3.54,17.0,5.5,"good (transfers exact, EO-anchored)"
2025-26,14,249,João Pedro,F,0.94,2.67,1.5,4.2,"good (transfers exact, EO-anchored)"
2025-26,14,252,Marc Guiu,F,37.79,22.76,59.0,35.6,"good (transfers exact, EO-anchored)"
2025-26,14,256,Muñoz,D,8.45,25.41,13.2,39.7,"good (transfers exact, EO-anchored)"
2025-26,14,257,Lacroix,D,33.2,9.46,51.9,14.8,"good (transfers exact, EO-anchored)"
2025-26,14,260,Guéhi,D,0.0,0.99,0.0,1.5,"good (transfers exact, EO-anchored)"
2025-26,14,261,Richards,D,11.67,17.57,18.2,27.5,"good (transfers exact, EO-anchored)"
2025-26,14,266,Eze,M,0.05,0.53,0.1,0.8,"good (transfers exact, EO-anchored)"
2025-26,14,267,Sarr,M,3.29,3.17,5.1,5.0,"good (transfers exact, EO-anchored)"
2025-26,14,283,Mateta,F,42.45,57.12,66.3,89.2,"good (transfers exact, EO-anchored)"
2025-26,14,291,Tarkowski,D,25.09,7.91,39.2,12.4,"good (transfers exact, EO-anchored)"
2025-26,14,295,Keane,D,4.98,4.6,7.8,7.2,"good (transfers exact, EO-anchored)"
2025-26,14,299,Ndiaye,M,16.27,8.51,25.4,13.3,"good (transfers exact, EO-anchored)"
2025-26,14,317,Andersen,D,58.25,33.97,91.0,53.1,"good (transfers exact, EO-anchored)"
2025-26,14,335,King,M,0.0,1.63,0.0,2.5,"good (transfers exact, EO-anchored)"
2025-26,14,337,Raúl,F,0.0,0.08,0.0,0.1,"good (transfers exact, EO-anchored)"
2025-26,14,338,Muniz,F,0.75,0.0,1.2,0.0,"good (transfers exact, EO-anchored)"
2025-26,14,344,Bijol,D,0.83,0.0,1.3,0.0,"good (transfers exact, EO-anchored)"
2025-26,14,348,Rodon,D,4.5,14.23,7.0,22.2,"good (transfers exact, EO-anchored)"
2025-26,14,366,A.Becker,G,0.0,2.02,0.0,3.2,"good (transfers exact, EO-anchored)"
2025-26,14,367,Mamardashvili,G,0.0,1.05,0.0,1.6,"good (transfers exact, EO-anchored)"
2025-26,14,370,Frimpong,D,0.0,0.09,0.0,0.1,"good (transfers exact, EO-anchored)"
2025-26,14,373,Virgil,D,50.73,53.54,79.3,83.7,"good (transfers exact, EO-anchored)"
2025-26,14,381,M.Salah,M,2.75,3.7,4.3,5.8,"good (transfers exact, EO-anchored)"
2025-26,14,382,Wirtz,M,6.32,3.09,9.9,4.8,"good (transfers exact, EO-anchored)"
2025-26,14,384,Gakpo,M,1.53,1.0,2.4,1.6,"good (transfers exact, EO-anchored)"
2025-26,14,387,Szoboszlai,M,3.91,1.95,6.1,3.0,"good (transfers exact, EO-anchored)"
2025-26,14,389,Elliott,M,0.23,0.0,0.4,0.0,"good (transfers exact, EO-anchored)"
2025-26,14,402,Aït-Nouri,D,0.0,0.96,0.0,1.5,"good (transfers exact, EO-anchored)"
2025-26,14,403,Gvardiol,D,0.58,1.37,0.9,2.1,"good (transfers exact, EO-anchored)"
2025-26,14,411,O'Reilly,D,8.07,13.04,12.6,20.4,"good (transfers exact, EO-anchored)"
2025-26,14,413,Marmoush,M,0.0,0.3,0.0,0.5,"good (transfers exact, EO-anchored)"
2025-26,14,414,Foden,M,23.5,8.49,36.7,13.3,"good (transfers exact, EO-anchored)"
2025-26,14,418,Doku,M,0.0,1.98,0.0,3.1,"good (transfers exact, EO-anchored)"
2025-26,14,427,Reijnders,M,0.0,5.34,0.0,8.3,"good (transfers exact, EO-anchored)"
2025-26,14,430,Haaland,F,60.56,62.74,94.6,98.0,"good (transfers exact, EO-anchored)"
2025-26,14,436,De Ligt,D,0.84,0.0,1.3,0.0,"good (transfers exact, EO-anchored)"
2025-26,14,441,Dorgu,D,2.73,1.6,4.3,2.5,"good (transfers exact, EO-anchored)"
2025-26,14,449,B.Fernandes,M,64.0,50.71,100.0,79.2,"good (transfers exact, EO-anchored)"
2025-26,14,450,Cunha,M,9.16,4.92,14.3,7.7,"good (transfers exact, EO-anchored)"
2025-26,14,452,Amad,M,0.0,1.0,0.0,1.6,"good (transfers exact, EO-anchored)"
2025-26,14,467,Obi,F,0.97,0.0,1.5,0.0,"good (transfers exact, EO-anchored)"
2025-26,14,469,Pope,G,0.0,7.56,0.0,11.8,"good (transfers exact, EO-anchored)"
2025-26,14,470,Dúbravka,G,48.57,46.48,75.9,72.6,"good (transfers exact, EO-anchored)"
2025-26,14,486,Elanga,M,0.0,0.1,0.0,0.2,"good (transfers exact, EO-anchored)"
2025-26,14,487,Barnes,M,3.01,0.0,4.7,0.0,"good (transfers exact, EO-anchored)"
2025-26,14,488,Bruno G.,M,0.0,1.0,0.0,1.6,"good (transfers exact, EO-anchored)"
2025-26,14,491,Tonali,M,0.23,0.3,0.4,0.5,"good (transfers exact, EO-anchored)"
2025-26,14,497,L.Miley,M,0.0,0.46,0.0,0.7,"good (transfers exact, EO-anchored)"
2025-26,14,502,Sels,G,0.0,6.43,0.0,10.0,"good (transfers exact, EO-anchored)"
2025-26,14,505,Milenković,D,0.25,1.7,0.4,2.7,"good (transfers exact, EO-anchored)"
2025-26,14,506,Murillo,D,5.81,5.27,9.1,8.2,"good (transfers exact, EO-anchored)"
2025-26,14,508,N.Williams,D,0.89,4.44,1.4,6.9,"good (transfers exact, EO-anchored)"
2025-26,14,515,Gibbs-White,M,0.0,1.0,0.0,1.6,"good (transfers exact, EO-anchored)"
2025-26,14,517,Anderson,M,16.86,20.57,26.3,32.1,"good (transfers exact, EO-anchored)"
2025-26,14,525,Wood,F,0.23,1.29,0.4,2.0,"good (transfers exact, EO-anchored)"
2025-26,14,562,Abdullahi,F,0.97,0.0,1.5,0.0,"good (transfers exact, EO-anchored)"
2025-26,14,565,Vicario,G,2.4,1.56,3.8,2.4,"good (transfers exact, EO-anchored)"
2025-26,14,568,Pedro Porro,D,9.84,10.3,15.4,16.1,"good (transfers exact, EO-anchored)"
2025-26,14,569,Romero,D,0.92,0.0,1.4,0.0,"good (transfers exact, EO-anchored)"
2025-26,14,573,Spence,D,0.25,0.0,0.4,0.0,"good (transfers exact, EO-anchored)"
2025-26,14,575,Van de Ven,D,0.25,3.33,0.4,5.2,"good (transfers exact, EO-anchored)"
2025-26,14,580,Johnson,M,0.0,0.25,0.0,0.4,"good (transfers exact, EO-anchored)"
2025-26,14,582,Kudus,M,0.0,0.82,0.0,1.3,"good (transfers exact, EO-anchored)"
2025-26,14,593,P.M.Sarr,M,0.0,0.3,0.0,0.5,"good (transfers exact, EO-anchored)"
2025-26,14,597,Richarlison,F,0.14,0.16,0.2,0.2,"good (transfers exact, EO-anchored)"
2025-26,14,603,Diouf,D,0.0,1.53,0.0,2.4,"good (transfers exact, EO-anchored)"
2025-26,14,612,L.Paquetá,M,1.09,1.46,1.7,2.3,"good (transfers exact, EO-anchored)"
2025-26,14,623,Potts,M,0.0,0.07,0.0,0.1,"good (transfers exact, EO-anchored)"
2025-26,14,624,Bowen,F,0.0,2.11,0.0,3.3,"good (transfers exact, EO-anchored)"
2025-26,14,625,Füllkrug,F,0.0,0.74,0.0,1.2,"good (transfers exact, EO-anchored)"
2025-26,14,626,Marshall,F,0.29,0.0,0.5,0.0,"good (transfers exact, EO-anchored)"
2025-26,14,631,Agbadou,D,1.82,1.05,2.8,1.6,"good (transfers exact, EO-anchored)"
2025-26,14,650,Chirewa,M,0.0,0.99,0.0,1.5,"good (transfers exact, EO-anchored)"
2025-26,14,652,Gonzalez,M,0.0,0.3,0.0,0.5,"good (transfers exact, EO-anchored)"
2025-26,14,654,Strand Larsen,F,5.26,3.51,8.2,5.5,"good (transfers exact, EO-anchored)"
2025-26,14,660,Stach,M,0.0,2.02,0.0,3.2,"good (transfers exact, EO-anchored)"
2025-26,14,665,Perri,G,0.3,0.0,0.5,0.0,"good (transfers exact, EO-anchored)"
2025-26,14,666,Gyökeres,F,0.0,0.59,0.0,0.9,"good (transfers exact, EO-anchored)"
2025-26,14,683,Alderete,D,1.22,1.57,1.9,2.5,"good (transfers exact, EO-anchored)"
2025-26,14,684,Thiaw,D,6.0,6.0,9.4,9.4,"good (transfers exact, EO-anchored)"
2025-26,14,691,Calvert-Lewin,F,5.03,2.8,7.9,4.4,"good (transfers exact, EO-anchored)"
2025-26,14,694,Mukiele,D,2.83,8.37,4.4,13.1,"good (transfers exact, EO-anchored)"
2025-26,14,714,Woltemade,F,1.0,4.54,1.6,7.1,"good (transfers exact, EO-anchored)"
2025-26,15,1,Raya,G,59.1,38.62,92.3,60.3,"good (transfers exact, EO-anchored)"
2025-26,15,6,Saliba,D,1.0,0.0,1.6,0.0,"good (transfers exact, EO-anchored)"
2025-26,15,7,Calafiori,D,0.13,0.98,0.2,1.5,"good (transfers exact, EO-anchored)"
2025-26,15,8,J.Timber,D,28.74,32.66,44.9,51.0,"good (transfers exact, EO-anchored)"
2025-26,15,16,Saka,M,41.0,44.39,64.1,69.4,"good (transfers exact, EO-anchored)"
2025-26,15,21,Rice,M,0.0,0.96,0.0,1.5,"good (transfers exact, EO-anchored)"
2025-26,15,33,M.Bizot,G,0.0,0.53,0.0,0.8,"good (transfers exact, EO-anchored)"
2025-26,15,38,Konsa,D,0.0,1.5,0.0,2.3,"good (transfers exact, EO-anchored)"
2025-26,15,47,Rogers,M,0.0,1.91,0.0,3.0,"good (transfers exact, EO-anchored)"
2025-26,15,48,Tielemans,M,0.57,0.74,0.9,1.2,"good (transfers exact, EO-anchored)"
2025-26,15,64,Watkins,F,1.95,8.37,3.0,13.1,"good (transfers exact, EO-anchored)"
2025-26,15,67,Petrović,G,7.65,1.63,12.0,2.5,"good (transfers exact, EO-anchored)"
2025-26,15,72,Senesi,D,25.82,23.99,40.3,37.5,"good (transfers exact, EO-anchored)"
2025-26,15,74,Truffert,D,4.0,1.75,6.2,2.7,"good (transfers exact, EO-anchored)"
2025-26,15,82,Semenyo,M,16.0,28.94,25.0,45.2,"good (transfers exact, EO-anchored)"
2025-26,15,83,O.Dango,M,0.09,0.24,0.1,0.4,"good (transfers exact, EO-anchored)"
2025-26,15,84,Tavernier,M,1.56,0.0,2.4,0.0,"good (transfers exact, EO-anchored)"
2025-26,15,100,Kroupi.Jr,F,4.87,2.97,7.6,4.6,"good (transfers exact, EO-anchored)"
2025-26,15,101,Kelleher,G,2.7,0.53,4.2,0.8,"good (transfers exact, EO-anchored)"
2025-26,15,105,Valdimarsson,G,0.0,0.53,0.0,0.8,"good (transfers exact, EO-anchored)"
2025-26,15,113,Van den Berg,D,10.0,1.99,15.6,3.1,"good (transfers exact, EO-anchored)"
2025-26,15,119,Mbeumo,M,12.06,18.61,18.8,29.1,"good (transfers exact, EO-anchored)"
2025-26,15,120,Schade,M,3.81,1.91,6.0,3.0,"good (transfers exact, EO-anchored)"
2025-26,15,123,Carvalho,M,0.0,0.29,0.0,0.5,"good (transfers exact, EO-anchored)"
2025-26,15,136,Thiago,F,31.78,31.78,49.7,49.7,"good (transfers exact, EO-anchored)"
2025-26,15,139,Verbruggen,G,2.34,10.22,3.7,16.0,"good (transfers exact, EO-anchored)"
2025-26,15,145,De Cuyper,D,0.0,2.0,0.0,3.1,"good (transfers exact, EO-anchored)"
2025-26,15,151,Van Hecke,D,7.82,3.62,12.2,5.7,"good (transfers exact, EO-anchored)"
2025-26,15,157,Mitoma,M,0.0,0.29,0.0,0.5,"good (transfers exact, EO-anchored)"
2025-26,15,158,Georginio,M,0.81,0.88,1.3,1.4,"good (transfers exact, EO-anchored)"
2025-26,15,160,Minteh,M,45.0,32.79,70.3,51.2,"good (transfers exact, EO-anchored)"
2025-26,15,178,Welbeck,F,10.0,2.4,15.6,3.8,"good (transfers exact, EO-anchored)"
2025-26,15,190,Ekdal,D,0.0,0.36,0.0,0.6,"good (transfers exact, EO-anchored)"
2025-26,15,191,Estève,D,5.79,17.66,9.0,27.6,"good (transfers exact, EO-anchored)"
2025-26,15,192,Hartman,D,0.0,0.4,0.0,0.6,"good (transfers exact, EO-anchored)"
2025-26,15,220,Sánchez,G,4.77,14.98,7.5,23.4,"good (transfers exact, EO-anchored)"
2025-26,15,225,James,D,0.0,1.18,0.0,1.8,"good (transfers exact, EO-anchored)"
2025-26,15,226,Chalobah,D,0.0,0.98,0.0,1.5,"good (transfers exact, EO-anchored)"
2025-26,15,232,Tosin,D,0.0,1.6,0.0,2.5,"good (transfers exact, EO-anchored)"
2025-26,15,235,Palmer,M,0.2,0.52,0.3,0.8,"good (transfers exact, EO-anchored)"
2025-26,15,237,Enzo,M,11.39,23.68,17.8,37.0,"good (transfers exact, EO-anchored)"
2025-26,15,242,Dewsbury-Hall,M,15.0,5.37,23.4,8.4,"good (transfers exact, EO-anchored)"
2025-26,15,249,João Pedro,F,0.65,1.6,1.0,2.5,"good (transfers exact, EO-anchored)"
2025-26,15,252,Marc Guiu,F,33.43,22.69,52.2,35.5,"good (transfers exact, EO-anchored)"
2025-26,15,256,Muñoz,D,7.31,25.39,11.4,39.7,"good (transfers exact, EO-anchored)"
2025-26,15,257,Lacroix,D,31.38,9.39,49.0,14.7,"good (transfers exact, EO-anchored)"
2025-26,15,260,Guéhi,D,0.0,0.98,0.0,1.5,"good (transfers exact, EO-anchored)"
2025-26,15,261,Richards,D,9.26,17.51,14.5,27.4,"good (transfers exact, EO-anchored)"
2025-26,15,266,Eze,M,0.01,0.51,0.0,0.8,"good (transfers exact, EO-anchored)"
2025-26,15,267,Sarr,M,0.07,0.0,0.1,0.0,"good (transfers exact, EO-anchored)"
2025-26,15,283,Mateta,F,21.48,42.71,33.6,66.7,"good (transfers exact, EO-anchored)"
2025-26,15,291,Tarkowski,D,32.7,6.87,51.1,10.7,"good (transfers exact, EO-anchored)"
2025-26,15,295,Keane,D,5.0,4.55,7.8,7.1,"good (transfers exact, EO-anchored)"
2025-26,15,299,Ndiaye,M,14.07,7.42,22.0,11.6,"good (transfers exact, EO-anchored)"
2025-26,15,317,Andersen,D,59.83,35.89,93.5,56.1,"good (transfers exact, EO-anchored)"
2025-26,15,329,Wilson,M,0.0,0.98,0.0,1.5,"good (transfers exact, EO-anchored)"
2025-26,15,335,King,M,0.0,0.59,0.0,0.9,"good (transfers exact, EO-anchored)"
2025-26,15,337,Raúl,F,0.0,0.08,0.0,0.1,"good (transfers exact, EO-anchored)"
2025-26,15,338,Muniz,F,0.52,0.0,0.8,0.0,"good (transfers exact, EO-anchored)"
2025-26,15,344,Bijol,D,1.0,0.0,1.6,0.0,"good (transfers exact, EO-anchored)"
2025-26,15,347,Gudmundsson,D,0.0,1.0,0.0,1.6,"good (transfers exact, EO-anchored)"
2025-26,15,348,Rodon,D,6.34,11.05,9.9,17.3,"good (transfers exact, EO-anchored)"
2025-26,15,366,A.Becker,G,0.0,2.02,0.0,3.2,"good (transfers exact, EO-anchored)"
2025-26,15,367,Mamardashvili,G,0.0,1.05,0.0,1.6,"good (transfers exact, EO-anchored)"
2025-26,15,370,Frimpong,D,0.0,0.09,0.0,0.1,"good (transfers exact, EO-anchored)"
2025-26,15,373,Virgil,D,49.01,50.47,76.6,78.9,"good (transfers exact, EO-anchored)"
2025-26,15,381,M.Salah,M,0.21,3.57,0.3,5.6,"good (transfers exact, EO-anchored)"
2025-26,15,382,Wirtz,M,1.83,2.98,2.9,4.7,"good (transfers exact, EO-anchored)"
2025-26,15,384,Gakpo,M,0.15,0.0,0.2,0.0,"good (transfers exact, EO-anchored)"
2025-26,15,387,Szoboszlai,M,4.82,0.9,7.5,1.4,"good (transfers exact, EO-anchored)"
2025-26,15,389,Elliott,M,0.07,0.0,0.1,0.0,"good (transfers exact, EO-anchored)"
2025-26,15,402,Aït-Nouri,D,0.0,0.95,0.0,1.5,"good (transfers exact, EO-anchored)"
2025-26,15,403,Gvardiol,D,1.0,1.35,1.6,2.1,"good (transfers exact, EO-anchored)"
2025-26,15,411,O'Reilly,D,11.7,14.5,18.3,22.7,"good (transfers exact, EO-anchored)"
2025-26,15,413,Marmoush,M,0.0,0.29,0.0,0.5,"good (transfers exact, EO-anchored)"
2025-26,15,414,Foden,M,51.0,46.78,79.7,73.1,"good (transfers exact, EO-anchored)"
2025-26,15,418,Doku,M,0.0,0.93,0.0,1.5,"good (transfers exact, EO-anchored)"
2025-26,15,427,Reijnders,M,3.0,4.17,4.7,6.5,"good (transfers exact, EO-anchored)"
2025-26,15,430,Haaland,F,64.0,62.72,100.0,98.0,"good (transfers exact, EO-anchored)"
2025-26,15,441,Dorgu,D,0.59,1.58,0.9,2.5,"good (transfers exact, EO-anchored)"
2025-26,15,449,B.Fernandes,M,64.0,51.54,100.0,80.5,"good (transfers exact, EO-anchored)"
2025-26,15,450,Cunha,M,11.46,4.87,17.9,7.6,"good (transfers exact, EO-anchored)"
2025-26,15,452,Amad,M,0.0,0.96,0.0,1.5,"good (transfers exact, EO-anchored)"
2025-26,15,467,Obi,F,0.67,0.0,1.0,0.0,"good (transfers exact, EO-anchored)"
2025-26,15,469,Pope,G,0.0,3.5,0.0,5.5,"good (transfers exact, EO-anchored)"
2025-26,15,470,Dúbravka,G,50.42,46.48,78.8,72.6,"good (transfers exact, EO-anchored)"
2025-26,15,477,Livramento,D,1.0,0.0,1.6,0.0,"good (transfers exact, EO-anchored)"
2025-26,15,485,Gordon,M,5.02,1.96,7.8,3.1,"good (transfers exact, EO-anchored)"
2025-26,15,486,Elanga,M,0.0,0.1,0.0,0.2,"good (transfers exact, EO-anchored)"
2025-26,15,487,Barnes,M,0.87,0.0,1.4,0.0,"good (transfers exact, EO-anchored)"
2025-26,15,488,Bruno G.,M,0.0,1.94,0.0,3.0,"good (transfers exact, EO-anchored)"
2025-26,15,491,Tonali,M,0.07,0.29,0.1,0.5,"good (transfers exact, EO-anchored)"
2025-26,15,497,L.Miley,M,0.0,0.44,0.0,0.7,"good (transfers exact, EO-anchored)"
2025-26,15,502,Sels,G,0.0,7.44,0.0,11.6,"good (transfers exact, EO-anchored)"
2025-26,15,505,Milenković,D,0.05,1.68,0.1,2.6,"good (transfers exact, EO-anchored)"
2025-26,15,506,Murillo,D,1.25,5.2,2.0,8.1,"good (transfers exact, EO-anchored)"
2025-26,15,508,N.Williams,D,0.19,4.39,0.3,6.9,"good (transfers exact, EO-anchored)"
2025-26,15,515,Gibbs-White,M,0.0,0.96,0.0,1.5,"good (transfers exact, EO-anchored)"
2025-26,15,517,Anderson,M,15.74,21.26,24.6,33.2,"good (transfers exact, EO-anchored)"
2025-26,15,525,Wood,F,0.16,1.23,0.2,1.9,"good (transfers exact, EO-anchored)"
2025-26,15,562,Abdullahi,F,1.0,0.0,1.6,0.0,"good (transfers exact, EO-anchored)"
2025-26,15,565,Vicario,G,1.07,1.56,1.7,2.4,"good (transfers exact, EO-anchored)"
2025-26,15,568,Pedro Porro,D,2.12,10.18,3.3,15.9,"good (transfers exact, EO-anchored)"
2025-26,15,569,Romero,D,0.2,0.0,0.3,0.0,"good (transfers exact, EO-anchored)"
2025-26,15,575,Van de Ven,D,0.05,3.29,0.1,5.1,"good (transfers exact, EO-anchored)"
2025-26,15,580,Johnson,M,0.0,0.24,0.0,0.4,"good (transfers exact, EO-anchored)"
2025-26,15,582,Kudus,M,0.0,0.79,0.0,1.2,"good (transfers exact, EO-anchored)"
2025-26,15,593,P.M.Sarr,M,0.0,0.29,0.0,0.5,"good (transfers exact, EO-anchored)"
2025-26,15,597,Richarlison,F,0.1,0.15,0.2,0.2,"good (transfers exact, EO-anchored)"
2025-26,15,603,Diouf,D,0.0,0.51,0.0,0.8,"good (transfers exact, EO-anchored)"
2025-26,15,612,L.Paquetá,M,0.02,1.41,0.0,2.2,"good (transfers exact, EO-anchored)"
2025-26,15,623,Potts,M,0.0,0.06,0.0,0.1,"good (transfers exact, EO-anchored)"
2025-26,15,624,Bowen,F,0.0,2.02,0.0,3.2,"good (transfers exact, EO-anchored)"
2025-26,15,625,Füllkrug,F,0.0,0.71,0.0,1.1,"good (transfers exact, EO-anchored)"
2025-26,15,626,Marshall,F,5.0,0.97,7.8,1.5,"good (transfers exact, EO-anchored)"
2025-26,15,631,Agbadou,D,0.39,1.04,0.6,1.6,"good (transfers exact, EO-anchored)"
2025-26,15,650,Chirewa,M,0.0,0.95,0.0,1.5,"good (transfers exact, EO-anchored)"
2025-26,15,652,Gonzalez,M,0.0,0.29,0.0,0.5,"good (transfers exact, EO-anchored)"
2025-26,15,654,Strand Larsen,F,3.64,3.35,5.7,5.2,"good (transfers exact, EO-anchored)"
2025-26,15,660,Stach,M,3.0,0.96,4.7,1.5,"good (transfers exact, EO-anchored)"
2025-26,15,665,Perri,G,0.13,0.0,0.2,0.0,"good (transfers exact, EO-anchored)"
2025-26,15,683,Alderete,D,0.82,1.55,1.3,2.4,"good (transfers exact, EO-anchored)"
2025-26,15,684,Thiaw,D,7.77,10.66,12.1,16.7,"good (transfers exact, EO-anchored)"
2025-26,15,691,Calvert-Lewin,F,5.7,0.73,8.9,1.1,"good (transfers exact, EO-anchored)"
2025-26,15,694,Mukiele,D,6.66,8.27,10.4,12.9,"good (transfers exact, EO-anchored)"
2025-26,15,714,Woltemade,F,4.03,8.74,6.3,13.7,"good (transfers exact, EO-anchored)"
2025-26,15,725,Hincapie,D,1.0,1.0,1.6,1.6,"good (transfers exact, EO-anchored)"
2025-26,16,1,Raya,G,59.1,42.75,92.3,66.8,"good (transfers exact, EO-anchored)"
2025-26,16,7,Calafiori,D,0.13,1.0,0.2,1.6,"good (transfers exact, EO-anchored)"
2025-26,16,8,J.Timber,D,29.74,35.58,46.5,55.6,"good (transfers exact, EO-anchored)"
2025-26,16,10,Lewis-Skelly,D,0.0,1.03,0.0,1.6,"good (transfers exact, EO-anchored)"
2025-26,16,16,Saka,M,49.0,56.82,76.6,88.8,"good (transfers exact, EO-anchored)"
2025-26,16,21,Rice,M,0.0,1.67,0.0,2.6,"good (transfers exact, EO-anchored)"
2025-26,16,33,M.Bizot,G,0.0,0.52,0.0,0.8,"good (transfers exact, EO-anchored)"
2025-26,16,36,Cash,D,0.0,1.03,0.0,1.6,"good (transfers exact, EO-anchored)"
2025-26,16,38,Konsa,D,0.0,1.21,0.0,1.9,"good (transfers exact, EO-anchored)"
2025-26,16,47,Rogers,M,0.0,2.19,0.0,3.4,"good (transfers exact, EO-anchored)"
2025-26,16,48,Tielemans,M,0.57,0.5,0.9,0.8,"good (transfers exact, EO-anchored)"
2025-26,16,64,Watkins,F,1.95,7.37,3.0,11.5,"good (transfers exact, EO-anchored)"
2025-26,16,67,Petrović,G,7.65,1.7,12.0,2.7,"good (transfers exact, EO-anchored)"
2025-26,16,72,Senesi,D,17.82,18.34,27.8,28.7,"good (transfers exact, EO-anchored)"
2025-26,16,74,Truffert,D,3.0,1.61,4.7,2.5,"good (transfers exact, EO-anchored)"
2025-26,16,82,Semenyo,M,16.0,21.02,25.0,32.8,"good (transfers exact, EO-anchored)"
2025-26,16,83,O.Dango,M,0.09,1.18,0.1,1.8,"good (transfers exact, EO-anchored)"
2025-26,16,84,Tavernier,M,1.56,0.0,2.4,0.0,"good (transfers exact, EO-anchored)"
2025-26,16,100,Kroupi.Jr,F,3.87,1.82,6.0,2.8,"good (transfers exact, EO-anchored)"
2025-26,16,101,Kelleher,G,2.7,1.55,4.2,2.4,"good (transfers exact, EO-anchored)"
2025-26,16,105,Valdimarsson,G,0.0,0.52,0.0,0.8,"good (transfers exact, EO-anchored)"
2025-26,16,106,Collins,D,6.0,2.5,9.4,3.9,"good (transfers exact, EO-anchored)"
2025-26,16,113,Van den Berg,D,15.0,7.37,23.4,11.5,"good (transfers exact, EO-anchored)"
2025-26,16,119,Mbeumo,M,7.06,7.0,11.0,10.9,"good (transfers exact, EO-anchored)"
2025-26,16,120,Schade,M,1.81,0.72,2.8,1.1,"good (transfers exact, EO-anchored)"
2025-26,16,123,Carvalho,M,0.0,0.19,0.0,0.3,"good (transfers exact, EO-anchored)"
2025-26,16,136,Thiago,F,53.78,60.64,84.0,94.8,"good (transfers exact, EO-anchored)"
2025-26,16,139,Verbruggen,G,2.34,9.3,3.7,14.5,"good (transfers exact, EO-anchored)"
2025-26,16,145,De Cuyper,D,0.0,1.62,0.0,2.5,"good (transfers exact, EO-anchored)"
2025-26,16,151,Van Hecke,D,7.82,4.62,12.2,7.2,"good (transfers exact, EO-anchored)"
2025-26,16,157,Mitoma,M,0.0,0.19,0.0,0.3,"good (transfers exact, EO-anchored)"
2025-26,16,158,Georginio,M,0.81,0.59,1.3,0.9,"good (transfers exact, EO-anchored)"
2025-26,16,160,Minteh,M,34.0,20.03,53.1,31.3,"good (transfers exact, EO-anchored)"
2025-26,16,178,Welbeck,F,7.0,1.0,10.9,1.6,"good (transfers exact, EO-anchored)"
2025-26,16,190,Ekdal,D,0.0,0.29,0.0,0.5,"good (transfers exact, EO-anchored)"
2025-26,16,191,Estève,D,4.79,15.46,7.5,24.2,"good (transfers exact, EO-anchored)"
2025-26,16,192,Hartman,D,0.0,0.32,0.0,0.5,"good (transfers exact, EO-anchored)"
2025-26,16,198,Tuanzebe,D,0.0,1.0,0.0,1.6,"good (transfers exact, EO-anchored)"
2025-26,16,220,Sánchez,G,4.77,14.79,7.5,23.1,"good (transfers exact, EO-anchored)"
2025-26,16,225,James,D,0.0,1.0,0.0,1.6,"good (transfers exact, EO-anchored)"
2025-26,16,226,Chalobah,D,0.0,0.79,0.0,1.2,"good (transfers exact, EO-anchored)"
2025-26,16,232,Tosin,D,0.0,1.29,0.0,2.0,"good (transfers exact, EO-anchored)"
2025-26,16,233,Acheampong,D,0.0,1.0,0.0,1.6,"good (transfers exact, EO-anchored)"
2025-26,16,235,Palmer,M,0.2,0.35,0.3,0.5,"good (transfers exact, EO-anchored)"
2025-26,16,237,Enzo,M,2.39,12.59,3.7,19.7,"good (transfers exact, EO-anchored)"
2025-26,16,242,Dewsbury-Hall,M,17.0,10.36,26.6,16.2,"good (transfers exact, EO-anchored)"
2025-26,16,249,João Pedro,F,0.65,1.0,1.0,1.6,"good (transfers exact, EO-anchored)"
2025-26,16,252,Marc Guiu,F,36.43,28.87,56.9,45.1,"good (transfers exact, EO-anchored)"
2025-26,16,256,Muñoz,D,3.31,4.41,5.2,6.9,"good (transfers exact, EO-anchored)"
2025-26,16,257,Lacroix,D,29.38,6.82,45.9,10.7,"good (transfers exact, EO-anchored)"
2025-26,16,260,Guéhi,D,0.0,1.62,0.0,2.5,"good (transfers exact, EO-anchored)"
2025-26,16,261,Richards,D,9.26,14.84,14.5,23.2,"good (transfers exact, EO-anchored)"
2025-26,16,266,Eze,M,0.01,4.0,0.0,6.2,"good (transfers exact, EO-anchored)"
2025-26,16,267,Sarr,M,0.07,0.0,0.1,0.0,"good (transfers exact, EO-anchored)"
2025-26,16,283,Mateta,F,7.48,8.42,11.7,13.2,"good (transfers exact, EO-anchored)"
2025-26,16,291,Tarkowski,D,24.7,4.73,38.6,7.4,"good (transfers exact, EO-anchored)"
2025-26,16,295,Keane,D,5.0,5.55,7.8,8.7,"good (transfers exact, EO-anchored)"
2025-26,16,299,Ndiaye,M,5.07,1.15,7.9,1.8,"good (transfers exact, EO-anchored)"
2025-26,16,317,Andersen,D,62.83,43.03,98.2,67.2,"good (transfers exact, EO-anchored)"
2025-26,16,322,Tete,D,0.0,1.03,0.0,1.6,"good (transfers exact, EO-anchored)"
2025-26,16,329,Wilson,M,1.0,3.62,1.6,5.7,"good (transfers exact, EO-anchored)"
2025-26,16,335,King,M,0.0,4.0,0.0,6.2,"good (transfers exact, EO-anchored)"
2025-26,16,337,Raúl,F,2.0,3.15,3.1,4.9,"good (transfers exact, EO-anchored)"
2025-26,16,338,Muniz,F,0.52,0.0,0.8,0.0,"good (transfers exact, EO-anchored)"
2025-26,16,344,Bijol,D,1.0,0.0,1.6,0.0,"good (transfers exact, EO-anchored)"
2025-26,16,347,Gudmundsson,D,0.0,0.81,0.0,1.3,"good (transfers exact, EO-anchored)"
2025-26,16,348,Rodon,D,5.34,13.0,8.3,20.3,"good (transfers exact, EO-anchored)"
2025-26,16,366,A.Becker,G,0.0,2.01,0.0,3.1,"good (transfers exact, EO-anchored)"
2025-26,16,367,Mamardashvili,G,0.0,1.04,0.0,1.6,"good (transfers exact, EO-anchored)"
2025-26,16,370,Frimpong,D,0.0,0.07,0.0,0.1,"good (transfers exact, EO-anchored)"
2025-26,16,373,Virgil,D,45.01,43.89,70.3,68.6,"good (transfers exact, EO-anchored)"
2025-26,16,381,M.Salah,M,0.21,2.4,0.3,3.8,"good (transfers exact, EO-anchored)"
2025-26,16,382,Wirtz,M,1.83,2.01,2.9,3.1,"good (transfers exact, EO-anchored)"
2025-26,16,384,Gakpo,M,0.15,0.0,0.2,0.0,"good (transfers exact, EO-anchored)"
2025-26,16,387,Szoboszlai,M,30.82,16.7,48.2,26.1,"good (transfers exact, EO-anchored)"
2025-26,16,389,Elliott,M,0.07,0.0,0.1,0.0,"good (transfers exact, EO-anchored)"
2025-26,16,402,Aït-Nouri,D,0.0,0.76,0.0,1.2,"good (transfers exact, EO-anchored)"
2025-26,16,403,Gvardiol,D,1.0,1.09,1.6,1.7,"good (transfers exact, EO-anchored)"
2025-26,16,411,O'Reilly,D,14.7,24.42,23.0,38.2,"good (transfers exact, EO-anchored)"
2025-26,16,413,Marmoush,M,0.0,0.19,0.0,0.3,"good (transfers exact, EO-anchored)"
2025-26,16,414,Foden,M,52.0,56.66,81.2,88.5,"good (transfers exact, EO-anchored)"
2025-26,16,418,Doku,M,0.0,1.0,0.0,1.6,"good (transfers exact, EO-anchored)"
2025-26,16,427,Reijnders,M,3.0,1.42,4.7,2.2,"good (transfers exact, EO-anchored)"
2025-26,16,430,Haaland,F,64.0,64.0,100.0,100.0,"good (transfers exact, EO-anchored)"
2025-26,16,441,Dorgu,D,0.59,1.27,0.9,2.0,"good (transfers exact, EO-anchored)"
2025-26,16,449,B.Fernandes,M,64.0,59.25,100.0,92.6,"good (transfers exact, EO-anchored)"
2025-26,16,450,Cunha,M,10.46,3.65,16.3,5.7,"good (transfers exact, EO-anchored)"
2025-26,16,452,Amad,M,0.0,1.0,0.0,1.6,"good (transfers exact, EO-anchored)"
2025-26,16,467,Obi,F,0.67,0.0,1.0,0.0,"good (transfers exact, EO-anchored)"
2025-26,16,470,Dúbravka,G,50.42,46.02,78.8,71.9,"good (transfers exact, EO-anchored)"
2025-26,16,476,Burn,D,0.0,1.0,0.0,1.6,"good (transfers exact, EO-anchored)"
2025-26,16,485,Gordon,M,4.02,1.72,6.3,2.7,"good (transfers exact, EO-anchored)"
2025-26,16,486,Elanga,M,0.0,0.07,0.0,0.1,"good (transfers exact, EO-anchored)"
2025-26,16,487,Barnes,M,0.87,0.0,1.4,0.0,"good (transfers exact, EO-anchored)"
2025-26,16,488,Bruno G.,M,0.0,3.68,0.0,5.8,"good (transfers exact, EO-anchored)"
2025-26,16,491,Tonali,M,0.07,0.19,0.1,0.3,"good (transfers exact, EO-anchored)"
2025-26,16,497,L.Miley,M,0.0,0.3,0.0,0.5,"good (transfers exact, EO-anchored)"
2025-26,16,502,Sels,G,0.0,7.33,0.0,11.5,"good (transfers exact, EO-anchored)"
2025-26,16,505,Milenković,D,0.05,1.35,0.1,2.1,"good (transfers exact, EO-anchored)"
2025-26,16,506,Murillo,D,1.25,4.2,2.0,6.6,"good (transfers exact, EO-anchored)"
2025-26,16,508,N.Williams,D,0.19,3.54,0.3,5.5,"good (transfers exact, EO-anchored)"
2025-26,16,515,Gibbs-White,M,0.0,1.0,0.0,1.6,"good (transfers exact, EO-anchored)"
2025-26,16,517,Anderson,M,14.74,18.46,23.0,28.8,"good (transfers exact, EO-anchored)"
2025-26,16,525,Wood,F,0.16,1.2,0.2,1.9,"good (transfers exact, EO-anchored)"
2025-26,16,547,E.Le Fée,M,1.0,0.0,1.6,0.0,"good (transfers exact, EO-anchored)"
2025-26,16,565,Vicario,G,1.07,1.54,1.7,2.4,"good (transfers exact, EO-anchored)"
2025-26,16,568,Pedro Porro,D,2.12,8.21,3.3,12.8,"good (transfers exact, EO-anchored)"
2025-26,16,569,Romero,D,0.2,0.0,0.3,0.0,"good (transfers exact, EO-anchored)"
2025-26,16,575,Van de Ven,D,0.05,2.85,0.1,4.5,"good (transfers exact, EO-anchored)"
2025-26,16,580,Johnson,M,0.0,0.16,0.0,0.2,"good (transfers exact, EO-anchored)"
2025-26,16,582,Kudus,M,0.0,0.53,0.0,0.8,"good (transfers exact, EO-anchored)"
2025-26,16,593,P.M.Sarr,M,0.0,0.19,0.0,0.3,"good (transfers exact, EO-anchored)"
2025-26,16,597,Richarlison,F,0.1,0.13,0.2,0.2,"good (transfers exact, EO-anchored)"
2025-26,16,603,Diouf,D,0.0,0.41,0.0,0.6,"good (transfers exact, EO-anchored)"
2025-26,16,624,Bowen,F,0.0,3.9,0.0,6.1,"good (transfers exact, EO-anchored)"
2025-26,16,625,Füllkrug,F,0.0,0.63,0.0,1.0,"good (transfers exact, EO-anchored)"
2025-26,16,626,Marshall,F,4.0,0.85,6.2,1.3,"good (transfers exact, EO-anchored)"
2025-26,16,631,Agbadou,D,0.39,0.84,0.6,1.3,"good (transfers exact, EO-anchored)"
2025-26,16,652,Gonzalez,M,0.0,0.19,0.0,0.3,"good (transfers exact, EO-anchored)"
2025-26,16,654,Strand Larsen,F,3.64,2.95,5.7,4.6,"good (transfers exact, EO-anchored)"
2025-26,16,660,Stach,M,3.0,0.0,4.7,0.0,"good (transfers exact, EO-anchored)"
2025-26,16,661,Ekitiké,F,0.0,3.82,0.0,6.0,"good (transfers exact, EO-anchored)"
2025-26,16,665,Perri,G,0.13,0.0,0.2,0.0,"good (transfers exact, EO-anchored)"
2025-26,16,668,Xhaka,M,0.0,1.0,0.0,1.6,"good (transfers exact, EO-anchored)"
2025-26,16,683,Alderete,D,1.82,3.38,2.8,5.3,"good (transfers exact, EO-anchored)"
2025-26,16,684,Thiaw,D,1.77,6.66,2.8,10.4,"good (transfers exact, EO-anchored)"
2025-26,16,691,Calvert-Lewin,F,1.7,1.0,2.7,1.6,"good (transfers exact, EO-anchored)"
2025-26,16,694,Mukiele,D,6.66,7.92,10.4,12.4,"good (transfers exact, EO-anchored)"
2025-26,16,714,Woltemade,F,1.03,2.45,1.6,3.8,"good (transfers exact, EO-anchored)"
2025-26,16,725,Hincapie,D,19.0,15.27,29.7,23.9,"good (transfers exact, EO-anchored)"
2025-26,17,1,Raya,G,59.1,42.75,92.3,66.8,"good (transfers exact, EO-anchored)"
2025-26,17,7,Calafiori,D,1.13,1.0,1.8,1.6,"good (transfers exact, EO-anchored)"
2025-26,17,8,J.Timber,D,32.74,34.58,51.2,54.0,"good (transfers exact, EO-anchored)"
2025-26,17,10,Lewis-Skelly,D,0.0,1.03,0.0,1.6,"good (transfers exact, EO-anchored)"
2025-26,17,16,Saka,M,44.0,56.82,68.8,88.8,"good (transfers exact, EO-anchored)"
2025-26,17,21,Rice,M,0.0,0.67,0.0,1.0,"good (transfers exact, EO-anchored)"
2025-26,17,33,M.Bizot,G,0.0,0.52,0.0,0.8,"good (transfers exact, EO-anchored)"
2025-26,17,36,Cash,D,0.0,1.03,0.0,1.6,"good (transfers exact, EO-anchored)"
2025-26,17,38,Konsa,D,0.0,1.21,0.0,1.9,"good (transfers exact, EO-anchored)"
2025-26,17,47,Rogers,M,0.0,2.19,0.0,3.4,"good (transfers exact, EO-anchored)"
2025-26,17,48,Tielemans,M,0.57,0.5,0.9,0.8,"good (transfers exact, EO-anchored)"
2025-26,17,64,Watkins,F,1.95,7.37,3.0,11.5,"good (transfers exact, EO-anchored)"
2025-26,17,67,Petrović,G,6.65,1.7,10.4,2.7,"good (transfers exact, EO-anchored)"
2025-26,17,72,Senesi,D,17.82,18.34,27.8,28.7,"good (transfers exact, EO-anchored)"
2025-26,17,74,Truffert,D,4.0,2.61,6.2,4.1,"good (transfers exact, EO-anchored)"
2025-26,17,82,Semenyo,M,23.0,34.02,35.9,53.2,"good (transfers exact, EO-anchored)"
2025-26,17,83,O.Dango,M,0.09,0.18,0.1,0.3,"good (transfers exact, EO-anchored)"
2025-26,17,84,Tavernier,M,1.56,2.0,2.4,3.1,"good (transfers exact, EO-anchored)"
2025-26,17,97,Evanilson,F,1.0,0.0,1.6,0.0,"good (transfers exact, EO-anchored)"
2025-26,17,100,Kroupi.Jr,F,2.87,0.82,4.5,1.3,"good (transfers exact, EO-anchored)"
2025-26,17,101,Kelleher,G,2.7,1.55,4.2,2.4,"good (transfers exact, EO-anchored)"
2025-26,17,105,Valdimarsson,G,0.0,0.52,0.0,0.8,"good (transfers exact, EO-anchored)"
2025-26,17,106,Collins,D,6.0,2.5,9.4,3.9,"good (transfers exact, EO-anchored)"
2025-26,17,113,Van den Berg,D,15.0,7.37,23.4,11.5,"good (transfers exact, EO-anchored)"
2025-26,17,119,Mbeumo,M,1.06,0.0,1.7,0.0,"good (transfers exact, EO-anchored)"
2025-26,17,120,Schade,M,6.81,0.72,10.6,1.1,"good (transfers exact, EO-anchored)"
2025-26,17,123,Carvalho,M,0.0,0.19,0.0,0.3,"good (transfers exact, EO-anchored)"
2025-26,17,136,Thiago,F,55.78,59.64,87.2,93.2,"good (transfers exact, EO-anchored)"
2025-26,17,139,Verbruggen,G,2.34,9.3,3.7,14.5,"good (transfers exact, EO-anchored)"
2025-26,17,145,De Cuyper,D,0.0,1.62,0.0,2.5,"good (transfers exact, EO-anchored)"
2025-26,17,151,Van Hecke,D,7.82,4.62,12.2,7.2,"good (transfers exact, EO-anchored)"
2025-26,17,157,Mitoma,M,0.0,0.19,0.0,0.3,"good (transfers exact, EO-anchored)"
2025-26,17,158,Georginio,M,0.81,0.59,1.3,0.9,"good (transfers exact, EO-anchored)"
2025-26,17,160,Minteh,M,33.0,21.03,51.6,32.9,"good (transfers exact, EO-anchored)"
2025-26,17,178,Welbeck,F,3.0,0.0,4.7,0.0,"good (transfers exact, EO-anchored)"
2025-26,17,190,Ekdal,D,0.0,0.29,0.0,0.5,"good (transfers exact, EO-anchored)"
2025-26,17,191,Estève,D,4.79,15.46,7.5,24.2,"good (transfers exact, EO-anchored)"
2025-26,17,192,Hartman,D,0.0,0.32,0.0,0.5,"good (transfers exact, EO-anchored)"
2025-26,17,198,Tuanzebe,D,0.0,1.0,0.0,1.6,"good (transfers exact, EO-anchored)"
2025-26,17,220,Sánchez,G,4.77,14.79,7.5,23.1,"good (transfers exact, EO-anchored)"
2025-26,17,226,Chalobah,D,0.0,0.79,0.0,1.2,"good (transfers exact, EO-anchored)"
2025-26,17,232,Tosin,D,0.0,1.29,0.0,2.0,"good (transfers exact, EO-anchored)"
2025-26,17,233,Acheampong,D,0.0,1.0,0.0,1.6,"good (transfers exact, EO-anchored)"
2025-26,17,235,Palmer,M,0.2,0.35,0.3,0.5,"good (transfers exact, EO-anchored)"
2025-26,17,237,Enzo,M,1.39,2.59,2.2,4.0,"good (transfers exact, EO-anchored)"
2025-26,17,242,Dewsbury-Hall,M,12.0,2.36,18.8,3.7,"good (transfers exact, EO-anchored)"
2025-26,17,249,João Pedro,F,0.65,1.0,1.0,1.6,"good (transfers exact, EO-anchored)"
2025-26,17,252,Marc Guiu,F,37.43,30.87,58.5,48.2,"good (transfers exact, EO-anchored)"
2025-26,17,256,Muñoz,D,0.31,1.41,0.5,2.2,"good (transfers exact, EO-anchored)"
2025-26,17,257,Lacroix,D,29.38,7.82,45.9,12.2,"good (transfers exact, EO-anchored)"
2025-26,17,260,Guéhi,D,0.0,1.62,0.0,2.5,"good (transfers exact, EO-anchored)"
2025-26,17,261,Richards,D,10.26,13.84,16.0,21.6,"good (transfers exact, EO-anchored)"
2025-26,17,267,Sarr,M,0.07,0.0,0.1,0.0,"good (transfers exact, EO-anchored)"
2025-26,17,276,Devenny,M,1.0,0.0,1.6,0.0,"good (transfers exact, EO-anchored)"
2025-26,17,283,Mateta,F,8.48,5.42,13.2,8.5,"good (transfers exact, EO-anchored)"
2025-26,17,291,Tarkowski,D,23.7,4.73,37.0,7.4,"good (transfers exact, EO-anchored)"
2025-26,17,295,Keane,D,5.0,7.55,7.8,11.8,"good (transfers exact, EO-anchored)"
2025-26,17,299,Ndiaye,M,1.07,0.15,1.7,0.2,"good (transfers exact, EO-anchored)"
2025-26,17,317,Andersen,D,58.83,42.03,91.9,65.7,"good (transfers exact, EO-anchored)"
2025-26,17,322,Tete,D,0.0,1.03,0.0,1.6,"good (transfers exact, EO-anchored)"
2025-26,17,329,Wilson,M,1.0,19.62,1.6,30.7,"good (transfers exact, EO-anchored)"
2025-26,17,335,King,M,0.0,1.0,0.0,1.6,"good (transfers exact, EO-anchored)"
2025-26,17,337,Raúl,F,2.0,2.15,3.1,3.4,"good (transfers exact, EO-anchored)"
2025-26,17,338,Muniz,F,0.52,0.0,0.8,0.0,"good (transfers exact, EO-anchored)"
2025-26,17,344,Bijol,D,1.0,0.0,1.6,0.0,"good (transfers exact, EO-anchored)"
2025-26,17,347,Gudmundsson,D,0.0,1.81,0.0,2.8,"good (transfers exact, EO-anchored)"
2025-26,17,348,Rodon,D,4.34,13.0,6.8,20.3,"good (transfers exact, EO-anchored)"
2025-26,17,366,A.Becker,G,0.0,2.01,0.0,3.1,"good (transfers exact, EO-anchored)"
2025-26,17,367,Mamardashvili,G,0.0,1.04,0.0,1.6,"good (transfers exact, EO-anchored)"
2025-26,17,370,Frimpong,D,0.0,0.07,0.0,0.1,"good (transfers exact, EO-anchored)"
2025-26,17,373,Virgil,D,45.01,40.89,70.3,63.9,"good (transfers exact, EO-anchored)"
2025-26,17,381,M.Salah,M,0.21,2.4,0.3,3.8,"good (transfers exact, EO-anchored)"
2025-26,17,382,Wirtz,M,1.83,2.01,2.9,3.1,"good (transfers exact, EO-anchored)"
2025-26,17,384,Gakpo,M,0.15,0.0,0.2,0.0,"good (transfers exact, EO-anchored)"
2025-26,17,387,Szoboszlai,M,29.82,15.7,46.6,24.5,"good (transfers exact, EO-anchored)"
2025-26,17,389,Elliott,M,0.07,0.0,0.1,0.0,"good (transfers exact, EO-anchored)"
2025-26,17,402,Aït-Nouri,D,0.0,0.76,0.0,1.2,"good (transfers exact, EO-anchored)"
2025-26,17,403,Gvardiol,D,1.0,1.09,1.6,1.7,"good (transfers exact, EO-anchored)"
2025-26,17,411,O'Reilly,D,17.7,32.42,27.7,50.7,"good (transfers exact, EO-anchored)"
2025-26,17,413,Marmoush,M,0.0,0.19,0.0,0.3,"good (transfers exact, EO-anchored)"
2025-26,17,414,Foden,M,57.0,59.66,89.1,93.2,"good (transfers exact, EO-anchored)"
2025-26,17,417,Cherki,M,2.0,6.0,3.1,9.4,"good (transfers exact, EO-anchored)"
2025-26,17,427,Reijnders,M,4.0,1.42,6.2,2.2,"good (transfers exact, EO-anchored)"
2025-26,17,430,Haaland,F,64.0,64.0,100.0,100.0,"good (transfers exact, EO-anchored)"
2025-26,17,441,Dorgu,D,0.59,1.27,0.9,2.0,"good (transfers exact, EO-anchored)"
2025-26,17,449,B.Fernandes,M,64.0,60.25,100.0,94.1,"good (transfers exact, EO-anchored)"
2025-26,17,450,Cunha,M,10.46,4.65,16.3,7.3,"good (transfers exact, EO-anchored)"
2025-26,17,467,Obi,F,0.67,0.0,1.0,0.0,"good (transfers exact, EO-anchored)"
2025-26,17,470,Dúbravka,G,51.42,46.02,80.3,71.9,"good (transfers exact, EO-anchored)"
2025-26,17,485,Gordon,M,3.02,0.72,4.7,1.1,"good (transfers exact, EO-anchored)"
2025-26,17,486,Elanga,M,0.0,0.07,0.0,0.1,"good (transfers exact, EO-anchored)"
2025-26,17,487,Barnes,M,0.87,0.0,1.4,0.0,"good (transfers exact, EO-anchored)"
2025-26,17,488,Bruno G.,M,0.0,0.68,0.0,1.1,"good (transfers exact, EO-anchored)"
2025-26,17,491,Tonali,M,0.07,0.19,0.1,0.3,"good (transfers exact, EO-anchored)"
2025-26,17,497,L.Miley,M,0.0,3.3,0.0,5.2,"good (transfers exact, EO-anchored)"
2025-26,17,502,Sels,G,0.0,7.33,0.0,11.5,"good (transfers exact, EO-anchored)"
2025-26,17,505,Milenković,D,0.05,1.35,0.1,2.1,"good (transfers exact, EO-anchored)"
2025-26,17,506,Murillo,D,1.25,4.2,2.0,6.6,"good (transfers exact, EO-anchored)"
2025-26,17,508,N.Williams,D,0.19,3.54,0.3,5.5,"good (transfers exact, EO-anchored)"
2025-26,17,517,Anderson,M,14.74,14.46,23.0,22.6,"good (transfers exact, EO-anchored)"
2025-26,17,525,Wood,F,0.16,1.2,0.2,1.9,"good (transfers exact, EO-anchored)"
2025-26,17,547,E.Le Fée,M,2.0,0.0,3.1,0.0,"good (transfers exact, EO-anchored)"
2025-26,17,565,Vicario,G,1.07,1.54,1.7,2.4,"good (transfers exact, EO-anchored)"
2025-26,17,568,Pedro Porro,D,2.12,8.21,3.3,12.8,"good (transfers exact, EO-anchored)"
2025-26,17,569,Romero,D,0.2,0.0,0.3,0.0,"good (transfers exact, EO-anchored)"
2025-26,17,575,Van de Ven,D,0.05,1.85,0.1,2.9,"good (transfers exact, EO-anchored)"
2025-26,17,580,Johnson,M,0.0,0.16,0.0,0.2,"good (transfers exact, EO-anchored)"
2025-26,17,582,Kudus,M,0.0,0.53,0.0,0.8,"good (transfers exact, EO-anchored)"
2025-26,17,593,P.M.Sarr,M,0.0,0.19,0.0,0.3,"good (transfers exact, EO-anchored)"
2025-26,17,597,Richarlison,F,0.1,0.13,0.2,0.2,"good (transfers exact, EO-anchored)"
2025-26,17,603,Diouf,D,0.0,0.41,0.0,0.6,"good (transfers exact, EO-anchored)"
2025-26,17,623,Potts,M,0.0,2.04,0.0,3.2,"good (transfers exact, EO-anchored)"
2025-26,17,624,Bowen,F,0.0,3.9,0.0,6.1,"good (transfers exact, EO-anchored)"
2025-26,17,625,Füllkrug,F,0.0,0.63,0.0,1.0,"good (transfers exact, EO-anchored)"
2025-26,17,626,Marshall,F,2.0,0.85,3.1,1.3,"good (transfers exact, EO-anchored)"
2025-26,17,631,Agbadou,D,0.39,0.84,0.6,1.3,"good (transfers exact, EO-anchored)"
2025-26,17,652,Gonzalez,M,0.0,0.19,0.0,0.3,"good (transfers exact, EO-anchored)"
2025-26,17,654,Strand Larsen,F,3.64,2.95,5.7,4.6,"good (transfers exact, EO-anchored)"
2025-26,17,660,Stach,M,4.0,0.0,6.2,0.0,"good (transfers exact, EO-anchored)"
2025-26,17,661,Ekitiké,F,0.0,9.82,0.0,15.3,"good (transfers exact, EO-anchored)"
2025-26,17,665,Perri,G,0.13,0.0,0.2,0.0,"good (transfers exact, EO-anchored)"
2025-26,17,683,Alderete,D,3.82,4.38,6.0,6.8,"good (transfers exact, EO-anchored)"
2025-26,17,684,Thiaw,D,0.77,4.66,1.2,7.3,"good (transfers exact, EO-anchored)"
2025-26,17,691,Calvert-Lewin,F,4.7,1.0,7.3,1.6,"good (transfers exact, EO-anchored)"
2025-26,17,694,Mukiele,D,6.66,7.92,10.4,12.4,"good (transfers exact, EO-anchored)"
2025-26,17,712,Yeremy,M,1.0,0.0,1.6,0.0,"good (transfers exact, EO-anchored)"
2025-26,17,714,Woltemade,F,0.03,1.45,0.0,2.3,"good (transfers exact, EO-anchored)"
2025-26,17,725,Hincapie,D,18.0,15.27,28.1,23.9,"good (transfers exact, EO-anchored)"
2025-26,18,1,Raya,G,59.1,41.75,92.3,65.2,"good (transfers exact, EO-anchored)"
2025-26,18,7,Calafiori,D,1.13,1.0,1.8,1.6,"good (transfers exact, EO-anchored)"
2025-26,18,8,J.Timber,D,36.74,36.58,57.4,57.2,"good (transfers exact, EO-anchored)"
2025-26,18,16,Saka,M,42.0,45.82,65.6,71.6,"good (transfers exact, EO-anchored)"
2025-26,18,21,Rice,M,2.0,10.67,3.1,16.7,"good (transfers exact, EO-anchored)"
2025-26,18,33,M.Bizot,G,0.0,0.52,0.0,0.8,"good (transfers exact, EO-anchored)"
2025-26,18,38,Konsa,D,0.0,1.21,0.0,1.9,"good (transfers exact, EO-anchored)"
2025-26,18,47,Rogers,M,0.0,4.19,0.0,6.5,"good (transfers exact, EO-anchored)"
2025-26,18,48,Tielemans,M,0.57,0.5,0.9,0.8,"good (transfers exact, EO-anchored)"
2025-26,18,64,Watkins,F,1.95,7.37,3.0,11.5,"good (transfers exact, EO-anchored)"
2025-26,18,67,Petrović,G,6.65,1.7,10.4,2.7,"good (transfers exact, EO-anchored)"
2025-26,18,72,Senesi,D,10.82,11.34,16.9,17.7,"good (transfers exact, EO-anchored)"
2025-26,18,74,Truffert,D,1.0,1.61,1.6,2.5,"good (transfers exact, EO-anchored)"
2025-26,18,82,Semenyo,M,16.0,30.02,25.0,46.9,"good (transfers exact, EO-anchored)"
2025-26,18,83,O.Dango,M,0.09,0.18,0.1,0.3,"good (transfers exact, EO-anchored)"
2025-26,18,84,Tavernier,M,0.56,1.0,0.9,1.6,"good (transfers exact, EO-anchored)"
2025-26,18,100,Kroupi.Jr,F,2.87,0.82,4.5,1.3,"good (transfers exact, EO-anchored)"
2025-26,18,101,Kelleher,G,2.7,1.55,4.2,2.4,"good (transfers exact, EO-anchored)"
2025-26,18,105,Valdimarsson,G,0.0,0.52,0.0,0.8,"good (transfers exact, EO-anchored)"
2025-26,18,106,Collins,D,6.0,2.5,9.4,3.9,"good (transfers exact, EO-anchored)"
2025-26,18,113,Van den Berg,D,14.0,6.37,21.9,10.0,"good (transfers exact, EO-anchored)"
2025-26,18,119,Mbeumo,M,0.06,0.0,0.1,0.0,"good (transfers exact, EO-anchored)"
2025-26,18,120,Schade,M,9.81,0.72,15.3,1.1,"good (transfers exact, EO-anchored)"
2025-26,18,123,Carvalho,M,0.0,0.19,0.0,0.3,"good (transfers exact, EO-anchored)"
2025-26,18,136,Thiago,F,48.78,26.64,76.2,41.6,"good (transfers exact, EO-anchored)"
2025-26,18,139,Verbruggen,G,2.34,9.3,3.7,14.5,"good (transfers exact, EO-anchored)"
2025-26,18,145,De Cuyper,D,0.0,1.62,0.0,2.5,"good (transfers exact, EO-anchored)"
2025-26,18,151,Van Hecke,D,7.82,4.62,12.2,7.2,"good (transfers exact, EO-anchored)"
2025-26,18,157,Mitoma,M,0.0,0.19,0.0,0.3,"good (transfers exact, EO-anchored)"
2025-26,18,158,Georginio,M,0.81,0.59,1.3,0.9,"good (transfers exact, EO-anchored)"
2025-26,18,160,Minteh,M,33.0,16.03,51.6,25.0,"good (transfers exact, EO-anchored)"
2025-26,18,190,Ekdal,D,0.0,0.29,0.0,0.5,"good (transfers exact, EO-anchored)"
2025-26,18,191,Estève,D,4.79,15.46,7.5,24.2,"good (transfers exact, EO-anchored)"
2025-26,18,192,Hartman,D,0.0,0.32,0.0,0.5,"good (transfers exact, EO-anchored)"
2025-26,18,198,Tuanzebe,D,0.0,1.0,0.0,1.6,"good (transfers exact, EO-anchored)"
2025-26,18,220,Sánchez,G,4.77,14.79,7.5,23.1,"good (transfers exact, EO-anchored)"
2025-26,18,226,Chalobah,D,0.0,0.79,0.0,1.2,"good (transfers exact, EO-anchored)"
2025-26,18,232,Tosin,D,0.0,1.29,0.0,2.0,"good (transfers exact, EO-anchored)"
2025-26,18,235,Palmer,M,0.2,0.35,0.3,0.5,"good (transfers exact, EO-anchored)"
2025-26,18,237,Enzo,M,1.39,2.59,2.2,4.0,"good (transfers exact, EO-anchored)"
2025-26,18,242,Dewsbury-Hall,M,6.0,1.36,9.4,2.1,"good (transfers exact, EO-anchored)"
2025-26,18,249,João Pedro,F,0.65,1.0,1.0,1.6,"good (transfers exact, EO-anchored)"
2025-26,18,252,Marc Guiu,F,35.43,22.87,55.4,35.7,"good (transfers exact, EO-anchored)"
2025-26,18,256,Muñoz,D,0.31,1.41,0.5,2.2,"good (transfers exact, EO-anchored)"
2025-26,18,257,Lacroix,D,28.38,6.82,44.3,10.7,"good (transfers exact, EO-anchored)"
2025-26,18,260,Guéhi,D,0.0,1.62,0.0,2.5,"good (transfers exact, EO-anchored)"
2025-26,18,261,Richards,D,6.26,10.84,9.8,16.9,"good (transfers exact, EO-anchored)"
2025-26,18,267,Sarr,M,0.07,0.0,0.1,0.0,"good (transfers exact, EO-anchored)"
2025-26,18,276,Devenny,M,0.0,3.0,0.0,4.7,"good (transfers exact, EO-anchored)"
2025-26,18,283,Mateta,F,1.48,2.42,2.3,3.8,"good (transfers exact, EO-anchored)"
2025-26,18,291,Tarkowski,D,34.7,5.73,54.2,9.0,"good (transfers exact, EO-anchored)"
2025-26,18,295,Keane,D,9.0,16.55,14.1,25.9,"good (transfers exact, EO-anchored)"
2025-26,18,299,Ndiaye,M,0.07,0.15,0.1,0.2,"good (transfers exact, EO-anchored)"
2025-26,18,317,Andersen,D,55.83,40.03,87.2,62.5,"good (transfers exact, EO-anchored)"
2025-26,18,329,Wilson,M,1.0,19.62,1.6,30.7,"good (transfers exact, EO-anchored)"
2025-26,18,337,Raúl,F,2.0,1.15,3.1,1.8,"good (transfers exact, EO-anchored)"
2025-26,18,338,Muniz,F,0.52,0.0,0.8,0.0,"good (transfers exact, EO-anchored)"
2025-26,18,344,Bijol,D,1.0,0.0,1.6,0.0,"good (transfers exact, EO-anchored)"
2025-26,18,347,Gudmundsson,D,0.0,2.81,0.0,4.4,"good (transfers exact, EO-anchored)"
2025-26,18,348,Rodon,D,4.34,14.0,6.8,21.9,"good (transfers exact, EO-anchored)"
2025-26,18,366,A.Becker,G,0.0,2.01,0.0,3.1,"good (transfers exact, EO-anchored)"
2025-26,18,367,Mamardashvili,G,0.0,1.04,0.0,1.6,"good (transfers exact, EO-anchored)"
2025-26,18,370,Frimpong,D,0.0,0.07,0.0,0.1,"good (transfers exact, EO-anchored)"
2025-26,18,373,Virgil,D,56.01,43.89,87.5,68.6,"good (transfers exact, EO-anchored)"
2025-26,18,381,M.Salah,M,0.21,2.4,0.3,3.8,"good (transfers exact, EO-anchored)"
2025-26,18,382,Wirtz,M,15.83,12.01,24.7,18.8,"good (transfers exact, EO-anchored)"
2025-26,18,384,Gakpo,M,0.15,0.0,0.2,0.0,"good (transfers exact, EO-anchored)"
2025-26,18,386,Mac Allister,M,1.0,0.0,1.6,0.0,"good (transfers exact, EO-anchored)"
2025-26,18,387,Szoboszlai,M,28.82,12.7,45.0,19.8,"good (transfers exact, EO-anchored)"
2025-26,18,389,Elliott,M,0.07,0.0,0.1,0.0,"good (transfers exact, EO-anchored)"
2025-26,18,402,Aït-Nouri,D,0.0,0.76,0.0,1.2,"good (transfers exact, EO-anchored)"
2025-26,18,403,Gvardiol,D,0.0,1.09,0.0,1.7,"good (transfers exact, EO-anchored)"
2025-26,18,411,O'Reilly,D,17.7,32.42,27.7,50.7,"good (transfers exact, EO-anchored)"
2025-26,18,413,Marmoush,M,0.0,0.19,0.0,0.3,"good (transfers exact, EO-anchored)"
2025-26,18,414,Foden,M,58.0,60.66,90.6,94.8,"good (transfers exact, EO-anchored)"
2025-26,18,417,Cherki,M,1.0,7.0,1.6,10.9,"good (transfers exact, EO-anchored)"
2025-26,18,427,Reijnders,M,3.0,1.42,4.7,2.2,"good (transfers exact, EO-anchored)"
2025-26,18,430,Haaland,F,64.0,64.0,100.0,100.0,"good (transfers exact, EO-anchored)"
2025-26,18,440,Dalot,D,1.0,0.0,1.6,0.0,"good (transfers exact, EO-anchored)"
2025-26,18,441,Dorgu,D,0.59,2.27,0.9,3.5,"good (transfers exact, EO-anchored)"
2025-26,18,449,B.Fernandes,M,1.11,5.25,1.7,8.2,"good (transfers exact, EO-anchored)"
2025-26,18,450,Cunha,M,64.0,50.65,100.0,79.1,"good (transfers exact, EO-anchored)"
2025-26,18,467,Obi,F,0.67,0.0,1.0,0.0,"good (transfers exact, EO-anchored)"
2025-26,18,470,Dúbravka,G,51.42,46.02,80.3,71.9,"good (transfers exact, EO-anchored)"
2025-26,18,485,Gordon,M,2.02,0.72,3.2,1.1,"good (transfers exact, EO-anchored)"
2025-26,18,486,Elanga,M,0.0,0.07,0.0,0.1,"good (transfers exact, EO-anchored)"
2025-26,18,487,Barnes,M,0.87,0.0,1.4,0.0,"good (transfers exact, EO-anchored)"
2025-26,18,488,Bruno G.,M,0.0,0.68,0.0,1.1,"good (transfers exact, EO-anchored)"
2025-26,18,491,Tonali,M,0.07,0.19,0.1,0.3,"good (transfers exact, EO-anchored)"
2025-26,18,497,L.Miley,M,0.0,5.3,0.0,8.3,"good (transfers exact, EO-anchored)"
2025-26,18,502,Sels,G,0.0,7.33,0.0,11.5,"good (transfers exact, EO-anchored)"
2025-26,18,505,Milenković,D,0.05,1.35,0.1,2.1,"good (transfers exact, EO-anchored)"
2025-26,18,506,Murillo,D,1.25,4.2,2.0,6.6,"good (transfers exact, EO-anchored)"
2025-26,18,508,N.Williams,D,0.19,3.54,0.3,5.5,"good (transfers exact, EO-anchored)"
2025-26,18,517,Anderson,M,14.74,10.46,23.0,16.3,"good (transfers exact, EO-anchored)"
2025-26,18,525,Wood,F,0.16,0.2,0.2,0.3,"good (transfers exact, EO-anchored)"
2025-26,18,547,E.Le Fée,M,9.0,6.0,14.1,9.4,"good (transfers exact, EO-anchored)"
2025-26,18,565,Vicario,G,1.07,1.54,1.7,2.4,"good (transfers exact, EO-anchored)"
2025-26,18,568,Pedro Porro,D,2.12,8.21,3.3,12.8,"good (transfers exact, EO-anchored)"
2025-26,18,569,Romero,D,0.2,0.0,0.3,0.0,"good (transfers exact, EO-anchored)"
2025-26,18,575,Van de Ven,D,0.05,1.85,0.1,2.9,"good (transfers exact, EO-anchored)"
2025-26,18,580,Johnson,M,0.0,0.16,0.0,0.2,"good (transfers exact, EO-anchored)"
2025-26,18,582,Kudus,M,1.0,0.53,1.6,0.8,"good (transfers exact, EO-anchored)"
2025-26,18,593,P.M.Sarr,M,0.0,0.19,0.0,0.3,"good (transfers exact, EO-anchored)"
2025-26,18,597,Richarlison,F,0.1,0.13,0.2,0.2,"good (transfers exact, EO-anchored)"
2025-26,18,603,Diouf,D,0.0,0.41,0.0,0.6,"good (transfers exact, EO-anchored)"
2025-26,18,612,L.Paquetá,M,3.02,2.0,4.7,3.1,"good (transfers exact, EO-anchored)"
2025-26,18,623,Potts,M,0.0,3.04,0.0,4.8,"good (transfers exact, EO-anchored)"
2025-26,18,624,Bowen,F,1.0,6.9,1.6,10.8,"good (transfers exact, EO-anchored)"
2025-26,18,625,Füllkrug,F,0.0,0.63,0.0,1.0,"good (transfers exact, EO-anchored)"
2025-26,18,626,Marshall,F,1.0,0.85,1.6,1.3,"good (transfers exact, EO-anchored)"
2025-26,18,631,Agbadou,D,0.39,0.84,0.6,1.3,"good (transfers exact, EO-anchored)"
2025-26,18,652,Gonzalez,M,0.0,0.19,0.0,0.3,"good (transfers exact, EO-anchored)"
2025-26,18,654,Strand Larsen,F,3.64,2.95,5.7,4.6,"good (transfers exact, EO-anchored)"
2025-26,18,660,Stach,M,4.0,1.0,6.2,1.6,"good (transfers exact, EO-anchored)"
2025-26,18,661,Ekitiké,F,22.0,53.82,34.4,84.1,"good (transfers exact, EO-anchored)"
2025-26,18,665,Perri,G,0.13,0.0,0.2,0.0,"good (transfers exact, EO-anchored)"
2025-26,18,670,Roefs,G,0.0,1.0,0.0,1.6,"good (transfers exact, EO-anchored)"
2025-26,18,683,Alderete,D,3.82,9.38,6.0,14.7,"good (transfers exact, EO-anchored)"
2025-26,18,684,Thiaw,D,0.77,4.66,1.2,7.3,"good (transfers exact, EO-anchored)"
2025-26,18,691,Calvert-Lewin,F,2.7,0.0,4.2,0.0,"good (transfers exact, EO-anchored)"
2025-26,18,694,Mukiele,D,6.66,8.92,10.4,13.9,"good (transfers exact, EO-anchored)"
2025-26,18,712,Yeremy,M,1.0,0.0,1.6,0.0,"good (transfers exact, EO-anchored)"
2025-26,18,714,Woltemade,F,0.03,1.45,0.0,2.3,"good (transfers exact, EO-anchored)"
2025-26,18,725,Hincapie,D,7.0,10.27,10.9,16.0,"good (transfers exact, EO-anchored)"
2025-26,19,1,Raya,G,59.1,39.75,92.3,62.1,"good (transfers exact, EO-anchored)"
2025-26,19,5,Gabriel,D,12.0,4.0,18.8,6.2,"good (transfers exact, EO-anchored)"
2025-26,19,7,Calafiori,D,1.13,1.0,1.8,1.6,"good (transfers exact, EO-anchored)"
2025-26,19,8,J.Timber,D,27.74,33.58,43.3,52.5,"good (transfers exact, EO-anchored)"
2025-26,19,16,Saka,M,42.0,45.82,65.6,71.6,"good (transfers exact, EO-anchored)"
2025-26,19,21,Rice,M,1.0,7.67,1.6,12.0,"good (transfers exact, EO-anchored)"
2025-26,19,33,M.Bizot,G,0.0,0.52,0.0,0.8,"good (transfers exact, EO-anchored)"
2025-26,19,38,Konsa,D,0.0,1.21,0.0,1.9,"good (transfers exact, EO-anchored)"
2025-26,19,47,Rogers,M,0.0,4.19,0.0,6.5,"good (transfers exact, EO-anchored)"
2025-26,19,48,Tielemans,M,0.57,0.5,0.9,0.8,"good (transfers exact, EO-anchored)"
2025-26,19,64,Watkins,F,1.95,7.37,3.0,11.5,"good (transfers exact, EO-anchored)"
2025-26,19,67,Petrović,G,5.65,1.7,8.8,2.7,"good (transfers exact, EO-anchored)"
2025-26,19,72,Senesi,D,5.82,7.34,9.1,11.5,"good (transfers exact, EO-anchored)"
2025-26,19,74,Truffert,D,0.0,0.61,0.0,1.0,"good (transfers exact, EO-anchored)"
2025-26,19,82,Semenyo,M,2.0,16.02,3.1,25.0,"good (transfers exact, EO-anchored)"
2025-26,19,83,O.Dango,M,0.09,0.18,0.1,0.3,"good (transfers exact, EO-anchored)"
2025-26,19,84,Tavernier,M,0.56,1.0,0.9,1.6,"good (transfers exact, EO-anchored)"
2025-26,19,100,Kroupi.Jr,F,2.87,0.82,4.5,1.3,"good (transfers exact, EO-anchored)"
2025-26,19,101,Kelleher,G,2.7,1.55,4.2,2.4,"good (transfers exact, EO-anchored)"
2025-26,19,105,Valdimarsson,G,0.0,0.52,0.0,0.8,"good (transfers exact, EO-anchored)"
2025-26,19,106,Collins,D,6.0,2.5,9.4,3.9,"good (transfers exact, EO-anchored)"
2025-26,19,113,Van den Berg,D,7.0,4.37,10.9,6.8,"good (transfers exact, EO-anchored)"
2025-26,19,119,Mbeumo,M,0.06,0.0,0.1,0.0,"good (transfers exact, EO-anchored)"
2025-26,19,120,Schade,M,9.81,1.72,15.3,2.7,"good (transfers exact, EO-anchored)"
2025-26,19,123,Carvalho,M,0.0,0.19,0.0,0.3,"good (transfers exact, EO-anchored)"
2025-26,19,136,Thiago,F,48.78,25.64,76.2,40.1,"good (transfers exact, EO-anchored)"
2025-26,19,139,Verbruggen,G,3.34,11.3,5.2,17.7,"good (transfers exact, EO-anchored)"
2025-26,19,145,De Cuyper,D,0.0,1.62,0.0,2.5,"good (transfers exact, EO-anchored)"
2025-26,19,151,Van Hecke,D,7.82,4.62,12.2,7.2,"good (transfers exact, EO-anchored)"
2025-26,19,157,Mitoma,M,0.0,0.19,0.0,0.3,"good (transfers exact, EO-anchored)"
2025-26,19,158,Georginio,M,1.81,0.59,2.8,0.9,"good (transfers exact, EO-anchored)"
2025-26,19,160,Minteh,M,28.0,16.03,43.8,25.0,"good (transfers exact, EO-anchored)"
2025-26,19,190,Ekdal,D,0.0,0.29,0.0,0.5,"good (transfers exact, EO-anchored)"
2025-26,19,191,Estève,D,2.79,14.46,4.4,22.6,"good (transfers exact, EO-anchored)"
2025-26,19,192,Hartman,D,0.0,0.32,0.0,0.5,"good (transfers exact, EO-anchored)"
2025-26,19,220,Sánchez,G,4.77,14.79,7.5,23.1,"good (transfers exact, EO-anchored)"
2025-26,19,226,Chalobah,D,0.0,0.79,0.0,1.2,"good (transfers exact, EO-anchored)"
2025-26,19,232,Tosin,D,0.0,1.29,0.0,2.0,"good (transfers exact, EO-anchored)"
2025-26,19,235,Palmer,M,0.2,1.35,0.3,2.1,"good (transfers exact, EO-anchored)"
2025-26,19,237,Enzo,M,0.39,1.59,0.6,2.5,"good (transfers exact, EO-anchored)"
2025-26,19,242,Dewsbury-Hall,M,2.0,1.36,3.1,2.1,"good (transfers exact, EO-anchored)"
2025-26,19,249,João Pedro,F,0.65,1.0,1.0,1.6,"good (transfers exact, EO-anchored)"
2025-26,19,252,Marc Guiu,F,35.43,22.87,55.4,35.7,"good (transfers exact, EO-anchored)"
2025-26,19,256,Muñoz,D,0.31,1.41,0.5,2.2,"good (transfers exact, EO-anchored)"
2025-26,19,257,Lacroix,D,26.38,6.82,41.2,10.7,"good (transfers exact, EO-anchored)"
2025-26,19,260,Guéhi,D,0.0,1.62,0.0,2.5,"good (transfers exact, EO-anchored)"
2025-26,19,261,Richards,D,5.26,7.84,8.2,12.2,"good (transfers exact, EO-anchored)"
2025-26,19,267,Sarr,M,0.07,0.0,0.1,0.0,"good (transfers exact, EO-anchored)"
2025-26,19,276,Devenny,M,0.0,3.0,0.0,4.7,"good (transfers exact, EO-anchored)"
2025-26,19,283,Mateta,F,1.48,2.42,2.3,3.8,"good (transfers exact, EO-anchored)"
2025-26,19,291,Tarkowski,D,34.7,5.73,54.2,9.0,"good (transfers exact, EO-anchored)"
2025-26,19,295,Keane,D,8.0,17.55,12.5,27.4,"good (transfers exact, EO-anchored)"
2025-26,19,299,Ndiaye,M,0.07,0.15,0.1,0.2,"good (transfers exact, EO-anchored)"
2025-26,19,317,Andersen,D,46.83,38.03,73.2,59.4,"good (transfers exact, EO-anchored)"
2025-26,19,329,Wilson,M,0.0,19.62,0.0,30.7,"good (transfers exact, EO-anchored)"
2025-26,19,337,Raúl,F,1.0,1.15,1.6,1.8,"good (transfers exact, EO-anchored)"
2025-26,19,338,Muniz,F,0.52,0.0,0.8,0.0,"good (transfers exact, EO-anchored)"
2025-26,19,347,Gudmundsson,D,0.0,2.81,0.0,4.4,"good (transfers exact, EO-anchored)"
2025-26,19,348,Rodon,D,3.34,3.0,5.2,4.7,"good (transfers exact, EO-anchored)"
2025-26,19,366,A.Becker,G,0.0,2.01,0.0,3.1,"good (transfers exact, EO-anchored)"
2025-26,19,367,Mamardashvili,G,0.0,1.04,0.0,1.6,"good (transfers exact, EO-anchored)"
2025-26,19,370,Frimpong,D,0.0,0.07,0.0,0.1,"good (transfers exact, EO-anchored)"
2025-26,19,373,Virgil,D,56.01,42.89,87.5,67.0,"good (transfers exact, EO-anchored)"
2025-26,19,381,M.Salah,M,0.21,2.4,0.3,3.8,"good (transfers exact, EO-anchored)"
2025-26,19,382,Wirtz,M,10.83,11.01,16.9,17.2,"good (transfers exact, EO-anchored)"
2025-26,19,384,Gakpo,M,0.15,0.0,0.2,0.0,"good (transfers exact, EO-anchored)"
2025-26,19,387,Szoboszlai,M,55.82,17.7,87.2,27.7,"good (transfers exact, EO-anchored)"
2025-26,19,389,Elliott,M,0.07,0.0,0.1,0.0,"good (transfers exact, EO-anchored)"
2025-26,19,402,Aït-Nouri,D,0.0,0.76,0.0,1.2,"good (transfers exact, EO-anchored)"
2025-26,19,403,Gvardiol,D,0.0,1.09,0.0,1.7,"good (transfers exact, EO-anchored)"
2025-26,19,411,O'Reilly,D,17.7,32.42,27.7,50.7,"good (transfers exact, EO-anchored)"
2025-26,19,413,Marmoush,M,0.0,0.19,0.0,0.3,"good (transfers exact, EO-anchored)"
2025-26,19,414,Foden,M,59.0,60.66,92.2,94.8,"good (transfers exact, EO-anchored)"
2025-26,19,417,Cherki,M,2.0,7.0,3.1,10.9,"good (transfers exact, EO-anchored)"
2025-26,19,427,Reijnders,M,3.0,1.42,4.7,2.2,"good (transfers exact, EO-anchored)"
2025-26,19,430,Haaland,F,64.0,64.0,100.0,100.0,"good (transfers exact, EO-anchored)"
2025-26,19,440,Dalot,D,1.0,3.0,1.6,4.7,"good (transfers exact, EO-anchored)"
2025-26,19,441,Dorgu,D,7.59,12.27,11.9,19.2,"good (transfers exact, EO-anchored)"
2025-26,19,447,Heaven,D,0.0,1.0,0.0,1.6,"good (transfers exact, EO-anchored)"
2025-26,19,449,B.Fernandes,M,0.11,3.25,0.2,5.1,"good (transfers exact, EO-anchored)"
2025-26,19,450,Cunha,M,64.0,54.65,100.0,85.4,"good (transfers exact, EO-anchored)"
2025-26,19,467,Obi,F,0.67,0.0,1.0,0.0,"good (transfers exact, EO-anchored)"
2025-26,19,470,Dúbravka,G,51.42,46.02,80.3,71.9,"good (transfers exact, EO-anchored)"
2025-26,19,473,Hall,D,23.0,8.0,35.9,12.5,"good (transfers exact, EO-anchored)"
2025-26,19,485,Gordon,M,4.02,11.72,6.3,18.3,"good (transfers exact, EO-anchored)"
2025-26,19,486,Elanga,M,0.0,0.07,0.0,0.1,"good (transfers exact, EO-anchored)"
2025-26,19,487,Barnes,M,0.87,0.0,1.4,0.0,"good (transfers exact, EO-anchored)"
2025-26,19,488,Bruno G.,M,0.0,0.68,0.0,1.1,"good (transfers exact, EO-anchored)"
2025-26,19,491,Tonali,M,0.07,0.19,0.1,0.3,"good (transfers exact, EO-anchored)"
2025-26,19,497,L.Miley,M,0.0,5.3,0.0,8.3,"good (transfers exact, EO-anchored)"
2025-26,19,502,Sels,G,0.0,7.33,0.0,11.5,"good (transfers exact, EO-anchored)"
2025-26,19,505,Milenković,D,0.05,1.35,0.1,2.1,"good (transfers exact, EO-anchored)"
2025-26,19,506,Murillo,D,1.25,4.2,2.0,6.6,"good (transfers exact, EO-anchored)"
2025-26,19,508,N.Williams,D,0.19,3.54,0.3,5.5,"good (transfers exact, EO-anchored)"
2025-26,19,517,Anderson,M,17.74,10.46,27.7,16.3,"good (transfers exact, EO-anchored)"
2025-26,19,525,Wood,F,0.16,0.2,0.2,0.3,"good (transfers exact, EO-anchored)"
2025-26,19,547,E.Le Fée,M,8.0,5.0,12.5,7.8,"good (transfers exact, EO-anchored)"
2025-26,19,565,Vicario,G,1.07,1.54,1.7,2.4,"good (transfers exact, EO-anchored)"
2025-26,19,568,Pedro Porro,D,2.12,8.21,3.3,12.8,"good (transfers exact, EO-anchored)"
2025-26,19,569,Romero,D,0.2,0.0,0.3,0.0,"good (transfers exact, EO-anchored)"
2025-26,19,575,Van de Ven,D,0.05,1.85,0.1,2.9,"good (transfers exact, EO-anchored)"
2025-26,19,580,Johnson,M,0.0,0.16,0.0,0.2,"good (transfers exact, EO-anchored)"
2025-26,19,582,Kudus,M,1.0,0.53,1.6,0.8,"good (transfers exact, EO-anchored)"
2025-26,19,593,P.M.Sarr,M,0.0,0.19,0.0,0.3,"good (transfers exact, EO-anchored)"
2025-26,19,597,Richarlison,F,0.1,0.13,0.2,0.2,"good (transfers exact, EO-anchored)"
2025-26,19,603,Diouf,D,0.0,0.41,0.0,0.6,"good (transfers exact, EO-anchored)"
2025-26,19,612,L.Paquetá,M,3.02,2.0,4.7,3.1,"good (transfers exact, EO-anchored)"
2025-26,19,623,Potts,M,0.0,3.04,0.0,4.8,"good (transfers exact, EO-anchored)"
2025-26,19,624,Bowen,F,1.0,6.9,1.6,10.8,"good (transfers exact, EO-anchored)"
2025-26,19,625,Füllkrug,F,0.0,0.63,0.0,1.0,"good (transfers exact, EO-anchored)"
2025-26,19,626,Marshall,F,1.0,0.85,1.6,1.3,"good (transfers exact, EO-anchored)"
2025-26,19,631,Agbadou,D,0.39,0.84,0.6,1.3,"good (transfers exact, EO-anchored)"
2025-26,19,652,Gonzalez,M,0.0,0.19,0.0,0.3,"good (transfers exact, EO-anchored)"
2025-26,19,654,Strand Larsen,F,3.64,2.95,5.7,4.6,"good (transfers exact, EO-anchored)"
2025-26,19,660,Stach,M,3.0,1.0,4.7,1.6,"good (transfers exact, EO-anchored)"
2025-26,19,661,Ekitiké,F,22.0,54.82,34.4,85.7,"good (transfers exact, EO-anchored)"
2025-26,19,665,Perri,G,0.13,0.0,0.2,0.0,"good (transfers exact, EO-anchored)"
2025-26,19,670,Roefs,G,0.0,1.0,0.0,1.6,"good (transfers exact, EO-anchored)"
2025-26,19,683,Alderete,D,1.82,9.38,2.8,14.7,"good (transfers exact, EO-anchored)"
2025-26,19,684,Thiaw,D,3.77,9.66,5.9,15.1,"good (transfers exact, EO-anchored)"
2025-26,19,691,Calvert-Lewin,F,2.7,0.0,4.2,0.0,"good (transfers exact, EO-anchored)"
2025-26,19,694,Mukiele,D,6.66,8.92,10.4,13.9,"good (transfers exact, EO-anchored)"
2025-26,19,712,Yeremy,M,1.0,0.0,1.6,0.0,"good (transfers exact, EO-anchored)"
2025-26,19,714,Woltemade,F,0.03,1.45,0.0,2.3,"good (transfers exact, EO-anchored)"
2025-26,19,725,Hincapie,D,3.0,7.27,4.7,11.4,"good (transfers exact, EO-anchored)"
2025-26,19,749,Mané,F,1.0,0.0,1.6,0.0,"good (transfers exact, EO-anchored)"
2025-26,20,1,Raya,G,59.1,38.75,92.3,60.5,"good (transfers exact, EO-anchored)"
2025-26,20,5,Gabriel,D,31.0,40.0,48.4,62.5,"good (transfers exact, EO-anchored)"
2025-26,20,7,Calafiori,D,0.13,0.0,0.2,0.0,"good (transfers exact, EO-anchored)"
2025-26,20,8,J.Timber,D,25.74,29.58,40.2,46.2,"good (transfers exact, EO-anchored)"
2025-26,20,16,Saka,M,43.0,45.82,67.2,71.6,"good (transfers exact, EO-anchored)"
2025-26,20,21,Rice,M,1.0,6.67,1.6,10.4,"good (transfers exact, EO-anchored)"
2025-26,20,33,M.Bizot,G,0.0,0.52,0.0,0.8,"good (transfers exact, EO-anchored)"
2025-26,20,38,Konsa,D,0.0,1.21,0.0,1.9,"good (transfers exact, EO-anchored)"
2025-26,20,47,Rogers,M,0.0,13.19,0.0,20.6,"good (transfers exact, EO-anchored)"
2025-26,20,48,Tielemans,M,0.57,0.5,0.9,0.8,"good (transfers exact, EO-anchored)"
2025-26,20,64,Watkins,F,1.95,7.37,3.0,11.5,"good (transfers exact, EO-anchored)"
2025-26,20,67,Petrović,G,4.65,1.7,7.3,2.7,"good (transfers exact, EO-anchored)"
2025-26,20,72,Senesi,D,4.82,6.34,7.5,9.9,"good (transfers exact, EO-anchored)"
2025-26,20,74,Truffert,D,0.0,0.61,0.0,1.0,"good (transfers exact, EO-anchored)"
2025-26,20,82,Semenyo,M,1.0,7.02,1.6,11.0,"good (transfers exact, EO-anchored)"
2025-26,20,83,O.Dango,M,0.09,0.18,0.1,0.3,"good (transfers exact, EO-anchored)"
2025-26,20,84,Tavernier,M,2.56,1.0,4.0,1.6,"good (transfers exact, EO-anchored)"
2025-26,20,100,Kroupi.Jr,F,2.87,1.82,4.5,2.8,"good (transfers exact, EO-anchored)"
2025-26,20,101,Kelleher,G,2.7,1.55,4.2,2.4,"good (transfers exact, EO-anchored)"
2025-26,20,105,Valdimarsson,G,0.0,0.52,0.0,0.8,"good (transfers exact, EO-anchored)"
2025-26,20,106,Collins,D,9.0,2.5,14.1,3.9,"good (transfers exact, EO-anchored)"
2025-26,20,113,Van den Berg,D,5.0,3.37,7.8,5.3,"good (transfers exact, EO-anchored)"
2025-26,20,119,Mbeumo,M,0.06,0.0,0.1,0.0,"good (transfers exact, EO-anchored)"
2025-26,20,120,Schade,M,9.81,1.72,15.3,2.7,"good (transfers exact, EO-anchored)"
2025-26,20,123,Carvalho,M,0.0,0.19,0.0,0.3,"good (transfers exact, EO-anchored)"
2025-26,20,136,Thiago,F,48.78,24.64,76.2,38.5,"good (transfers exact, EO-anchored)"
2025-26,20,139,Verbruggen,G,3.34,12.3,5.2,19.2,"good (transfers exact, EO-anchored)"
2025-26,20,145,De Cuyper,D,0.0,1.62,0.0,2.5,"good (transfers exact, EO-anchored)"
2025-26,20,151,Van Hecke,D,7.82,4.62,12.2,7.2,"good (transfers exact, EO-anchored)"
2025-26,20,157,Mitoma,M,0.0,0.19,0.0,0.3,"good (transfers exact, EO-anchored)"
2025-26,20,158,Georginio,M,1.81,0.59,2.8,0.9,"good (transfers exact, EO-anchored)"
2025-26,20,160,Minteh,M,17.0,6.03,26.6,9.4,"good (transfers exact, EO-anchored)"
2025-26,20,190,Ekdal,D,0.0,0.29,0.0,0.5,"good (transfers exact, EO-anchored)"
2025-26,20,191,Estève,D,1.79,13.46,2.8,21.0,"good (transfers exact, EO-anchored)"
2025-26,20,192,Hartman,D,0.0,0.32,0.0,0.5,"good (transfers exact, EO-anchored)"
2025-26,20,220,Sánchez,G,4.77,14.79,7.5,23.1,"good (transfers exact, EO-anchored)"
2025-26,20,226,Chalobah,D,0.0,0.79,0.0,1.2,"good (transfers exact, EO-anchored)"
2025-26,20,232,Tosin,D,0.0,1.29,0.0,2.0,"good (transfers exact, EO-anchored)"
2025-26,20,235,Palmer,M,0.2,1.35,0.3,2.1,"good (transfers exact, EO-anchored)"
2025-26,20,237,Enzo,M,0.39,1.59,0.6,2.5,"good (transfers exact, EO-anchored)"
2025-26,20,242,Dewsbury-Hall,M,2.0,0.36,3.1,0.6,"good (transfers exact, EO-anchored)"
2025-26,20,249,João Pedro,F,0.65,0.0,1.0,0.0,"good (transfers exact, EO-anchored)"
2025-26,20,252,Marc Guiu,F,35.43,23.87,55.4,37.3,"good (transfers exact, EO-anchored)"
2025-26,20,256,Muñoz,D,0.31,1.41,0.5,2.2,"good (transfers exact, EO-anchored)"
2025-26,20,257,Lacroix,D,21.38,1.82,33.4,2.8,"good (transfers exact, EO-anchored)"
2025-26,20,260,Guéhi,D,0.0,1.62,0.0,2.5,"good (transfers exact, EO-anchored)"
2025-26,20,261,Richards,D,5.26,6.84,8.2,10.7,"good (transfers exact, EO-anchored)"
2025-26,20,267,Sarr,M,0.07,0.0,0.1,0.0,"good (transfers exact, EO-anchored)"
2025-26,20,276,Devenny,M,0.0,3.0,0.0,4.7,"good (transfers exact, EO-anchored)"
2025-26,20,283,Mateta,F,1.48,2.42,2.3,3.8,"good (transfers exact, EO-anchored)"
2025-26,20,291,Tarkowski,D,35.7,10.73,55.8,16.8,"good (transfers exact, EO-anchored)"
2025-26,20,295,Keane,D,8.0,17.55,12.5,27.4,"good (transfers exact, EO-anchored)"
2025-26,20,299,Ndiaye,M,0.07,0.15,0.1,0.2,"good (transfers exact, EO-anchored)"
2025-26,20,303,Garner,M,0.0,2.0,0.0,3.1,"good (transfers exact, EO-anchored)"
2025-26,20,317,Andersen,D,44.83,36.03,70.0,56.3,"good (transfers exact, EO-anchored)"
2025-26,20,329,Wilson,M,0.0,19.62,0.0,30.7,"good (transfers exact, EO-anchored)"
2025-26,20,337,Raúl,F,1.0,0.15,1.6,0.2,"good (transfers exact, EO-anchored)"
2025-26,20,338,Muniz,F,0.52,0.0,0.8,0.0,"good (transfers exact, EO-anchored)"
2025-26,20,347,Gudmundsson,D,0.0,3.81,0.0,6.0,"good (transfers exact, EO-anchored)"
2025-26,20,348,Rodon,D,3.34,0.0,5.2,0.0,"good (transfers exact, EO-anchored)"
2025-26,20,365,Nmecha,F,1.0,0.0,1.6,0.0,"good (transfers exact, EO-anchored)"
2025-26,20,366,A.Becker,G,0.0,1.01,0.0,1.6,"good (transfers exact, EO-anchored)"
2025-26,20,367,Mamardashvili,G,0.0,1.04,0.0,1.6,"good (transfers exact, EO-anchored)"
2025-26,20,370,Frimpong,D,0.0,0.07,0.0,0.1,"good (transfers exact, EO-anchored)"
2025-26,20,373,Virgil,D,52.01,29.89,81.3,46.7,"good (transfers exact, EO-anchored)"
2025-26,20,381,M.Salah,M,0.21,2.4,0.3,3.8,"good (transfers exact, EO-anchored)"
2025-26,20,382,Wirtz,M,2.83,8.01,4.4,12.5,"good (transfers exact, EO-anchored)"
2025-26,20,384,Gakpo,M,0.15,0.0,0.2,0.0,"good (transfers exact, EO-anchored)"
2025-26,20,387,Szoboszlai,M,55.82,18.7,87.2,29.2,"good (transfers exact, EO-anchored)"
2025-26,20,389,Elliott,M,0.07,0.0,0.1,0.0,"good (transfers exact, EO-anchored)"
2025-26,20,402,Aït-Nouri,D,0.0,0.76,0.0,1.2,"good (transfers exact, EO-anchored)"
2025-26,20,403,Gvardiol,D,0.0,1.09,0.0,1.7,"good (transfers exact, EO-anchored)"
2025-26,20,411,O'Reilly,D,11.7,22.42,18.3,35.0,"good (transfers exact, EO-anchored)"
2025-26,20,413,Marmoush,M,0.0,0.19,0.0,0.3,"good (transfers exact, EO-anchored)"
2025-26,20,414,Foden,M,59.0,59.66,92.2,93.2,"good (transfers exact, EO-anchored)"
2025-26,20,417,Cherki,M,7.0,11.0,10.9,17.2,"good (transfers exact, EO-anchored)"
2025-26,20,427,Reijnders,M,3.0,1.42,4.7,2.2,"good (transfers exact, EO-anchored)"
2025-26,20,430,Haaland,F,64.0,64.0,100.0,100.0,"good (transfers exact, EO-anchored)"
2025-26,20,440,Dalot,D,1.0,3.0,1.6,4.7,"good (transfers exact, EO-anchored)"
2025-26,20,441,Dorgu,D,7.59,13.27,11.9,20.7,"good (transfers exact, EO-anchored)"
2025-26,20,447,Heaven,D,0.0,1.0,0.0,1.6,"good (transfers exact, EO-anchored)"
2025-26,20,449,B.Fernandes,M,0.11,3.25,0.2,5.1,"good (transfers exact, EO-anchored)"
2025-26,20,450,Cunha,M,64.0,53.65,100.0,83.8,"good (transfers exact, EO-anchored)"
2025-26,20,467,Obi,F,0.67,0.0,1.0,0.0,"good (transfers exact, EO-anchored)"
2025-26,20,470,Dúbravka,G,52.42,46.02,81.9,71.9,"good (transfers exact, EO-anchored)"
2025-26,20,473,Hall,D,23.0,9.0,35.9,14.1,"good (transfers exact, EO-anchored)"
2025-26,20,485,Gordon,M,10.02,14.72,15.7,23.0,"good (transfers exact, EO-anchored)"
2025-26,20,486,Elanga,M,0.0,0.07,0.0,0.1,"good (transfers exact, EO-anchored)"
2025-26,20,487,Barnes,M,0.87,1.0,1.4,1.6,"good (transfers exact, EO-anchored)"
2025-26,20,488,Bruno G.,M,0.0,0.68,0.0,1.1,"good (transfers exact, EO-anchored)"
2025-26,20,491,Tonali,M,0.07,0.19,0.1,0.3,"good (transfers exact, EO-anchored)"
2025-26,20,497,L.Miley,M,0.0,5.3,0.0,8.3,"good (transfers exact, EO-anchored)"
2025-26,20,502,Sels,G,0.0,7.33,0.0,11.5,"good (transfers exact, EO-anchored)"
2025-26,20,505,Milenković,D,0.05,1.35,0.1,2.1,"good (transfers exact, EO-anchored)"
2025-26,20,506,Murillo,D,1.25,4.2,2.0,6.6,"good (transfers exact, EO-anchored)"
2025-26,20,508,N.Williams,D,0.19,3.54,0.3,5.5,"good (transfers exact, EO-anchored)"
2025-26,20,517,Anderson,M,19.74,11.46,30.8,17.9,"good (transfers exact, EO-anchored)"
2025-26,20,525,Wood,F,0.16,0.2,0.2,0.3,"good (transfers exact, EO-anchored)"
2025-26,20,547,E.Le Fée,M,8.0,8.0,12.5,12.5,"good (transfers exact, EO-anchored)"
2025-26,20,565,Vicario,G,1.07,1.54,1.7,2.4,"good (transfers exact, EO-anchored)"
2025-26,20,568,Pedro Porro,D,4.12,8.21,6.4,12.8,"good (transfers exact, EO-anchored)"
2025-26,20,569,Romero,D,0.2,0.0,0.3,0.0,"good (transfers exact, EO-anchored)"
2025-26,20,575,Van de Ven,D,0.05,1.85,0.1,2.9,"good (transfers exact, EO-anchored)"
2025-26,20,580,Johnson,M,0.0,0.16,0.0,0.2,"good (transfers exact, EO-anchored)"
2025-26,20,582,Kudus,M,4.0,2.53,6.2,4.0,"good (transfers exact, EO-anchored)"
2025-26,20,593,P.M.Sarr,M,0.0,0.19,0.0,0.3,"good (transfers exact, EO-anchored)"
2025-26,20,597,Richarlison,F,0.1,0.13,0.2,0.2,"good (transfers exact, EO-anchored)"
2025-26,20,603,Diouf,D,0.0,0.41,0.0,0.6,"good (transfers exact, EO-anchored)"
2025-26,20,612,L.Paquetá,M,3.02,2.0,4.7,3.1,"good (transfers exact, EO-anchored)"
2025-26,20,623,Potts,M,0.0,4.04,0.0,6.3,"good (transfers exact, EO-anchored)"
2025-26,20,624,Bowen,F,1.0,9.9,1.6,15.5,"good (transfers exact, EO-anchored)"
2025-26,20,625,Füllkrug,F,0.0,0.63,0.0,1.0,"good (transfers exact, EO-anchored)"
2025-26,20,626,Marshall,F,1.0,0.85,1.6,1.3,"good (transfers exact, EO-anchored)"
2025-26,20,631,Agbadou,D,0.39,0.84,0.6,1.3,"good (transfers exact, EO-anchored)"
2025-26,20,652,Gonzalez,M,0.0,0.19,0.0,0.3,"good (transfers exact, EO-anchored)"
2025-26,20,654,Strand Larsen,F,3.64,2.95,5.7,4.6,"good (transfers exact, EO-anchored)"
2025-26,20,660,Stach,M,4.0,1.0,6.2,1.6,"good (transfers exact, EO-anchored)"
2025-26,20,661,Ekitiké,F,21.0,51.82,32.8,81.0,"good (transfers exact, EO-anchored)"
2025-26,20,665,Perri,G,0.13,0.0,0.2,0.0,"good (transfers exact, EO-anchored)"
2025-26,20,670,Roefs,G,0.0,2.0,0.0,3.1,"good (transfers exact, EO-anchored)"
2025-26,20,683,Alderete,D,1.82,10.38,2.8,16.2,"good (transfers exact, EO-anchored)"
2025-26,20,684,Thiaw,D,4.77,11.66,7.5,18.2,"good (transfers exact, EO-anchored)"
2025-26,20,691,Calvert-Lewin,F,2.7,0.0,4.2,0.0,"good (transfers exact, EO-anchored)"
2025-26,20,694,Mukiele,D,6.66,8.92,10.4,13.9,"good (transfers exact, EO-anchored)"
2025-26,20,712,Yeremy,M,1.0,0.0,1.6,0.0,"good (transfers exact, EO-anchored)"
2025-26,20,714,Woltemade,F,0.03,1.45,0.0,2.3,"good (transfers exact, EO-anchored)"
2025-26,20,725,Hincapie,D,1.0,2.27,1.6,3.5,"good (transfers exact, EO-anchored)"
2025-26,20,749,Mané,F,1.0,0.0,1.6,0.0,"good (transfers exact, EO-anchored)"
2025-26,21,1,Raya,G,59.1,34.7,92.3,54.2,"good (transfers exact, EO-anchored)"
2025-26,21,5,Gabriel,D,34.0,51.13,53.1,79.9,"good (transfers exact, EO-anchored)"
2025-26,21,7,Calafiori,D,0.13,0.0,0.2,0.0,"good (transfers exact, EO-anchored)"
2025-26,21,8,J.Timber,D,22.74,25.74,35.5,40.2,"good (transfers exact, EO-anchored)"
2025-26,21,16,Saka,M,44.0,44.77,68.8,70.0,"good (transfers exact, EO-anchored)"
2025-26,21,21,Rice,M,1.0,8.66,1.6,13.5,"good (transfers exact, EO-anchored)"
2025-26,21,33,M.Bizot,G,0.0,0.52,0.0,0.8,"good (transfers exact, EO-anchored)"
2025-26,21,38,Konsa,D,0.0,1.09,0.0,1.7,"good (transfers exact, EO-anchored)"
2025-26,21,47,Rogers,M,0.0,16.21,0.0,25.3,"good (transfers exact, EO-anchored)"
2025-26,21,48,Tielemans,M,0.57,0.47,0.9,0.7,"good (transfers exact, EO-anchored)"
2025-26,21,64,Watkins,F,1.95,8.95,3.0,14.0,"good (transfers exact, EO-anchored)"
2025-26,21,67,Petrović,G,3.65,1.7,5.7,2.7,"good (transfers exact, EO-anchored)"
2025-26,21,72,Senesi,D,4.82,4.91,7.5,7.7,"good (transfers exact, EO-anchored)"
2025-26,21,74,Truffert,D,0.0,0.55,0.0,0.9,"good (transfers exact, EO-anchored)"
2025-26,21,82,Semenyo,M,1.0,6.57,1.6,10.3,"good (transfers exact, EO-anchored)"
2025-26,21,83,O.Dango,M,0.09,0.17,0.1,0.3,"good (transfers exact, EO-anchored)"
2025-26,21,84,Tavernier,M,12.56,1.98,19.6,3.1,"good (transfers exact, EO-anchored)"
2025-26,21,100,Kroupi.Jr,F,2.87,1.76,4.5,2.8,"good (transfers exact, EO-anchored)"
2025-26,21,101,Kelleher,G,2.7,2.57,4.2,4.0,"good (transfers exact, EO-anchored)"
2025-26,21,105,Valdimarsson,G,0.0,0.52,0.0,0.8,"good (transfers exact, EO-anchored)"
2025-26,21,106,Collins,D,11.0,3.18,17.2,5.0,"good (transfers exact, EO-anchored)"
2025-26,21,113,Van den Berg,D,4.0,0.29,6.2,0.5,"good (transfers exact, EO-anchored)"
2025-26,21,119,Mbeumo,M,0.06,0.0,0.1,0.0,"good (transfers exact, EO-anchored)"
2025-26,21,120,Schade,M,9.81,1.62,15.3,2.5,"good (transfers exact, EO-anchored)"
2025-26,21,123,Carvalho,M,0.0,0.18,0.0,0.3,"good (transfers exact, EO-anchored)"
2025-26,21,136,Thiago,F,48.78,30.22,76.2,47.2,"good (transfers exact, EO-anchored)"
2025-26,21,139,Verbruggen,G,3.34,12.3,5.2,19.2,"good (transfers exact, EO-anchored)"
2025-26,21,145,De Cuyper,D,0.0,1.46,0.0,2.3,"good (transfers exact, EO-anchored)"
2025-26,21,151,Van Hecke,D,5.82,3.26,9.1,5.1,"good (transfers exact, EO-anchored)"
2025-26,21,157,Mitoma,M,0.0,0.18,0.0,0.3,"good (transfers exact, EO-anchored)"
2025-26,21,158,Georginio,M,1.81,0.55,2.8,0.9,"good (transfers exact, EO-anchored)"
2025-26,21,160,Minteh,M,8.0,4.82,12.5,7.5,"good (transfers exact, EO-anchored)"
2025-26,21,190,Ekdal,D,0.0,0.26,0.0,0.4,"good (transfers exact, EO-anchored)"
2025-26,21,191,Estève,D,1.79,12.19,2.8,19.0,"good (transfers exact, EO-anchored)"
2025-26,21,192,Hartman,D,0.0,0.29,0.0,0.5,"good (transfers exact, EO-anchored)"
2025-26,21,220,Sánchez,G,4.77,15.81,7.5,24.7,"good (transfers exact, EO-anchored)"
2025-26,21,226,Chalobah,D,0.0,0.71,0.0,1.1,"good (transfers exact, EO-anchored)"
2025-26,21,232,Tosin,D,0.0,1.17,0.0,1.8,"good (transfers exact, EO-anchored)"
2025-26,21,235,Palmer,M,0.2,1.26,0.3,2.0,"good (transfers exact, EO-anchored)"
2025-26,21,237,Enzo,M,1.39,4.06,2.2,6.3,"good (transfers exact, EO-anchored)"
2025-26,21,242,Dewsbury-Hall,M,2.0,0.33,3.1,0.5,"good (transfers exact, EO-anchored)"
2025-26,21,249,João Pedro,F,0.65,0.0,1.0,0.0,"good (transfers exact, EO-anchored)"
2025-26,21,252,Marc Guiu,F,35.43,22.58,55.4,35.3,"good (transfers exact, EO-anchored)"
2025-26,21,256,Muñoz,D,0.31,1.27,0.5,2.0,"good (transfers exact, EO-anchored)"
2025-26,21,257,Lacroix,D,21.38,1.42,33.4,2.2,"good (transfers exact, EO-anchored)"
2025-26,21,260,Guéhi,D,0.0,1.47,0.0,2.3,"good (transfers exact, EO-anchored)"
2025-26,21,261,Richards,D,5.26,6.19,8.2,9.7,"good (transfers exact, EO-anchored)"
2025-26,21,267,Sarr,M,0.07,0.0,0.1,0.0,"good (transfers exact, EO-anchored)"
2025-26,21,276,Devenny,M,0.0,1.86,0.0,2.9,"good (transfers exact, EO-anchored)"
2025-26,21,283,Mateta,F,1.48,2.33,2.3,3.6,"good (transfers exact, EO-anchored)"
2025-26,21,287,Pickford,G,0.0,1.02,0.0,1.6,"good (transfers exact, EO-anchored)"
2025-26,21,291,Tarkowski,D,35.7,11.73,55.8,18.3,"good (transfers exact, EO-anchored)"
2025-26,21,295,Keane,D,8.0,21.26,12.5,33.2,"good (transfers exact, EO-anchored)"
2025-26,21,299,Ndiaye,M,0.07,0.14,0.1,0.2,"good (transfers exact, EO-anchored)"
2025-26,21,303,Garner,M,0.0,1.87,0.0,2.9,"good (transfers exact, EO-anchored)"
2025-26,21,317,Andersen,D,44.83,32.73,70.0,51.1,"good (transfers exact, EO-anchored)"
2025-26,21,329,Wilson,M,0.0,19.6,0.0,30.6,"good (transfers exact, EO-anchored)"
2025-26,21,337,Raúl,F,1.0,0.15,1.6,0.2,"good (transfers exact, EO-anchored)"
2025-26,21,338,Muniz,F,0.52,0.0,0.8,0.0,"good (transfers exact, EO-anchored)"
2025-26,21,347,Gudmundsson,D,0.0,3.45,0.0,5.4,"good (transfers exact, EO-anchored)"
2025-26,21,348,Rodon,D,3.34,1.01,5.2,1.6,"good (transfers exact, EO-anchored)"
2025-26,21,365,Nmecha,F,1.0,0.0,1.6,0.0,"good (transfers exact, EO-anchored)"
2025-26,21,366,A.Becker,G,0.0,1.01,0.0,1.6,"good (transfers exact, EO-anchored)"
2025-26,21,367,Mamardashvili,G,0.0,1.04,0.0,1.6,"good (transfers exact, EO-anchored)"
2025-26,21,370,Frimpong,D,0.0,0.06,0.0,0.1,"good (transfers exact, EO-anchored)"
2025-26,21,373,Virgil,D,52.01,21.54,81.3,33.7,"good (transfers exact, EO-anchored)"
2025-26,21,381,M.Salah,M,0.21,2.25,0.3,3.5,"good (transfers exact, EO-anchored)"
2025-26,21,382,Wirtz,M,1.83,5.6,2.9,8.8,"good (transfers exact, EO-anchored)"
2025-26,21,384,Gakpo,M,0.15,0.0,0.2,0.0,"good (transfers exact, EO-anchored)"
2025-26,21,387,Szoboszlai,M,55.82,17.67,87.2,27.6,"good (transfers exact, EO-anchored)"
2025-26,21,389,Elliott,M,0.07,0.0,0.1,0.0,"good (transfers exact, EO-anchored)"
2025-26,21,402,Aït-Nouri,D,0.0,0.69,0.0,1.1,"good (transfers exact, EO-anchored)"
2025-26,21,403,Gvardiol,D,0.0,0.07,0.0,0.1,"good (transfers exact, EO-anchored)"
2025-26,21,411,O'Reilly,D,11.7,22.54,18.3,35.2,"good (transfers exact, EO-anchored)"
2025-26,21,413,Marmoush,M,0.0,0.18,0.0,0.3,"good (transfers exact, EO-anchored)"
2025-26,21,414,Foden,M,59.0,59.66,92.2,93.2,"good (transfers exact, EO-anchored)"
2025-26,21,417,Cherki,M,7.0,10.96,10.9,17.1,"good (transfers exact, EO-anchored)"
2025-26,21,427,Reijnders,M,3.0,1.33,4.7,2.1,"good (transfers exact, EO-anchored)"
2025-26,21,430,Haaland,F,64.0,63.93,100.0,99.9,"good (transfers exact, EO-anchored)"
2025-26,21,440,Dalot,D,1.0,3.64,1.6,5.7,"good (transfers exact, EO-anchored)"
2025-26,21,441,Dorgu,D,7.59,13.0,11.9,20.3,"good (transfers exact, EO-anchored)"
2025-26,21,447,Heaven,D,0.0,0.91,0.0,1.4,"good (transfers exact, EO-anchored)"
2025-26,21,449,B.Fernandes,M,0.11,3.04,0.2,4.8,"good (transfers exact, EO-anchored)"
2025-26,21,450,Cunha,M,64.0,53.56,100.0,83.7,"good (transfers exact, EO-anchored)"
2025-26,21,467,Obi,F,0.67,0.0,1.0,0.0,"good (transfers exact, EO-anchored)"
2025-26,21,469,Pope,G,0.0,1.02,0.0,1.6,"good (transfers exact, EO-anchored)"
2025-26,21,470,Dúbravka,G,53.42,46.01,83.5,71.9,"good (transfers exact, EO-anchored)"
2025-26,21,473,Hall,D,23.0,8.95,35.9,14.0,"good (transfers exact, EO-anchored)"
2025-26,21,485,Gordon,M,10.02,14.69,15.7,23.0,"good (transfers exact, EO-anchored)"
2025-26,21,486,Elanga,M,0.0,0.06,0.0,0.1,"good (transfers exact, EO-anchored)"
2025-26,21,487,Barnes,M,1.87,0.94,2.9,1.5,"good (transfers exact, EO-anchored)"
2025-26,21,488,Bruno G.,M,0.0,1.59,0.0,2.5,"good (transfers exact, EO-anchored)"
2025-26,21,491,Tonali,M,0.07,0.18,0.1,0.3,"good (transfers exact, EO-anchored)"
2025-26,21,497,L.Miley,M,0.0,4.96,0.0,7.8,"good (transfers exact, EO-anchored)"
2025-26,21,502,Sels,G,0.0,7.33,0.0,11.5,"good (transfers exact, EO-anchored)"
2025-26,21,505,Milenković,D,0.05,1.22,0.1,1.9,"good (transfers exact, EO-anchored)"
2025-26,21,506,Murillo,D,1.25,3.8,2.0,5.9,"good (transfers exact, EO-anchored)"
2025-26,21,508,N.Williams,D,0.19,3.2,0.3,5.0,"good (transfers exact, EO-anchored)"
2025-26,21,517,Anderson,M,22.74,12.3,35.5,19.2,"good (transfers exact, EO-anchored)"
2025-26,21,525,Wood,F,0.16,0.19,0.2,0.3,"good (transfers exact, EO-anchored)"
2025-26,21,547,E.Le Fée,M,8.0,7.99,12.5,12.5,"good (transfers exact, EO-anchored)"
2025-26,21,565,Vicario,G,1.07,1.54,1.7,2.4,"good (transfers exact, EO-anchored)"
2025-26,21,568,Pedro Porro,D,4.12,7.43,6.4,11.6,"good (transfers exact, EO-anchored)"
2025-26,21,569,Romero,D,0.2,0.0,0.3,0.0,"good (transfers exact, EO-anchored)"
2025-26,21,575,Van de Ven,D,0.05,1.67,0.1,2.6,"good (transfers exact, EO-anchored)"
2025-26,21,580,Johnson,M,0.0,0.15,0.0,0.2,"good (transfers exact, EO-anchored)"
2025-26,21,582,Kudus,M,0.0,1.48,0.0,2.3,"good (transfers exact, EO-anchored)"
2025-26,21,593,P.M.Sarr,M,0.0,0.18,0.0,0.3,"good (transfers exact, EO-anchored)"
2025-26,21,597,Richarlison,F,0.1,0.12,0.2,0.2,"good (transfers exact, EO-anchored)"
2025-26,21,603,Diouf,D,0.0,0.37,0.0,0.6,"good (transfers exact, EO-anchored)"
2025-26,21,612,L.Paquetá,M,3.02,2.0,4.7,3.1,"good (transfers exact, EO-anchored)"
2025-26,21,623,Potts,M,0.0,3.79,0.0,5.9,"good (transfers exact, EO-anchored)"
2025-26,21,624,Bowen,F,1.0,9.81,1.6,15.3,"good (transfers exact, EO-anchored)"
2025-26,21,625,Füllkrug,F,0.0,0.59,0.0,0.9,"good (transfers exact, EO-anchored)"
2025-26,21,626,Marshall,F,1.0,0.8,1.6,1.2,"good (transfers exact, EO-anchored)"
2025-26,21,631,Agbadou,D,0.39,0.76,0.6,1.2,"good (transfers exact, EO-anchored)"
2025-26,21,652,Gonzalez,M,0.0,0.18,0.0,0.3,"good (transfers exact, EO-anchored)"
2025-26,21,654,Strand Larsen,F,3.64,2.78,5.7,4.3,"good (transfers exact, EO-anchored)"
2025-26,21,660,Stach,M,4.0,0.94,6.2,1.5,"good (transfers exact, EO-anchored)"
2025-26,21,661,Ekitiké,F,20.0,44.64,31.2,69.8,"good (transfers exact, EO-anchored)"
2025-26,21,665,Perri,G,0.13,0.0,0.2,0.0,"good (transfers exact, EO-anchored)"
2025-26,21,670,Roefs,G,0.0,2.0,0.0,3.1,"good (transfers exact, EO-anchored)"
2025-26,21,683,Alderete,D,1.82,14.5,2.8,22.7,"good (transfers exact, EO-anchored)"
2025-26,21,684,Thiaw,D,4.77,13.58,7.5,21.2,"good (transfers exact, EO-anchored)"
2025-26,21,691,Calvert-Lewin,F,2.7,0.0,4.2,0.0,"good (transfers exact, EO-anchored)"
2025-26,21,694,Mukiele,D,7.66,13.22,12.0,20.7,"good (transfers exact, EO-anchored)"
2025-26,21,714,Woltemade,F,0.03,0.41,0.0,0.6,"good (transfers exact, EO-anchored)"
2025-26,21,725,Hincapie,D,1.0,2.0,1.6,3.1,"good (transfers exact, EO-anchored)"
2025-26,21,749,Mané,F,1.0,2.92,1.6,4.6,"good (transfers exact, EO-anchored)"
2025-26,22,1,Raya,G,59.1,34.7,92.3,54.2,"good (transfers exact, EO-anchored)"
2025-26,22,5,Gabriel,D,55.0,59.13,85.9,92.4,"good (transfers exact, EO-anchored)"
2025-26,22,7,Calafiori,D,0.13,0.0,0.2,0.0,"good (transfers exact, EO-anchored)"
2025-26,22,8,J.Timber,D,20.74,25.74,32.4,40.2,"good (transfers exact, EO-anchored)"
2025-26,22,16,Saka,M,46.0,44.77,71.9,70.0,"good (transfers exact, EO-anchored)"
2025-26,22,21,Rice,M,1.0,11.66,1.6,18.2,"good (transfers exact, EO-anchored)"
2025-26,22,33,M.Bizot,G,0.0,0.52,0.0,0.8,"good (transfers exact, EO-anchored)"
2025-26,22,36,Cash,D,1.0,0.02,1.6,0.0,"good (transfers exact, EO-anchored)"
2025-26,22,38,Konsa,D,0.0,1.09,0.0,1.7,"good (transfers exact, EO-anchored)"
2025-26,22,47,Rogers,M,0.0,26.21,0.0,41.0,"good (transfers exact, EO-anchored)"
2025-26,22,48,Tielemans,M,0.57,0.47,0.9,0.7,"good (transfers exact, EO-anchored)"
2025-26,22,64,Watkins,F,1.95,8.95,3.0,14.0,"good (transfers exact, EO-anchored)"
2025-26,22,67,Petrović,G,3.65,1.7,5.7,2.7,"good (transfers exact, EO-anchored)"
2025-26,22,72,Senesi,D,4.82,3.91,7.5,6.1,"good (transfers exact, EO-anchored)"
2025-26,22,74,Truffert,D,0.0,0.55,0.0,0.9,"good (transfers exact, EO-anchored)"
2025-26,22,82,Semenyo,M,1.0,6.57,1.6,10.3,"good (transfers exact, EO-anchored)"
2025-26,22,83,O.Dango,M,0.09,0.17,0.1,0.3,"good (transfers exact, EO-anchored)"
2025-26,22,84,Tavernier,M,49.56,14.98,77.4,23.4,"good (transfers exact, EO-anchored)"
2025-26,22,100,Kroupi.Jr,F,2.87,1.76,4.5,2.8,"good (transfers exact, EO-anchored)"
2025-26,22,101,Kelleher,G,1.7,2.57,2.7,4.0,"good (transfers exact, EO-anchored)"
2025-26,22,105,Valdimarsson,G,0.0,0.52,0.0,0.8,"good (transfers exact, EO-anchored)"
2025-26,22,106,Collins,D,9.0,3.18,14.1,5.0,"good (transfers exact, EO-anchored)"
2025-26,22,113,Van den Berg,D,2.0,0.29,3.1,0.5,"good (transfers exact, EO-anchored)"
2025-26,22,119,Mbeumo,M,0.06,0.0,0.1,0.0,"good (transfers exact, EO-anchored)"
2025-26,22,120,Schade,M,7.81,1.62,12.2,2.5,"good (transfers exact, EO-anchored)"
2025-26,22,123,Carvalho,M,0.0,0.18,0.0,0.3,"good (transfers exact, EO-anchored)"
2025-26,22,136,Thiago,F,48.78,31.22,76.2,48.8,"good (transfers exact, EO-anchored)"
2025-26,22,139,Verbruggen,G,3.34,12.3,5.2,19.2,"good (transfers exact, EO-anchored)"
2025-26,22,145,De Cuyper,D,0.0,1.46,0.0,2.3,"good (transfers exact, EO-anchored)"
2025-26,22,151,Van Hecke,D,5.82,3.26,9.1,5.1,"good (transfers exact, EO-anchored)"
2025-26,22,157,Mitoma,M,0.0,0.18,0.0,0.3,"good (transfers exact, EO-anchored)"
2025-26,22,158,Georginio,M,1.81,0.55,2.8,0.9,"good (transfers exact, EO-anchored)"
2025-26,22,160,Minteh,M,5.0,2.82,7.8,4.4,"good (transfers exact, EO-anchored)"
2025-26,22,190,Ekdal,D,0.0,0.26,0.0,0.4,"good (transfers exact, EO-anchored)"
2025-26,22,191,Estève,D,1.79,12.19,2.8,19.0,"good (transfers exact, EO-anchored)"
2025-26,22,192,Hartman,D,0.0,0.29,0.0,0.5,"good (transfers exact, EO-anchored)"
2025-26,22,220,Sánchez,G,4.77,15.81,7.5,24.7,"good (transfers exact, EO-anchored)"
2025-26,22,226,Chalobah,D,1.0,0.71,1.6,1.1,"good (transfers exact, EO-anchored)"
2025-26,22,232,Tosin,D,0.0,1.17,0.0,1.8,"good (transfers exact, EO-anchored)"
2025-26,22,235,Palmer,M,0.2,1.26,0.3,2.0,"good (transfers exact, EO-anchored)"
2025-26,22,237,Enzo,M,16.39,18.06,25.6,28.2,"good (transfers exact, EO-anchored)"
2025-26,22,242,Dewsbury-Hall,M,1.0,0.33,1.6,0.5,"good (transfers exact, EO-anchored)"
2025-26,22,249,João Pedro,F,0.65,0.0,1.0,0.0,"good (transfers exact, EO-anchored)"
2025-26,22,252,Marc Guiu,F,35.43,21.58,55.4,33.7,"good (transfers exact, EO-anchored)"
2025-26,22,256,Muñoz,D,0.31,1.27,0.5,2.0,"good (transfers exact, EO-anchored)"
2025-26,22,257,Lacroix,D,20.38,1.42,31.8,2.2,"good (transfers exact, EO-anchored)"
2025-26,22,260,Guéhi,D,0.0,1.47,0.0,2.3,"good (transfers exact, EO-anchored)"
2025-26,22,261,Richards,D,4.26,6.19,6.7,9.7,"good (transfers exact, EO-anchored)"
2025-26,22,267,Sarr,M,0.07,0.0,0.1,0.0,"good (transfers exact, EO-anchored)"
2025-26,22,276,Devenny,M,0.0,1.86,0.0,2.9,"good (transfers exact, EO-anchored)"
2025-26,22,283,Mateta,F,1.48,2.33,2.3,3.6,"good (transfers exact, EO-anchored)"
2025-26,22,287,Pickford,G,0.0,1.02,0.0,1.6,"good (transfers exact, EO-anchored)"
2025-26,22,291,Tarkowski,D,26.7,10.73,41.7,16.8,"good (transfers exact, EO-anchored)"
2025-26,22,295,Keane,D,0.0,15.26,0.0,23.8,"good (transfers exact, EO-anchored)"
2025-26,22,299,Ndiaye,M,0.07,0.14,0.1,0.2,"good (transfers exact, EO-anchored)"
2025-26,22,303,Garner,M,0.0,1.87,0.0,2.9,"good (transfers exact, EO-anchored)"
2025-26,22,317,Andersen,D,44.83,33.73,70.0,52.7,"good (transfers exact, EO-anchored)"
2025-26,22,329,Wilson,M,0.0,19.6,0.0,30.6,"good (transfers exact, EO-anchored)"
2025-26,22,337,Raúl,F,1.0,0.15,1.6,0.2,"good (transfers exact, EO-anchored)"
2025-26,22,338,Muniz,F,0.52,0.0,0.8,0.0,"good (transfers exact, EO-anchored)"
2025-26,22,347,Gudmundsson,D,0.0,3.45,0.0,5.4,"good (transfers exact, EO-anchored)"
2025-26,22,348,Rodon,D,3.34,0.01,5.2,0.0,"good (transfers exact, EO-anchored)"
2025-26,22,365,Nmecha,F,1.0,0.0,1.6,0.0,"good (transfers exact, EO-anchored)"
2025-26,22,366,A.Becker,G,1.0,1.01,1.6,1.6,"good (transfers exact, EO-anchored)"
2025-26,22,367,Mamardashvili,G,0.0,1.04,0.0,1.6,"good (transfers exact, EO-anchored)"
2025-26,22,370,Frimpong,D,0.0,0.06,0.0,0.1,"good (transfers exact, EO-anchored)"
2025-26,22,373,Virgil,D,55.01,21.54,86.0,33.7,"good (transfers exact, EO-anchored)"
2025-26,22,381,M.Salah,M,0.21,2.25,0.3,3.5,"good (transfers exact, EO-anchored)"
2025-26,22,382,Wirtz,M,1.83,7.6,2.9,11.9,"good (transfers exact, EO-anchored)"
2025-26,22,384,Gakpo,M,4.15,1.0,6.5,1.6,"good (transfers exact, EO-anchored)"
2025-26,22,387,Szoboszlai,M,56.82,17.67,88.8,27.6,"good (transfers exact, EO-anchored)"
2025-26,22,389,Elliott,M,0.07,0.0,0.1,0.0,"good (transfers exact, EO-anchored)"
2025-26,22,402,Aït-Nouri,D,0.0,0.69,0.0,1.1,"good (transfers exact, EO-anchored)"
2025-26,22,403,Gvardiol,D,0.0,0.07,0.0,0.1,"good (transfers exact, EO-anchored)"
2025-26,22,411,O'Reilly,D,10.7,20.54,16.7,32.1,"good (transfers exact, EO-anchored)"
2025-26,22,413,Marmoush,M,0.0,0.18,0.0,0.3,"good (transfers exact, EO-anchored)"
2025-26,22,414,Foden,M,59.0,59.66,92.2,93.2,"good (transfers exact, EO-anchored)"
2025-26,22,417,Cherki,M,5.0,9.96,7.8,15.6,"good (transfers exact, EO-anchored)"
2025-26,22,427,Reijnders,M,2.0,1.33,3.1,2.1,"good (transfers exact, EO-anchored)"
2025-26,22,430,Haaland,F,64.0,63.93,100.0,99.9,"good (transfers exact, EO-anchored)"
2025-26,22,440,Dalot,D,0.0,3.64,0.0,5.7,"good (transfers exact, EO-anchored)"
2025-26,22,441,Dorgu,D,5.59,12.0,8.7,18.8,"good (transfers exact, EO-anchored)"
2025-26,22,447,Heaven,D,0.0,0.91,0.0,1.4,"good (transfers exact, EO-anchored)"
2025-26,22,449,B.Fernandes,M,13.11,10.04,20.5,15.7,"good (transfers exact, EO-anchored)"
2025-26,22,450,Cunha,M,2.46,7.56,3.8,11.8,"good (transfers exact, EO-anchored)"
2025-26,22,467,Obi,F,0.67,0.0,1.0,0.0,"good (transfers exact, EO-anchored)"
2025-26,22,469,Pope,G,0.0,1.02,0.0,1.6,"good (transfers exact, EO-anchored)"
2025-26,22,470,Dúbravka,G,53.42,46.01,83.5,71.9,"good (transfers exact, EO-anchored)"
2025-26,22,473,Hall,D,22.0,8.95,34.4,14.0,"good (transfers exact, EO-anchored)"
2025-26,22,485,Gordon,M,10.02,14.69,15.7,23.0,"good (transfers exact, EO-anchored)"
2025-26,22,486,Elanga,M,0.0,0.06,0.0,0.1,"good (transfers exact, EO-anchored)"
2025-26,22,487,Barnes,M,2.87,0.94,4.5,1.5,"good (transfers exact, EO-anchored)"
2025-26,22,488,Bruno G.,M,0.0,2.59,0.0,4.0,"good (transfers exact, EO-anchored)"
2025-26,22,491,Tonali,M,0.07,0.18,0.1,0.3,"good (transfers exact, EO-anchored)"
2025-26,22,497,L.Miley,M,0.0,4.96,0.0,7.8,"good (transfers exact, EO-anchored)"
2025-26,22,502,Sels,G,0.0,7.33,0.0,11.5,"good (transfers exact, EO-anchored)"
2025-26,22,505,Milenković,D,0.05,1.22,0.1,1.9,"good (transfers exact, EO-anchored)"
2025-26,22,506,Murillo,D,1.25,3.8,2.0,5.9,"good (transfers exact, EO-anchored)"
2025-26,22,508,N.Williams,D,0.19,3.2,0.3,5.0,"good (transfers exact, EO-anchored)"
2025-26,22,517,Anderson,M,23.74,12.3,37.1,19.2,"good (transfers exact, EO-anchored)"
2025-26,22,525,Wood,F,0.16,0.19,0.2,0.3,"good (transfers exact, EO-anchored)"
2025-26,22,531,Ballard,D,0.0,1.0,0.0,1.6,"good (transfers exact, EO-anchored)"
2025-26,22,547,E.Le Fée,M,8.0,8.99,12.5,14.0,"good (transfers exact, EO-anchored)"
2025-26,22,565,Vicario,G,1.07,1.54,1.7,2.4,"good (transfers exact, EO-anchored)"
2025-26,22,568,Pedro Porro,D,5.12,7.43,8.0,11.6,"good (transfers exact, EO-anchored)"
2025-26,22,569,Romero,D,0.2,0.0,0.3,0.0,"good (transfers exact, EO-anchored)"
2025-26,22,575,Van de Ven,D,0.05,3.67,0.1,5.7,"good (transfers exact, EO-anchored)"
2025-26,22,580,Johnson,M,0.0,0.15,0.0,0.2,"good (transfers exact, EO-anchored)"
2025-26,22,582,Kudus,M,0.0,0.48,0.0,0.8,"good (transfers exact, EO-anchored)"
2025-26,22,593,P.M.Sarr,M,0.0,0.18,0.0,0.3,"good (transfers exact, EO-anchored)"
2025-26,22,597,Richarlison,F,0.1,0.12,0.2,0.2,"good (transfers exact, EO-anchored)"
2025-26,22,603,Diouf,D,0.0,0.37,0.0,0.6,"good (transfers exact, EO-anchored)"
2025-26,22,612,L.Paquetá,M,1.02,0.0,1.6,0.0,"good (transfers exact, EO-anchored)"
2025-26,22,623,Potts,M,0.0,3.79,0.0,5.9,"good (transfers exact, EO-anchored)"
2025-26,22,624,Bowen,F,1.0,9.81,1.6,15.3,"good (transfers exact, EO-anchored)"
2025-26,22,625,Füllkrug,F,0.0,0.59,0.0,0.9,"good (transfers exact, EO-anchored)"
2025-26,22,626,Marshall,F,1.0,0.8,1.6,1.2,"good (transfers exact, EO-anchored)"
2025-26,22,631,Agbadou,D,0.39,0.76,0.6,1.2,"good (transfers exact, EO-anchored)"
2025-26,22,652,Gonzalez,M,0.0,0.18,0.0,0.3,"good (transfers exact, EO-anchored)"
2025-26,22,654,Strand Larsen,F,3.64,2.78,5.7,4.3,"good (transfers exact, EO-anchored)"
2025-26,22,660,Stach,M,4.0,0.94,6.2,1.5,"good (transfers exact, EO-anchored)"
2025-26,22,661,Ekitiké,F,19.0,44.64,29.7,69.8,"good (transfers exact, EO-anchored)"
2025-26,22,665,Perri,G,0.13,0.0,0.2,0.0,"good (transfers exact, EO-anchored)"
2025-26,22,670,Roefs,G,0.0,2.0,0.0,3.1,"good (transfers exact, EO-anchored)"
2025-26,22,683,Alderete,D,3.82,15.5,6.0,24.2,"good (transfers exact, EO-anchored)"
2025-26,22,684,Thiaw,D,2.77,13.58,4.3,21.2,"good (transfers exact, EO-anchored)"
2025-26,22,691,Calvert-Lewin,F,2.7,0.0,4.2,0.0,"good (transfers exact, EO-anchored)"
2025-26,22,694,Mukiele,D,11.66,14.22,18.2,22.2,"good (transfers exact, EO-anchored)"
2025-26,22,714,Woltemade,F,0.03,0.41,0.0,0.6,"good (transfers exact, EO-anchored)"
2025-26,22,749,Mané,F,1.0,2.92,1.6,4.6,"good (transfers exact, EO-anchored)"
2025-26,23,1,Raya,G,59.1,35.34,92.3,55.2,"good (transfers exact, EO-anchored)"
2025-26,23,5,Gabriel,D,55.0,59.13,85.9,92.4,"good (transfers exact, EO-anchored)"
2025-26,23,7,Calafiori,D,0.13,0.0,0.2,0.0,"good (transfers exact, EO-anchored)"
2025-26,23,8,J.Timber,D,20.74,25.74,32.4,40.2,"good (transfers exact, EO-anchored)"
2025-26,23,16,Saka,M,47.0,42.71,73.4,66.7,"good (transfers exact, EO-anchored)"
2025-26,23,21,Rice,M,1.0,13.72,1.6,21.4,"good (transfers exact, EO-anchored)"
2025-26,23,33,M.Bizot,G,0.0,0.52,0.0,0.8,"good (transfers exact, EO-anchored)"
2025-26,23,36,Cash,D,1.0,0.02,1.6,0.0,"good (transfers exact, EO-anchored)"
2025-26,23,38,Konsa,D,0.0,1.09,0.0,1.7,"good (transfers exact, EO-anchored)"
2025-26,23,47,Rogers,M,0.0,26.21,0.0,41.0,"good (transfers exact, EO-anchored)"
2025-26,23,48,Tielemans,M,0.57,0.46,0.9,0.7,"good (transfers exact, EO-anchored)"
2025-26,23,64,Watkins,F,6.95,8.66,10.9,13.5,"good (transfers exact, EO-anchored)"
2025-26,23,67,Petrović,G,3.65,1.68,5.7,2.6,"good (transfers exact, EO-anchored)"
2025-26,23,72,Senesi,D,4.82,3.91,7.5,6.1,"good (transfers exact, EO-anchored)"
2025-26,23,74,Truffert,D,0.0,0.55,0.0,0.9,"good (transfers exact, EO-anchored)"
2025-26,23,82,Semenyo,M,3.0,9.67,4.7,15.1,"good (transfers exact, EO-anchored)"
2025-26,23,83,O.Dango,M,0.09,1.2,0.1,1.9,"good (transfers exact, EO-anchored)"
2025-26,23,84,Tavernier,M,34.56,9.81,54.0,15.3,"good (transfers exact, EO-anchored)"
2025-26,23,97,Evanilson,F,1.0,0.0,1.6,0.0,"good (transfers exact, EO-anchored)"
2025-26,23,100,Kroupi.Jr,F,3.87,2.7,6.0,4.2,"good (transfers exact, EO-anchored)"
2025-26,23,101,Kelleher,G,1.7,2.56,2.7,4.0,"good (transfers exact, EO-anchored)"
2025-26,23,105,Valdimarsson,G,0.0,0.52,0.0,0.8,"good (transfers exact, EO-anchored)"
2025-26,23,106,Collins,D,9.0,3.34,14.1,5.2,"good (transfers exact, EO-anchored)"
2025-26,23,113,Van den Berg,D,0.0,0.29,0.0,0.5,"good (transfers exact, EO-anchored)"
2025-26,23,119,Mbeumo,M,0.06,0.0,0.1,0.0,"good (transfers exact, EO-anchored)"
2025-26,23,120,Schade,M,7.81,1.61,12.2,2.5,"good (transfers exact, EO-anchored)"
2025-26,23,123,Carvalho,M,0.0,0.18,0.0,0.3,"good (transfers exact, EO-anchored)"
2025-26,23,136,Thiago,F,50.78,33.42,79.3,52.2,"good (transfers exact, EO-anchored)"
2025-26,23,139,Verbruggen,G,3.34,12.21,5.2,19.1,"good (transfers exact, EO-anchored)"
2025-26,23,145,De Cuyper,D,0.0,1.46,0.0,2.3,"good (transfers exact, EO-anchored)"
2025-26,23,151,Van Hecke,D,5.82,3.26,9.1,5.1,"good (transfers exact, EO-anchored)"
2025-26,23,157,Mitoma,M,0.0,0.18,0.0,0.3,"good (transfers exact, EO-anchored)"
2025-26,23,158,Georginio,M,1.81,0.55,2.8,0.9,"good (transfers exact, EO-anchored)"
2025-26,23,160,Minteh,M,5.0,1.79,7.8,2.8,"good (transfers exact, EO-anchored)"
2025-26,23,190,Ekdal,D,0.0,0.26,0.0,0.4,"good (transfers exact, EO-anchored)"
2025-26,23,191,Estève,D,2.79,12.17,4.4,19.0,"good (transfers exact, EO-anchored)"
2025-26,23,192,Hartman,D,0.0,0.29,0.0,0.5,"good (transfers exact, EO-anchored)"
2025-26,23,220,Sánchez,G,4.77,15.71,7.5,24.5,"good (transfers exact, EO-anchored)"
2025-26,23,226,Chalobah,D,1.0,2.77,1.6,4.3,"good (transfers exact, EO-anchored)"
2025-26,23,232,Tosin,D,0.0,1.17,0.0,1.8,"good (transfers exact, EO-anchored)"
2025-26,23,235,Palmer,M,6.2,2.29,9.7,3.6,"good (transfers exact, EO-anchored)"
2025-26,23,237,Enzo,M,22.39,27.35,35.0,42.7,"good (transfers exact, EO-anchored)"
2025-26,23,242,Dewsbury-Hall,M,1.0,1.37,1.6,2.1,"good (transfers exact, EO-anchored)"
2025-26,23,249,João Pedro,F,0.65,0.0,1.0,0.0,"good (transfers exact, EO-anchored)"
2025-26,23,252,Marc Guiu,F,33.43,20.75,52.2,32.4,"good (transfers exact, EO-anchored)"
2025-26,23,256,Muñoz,D,0.31,1.27,0.5,2.0,"good (transfers exact, EO-anchored)"
2025-26,23,257,Lacroix,D,18.38,1.42,28.7,2.2,"good (transfers exact, EO-anchored)"
2025-26,23,260,Guéhi,D,0.0,1.47,0.0,2.3,"good (transfers exact, EO-anchored)"
2025-26,23,261,Richards,D,4.26,7.21,6.7,11.3,"good (transfers exact, EO-anchored)"
2025-26,23,267,Sarr,M,0.07,0.0,0.1,0.0,"good (transfers exact, EO-anchored)"
2025-26,23,276,Devenny,M,0.0,1.86,0.0,2.9,"good (transfers exact, EO-anchored)"
2025-26,23,283,Mateta,F,1.48,2.24,2.3,3.5,"good (transfers exact, EO-anchored)"
2025-26,23,287,Pickford,G,0.0,1.01,0.0,1.6,"good (transfers exact, EO-anchored)"
2025-26,23,291,Tarkowski,D,26.7,10.73,41.7,16.8,"good (transfers exact, EO-anchored)"
2025-26,23,295,Keane,D,0.0,11.12,0.0,17.4,"good (transfers exact, EO-anchored)"
2025-26,23,299,Ndiaye,M,8.07,3.24,12.6,5.1,"good (transfers exact, EO-anchored)"
2025-26,23,303,Garner,M,0.0,1.87,0.0,2.9,"good (transfers exact, EO-anchored)"
2025-26,23,317,Andersen,D,45.83,33.72,71.6,52.7,"good (transfers exact, EO-anchored)"
2025-26,23,329,Wilson,M,0.0,19.62,0.0,30.7,"good (transfers exact, EO-anchored)"
2025-26,23,337,Raúl,F,2.0,0.14,3.1,0.2,"good (transfers exact, EO-anchored)"
2025-26,23,338,Muniz,F,0.52,0.0,0.8,0.0,"good (transfers exact, EO-anchored)"
2025-26,23,347,Gudmundsson,D,1.0,3.44,1.6,5.4,"good (transfers exact, EO-anchored)"
2025-26,23,348,Rodon,D,3.34,0.01,5.2,0.0,"good (transfers exact, EO-anchored)"
2025-26,23,366,A.Becker,G,1.0,1.0,1.6,1.6,"good (transfers exact, EO-anchored)"
2025-26,23,367,Mamardashvili,G,0.0,1.03,0.0,1.6,"good (transfers exact, EO-anchored)"
2025-26,23,370,Frimpong,D,0.0,0.06,0.0,0.1,"good (transfers exact, EO-anchored)"
2025-26,23,373,Virgil,D,55.01,21.53,86.0,33.6,"good (transfers exact, EO-anchored)"
2025-26,23,381,M.Salah,M,0.21,2.25,0.3,3.5,"good (transfers exact, EO-anchored)"
2025-26,23,382,Wirtz,M,1.83,6.56,2.9,10.2,"good (transfers exact, EO-anchored)"
2025-26,23,384,Gakpo,M,1.15,0.0,1.8,0.0,"good (transfers exact, EO-anchored)"
2025-26,23,387,Szoboszlai,M,55.82,15.6,87.2,24.4,"good (transfers exact, EO-anchored)"
2025-26,23,389,Elliott,M,0.07,0.0,0.1,0.0,"good (transfers exact, EO-anchored)"
2025-26,23,402,Aït-Nouri,D,0.0,0.69,0.0,1.1,"good (transfers exact, EO-anchored)"
2025-26,23,403,Gvardiol,D,0.0,0.07,0.0,0.1,"good (transfers exact, EO-anchored)"
2025-26,23,411,O'Reilly,D,9.7,19.51,15.2,30.5,"good (transfers exact, EO-anchored)"
2025-26,23,413,Marmoush,M,0.0,0.18,0.0,0.3,"good (transfers exact, EO-anchored)"
2025-26,23,414,Foden,M,21.0,18.37,32.8,28.7,"good (transfers exact, EO-anchored)"
2025-26,23,417,Cherki,M,4.0,8.92,6.2,13.9,"good (transfers exact, EO-anchored)"
2025-26,23,427,Reijnders,M,0.0,1.33,0.0,2.1,"good (transfers exact, EO-anchored)"
2025-26,23,430,Haaland,F,57.0,63.49,89.1,99.2,"good (transfers exact, EO-anchored)"
2025-26,23,440,Dalot,D,0.0,3.63,0.0,5.7,"good (transfers exact, EO-anchored)"
2025-26,23,441,Dorgu,D,5.59,11.98,8.7,18.7,"good (transfers exact, EO-anchored)"
2025-26,23,447,Heaven,D,0.0,0.9,0.0,1.4,"good (transfers exact, EO-anchored)"
2025-26,23,449,B.Fernandes,M,49.11,46.17,76.7,72.1,"good (transfers exact, EO-anchored)"
2025-26,23,450,Cunha,M,0.46,5.5,0.7,8.6,"good (transfers exact, EO-anchored)"
2025-26,23,467,Obi,F,0.67,0.0,1.0,0.0,"good (transfers exact, EO-anchored)"
2025-26,23,469,Pope,G,0.0,1.01,0.0,1.6,"good (transfers exact, EO-anchored)"
2025-26,23,470,Dúbravka,G,53.42,45.68,83.5,71.4,"good (transfers exact, EO-anchored)"
2025-26,23,473,Hall,D,22.0,8.95,34.4,14.0,"good (transfers exact, EO-anchored)"
2025-26,23,485,Gordon,M,9.02,14.68,14.1,22.9,"good (transfers exact, EO-anchored)"
2025-26,23,486,Elanga,M,0.0,0.06,0.0,0.1,"good (transfers exact, EO-anchored)"
2025-26,23,487,Barnes,M,2.87,0.94,4.5,1.5,"good (transfers exact, EO-anchored)"
2025-26,23,488,Bruno G.,M,0.0,1.55,0.0,2.4,"good (transfers exact, EO-anchored)"
2025-26,23,491,Tonali,M,0.07,0.18,0.1,0.3,"good (transfers exact, EO-anchored)"
2025-26,23,497,L.Miley,M,0.0,4.96,0.0,7.8,"good (transfers exact, EO-anchored)"
2025-26,23,502,Sels,G,0.0,7.27,0.0,11.4,"good (transfers exact, EO-anchored)"
2025-26,23,505,Milenković,D,0.05,1.22,0.1,1.9,"good (transfers exact, EO-anchored)"
2025-26,23,506,Murillo,D,1.25,3.79,2.0,5.9,"good (transfers exact, EO-anchored)"
2025-26,23,508,N.Williams,D,0.19,3.2,0.3,5.0,"good (transfers exact, EO-anchored)"
2025-26,23,517,Anderson,M,27.74,13.33,43.3,20.8,"good (transfers exact, EO-anchored)"
2025-26,23,525,Wood,F,0.16,0.18,0.2,0.3,"good (transfers exact, EO-anchored)"
2025-26,23,531,Ballard,D,0.0,1.0,0.0,1.6,"good (transfers exact, EO-anchored)"
2025-26,23,541,Reinildo,D,1.0,0.0,1.6,0.0,"good (transfers exact, EO-anchored)"
2025-26,23,547,E.Le Fée,M,9.0,8.98,14.1,14.0,"good (transfers exact, EO-anchored)"
2025-26,23,565,Vicario,G,1.07,1.54,1.7,2.4,"good (transfers exact, EO-anchored)"
2025-26,23,568,Pedro Porro,D,5.12,7.42,8.0,11.6,"good (transfers exact, EO-anchored)"
2025-26,23,569,Romero,D,0.2,0.0,0.3,0.0,"good (transfers exact, EO-anchored)"
2025-26,23,575,Van de Ven,D,0.05,3.67,0.1,5.7,"good (transfers exact, EO-anchored)"
2025-26,23,580,Johnson,M,0.0,0.15,0.0,0.2,"good (transfers exact, EO-anchored)"
2025-26,23,582,Kudus,M,0.0,0.48,0.0,0.8,"good (transfers exact, EO-anchored)"
2025-26,23,593,P.M.Sarr,M,0.0,0.18,0.0,0.3,"good (transfers exact, EO-anchored)"
2025-26,23,597,Richarlison,F,0.1,0.12,0.2,0.2,"good (transfers exact, EO-anchored)"
2025-26,23,603,Diouf,D,0.0,1.4,0.0,2.2,"good (transfers exact, EO-anchored)"
2025-26,23,623,Potts,M,0.0,3.78,0.0,5.9,"good (transfers exact, EO-anchored)"
2025-26,23,624,Bowen,F,1.0,9.77,1.6,15.3,"good (transfers exact, EO-anchored)"
2025-26,23,625,Füllkrug,F,0.0,0.57,0.0,0.9,"good (transfers exact, EO-anchored)"
2025-26,23,626,Marshall,F,1.0,0.77,1.6,1.2,"good (transfers exact, EO-anchored)"
2025-26,23,631,Agbadou,D,0.39,0.76,0.6,1.2,"good (transfers exact, EO-anchored)"
2025-26,23,652,Gonzalez,M,0.0,0.18,0.0,0.3,"good (transfers exact, EO-anchored)"
2025-26,23,654,Strand Larsen,F,3.64,2.68,5.7,4.2,"good (transfers exact, EO-anchored)"
2025-26,23,660,Stach,M,4.0,0.94,6.2,1.5,"good (transfers exact, EO-anchored)"
2025-26,23,661,Ekitiké,F,19.0,43.49,29.7,68.0,"good (transfers exact, EO-anchored)"
2025-26,23,665,Perri,G,0.13,0.0,0.2,0.0,"good (transfers exact, EO-anchored)"
2025-26,23,670,Roefs,G,0.0,1.99,0.0,3.1,"good (transfers exact, EO-anchored)"
2025-26,23,683,Alderete,D,4.82,15.49,7.5,24.2,"good (transfers exact, EO-anchored)"
2025-26,23,684,Thiaw,D,1.77,12.54,2.8,19.6,"good (transfers exact, EO-anchored)"
2025-26,23,691,Calvert-Lewin,F,2.7,0.0,4.2,0.0,"good (transfers exact, EO-anchored)"
2025-26,23,694,Mukiele,D,12.66,16.28,19.8,25.4,"good (transfers exact, EO-anchored)"
2025-26,23,714,Woltemade,F,0.03,0.4,0.0,0.6,"good (transfers exact, EO-anchored)"
2025-26,23,749,Mané,F,1.0,2.81,1.6,4.4,"good (transfers exact, EO-anchored)"
2025-26,24,1,Raya,G,59.1,34.23,92.3,53.5,"good (transfers exact, EO-anchored)"
2025-26,24,5,Gabriel,D,55.0,58.98,85.9,92.2,"good (transfers exact, EO-anchored)"
2025-26,24,7,Calafiori,D,0.13,0.0,0.2,0.0,"good (transfers exact, EO-anchored)"
2025-26,24,8,J.Timber,D,22.74,27.82,35.5,43.5,"good (transfers exact, EO-anchored)"
2025-26,24,16,Saka,M,47.0,37.7,73.4,58.9,"good (transfers exact, EO-anchored)"
2025-26,24,21,Rice,M,2.0,20.82,3.1,32.5,"good (transfers exact, EO-anchored)"
2025-26,24,32,Martinez,G,0.0,0.78,0.0,1.2,"good (transfers exact, EO-anchored)"
2025-26,24,33,M.Bizot,G,0.0,0.48,0.0,0.8,"good (transfers exact, EO-anchored)"
2025-26,24,36,Cash,D,0.0,0.62,0.0,1.0,"good (transfers exact, EO-anchored)"
2025-26,24,38,Konsa,D,0.0,1.22,0.0,1.9,"good (transfers exact, EO-anchored)"
2025-26,24,47,Rogers,M,0.0,27.66,0.0,43.2,"good (transfers exact, EO-anchored)"
2025-26,24,48,Tielemans,M,0.57,0.23,0.9,0.4,"good (transfers exact, EO-anchored)"
2025-26,24,64,Watkins,F,2.95,5.34,4.6,8.3,"good (transfers exact, EO-anchored)"
2025-26,24,67,Petrović,G,3.65,1.66,5.7,2.6,"good (transfers exact, EO-anchored)"
2025-26,24,72,Senesi,D,6.82,8.74,10.7,13.7,"good (transfers exact, EO-anchored)"
2025-26,24,74,Truffert,D,0.0,0.31,0.0,0.5,"good (transfers exact, EO-anchored)"
2025-26,24,77,Hill,D,0.0,2.5,0.0,3.9,"good (transfers exact, EO-anchored)"
2025-26,24,82,Semenyo,M,2.0,10.24,3.1,16.0,"good (transfers exact, EO-anchored)"
2025-26,24,83,O.Dango,M,0.09,0.99,0.1,1.5,"good (transfers exact, EO-anchored)"
2025-26,24,84,Tavernier,M,23.56,5.58,36.8,8.7,"good (transfers exact, EO-anchored)"
2025-26,24,97,Evanilson,F,3.0,5.0,4.7,7.8,"good (transfers exact, EO-anchored)"
2025-26,24,100,Kroupi.Jr,F,4.87,6.42,7.6,10.0,"good (transfers exact, EO-anchored)"
2025-26,24,101,Kelleher,G,1.7,2.49,2.7,3.9,"good (transfers exact, EO-anchored)"
2025-26,24,105,Valdimarsson,G,0.0,0.48,0.0,0.8,"good (transfers exact, EO-anchored)"
2025-26,24,106,Collins,D,9.0,2.94,14.1,4.6,"good (transfers exact, EO-anchored)"
2025-26,24,113,Van den Berg,D,0.0,1.0,0.0,1.6,"good (transfers exact, EO-anchored)"
2025-26,24,119,Mbeumo,M,17.06,12.74,26.7,19.9,"good (transfers exact, EO-anchored)"
2025-26,24,120,Schade,M,5.81,1.0,9.1,1.6,"good (transfers exact, EO-anchored)"
2025-26,24,123,Carvalho,M,0.0,0.09,0.0,0.1,"good (transfers exact, EO-anchored)"
2025-26,24,136,Thiago,F,51.78,32.02,80.9,50.0,"good (transfers exact, EO-anchored)"
2025-26,24,139,Verbruggen,G,3.34,12.17,5.2,19.0,"good (transfers exact, EO-anchored)"
2025-26,24,145,De Cuyper,D,0.0,0.83,0.0,1.3,"good (transfers exact, EO-anchored)"
2025-26,24,151,Van Hecke,D,5.82,3.34,9.1,5.2,"good (transfers exact, EO-anchored)"
2025-26,24,157,Mitoma,M,0.0,0.09,0.0,0.1,"good (transfers exact, EO-anchored)"
2025-26,24,158,Georginio,M,0.81,0.27,1.3,0.4,"good (transfers exact, EO-anchored)"
2025-26,24,160,Minteh,M,1.0,0.35,1.6,0.5,"good (transfers exact, EO-anchored)"
2025-26,24,190,Ekdal,D,0.0,0.15,0.0,0.2,"good (transfers exact, EO-anchored)"
2025-26,24,191,Estève,D,2.79,6.9,4.4,10.8,"good (transfers exact, EO-anchored)"
2025-26,24,192,Hartman,D,0.0,0.17,0.0,0.3,"good (transfers exact, EO-anchored)"
2025-26,24,220,Sánchez,G,4.77,15.94,7.5,24.9,"good (transfers exact, EO-anchored)"
2025-26,24,226,Chalobah,D,1.0,11.0,1.6,17.2,"good (transfers exact, EO-anchored)"
2025-26,24,232,Tosin,D,0.0,0.66,0.0,1.0,"good (transfers exact, EO-anchored)"
2025-26,24,235,Palmer,M,6.2,5.58,9.7,8.7,"good (transfers exact, EO-anchored)"
2025-26,24,237,Enzo,M,34.39,45.78,53.7,71.5,"good (transfers exact, EO-anchored)"
2025-26,24,242,Dewsbury-Hall,M,1.0,0.66,1.6,1.0,"good (transfers exact, EO-anchored)"
2025-26,24,249,João Pedro,F,0.65,3.74,1.0,5.8,"good (transfers exact, EO-anchored)"
2025-26,24,252,Marc Guiu,F,33.43,18.52,52.2,28.9,"good (transfers exact, EO-anchored)"
2025-26,24,256,Muñoz,D,0.31,0.87,0.5,1.4,"good (transfers exact, EO-anchored)"
2025-26,24,257,Lacroix,D,18.38,2.0,28.7,3.1,"good (transfers exact, EO-anchored)"
2025-26,24,260,Guéhi,D,0.0,3.0,0.0,4.7,"good (transfers exact, EO-anchored)"
2025-26,24,261,Richards,D,4.26,10.3,6.7,16.1,"good (transfers exact, EO-anchored)"
2025-26,24,267,Sarr,M,0.07,0.0,0.1,0.0,"good (transfers exact, EO-anchored)"
2025-26,24,276,Devenny,M,0.0,1.0,0.0,1.6,"good (transfers exact, EO-anchored)"
2025-26,24,283,Mateta,F,1.48,0.66,2.3,1.0,"good (transfers exact, EO-anchored)"
2025-26,24,287,Pickford,G,0.0,1.42,0.0,2.2,"good (transfers exact, EO-anchored)"
2025-26,24,291,Tarkowski,D,26.7,11.62,41.7,18.2,"good (transfers exact, EO-anchored)"
2025-26,24,295,Keane,D,0.0,7.69,0.0,12.0,"good (transfers exact, EO-anchored)"
2025-26,24,299,Ndiaye,M,12.07,2.7,18.9,4.2,"good (transfers exact, EO-anchored)"
2025-26,24,303,Garner,M,0.0,0.91,0.0,1.4,"good (transfers exact, EO-anchored)"
2025-26,24,317,Andersen,D,46.83,33.16,73.2,51.8,"good (transfers exact, EO-anchored)"
2025-26,24,329,Wilson,M,0.0,18.78,0.0,29.3,"good (transfers exact, EO-anchored)"
2025-26,24,337,Raúl,F,2.0,0.08,3.1,0.1,"good (transfers exact, EO-anchored)"
2025-26,24,338,Muniz,F,0.52,0.0,0.8,0.0,"good (transfers exact, EO-anchored)"
2025-26,24,347,Gudmundsson,D,1.0,2.39,1.6,3.7,"good (transfers exact, EO-anchored)"
2025-26,24,348,Rodon,D,3.34,6.82,5.2,10.7,"good (transfers exact, EO-anchored)"
2025-26,24,366,A.Becker,G,1.0,0.92,1.6,1.4,"good (transfers exact, EO-anchored)"
2025-26,24,367,Mamardashvili,G,0.0,0.94,0.0,1.5,"good (transfers exact, EO-anchored)"
2025-26,24,373,Virgil,D,55.01,17.87,86.0,27.9,"good (transfers exact, EO-anchored)"
2025-26,24,381,M.Salah,M,0.21,1.09,0.3,1.7,"good (transfers exact, EO-anchored)"
2025-26,24,382,Wirtz,M,1.83,4.21,2.9,6.6,"good (transfers exact, EO-anchored)"
2025-26,24,384,Gakpo,M,0.15,0.0,0.2,0.0,"good (transfers exact, EO-anchored)"
2025-26,24,387,Szoboszlai,M,47.82,11.09,74.7,17.3,"good (transfers exact, EO-anchored)"
2025-26,24,389,Elliott,M,0.07,0.0,0.1,0.0,"good (transfers exact, EO-anchored)"
2025-26,24,402,Aït-Nouri,D,0.0,0.39,0.0,0.6,"good (transfers exact, EO-anchored)"
2025-26,24,407,Matheus N.,D,0.0,1.0,0.0,1.6,"good (transfers exact, EO-anchored)"
2025-26,24,411,O'Reilly,D,6.7,14.66,10.5,22.9,"good (transfers exact, EO-anchored)"
2025-26,24,413,Marmoush,M,0.0,0.09,0.0,0.1,"good (transfers exact, EO-anchored)"
2025-26,24,414,Foden,M,2.0,2.7,3.1,4.2,"good (transfers exact, EO-anchored)"
2025-26,24,417,Cherki,M,1.0,1.22,1.6,1.9,"good (transfers exact, EO-anchored)"
2025-26,24,427,Reijnders,M,0.0,0.64,0.0,1.0,"good (transfers exact, EO-anchored)"
2025-26,24,430,Haaland,F,59.0,63.2,92.2,98.8,"good (transfers exact, EO-anchored)"
2025-26,24,440,Dalot,D,0.0,2.49,0.0,3.9,"good (transfers exact, EO-anchored)"
2025-26,24,441,Dorgu,D,5.59,9.05,8.7,14.1,"good (transfers exact, EO-anchored)"
2025-26,24,442,Maguire,D,1.0,0.6,1.6,0.9,"good (transfers exact, EO-anchored)"
2025-26,24,447,Heaven,D,0.0,1.0,0.0,1.6,"good (transfers exact, EO-anchored)"
2025-26,24,449,B.Fernandes,M,64.0,63.5,100.0,99.2,"good (transfers exact, EO-anchored)"
2025-26,24,450,Cunha,M,0.46,2.66,0.7,4.2,"good (transfers exact, EO-anchored)"
2025-26,24,452,Amad,M,1.0,0.0,1.6,0.0,"good (transfers exact, EO-anchored)"
2025-26,24,467,Obi,F,0.67,1.0,1.0,1.6,"good (transfers exact, EO-anchored)"
2025-26,24,469,Pope,G,0.0,0.93,0.0,1.5,"good (transfers exact, EO-anchored)"
2025-26,24,470,Dúbravka,G,53.42,44.77,83.5,70.0,"good (transfers exact, EO-anchored)"
2025-26,24,473,Hall,D,15.0,7.85,23.4,12.3,"good (transfers exact, EO-anchored)"
2025-26,24,485,Gordon,M,2.02,5.04,3.2,7.9,"good (transfers exact, EO-anchored)"
2025-26,24,487,Barnes,M,2.87,2.0,4.5,3.1,"good (transfers exact, EO-anchored)"
2025-26,24,488,Bruno G.,M,0.0,1.0,0.0,1.6,"good (transfers exact, EO-anchored)"
2025-26,24,491,Tonali,M,0.07,0.09,0.1,0.1,"good (transfers exact, EO-anchored)"
2025-26,24,497,L.Miley,M,0.0,4.0,0.0,6.2,"good (transfers exact, EO-anchored)"
2025-26,24,502,Sels,G,0.0,6.76,0.0,10.6,"good (transfers exact, EO-anchored)"
2025-26,24,505,Milenković,D,0.05,0.69,0.1,1.1,"good (transfers exact, EO-anchored)"
2025-26,24,506,Murillo,D,1.25,2.15,2.0,3.4,"good (transfers exact, EO-anchored)"
2025-26,24,508,N.Williams,D,0.19,1.81,0.3,2.8,"good (transfers exact, EO-anchored)"
2025-26,24,517,Anderson,M,34.74,15.96,54.3,24.9,"good (transfers exact, EO-anchored)"
2025-26,24,525,Wood,F,0.16,0.1,0.2,0.2,"good (transfers exact, EO-anchored)"
2025-26,24,531,Ballard,D,0.0,1.0,0.0,1.6,"good (transfers exact, EO-anchored)"
2025-26,24,541,Reinildo,D,2.0,0.0,3.1,0.0,"good (transfers exact, EO-anchored)"
2025-26,24,547,E.Le Fée,M,10.0,8.71,15.6,13.6,"good (transfers exact, EO-anchored)"
2025-26,24,565,Vicario,G,1.07,1.47,1.7,2.3,"good (transfers exact, EO-anchored)"
2025-26,24,568,Pedro Porro,D,3.12,4.21,4.9,6.6,"good (transfers exact, EO-anchored)"
2025-26,24,569,Romero,D,0.2,0.0,0.3,0.0,"good (transfers exact, EO-anchored)"
2025-26,24,575,Van de Ven,D,0.05,2.95,0.1,4.6,"good (transfers exact, EO-anchored)"
2025-26,24,580,Johnson,M,0.0,0.07,0.0,0.1,"good (transfers exact, EO-anchored)"
2025-26,24,582,Kudus,M,0.0,0.23,0.0,0.4,"good (transfers exact, EO-anchored)"
2025-26,24,593,P.M.Sarr,M,0.0,0.09,0.0,0.1,"good (transfers exact, EO-anchored)"
2025-26,24,597,Richarlison,F,0.1,0.07,0.2,0.1,"good (transfers exact, EO-anchored)"
2025-26,24,603,Diouf,D,0.0,0.79,0.0,1.2,"good (transfers exact, EO-anchored)"
2025-26,24,623,Potts,M,0.0,3.38,0.0,5.3,"good (transfers exact, EO-anchored)"
2025-26,24,624,Bowen,F,2.0,8.32,3.1,13.0,"good (transfers exact, EO-anchored)"
2025-26,24,625,Füllkrug,F,0.0,0.32,0.0,0.5,"good (transfers exact, EO-anchored)"
2025-26,24,626,Marshall,F,1.0,2.0,1.6,3.1,"good (transfers exact, EO-anchored)"
2025-26,24,628,José Sá,G,0.0,1.7,0.0,2.7,"good (transfers exact, EO-anchored)"
2025-26,24,631,Agbadou,D,0.39,0.43,0.6,0.7,"good (transfers exact, EO-anchored)"
2025-26,24,652,Gonzalez,M,0.0,0.09,0.0,0.1,"good (transfers exact, EO-anchored)"
2025-26,24,654,Strand Larsen,F,3.64,1.52,5.7,2.4,"good (transfers exact, EO-anchored)"
2025-26,24,660,Stach,M,3.0,1.0,4.7,1.6,"good (transfers exact, EO-anchored)"
2025-26,24,661,Ekitiké,F,16.0,36.78,25.0,57.5,"good (transfers exact, EO-anchored)"
2025-26,24,665,Perri,G,0.13,0.0,0.2,0.0,"good (transfers exact, EO-anchored)"
2025-26,24,670,Roefs,G,0.0,1.95,0.0,3.0,"good (transfers exact, EO-anchored)"
2025-26,24,683,Alderete,D,7.82,17.42,12.2,27.2,"good (transfers exact, EO-anchored)"
2025-26,24,684,Thiaw,D,1.77,7.89,2.8,12.3,"good (transfers exact, EO-anchored)"
2025-26,24,691,Calvert-Lewin,F,2.7,0.0,4.2,0.0,"good (transfers exact, EO-anchored)"
2025-26,24,694,Mukiele,D,15.66,20.62,24.5,32.2,"good (transfers exact, EO-anchored)"
2025-26,24,714,Woltemade,F,0.03,0.23,0.0,0.4,"good (transfers exact, EO-anchored)"
2025-26,24,749,Mané,F,1.0,5.82,1.6,9.1,"good (transfers exact, EO-anchored)"
2025-26,25,1,Raya,G,60.1,35.23,93.9,55.0,"good (transfers exact, EO-anchored)"
2025-26,25,5,Gabriel,D,62.0,62.98,96.9,98.4,"good (transfers exact, EO-anchored)"
2025-26,25,7,Calafiori,D,0.13,0.0,0.2,0.0,"good (transfers exact, EO-anchored)"
2025-26,25,8,J.Timber,D,31.74,34.82,49.6,54.4,"good (transfers exact, EO-anchored)"
2025-26,25,16,Saka,M,1.0,1.7,1.6,2.7,"good (transfers exact, EO-anchored)"
2025-26,25,21,Rice,M,36.0,49.82,56.2,77.8,"good (transfers exact, EO-anchored)"
2025-26,25,32,Martinez,G,0.0,0.78,0.0,1.2,"good (transfers exact, EO-anchored)"
2025-26,25,33,M.Bizot,G,0.0,0.48,0.0,0.8,"good (transfers exact, EO-anchored)"
2025-26,25,36,Cash,D,0.0,0.62,0.0,1.0,"good (transfers exact, EO-anchored)"
2025-26,25,38,Konsa,D,0.0,1.22,0.0,1.9,"good (transfers exact, EO-anchored)"
2025-26,25,47,Rogers,M,0.0,26.66,0.0,41.7,"good (transfers exact, EO-anchored)"
2025-26,25,48,Tielemans,M,0.57,0.23,0.9,0.4,"good (transfers exact, EO-anchored)"
2025-26,25,64,Watkins,F,2.95,5.34,4.6,8.3,"good (transfers exact, EO-anchored)"
2025-26,25,67,Petrović,G,3.65,1.66,5.7,2.6,"good (transfers exact, EO-anchored)"
2025-26,25,72,Senesi,D,6.82,9.74,10.7,15.2,"good (transfers exact, EO-anchored)"
2025-26,25,74,Truffert,D,0.0,0.31,0.0,0.5,"good (transfers exact, EO-anchored)"
2025-26,25,77,Hill,D,0.0,3.5,0.0,5.5,"good (transfers exact, EO-anchored)"
2025-26,25,82,Semenyo,M,2.0,10.24,3.1,16.0,"good (transfers exact, EO-anchored)"
2025-26,25,83,O.Dango,M,2.09,0.99,3.3,1.5,"good (transfers exact, EO-anchored)"
2025-26,25,84,Tavernier,M,22.56,5.58,35.2,8.7,"good (transfers exact, EO-anchored)"
2025-26,25,97,Evanilson,F,3.0,5.0,4.7,7.8,"good (transfers exact, EO-anchored)"
2025-26,25,100,Kroupi.Jr,F,4.87,6.42,7.6,10.0,"good (transfers exact, EO-anchored)"
2025-26,25,101,Kelleher,G,1.7,2.49,2.7,3.9,"good (transfers exact, EO-anchored)"
2025-26,25,105,Valdimarsson,G,0.0,0.48,0.0,0.8,"good (transfers exact, EO-anchored)"
2025-26,25,106,Collins,D,7.0,1.94,10.9,3.0,"good (transfers exact, EO-anchored)"
2025-26,25,119,Mbeumo,M,24.06,26.74,37.6,41.8,"good (transfers exact, EO-anchored)"
2025-26,25,120,Schade,M,3.81,0.0,6.0,0.0,"good (transfers exact, EO-anchored)"
2025-26,25,123,Carvalho,M,0.0,0.09,0.0,0.1,"good (transfers exact, EO-anchored)"
2025-26,25,136,Thiago,F,51.78,33.02,80.9,51.6,"good (transfers exact, EO-anchored)"
2025-26,25,139,Verbruggen,G,3.34,11.17,5.2,17.5,"good (transfers exact, EO-anchored)"
2025-26,25,145,De Cuyper,D,0.0,0.83,0.0,1.3,"good (transfers exact, EO-anchored)"
2025-26,25,151,Van Hecke,D,4.82,2.34,7.5,3.7,"good (transfers exact, EO-anchored)"
2025-26,25,157,Mitoma,M,0.0,0.09,0.0,0.1,"good (transfers exact, EO-anchored)"
2025-26,25,158,Georginio,M,0.81,0.27,1.3,0.4,"good (transfers exact, EO-anchored)"
2025-26,25,160,Minteh,M,0.0,0.35,0.0,0.5,"good (transfers exact, EO-anchored)"
2025-26,25,190,Ekdal,D,0.0,0.15,0.0,0.2,"good (transfers exact, EO-anchored)"
2025-26,25,191,Estève,D,2.79,6.9,4.4,10.8,"good (transfers exact, EO-anchored)"
2025-26,25,192,Hartman,D,0.0,0.17,0.0,0.3,"good (transfers exact, EO-anchored)"
2025-26,25,220,Sánchez,G,4.77,15.94,7.5,24.9,"good (transfers exact, EO-anchored)"
2025-26,25,226,Chalobah,D,2.0,12.0,3.1,18.8,"good (transfers exact, EO-anchored)"
2025-26,25,232,Tosin,D,0.0,0.66,0.0,1.0,"good (transfers exact, EO-anchored)"
2025-26,25,235,Palmer,M,12.2,5.58,19.1,8.7,"good (transfers exact, EO-anchored)"
2025-26,25,237,Enzo,M,36.39,48.78,56.9,76.2,"good (transfers exact, EO-anchored)"
2025-26,25,242,Dewsbury-Hall,M,1.0,0.66,1.6,1.0,"good (transfers exact, EO-anchored)"
2025-26,25,249,João Pedro,F,0.65,4.74,1.0,7.4,"good (transfers exact, EO-anchored)"
2025-26,25,252,Marc Guiu,F,31.43,16.52,49.1,25.8,"good (transfers exact, EO-anchored)"
2025-26,25,256,Muñoz,D,0.31,0.87,0.5,1.4,"good (transfers exact, EO-anchored)"
2025-26,25,257,Lacroix,D,17.38,2.0,27.2,3.1,"good (transfers exact, EO-anchored)"
2025-26,25,260,Guéhi,D,0.0,3.0,0.0,4.7,"good (transfers exact, EO-anchored)"
2025-26,25,261,Richards,D,4.26,10.3,6.7,16.1,"good (transfers exact, EO-anchored)"
2025-26,25,267,Sarr,M,6.07,3.0,9.5,4.7,"good (transfers exact, EO-anchored)"
2025-26,25,276,Devenny,M,0.0,1.0,0.0,1.6,"good (transfers exact, EO-anchored)"
2025-26,25,283,Mateta,F,1.48,0.66,2.3,1.0,"good (transfers exact, EO-anchored)"
2025-26,25,287,Pickford,G,0.0,1.42,0.0,2.2,"good (transfers exact, EO-anchored)"
2025-26,25,291,Tarkowski,D,25.7,11.62,40.2,18.2,"good (transfers exact, EO-anchored)"
2025-26,25,295,Keane,D,0.0,6.69,0.0,10.5,"good (transfers exact, EO-anchored)"
2025-26,25,299,Ndiaye,M,14.07,2.7,22.0,4.2,"good (transfers exact, EO-anchored)"
2025-26,25,303,Garner,M,0.0,0.91,0.0,1.4,"good (transfers exact, EO-anchored)"
2025-26,25,317,Andersen,D,49.83,34.16,77.9,53.4,"good (transfers exact, EO-anchored)"
2025-26,25,329,Wilson,M,0.0,18.78,0.0,29.3,"good (transfers exact, EO-anchored)"
2025-26,25,337,Raúl,F,2.0,0.08,3.1,0.1,"good (transfers exact, EO-anchored)"
2025-26,25,338,Muniz,F,0.52,0.0,0.8,0.0,"good (transfers exact, EO-anchored)"
2025-26,25,347,Gudmundsson,D,2.0,2.39,3.1,3.7,"good (transfers exact, EO-anchored)"
2025-26,25,348,Rodon,D,3.34,6.82,5.2,10.7,"good (transfers exact, EO-anchored)"
2025-26,25,366,A.Becker,G,0.0,0.92,0.0,1.4,"good (transfers exact, EO-anchored)"
2025-26,25,367,Mamardashvili,G,0.0,0.94,0.0,1.5,"good (transfers exact, EO-anchored)"
2025-26,25,373,Virgil,D,53.01,16.87,82.8,26.4,"good (transfers exact, EO-anchored)"
2025-26,25,381,M.Salah,M,0.21,1.09,0.3,1.7,"good (transfers exact, EO-anchored)"
2025-26,25,382,Wirtz,M,2.83,4.21,4.4,6.6,"good (transfers exact, EO-anchored)"
2025-26,25,384,Gakpo,M,0.15,0.0,0.2,0.0,"good (transfers exact, EO-anchored)"
2025-26,25,387,Szoboszlai,M,40.82,9.09,63.8,14.2,"good (transfers exact, EO-anchored)"
2025-26,25,389,Elliott,M,0.07,0.0,0.1,0.0,"good (transfers exact, EO-anchored)"
2025-26,25,402,Aït-Nouri,D,0.0,0.39,0.0,0.6,"good (transfers exact, EO-anchored)"
2025-26,25,407,Matheus N.,D,0.0,1.0,0.0,1.6,"good (transfers exact, EO-anchored)"
2025-26,25,411,O'Reilly,D,3.7,10.66,5.8,16.7,"good (transfers exact, EO-anchored)"
2025-26,25,413,Marmoush,M,0.0,0.09,0.0,0.1,"good (transfers exact, EO-anchored)"
2025-26,25,414,Foden,M,0.0,1.7,0.0,2.7,"good (transfers exact, EO-anchored)"
2025-26,25,417,Cherki,M,1.0,1.22,1.6,1.9,"good (transfers exact, EO-anchored)"
2025-26,25,427,Reijnders,M,0.0,0.64,0.0,1.0,"good (transfers exact, EO-anchored)"
2025-26,25,430,Haaland,F,59.0,63.2,92.2,98.8,"good (transfers exact, EO-anchored)"
2025-26,25,440,Dalot,D,0.0,2.49,0.0,3.9,"good (transfers exact, EO-anchored)"
2025-26,25,441,Dorgu,D,2.59,7.05,4.0,11.0,"good (transfers exact, EO-anchored)"
2025-26,25,442,Maguire,D,1.0,0.6,1.6,0.9,"good (transfers exact, EO-anchored)"
2025-26,25,447,Heaven,D,0.0,1.0,0.0,1.6,"good (transfers exact, EO-anchored)"
2025-26,25,449,B.Fernandes,M,64.0,63.5,100.0,99.2,"good (transfers exact, EO-anchored)"
2025-26,25,450,Cunha,M,0.46,2.66,0.7,4.2,"good (transfers exact, EO-anchored)"
2025-26,25,452,Amad,M,2.0,0.0,3.1,0.0,"good (transfers exact, EO-anchored)"
2025-26,25,467,Obi,F,0.67,1.0,1.0,1.6,"good (transfers exact, EO-anchored)"
2025-26,25,469,Pope,G,0.0,0.93,0.0,1.5,"good (transfers exact, EO-anchored)"
2025-26,25,470,Dúbravka,G,53.42,44.77,83.5,70.0,"good (transfers exact, EO-anchored)"
2025-26,25,473,Hall,D,13.0,7.85,20.3,12.3,"good (transfers exact, EO-anchored)"
2025-26,25,485,Gordon,M,0.02,1.04,0.0,1.6,"good (transfers exact, EO-anchored)"
2025-26,25,487,Barnes,M,2.87,2.0,4.5,3.1,"good (transfers exact, EO-anchored)"
2025-26,25,488,Bruno G.,M,0.0,1.0,0.0,1.6,"good (transfers exact, EO-anchored)"
2025-26,25,491,Tonali,M,0.07,0.09,0.1,0.1,"good (transfers exact, EO-anchored)"
2025-26,25,497,L.Miley,M,0.0,3.0,0.0,4.7,"good (transfers exact, EO-anchored)"
2025-26,25,502,Sels,G,0.0,6.76,0.0,10.6,"good (transfers exact, EO-anchored)"
2025-26,25,505,Milenković,D,0.05,0.69,0.1,1.1,"good (transfers exact, EO-anchored)"
2025-26,25,506,Murillo,D,1.25,2.15,2.0,3.4,"good (transfers exact, EO-anchored)"
2025-26,25,508,N.Williams,D,0.19,1.81,0.3,2.8,"good (transfers exact, EO-anchored)"
2025-26,25,517,Anderson,M,35.74,16.96,55.8,26.5,"good (transfers exact, EO-anchored)"
2025-26,25,525,Wood,F,0.16,0.1,0.2,0.2,"good (transfers exact, EO-anchored)"
2025-26,25,531,Ballard,D,0.0,1.0,0.0,1.6,"good (transfers exact, EO-anchored)"
2025-26,25,541,Reinildo,D,1.0,0.0,1.6,0.0,"good (transfers exact, EO-anchored)"
2025-26,25,547,E.Le Fée,M,10.0,5.71,15.6,8.9,"good (transfers exact, EO-anchored)"
2025-26,25,565,Vicario,G,1.07,1.47,1.7,2.3,"good (transfers exact, EO-anchored)"
2025-26,25,568,Pedro Porro,D,3.12,4.21,4.9,6.6,"good (transfers exact, EO-anchored)"
2025-26,25,569,Romero,D,0.2,0.0,0.3,0.0,"good (transfers exact, EO-anchored)"
2025-26,25,575,Van de Ven,D,0.05,1.95,0.1,3.0,"good (transfers exact, EO-anchored)"
2025-26,25,580,Johnson,M,0.0,0.07,0.0,0.1,"good (transfers exact, EO-anchored)"
2025-26,25,582,Kudus,M,0.0,0.23,0.0,0.4,"good (transfers exact, EO-anchored)"
2025-26,25,593,P.M.Sarr,M,0.0,0.09,0.0,0.1,"good (transfers exact, EO-anchored)"
2025-26,25,597,Richarlison,F,0.1,0.07,0.2,0.1,"good (transfers exact, EO-anchored)"
2025-26,25,603,Diouf,D,0.0,0.79,0.0,1.2,"good (transfers exact, EO-anchored)"
2025-26,25,623,Potts,M,0.0,3.38,0.0,5.3,"good (transfers exact, EO-anchored)"
2025-26,25,624,Bowen,F,3.0,8.32,4.7,13.0,"good (transfers exact, EO-anchored)"
2025-26,25,625,Füllkrug,F,0.0,0.32,0.0,0.5,"good (transfers exact, EO-anchored)"
2025-26,25,626,Marshall,F,1.0,2.0,1.6,3.1,"good (transfers exact, EO-anchored)"
2025-26,25,628,José Sá,G,0.0,1.7,0.0,2.7,"good (transfers exact, EO-anchored)"
2025-26,25,631,Agbadou,D,0.39,0.43,0.6,0.7,"good (transfers exact, EO-anchored)"
2025-26,25,652,Gonzalez,M,0.0,0.09,0.0,0.1,"good (transfers exact, EO-anchored)"
2025-26,25,654,Strand Larsen,F,3.64,1.52,5.7,2.4,"good (transfers exact, EO-anchored)"
2025-26,25,660,Stach,M,2.0,0.0,3.1,0.0,"good (transfers exact, EO-anchored)"
2025-26,25,661,Ekitiké,F,16.0,36.78,25.0,57.5,"good (transfers exact, EO-anchored)"
2025-26,25,665,Perri,G,0.13,0.0,0.2,0.0,"good (transfers exact, EO-anchored)"
2025-26,25,670,Roefs,G,0.0,1.95,0.0,3.0,"good (transfers exact, EO-anchored)"
2025-26,25,683,Alderete,D,5.82,16.42,9.1,25.7,"good (transfers exact, EO-anchored)"
2025-26,25,684,Thiaw,D,1.77,6.89,2.8,10.8,"good (transfers exact, EO-anchored)"
2025-26,25,691,Calvert-Lewin,F,3.7,0.0,5.8,0.0,"good (transfers exact, EO-anchored)"
2025-26,25,694,Mukiele,D,12.66,19.62,19.8,30.7,"good (transfers exact, EO-anchored)"
2025-26,25,714,Woltemade,F,0.03,0.23,0.0,0.4,"good (transfers exact, EO-anchored)"
2025-26,25,749,Mané,F,1.0,5.82,1.6,9.1,"good (transfers exact, EO-anchored)"
2025-26,26,1,Raya,G,60.1,36.23,93.9,56.6,"good (transfers exact, EO-anchored)"
2025-26,26,5,Gabriel,D,63.0,63.98,98.4,100.0,"good (transfers exact, EO-anchored)"
2025-26,26,7,Calafiori,D,0.13,0.0,0.2,0.0,"good (transfers exact, EO-anchored)"
2025-26,26,8,J.Timber,D,31.74,36.82,49.6,57.5,"good (transfers exact, EO-anchored)"
2025-26,26,16,Saka,M,0.0,1.7,0.0,2.7,"good (transfers exact, EO-anchored)"
2025-26,26,19,Martinelli,M,0.0,1.0,0.0,1.6,"good (transfers exact, EO-anchored)"
2025-26,26,21,Rice,M,37.0,52.82,57.8,82.5,"good (transfers exact, EO-anchored)"
2025-26,26,32,Martinez,G,0.0,0.78,0.0,1.2,"good (transfers exact, EO-anchored)"
2025-26,26,33,M.Bizot,G,0.0,0.48,0.0,0.8,"good (transfers exact, EO-anchored)"
2025-26,26,36,Cash,D,0.0,0.62,0.0,1.0,"good (transfers exact, EO-anchored)"
2025-26,26,38,Konsa,D,0.0,1.22,0.0,1.9,"good (transfers exact, EO-anchored)"
2025-26,26,47,Rogers,M,0.0,26.66,0.0,41.7,"good (transfers exact, EO-anchored)"
2025-26,26,48,Tielemans,M,0.57,0.23,0.9,0.4,"good (transfers exact, EO-anchored)"
2025-26,26,64,Watkins,F,2.95,5.34,4.6,8.3,"good (transfers exact, EO-anchored)"
2025-26,26,67,Petrović,G,2.65,1.66,4.1,2.6,"good (transfers exact, EO-anchored)"
2025-26,26,72,Senesi,D,7.82,9.74,12.2,15.2,"good (transfers exact, EO-anchored)"
2025-26,26,74,Truffert,D,0.0,0.31,0.0,0.5,"good (transfers exact, EO-anchored)"
2025-26,26,77,Hill,D,0.0,4.5,0.0,7.0,"good (transfers exact, EO-anchored)"
2025-26,26,82,Semenyo,M,2.0,10.24,3.1,16.0,"good (transfers exact, EO-anchored)"
2025-26,26,83,O.Dango,M,2.09,0.99,3.3,1.5,"good (transfers exact, EO-anchored)"
2025-26,26,84,Tavernier,M,17.56,2.58,27.4,4.0,"good (transfers exact, EO-anchored)"
2025-26,26,97,Evanilson,F,3.0,4.0,4.7,6.2,"good (transfers exact, EO-anchored)"
2025-26,26,100,Kroupi.Jr,F,4.87,7.42,7.6,11.6,"good (transfers exact, EO-anchored)"
2025-26,26,101,Kelleher,G,1.7,2.49,2.7,3.9,"good (transfers exact, EO-anchored)"
2025-26,26,105,Valdimarsson,G,0.0,0.48,0.0,0.8,"good (transfers exact, EO-anchored)"
2025-26,26,106,Collins,D,6.0,1.94,9.4,3.0,"good (transfers exact, EO-anchored)"
2025-26,26,119,Mbeumo,M,24.06,26.74,37.6,41.8,"good (transfers exact, EO-anchored)"
2025-26,26,120,Schade,M,3.81,0.0,6.0,0.0,"good (transfers exact, EO-anchored)"
2025-26,26,123,Carvalho,M,0.0,0.09,0.0,0.1,"good (transfers exact, EO-anchored)"
2025-26,26,136,Thiago,F,52.78,33.02,82.5,51.6,"good (transfers exact, EO-anchored)"
2025-26,26,139,Verbruggen,G,3.34,11.17,5.2,17.5,"good (transfers exact, EO-anchored)"
2025-26,26,145,De Cuyper,D,0.0,0.83,0.0,1.3,"good (transfers exact, EO-anchored)"
2025-26,26,151,Van Hecke,D,0.82,1.34,1.3,2.1,"good (transfers exact, EO-anchored)"
2025-26,26,157,Mitoma,M,0.0,0.09,0.0,0.1,"good (transfers exact, EO-anchored)"
2025-26,26,158,Georginio,M,0.81,0.27,1.3,0.4,"good (transfers exact, EO-anchored)"
2025-26,26,160,Minteh,M,0.0,0.35,0.0,0.5,"good (transfers exact, EO-anchored)"
2025-26,26,190,Ekdal,D,0.0,0.15,0.0,0.2,"good (transfers exact, EO-anchored)"
2025-26,26,191,Estève,D,1.79,6.9,2.8,10.8,"good (transfers exact, EO-anchored)"
2025-26,26,192,Hartman,D,0.0,0.17,0.0,0.3,"good (transfers exact, EO-anchored)"
2025-26,26,220,Sánchez,G,4.77,15.94,7.5,24.9,"good (transfers exact, EO-anchored)"
2025-26,26,226,Chalobah,D,2.0,11.0,3.1,17.2,"good (transfers exact, EO-anchored)"
2025-26,26,232,Tosin,D,0.0,0.66,0.0,1.0,"good (transfers exact, EO-anchored)"
2025-26,26,235,Palmer,M,12.2,5.58,19.1,8.7,"good (transfers exact, EO-anchored)"
2025-26,26,237,Enzo,M,36.39,48.78,56.9,76.2,"good (transfers exact, EO-anchored)"
2025-26,26,242,Dewsbury-Hall,M,1.0,1.66,1.6,2.6,"good (transfers exact, EO-anchored)"
2025-26,26,249,João Pedro,F,0.65,5.74,1.0,9.0,"good (transfers exact, EO-anchored)"
2025-26,26,252,Marc Guiu,F,24.43,15.52,38.2,24.2,"good (transfers exact, EO-anchored)"
2025-26,26,256,Muñoz,D,19.31,19.87,30.2,31.0,"good (transfers exact, EO-anchored)"
2025-26,26,257,Lacroix,D,19.38,2.0,30.3,3.1,"good (transfers exact, EO-anchored)"
2025-26,26,260,Guéhi,D,0.0,3.0,0.0,4.7,"good (transfers exact, EO-anchored)"
2025-26,26,261,Richards,D,5.26,12.3,8.2,19.2,"good (transfers exact, EO-anchored)"
2025-26,26,267,Sarr,M,18.07,8.0,28.2,12.5,"good (transfers exact, EO-anchored)"
2025-26,26,276,Devenny,M,0.0,1.0,0.0,1.6,"good (transfers exact, EO-anchored)"
2025-26,26,283,Mateta,F,1.48,0.66,2.3,1.0,"good (transfers exact, EO-anchored)"
2025-26,26,287,Pickford,G,0.0,1.42,0.0,2.2,"good (transfers exact, EO-anchored)"
2025-26,26,291,Tarkowski,D,20.7,8.62,32.3,13.5,"good (transfers exact, EO-anchored)"
2025-26,26,295,Keane,D,0.0,3.69,0.0,5.8,"good (transfers exact, EO-anchored)"
2025-26,26,299,Ndiaye,M,14.07,2.7,22.0,4.2,"good (transfers exact, EO-anchored)"
2025-26,26,303,Garner,M,0.0,0.91,0.0,1.4,"good (transfers exact, EO-anchored)"
2025-26,26,317,Andersen,D,48.83,34.16,76.3,53.4,"good (transfers exact, EO-anchored)"
2025-26,26,329,Wilson,M,0.0,13.78,0.0,21.5,"good (transfers exact, EO-anchored)"
2025-26,26,337,Raúl,F,2.0,0.08,3.1,0.1,"good (transfers exact, EO-anchored)"
2025-26,26,338,Muniz,F,0.52,0.0,0.8,0.0,"good (transfers exact, EO-anchored)"
2025-26,26,347,Gudmundsson,D,1.0,2.39,1.6,3.7,"good (transfers exact, EO-anchored)"
2025-26,26,348,Rodon,D,3.34,5.82,5.2,9.1,"good (transfers exact, EO-anchored)"
2025-26,26,366,A.Becker,G,0.0,0.92,0.0,1.4,"good (transfers exact, EO-anchored)"
2025-26,26,367,Mamardashvili,G,0.0,0.94,0.0,1.5,"good (transfers exact, EO-anchored)"
2025-26,26,373,Virgil,D,53.01,16.87,82.8,26.4,"good (transfers exact, EO-anchored)"
2025-26,26,381,M.Salah,M,0.21,1.09,0.3,1.7,"good (transfers exact, EO-anchored)"
2025-26,26,382,Wirtz,M,3.83,5.21,6.0,8.1,"good (transfers exact, EO-anchored)"
2025-26,26,384,Gakpo,M,0.15,0.0,0.2,0.0,"good (transfers exact, EO-anchored)"
2025-26,26,387,Szoboszlai,M,30.82,8.09,48.2,12.6,"good (transfers exact, EO-anchored)"
2025-26,26,389,Elliott,M,0.07,0.0,0.1,0.0,"good (transfers exact, EO-anchored)"
2025-26,26,402,Aït-Nouri,D,0.0,0.39,0.0,0.6,"good (transfers exact, EO-anchored)"
2025-26,26,407,Matheus N.,D,0.0,1.0,0.0,1.6,"good (transfers exact, EO-anchored)"
2025-26,26,411,O'Reilly,D,2.7,7.66,4.2,12.0,"good (transfers exact, EO-anchored)"
2025-26,26,413,Marmoush,M,0.0,0.09,0.0,0.1,"good (transfers exact, EO-anchored)"
2025-26,26,414,Foden,M,0.0,0.7,0.0,1.1,"good (transfers exact, EO-anchored)"
2025-26,26,417,Cherki,M,1.0,1.22,1.6,1.9,"good (transfers exact, EO-anchored)"
2025-26,26,427,Reijnders,M,0.0,0.64,0.0,1.0,"good (transfers exact, EO-anchored)"
2025-26,26,430,Haaland,F,59.0,63.2,92.2,98.8,"good (transfers exact, EO-anchored)"
2025-26,26,440,Dalot,D,0.0,2.49,0.0,3.9,"good (transfers exact, EO-anchored)"
2025-26,26,441,Dorgu,D,2.59,5.05,4.0,7.9,"good (transfers exact, EO-anchored)"
2025-26,26,442,Maguire,D,1.0,0.6,1.6,0.9,"good (transfers exact, EO-anchored)"
2025-26,26,447,Heaven,D,0.0,1.0,0.0,1.6,"good (transfers exact, EO-anchored)"
2025-26,26,449,B.Fernandes,M,64.0,63.5,100.0,99.2,"good (transfers exact, EO-anchored)"
2025-26,26,450,Cunha,M,0.46,1.66,0.7,2.6,"good (transfers exact, EO-anchored)"
2025-26,26,452,Amad,M,2.0,0.0,3.1,0.0,"good (transfers exact, EO-anchored)"
2025-26,26,458,Mainoo,M,0.0,1.0,0.0,1.6,"good (transfers exact, EO-anchored)"
2025-26,26,467,Obi,F,0.67,0.0,1.0,0.0,"good (transfers exact, EO-anchored)"
2025-26,26,469,Pope,G,0.0,0.93,0.0,1.5,"good (transfers exact, EO-anchored)"
2025-26,26,470,Dúbravka,G,52.42,43.77,81.9,68.4,"good (transfers exact, EO-anchored)"
2025-26,26,473,Hall,D,10.0,5.85,15.6,9.1,"good (transfers exact, EO-anchored)"
2025-26,26,485,Gordon,M,0.02,1.04,0.0,1.6,"good (transfers exact, EO-anchored)"
2025-26,26,487,Barnes,M,0.87,2.0,1.4,3.1,"good (transfers exact, EO-anchored)"
2025-26,26,488,Bruno G.,M,0.0,1.0,0.0,1.6,"good (transfers exact, EO-anchored)"
2025-26,26,491,Tonali,M,0.07,0.09,0.1,0.1,"good (transfers exact, EO-anchored)"
2025-26,26,497,L.Miley,M,0.0,2.0,0.0,3.1,"good (transfers exact, EO-anchored)"
2025-26,26,502,Sels,G,0.0,5.76,0.0,9.0,"good (transfers exact, EO-anchored)"
2025-26,26,505,Milenković,D,0.05,0.69,0.1,1.1,"good (transfers exact, EO-anchored)"
2025-26,26,506,Murillo,D,1.25,2.15,2.0,3.4,"good (transfers exact, EO-anchored)"
2025-26,26,508,N.Williams,D,0.19,1.81,0.3,2.8,"good (transfers exact, EO-anchored)"
2025-26,26,517,Anderson,M,36.74,17.96,57.4,28.1,"good (transfers exact, EO-anchored)"
2025-26,26,525,Wood,F,0.16,0.1,0.2,0.2,"good (transfers exact, EO-anchored)"
2025-26,26,547,E.Le Fée,M,10.0,4.71,15.6,7.4,"good (transfers exact, EO-anchored)"
2025-26,26,565,Vicario,G,1.07,1.47,1.7,2.3,"good (transfers exact, EO-anchored)"
2025-26,26,568,Pedro Porro,D,2.12,4.21,3.3,6.6,"good (transfers exact, EO-anchored)"
2025-26,26,569,Romero,D,0.2,0.0,0.3,0.0,"good (transfers exact, EO-anchored)"
2025-26,26,575,Van de Ven,D,0.05,1.95,0.1,3.0,"good (transfers exact, EO-anchored)"
2025-26,26,580,Johnson,M,0.0,0.07,0.0,0.1,"good (transfers exact, EO-anchored)"
2025-26,26,582,Kudus,M,0.0,0.23,0.0,0.4,"good (transfers exact, EO-anchored)"
2025-26,26,593,P.M.Sarr,M,0.0,0.09,0.0,0.1,"good (transfers exact, EO-anchored)"
2025-26,26,597,Richarlison,F,0.1,0.07,0.2,0.1,"good (transfers exact, EO-anchored)"
2025-26,26,603,Diouf,D,0.0,0.79,0.0,1.2,"good (transfers exact, EO-anchored)"
2025-26,26,623,Potts,M,0.0,2.38,0.0,3.7,"good (transfers exact, EO-anchored)"
2025-26,26,624,Bowen,F,3.0,6.32,4.7,9.9,"good (transfers exact, EO-anchored)"
2025-26,26,625,Füllkrug,F,0.0,0.32,0.0,0.5,"good (transfers exact, EO-anchored)"
2025-26,26,626,Marshall,F,1.0,2.0,1.6,3.1,"good (transfers exact, EO-anchored)"
2025-26,26,628,José Sá,G,2.0,2.7,3.1,4.2,"good (transfers exact, EO-anchored)"
2025-26,26,631,Agbadou,D,0.39,0.43,0.6,0.7,"good (transfers exact, EO-anchored)"
2025-26,26,646,J.Gomes,M,3.0,1.0,4.7,1.6,"good (transfers exact, EO-anchored)"
2025-26,26,652,Gonzalez,M,0.0,0.09,0.0,0.1,"good (transfers exact, EO-anchored)"
2025-26,26,654,Strand Larsen,F,3.64,4.52,5.7,7.1,"good (transfers exact, EO-anchored)"
2025-26,26,661,Ekitiké,F,16.0,34.78,25.0,54.3,"good (transfers exact, EO-anchored)"
2025-26,26,665,Perri,G,0.13,0.0,0.2,0.0,"good (transfers exact, EO-anchored)"
2025-26,26,670,Roefs,G,0.0,1.95,0.0,3.0,"good (transfers exact, EO-anchored)"
2025-26,26,683,Alderete,D,4.82,15.42,7.5,24.1,"good (transfers exact, EO-anchored)"
2025-26,26,684,Thiaw,D,1.77,3.89,2.8,6.1,"good (transfers exact, EO-anchored)"
2025-26,26,691,Calvert-Lewin,F,3.7,0.0,5.8,0.0,"good (transfers exact, EO-anchored)"
2025-26,26,694,Mukiele,D,7.66,15.62,12.0,24.4,"good (transfers exact, EO-anchored)"
2025-26,26,709,Krejčí,D,1.0,0.0,1.6,0.0,"good (transfers exact, EO-anchored)"
2025-26,26,714,Woltemade,F,0.03,0.23,0.0,0.4,"good (transfers exact, EO-anchored)"
2025-26,26,720,Tolu,F,1.0,0.0,1.6,0.0,"good (transfers exact, EO-anchored)"
2025-26,26,749,Mané,F,5.0,7.82,7.8,12.2,"good (transfers exact, EO-anchored)"
2025-26,26,817,Armstrong,F,3.0,0.0,4.7,0.0,"good (transfers exact, EO-anchored)"
2025-26,27,1,Raya,G,60.1,35.23,93.9,55.0,"good (transfers exact, EO-anchored)"
2025-26,27,5,Gabriel,D,63.0,63.98,98.4,100.0,"good (transfers exact, EO-anchored)"
2025-26,27,7,Calafiori,D,0.13,0.0,0.2,0.0,"good (transfers exact, EO-anchored)"
2025-26,27,8,J.Timber,D,31.74,33.82,49.6,52.8,"good (transfers exact, EO-anchored)"
2025-26,27,16,Saka,M,0.0,1.7,0.0,2.7,"good (transfers exact, EO-anchored)"
2025-26,27,21,Rice,M,36.0,44.82,56.2,70.0,"good (transfers exact, EO-anchored)"
2025-26,27,32,Martinez,G,0.0,0.78,0.0,1.2,"good (transfers exact, EO-anchored)"
2025-26,27,33,M.Bizot,G,0.0,0.48,0.0,0.8,"good (transfers exact, EO-anchored)"
2025-26,27,36,Cash,D,0.0,0.62,0.0,1.0,"good (transfers exact, EO-anchored)"
2025-26,27,38,Konsa,D,0.0,1.22,0.0,1.9,"good (transfers exact, EO-anchored)"
2025-26,27,47,Rogers,M,0.0,26.66,0.0,41.7,"good (transfers exact, EO-anchored)"
2025-26,27,48,Tielemans,M,0.57,0.23,0.9,0.4,"good (transfers exact, EO-anchored)"
2025-26,27,64,Watkins,F,2.95,5.34,4.6,8.3,"good (transfers exact, EO-anchored)"
2025-26,27,67,Petrović,G,2.65,1.66,4.1,2.6,"good (transfers exact, EO-anchored)"
2025-26,27,72,Senesi,D,7.82,9.74,12.2,15.2,"good (transfers exact, EO-anchored)"
2025-26,27,74,Truffert,D,0.0,0.31,0.0,0.5,"good (transfers exact, EO-anchored)"
2025-26,27,77,Hill,D,0.0,8.5,0.0,13.3,"good (transfers exact, EO-anchored)"
2025-26,27,82,Semenyo,M,2.0,12.24,3.1,19.1,"good (transfers exact, EO-anchored)"
2025-26,27,83,O.Dango,M,13.09,4.99,20.5,7.8,"good (transfers exact, EO-anchored)"
2025-26,27,84,Tavernier,M,17.56,2.58,27.4,4.0,"good (transfers exact, EO-anchored)"
2025-26,27,97,Evanilson,F,2.0,1.0,3.1,1.6,"good (transfers exact, EO-anchored)"
2025-26,27,100,Kroupi.Jr,F,4.87,7.42,7.6,11.6,"good (transfers exact, EO-anchored)"
2025-26,27,101,Kelleher,G,1.7,3.49,2.7,5.5,"good (transfers exact, EO-anchored)"
2025-26,27,105,Valdimarsson,G,0.0,0.48,0.0,0.8,"good (transfers exact, EO-anchored)"
2025-26,27,106,Collins,D,6.0,1.94,9.4,3.0,"good (transfers exact, EO-anchored)"
2025-26,27,108,Ajer,D,1.0,0.0,1.6,0.0,"good (transfers exact, EO-anchored)"
2025-26,27,119,Mbeumo,M,24.06,25.74,37.6,40.2,"good (transfers exact, EO-anchored)"
2025-26,27,120,Schade,M,3.81,0.0,6.0,0.0,"good (transfers exact, EO-anchored)"
2025-26,27,123,Carvalho,M,0.0,0.09,0.0,0.1,"good (transfers exact, EO-anchored)"
2025-26,27,136,Thiago,F,54.78,46.02,85.6,71.9,"good (transfers exact, EO-anchored)"
2025-26,27,139,Verbruggen,G,3.34,11.17,5.2,17.5,"good (transfers exact, EO-anchored)"
2025-26,27,145,De Cuyper,D,0.0,0.83,0.0,1.3,"good (transfers exact, EO-anchored)"
2025-26,27,151,Van Hecke,D,0.82,1.34,1.3,2.1,"good (transfers exact, EO-anchored)"
2025-26,27,157,Mitoma,M,0.0,0.09,0.0,0.1,"good (transfers exact, EO-anchored)"
2025-26,27,158,Georginio,M,0.81,0.27,1.3,0.4,"good (transfers exact, EO-anchored)"
2025-26,27,160,Minteh,M,0.0,0.35,0.0,0.5,"good (transfers exact, EO-anchored)"
2025-26,27,190,Ekdal,D,0.0,0.15,0.0,0.2,"good (transfers exact, EO-anchored)"
2025-26,27,191,Estève,D,1.79,6.9,2.8,10.8,"good (transfers exact, EO-anchored)"
2025-26,27,192,Hartman,D,0.0,0.17,0.0,0.3,"good (transfers exact, EO-anchored)"
2025-26,27,220,Sánchez,G,4.77,15.94,7.5,24.9,"good (transfers exact, EO-anchored)"
2025-26,27,225,James,D,1.0,1.0,1.6,1.6,"good (transfers exact, EO-anchored)"
2025-26,27,226,Chalobah,D,2.0,11.0,3.1,17.2,"good (transfers exact, EO-anchored)"
2025-26,27,232,Tosin,D,0.0,0.66,0.0,1.0,"good (transfers exact, EO-anchored)"
2025-26,27,235,Palmer,M,12.2,6.58,19.1,10.3,"good (transfers exact, EO-anchored)"
2025-26,27,237,Enzo,M,36.39,48.78,56.9,76.2,"good (transfers exact, EO-anchored)"
2025-26,27,242,Dewsbury-Hall,M,1.0,1.66,1.6,2.6,"good (transfers exact, EO-anchored)"
2025-26,27,249,João Pedro,F,0.65,5.74,1.0,9.0,"good (transfers exact, EO-anchored)"
2025-26,27,252,Marc Guiu,F,24.43,10.52,38.2,16.4,"good (transfers exact, EO-anchored)"
2025-26,27,256,Muñoz,D,19.31,19.87,30.2,31.0,"good (transfers exact, EO-anchored)"
2025-26,27,257,Lacroix,D,13.38,0.0,20.9,0.0,"good (transfers exact, EO-anchored)"
2025-26,27,260,Guéhi,D,0.0,3.0,0.0,4.7,"good (transfers exact, EO-anchored)"
2025-26,27,261,Richards,D,5.26,12.3,8.2,19.2,"good (transfers exact, EO-anchored)"
2025-26,27,267,Sarr,M,18.07,9.0,28.2,14.1,"good (transfers exact, EO-anchored)"
2025-26,27,276,Devenny,M,0.0,1.0,0.0,1.6,"good (transfers exact, EO-anchored)"
2025-26,27,283,Mateta,F,1.48,0.66,2.3,1.0,"good (transfers exact, EO-anchored)"
2025-26,27,287,Pickford,G,0.0,1.42,0.0,2.2,"good (transfers exact, EO-anchored)"
2025-26,27,291,Tarkowski,D,20.7,5.62,32.3,8.8,"good (transfers exact, EO-anchored)"
2025-26,27,295,Keane,D,0.0,3.69,0.0,5.8,"good (transfers exact, EO-anchored)"
2025-26,27,299,Ndiaye,M,14.07,2.7,22.0,4.2,"good (transfers exact, EO-anchored)"
2025-26,27,303,Garner,M,0.0,0.91,0.0,1.4,"good (transfers exact, EO-anchored)"
2025-26,27,317,Andersen,D,51.83,35.16,81.0,54.9,"good (transfers exact, EO-anchored)"
2025-26,27,329,Wilson,M,0.0,13.78,0.0,21.5,"good (transfers exact, EO-anchored)"
2025-26,27,337,Raúl,F,2.0,0.08,3.1,0.1,"good (transfers exact, EO-anchored)"
2025-26,27,338,Muniz,F,0.52,0.0,0.8,0.0,"good (transfers exact, EO-anchored)"
2025-26,27,347,Gudmundsson,D,1.0,2.39,1.6,3.7,"good (transfers exact, EO-anchored)"
2025-26,27,348,Rodon,D,3.34,5.82,5.2,9.1,"good (transfers exact, EO-anchored)"
2025-26,27,366,A.Becker,G,0.0,0.92,0.0,1.4,"good (transfers exact, EO-anchored)"
2025-26,27,367,Mamardashvili,G,0.0,0.94,0.0,1.5,"good (transfers exact, EO-anchored)"
2025-26,27,373,Virgil,D,55.01,17.87,86.0,27.9,"good (transfers exact, EO-anchored)"
2025-26,27,381,M.Salah,M,0.21,2.09,0.3,3.3,"good (transfers exact, EO-anchored)"
2025-26,27,382,Wirtz,M,3.83,7.21,6.0,11.3,"good (transfers exact, EO-anchored)"
2025-26,27,384,Gakpo,M,0.15,0.0,0.2,0.0,"good (transfers exact, EO-anchored)"
2025-26,27,387,Szoboszlai,M,30.82,9.09,48.2,14.2,"good (transfers exact, EO-anchored)"
2025-26,27,389,Elliott,M,0.07,0.0,0.1,0.0,"good (transfers exact, EO-anchored)"
2025-26,27,402,Aït-Nouri,D,0.0,0.39,0.0,0.6,"good (transfers exact, EO-anchored)"
2025-26,27,407,Matheus N.,D,0.0,1.0,0.0,1.6,"good (transfers exact, EO-anchored)"
2025-26,27,411,O'Reilly,D,2.7,7.66,4.2,12.0,"good (transfers exact, EO-anchored)"
2025-26,27,413,Marmoush,M,0.0,0.09,0.0,0.1,"good (transfers exact, EO-anchored)"
2025-26,27,414,Foden,M,0.0,0.7,0.0,1.1,"good (transfers exact, EO-anchored)"
2025-26,27,417,Cherki,M,0.0,1.22,0.0,1.9,"good (transfers exact, EO-anchored)"
2025-26,27,427,Reijnders,M,0.0,0.64,0.0,1.0,"good (transfers exact, EO-anchored)"
2025-26,27,430,Haaland,F,59.0,62.2,92.2,97.2,"good (transfers exact, EO-anchored)"
2025-26,27,440,Dalot,D,0.0,2.49,0.0,3.9,"good (transfers exact, EO-anchored)"
2025-26,27,441,Dorgu,D,2.59,5.05,4.0,7.9,"good (transfers exact, EO-anchored)"
2025-26,27,442,Maguire,D,1.0,0.6,1.6,0.9,"good (transfers exact, EO-anchored)"
2025-26,27,447,Heaven,D,0.0,1.0,0.0,1.6,"good (transfers exact, EO-anchored)"
2025-26,27,449,B.Fernandes,M,64.0,63.5,100.0,99.2,"good (transfers exact, EO-anchored)"
2025-26,27,450,Cunha,M,0.46,1.66,0.7,2.6,"good (transfers exact, EO-anchored)"
2025-26,27,452,Amad,M,2.0,0.0,3.1,0.0,"good (transfers exact, EO-anchored)"
2025-26,27,458,Mainoo,M,0.0,1.0,0.0,1.6,"good (transfers exact, EO-anchored)"
2025-26,27,467,Obi,F,0.67,0.0,1.0,0.0,"good (transfers exact, EO-anchored)"
2025-26,27,469,Pope,G,0.0,0.93,0.0,1.5,"good (transfers exact, EO-anchored)"
2025-26,27,470,Dúbravka,G,52.42,43.77,81.9,68.4,"good (transfers exact, EO-anchored)"
2025-26,27,473,Hall,D,10.0,5.85,15.6,9.1,"good (transfers exact, EO-anchored)"
2025-26,27,485,Gordon,M,0.02,1.04,0.0,1.6,"good (transfers exact, EO-anchored)"
2025-26,27,487,Barnes,M,0.87,2.0,1.4,3.1,"good (transfers exact, EO-anchored)"
2025-26,27,491,Tonali,M,0.07,0.09,0.1,0.1,"good (transfers exact, EO-anchored)"
2025-26,27,497,L.Miley,M,0.0,2.0,0.0,3.1,"good (transfers exact, EO-anchored)"
2025-26,27,502,Sels,G,0.0,5.76,0.0,9.0,"good (transfers exact, EO-anchored)"
2025-26,27,505,Milenković,D,0.05,0.69,0.1,1.1,"good (transfers exact, EO-anchored)"
2025-26,27,506,Murillo,D,1.25,2.15,2.0,3.4,"good (transfers exact, EO-anchored)"
2025-26,27,508,N.Williams,D,0.19,1.81,0.3,2.8,"good (transfers exact, EO-anchored)"
2025-26,27,517,Anderson,M,30.74,17.96,48.0,28.1,"good (transfers exact, EO-anchored)"
2025-26,27,525,Wood,F,0.16,0.1,0.2,0.2,"good (transfers exact, EO-anchored)"
2025-26,27,547,E.Le Fée,M,10.0,4.71,15.6,7.4,"good (transfers exact, EO-anchored)"
2025-26,27,565,Vicario,G,1.07,1.47,1.7,2.3,"good (transfers exact, EO-anchored)"
2025-26,27,568,Pedro Porro,D,2.12,4.21,3.3,6.6,"good (transfers exact, EO-anchored)"
2025-26,27,569,Romero,D,0.2,0.0,0.3,0.0,"good (transfers exact, EO-anchored)"
2025-26,27,575,Van de Ven,D,0.05,1.95,0.1,3.0,"good (transfers exact, EO-anchored)"
2025-26,27,580,Johnson,M,0.0,0.07,0.0,0.1,"good (transfers exact, EO-anchored)"
2025-26,27,582,Kudus,M,0.0,0.23,0.0,0.4,"good (transfers exact, EO-anchored)"
2025-26,27,593,P.M.Sarr,M,0.0,0.09,0.0,0.1,"good (transfers exact, EO-anchored)"
2025-26,27,597,Richarlison,F,0.1,0.07,0.2,0.1,"good (transfers exact, EO-anchored)"
2025-26,27,603,Diouf,D,0.0,0.79,0.0,1.2,"good (transfers exact, EO-anchored)"
2025-26,27,623,Potts,M,0.0,2.38,0.0,3.7,"good (transfers exact, EO-anchored)"
2025-26,27,624,Bowen,F,3.0,5.32,4.7,8.3,"good (transfers exact, EO-anchored)"
2025-26,27,625,Füllkrug,F,0.0,0.32,0.0,0.5,"good (transfers exact, EO-anchored)"
2025-26,27,626,Marshall,F,1.0,1.0,1.6,1.6,"good (transfers exact, EO-anchored)"
2025-26,27,628,José Sá,G,2.0,2.7,3.1,4.2,"good (transfers exact, EO-anchored)"
2025-26,27,631,Agbadou,D,0.39,0.43,0.6,0.7,"good (transfers exact, EO-anchored)"
2025-26,27,652,Gonzalez,M,0.0,0.09,0.0,0.1,"good (transfers exact, EO-anchored)"
2025-26,27,654,Strand Larsen,F,3.64,3.52,5.7,5.5,"good (transfers exact, EO-anchored)"
2025-26,27,661,Ekitiké,F,15.0,34.78,23.4,54.3,"good (transfers exact, EO-anchored)"
2025-26,27,665,Perri,G,0.13,0.0,0.2,0.0,"good (transfers exact, EO-anchored)"
2025-26,27,670,Roefs,G,0.0,1.95,0.0,3.0,"good (transfers exact, EO-anchored)"
2025-26,27,683,Alderete,D,4.82,15.42,7.5,24.1,"good (transfers exact, EO-anchored)"
2025-26,27,684,Thiaw,D,1.77,3.89,2.8,6.1,"good (transfers exact, EO-anchored)"
2025-26,27,691,Calvert-Lewin,F,3.7,0.0,5.8,0.0,"good (transfers exact, EO-anchored)"
2025-26,27,694,Mukiele,D,7.66,15.62,12.0,24.4,"good (transfers exact, EO-anchored)"
2025-26,27,706,Justin,D,0.0,1.0,0.0,1.6,"good (transfers exact, EO-anchored)"
2025-26,27,714,Woltemade,F,0.03,0.23,0.0,0.4,"good (transfers exact, EO-anchored)"
2025-26,27,720,Tolu,F,1.0,0.0,1.6,0.0,"good (transfers exact, EO-anchored)"
2025-26,27,749,Mané,F,5.0,6.82,7.8,10.7,"good (transfers exact, EO-anchored)"
2025-26,27,817,Armstrong,F,3.0,0.0,4.7,0.0,"good (transfers exact, EO-anchored)"
2025-26,28,1,Raya,G,60.1,35.23,93.9,55.0,"good (transfers exact, EO-anchored)"
2025-26,28,5,Gabriel,D,63.0,62.98,98.4,98.4,"good (transfers exact, EO-anchored)"
2025-26,28,7,Calafiori,D,0.13,0.0,0.2,0.0,"good (transfers exact, EO-anchored)"
2025-26,28,8,J.Timber,D,29.74,23.82,46.5,37.2,"good (transfers exact, EO-anchored)"
2025-26,28,16,Saka,M,0.0,1.7,0.0,2.7,"good (transfers exact, EO-anchored)"
2025-26,28,21,Rice,M,30.0,26.82,46.9,41.9,"good (transfers exact, EO-anchored)"
2025-26,28,32,Martinez,G,0.0,0.78,0.0,1.2,"good (transfers exact, EO-anchored)"
2025-26,28,33,M.Bizot,G,0.0,0.48,0.0,0.8,"good (transfers exact, EO-anchored)"
2025-26,28,36,Cash,D,0.0,0.62,0.0,1.0,"good (transfers exact, EO-anchored)"
2025-26,28,38,Konsa,D,0.0,1.22,0.0,1.9,"good (transfers exact, EO-anchored)"
2025-26,28,47,Rogers,M,0.0,26.66,0.0,41.7,"good (transfers exact, EO-anchored)"
2025-26,28,48,Tielemans,M,0.57,0.23,0.9,0.4,"good (transfers exact, EO-anchored)"
2025-26,28,64,Watkins,F,1.95,4.34,3.0,6.8,"good (transfers exact, EO-anchored)"
2025-26,28,67,Petrović,G,2.65,1.66,4.1,2.6,"good (transfers exact, EO-anchored)"
2025-26,28,72,Senesi,D,11.82,9.74,18.5,15.2,"good (transfers exact, EO-anchored)"
2025-26,28,74,Truffert,D,0.0,0.31,0.0,0.5,"good (transfers exact, EO-anchored)"
2025-26,28,77,Hill,D,1.0,15.5,1.6,24.2,"good (transfers exact, EO-anchored)"
2025-26,28,82,Semenyo,M,2.0,14.24,3.1,22.2,"good (transfers exact, EO-anchored)"
2025-26,28,83,O.Dango,M,41.09,32.99,64.2,51.5,"good (transfers exact, EO-anchored)"
2025-26,28,84,Tavernier,M,19.56,4.58,30.6,7.2,"good (transfers exact, EO-anchored)"
2025-26,28,97,Evanilson,F,2.0,0.0,3.1,0.0,"good (transfers exact, EO-anchored)"
2025-26,28,100,Kroupi.Jr,F,2.87,6.42,4.5,10.0,"good (transfers exact, EO-anchored)"
2025-26,28,101,Kelleher,G,1.7,4.49,2.7,7.0,"good (transfers exact, EO-anchored)"
2025-26,28,105,Valdimarsson,G,0.0,0.48,0.0,0.8,"good (transfers exact, EO-anchored)"
2025-26,28,106,Collins,D,4.0,1.94,6.2,3.0,"good (transfers exact, EO-anchored)"
2025-26,28,108,Ajer,D,1.0,0.0,1.6,0.0,"good (transfers exact, EO-anchored)"
2025-26,28,119,Mbeumo,M,24.06,26.74,37.6,41.8,"good (transfers exact, EO-anchored)"
2025-26,28,120,Schade,M,4.81,1.0,7.5,1.6,"good (transfers exact, EO-anchored)"
2025-26,28,123,Carvalho,M,0.0,0.09,0.0,0.1,"good (transfers exact, EO-anchored)"
2025-26,28,136,Thiago,F,61.78,59.02,96.5,92.2,"good (transfers exact, EO-anchored)"
2025-26,28,139,Verbruggen,G,3.34,11.17,5.2,17.5,"good (transfers exact, EO-anchored)"
2025-26,28,145,De Cuyper,D,0.0,0.83,0.0,1.3,"good (transfers exact, EO-anchored)"
2025-26,28,151,Van Hecke,D,0.82,1.34,1.3,2.1,"good (transfers exact, EO-anchored)"
2025-26,28,157,Mitoma,M,0.0,0.09,0.0,0.1,"good (transfers exact, EO-anchored)"
2025-26,28,158,Georginio,M,0.81,0.27,1.3,0.4,"good (transfers exact, EO-anchored)"
2025-26,28,160,Minteh,M,0.0,0.35,0.0,0.5,"good (transfers exact, EO-anchored)"
2025-26,28,190,Ekdal,D,0.0,0.15,0.0,0.2,"good (transfers exact, EO-anchored)"
2025-26,28,191,Estève,D,1.79,6.9,2.8,10.8,"good (transfers exact, EO-anchored)"
2025-26,28,192,Hartman,D,0.0,0.17,0.0,0.3,"good (transfers exact, EO-anchored)"
2025-26,28,220,Sánchez,G,4.77,14.94,7.5,23.3,"good (transfers exact, EO-anchored)"
2025-26,28,225,James,D,1.0,1.0,1.6,1.6,"good (transfers exact, EO-anchored)"
2025-26,28,226,Chalobah,D,1.0,4.0,1.6,6.2,"good (transfers exact, EO-anchored)"
2025-26,28,232,Tosin,D,0.0,0.66,0.0,1.0,"good (transfers exact, EO-anchored)"
2025-26,28,235,Palmer,M,0.2,3.58,0.3,5.6,"good (transfers exact, EO-anchored)"
2025-26,28,237,Enzo,M,15.39,12.78,24.0,20.0,"good (transfers exact, EO-anchored)"
2025-26,28,242,Dewsbury-Hall,M,0.0,2.66,0.0,4.2,"good (transfers exact, EO-anchored)"
2025-26,28,249,João Pedro,F,0.65,3.74,1.0,5.8,"good (transfers exact, EO-anchored)"
2025-26,28,252,Marc Guiu,F,20.43,3.52,31.9,5.5,"good (transfers exact, EO-anchored)"
2025-26,28,256,Muñoz,D,13.31,11.87,20.8,18.5,"good (transfers exact, EO-anchored)"
2025-26,28,257,Lacroix,D,10.38,0.0,16.2,0.0,"good (transfers exact, EO-anchored)"
2025-26,28,260,Guéhi,D,0.0,3.0,0.0,4.7,"good (transfers exact, EO-anchored)"
2025-26,28,261,Richards,D,3.26,9.3,5.1,14.5,"good (transfers exact, EO-anchored)"
2025-26,28,267,Sarr,M,4.07,8.0,6.4,12.5,"good (transfers exact, EO-anchored)"
2025-26,28,276,Devenny,M,0.0,1.0,0.0,1.6,"good (transfers exact, EO-anchored)"
2025-26,28,283,Mateta,F,1.48,0.66,2.3,1.0,"good (transfers exact, EO-anchored)"
2025-26,28,287,Pickford,G,0.0,1.42,0.0,2.2,"good (transfers exact, EO-anchored)"
2025-26,28,291,Tarkowski,D,20.7,5.62,32.3,8.8,"good (transfers exact, EO-anchored)"
2025-26,28,295,Keane,D,0.0,2.69,0.0,4.2,"good (transfers exact, EO-anchored)"
2025-26,28,299,Ndiaye,M,14.07,2.7,22.0,4.2,"good (transfers exact, EO-anchored)"
2025-26,28,303,Garner,M,0.0,0.91,0.0,1.4,"good (transfers exact, EO-anchored)"
2025-26,28,317,Andersen,D,58.83,36.16,91.9,56.5,"good (transfers exact, EO-anchored)"
2025-26,28,329,Wilson,M,12.0,32.78,18.8,51.2,"good (transfers exact, EO-anchored)"
2025-26,28,337,Raúl,F,2.0,0.08,3.1,0.1,"good (transfers exact, EO-anchored)"
2025-26,28,338,Muniz,F,0.52,0.0,0.8,0.0,"good (transfers exact, EO-anchored)"
2025-26,28,347,Gudmundsson,D,1.0,2.39,1.6,3.7,"good (transfers exact, EO-anchored)"
2025-26,28,348,Rodon,D,3.34,6.82,5.2,10.7,"good (transfers exact, EO-anchored)"
2025-26,28,366,A.Becker,G,0.0,0.92,0.0,1.4,"good (transfers exact, EO-anchored)"
2025-26,28,367,Mamardashvili,G,0.0,0.94,0.0,1.5,"good (transfers exact, EO-anchored)"
2025-26,28,373,Virgil,D,59.01,40.87,92.2,63.9,"good (transfers exact, EO-anchored)"
2025-26,28,374,Konaté,D,0.0,1.0,0.0,1.6,"good (transfers exact, EO-anchored)"
2025-26,28,381,M.Salah,M,9.21,3.09,14.4,4.8,"good (transfers exact, EO-anchored)"
2025-26,28,382,Wirtz,M,2.83,4.21,4.4,6.6,"good (transfers exact, EO-anchored)"
2025-26,28,384,Gakpo,M,1.15,0.0,1.8,0.0,"good (transfers exact, EO-anchored)"
2025-26,28,387,Szoboszlai,M,38.82,15.09,60.7,23.6,"good (transfers exact, EO-anchored)"
2025-26,28,389,Elliott,M,0.07,0.0,0.1,0.0,"good (transfers exact, EO-anchored)"
2025-26,28,402,Aït-Nouri,D,0.0,0.39,0.0,0.6,"good (transfers exact, EO-anchored)"
2025-26,28,407,Matheus N.,D,0.0,1.0,0.0,1.6,"good (transfers exact, EO-anchored)"
2025-26,28,411,O'Reilly,D,2.7,11.66,4.2,18.2,"good (transfers exact, EO-anchored)"
2025-26,28,413,Marmoush,M,0.0,0.09,0.0,0.1,"good (transfers exact, EO-anchored)"
2025-26,28,414,Foden,M,0.0,0.7,0.0,1.1,"good (transfers exact, EO-anchored)"
2025-26,28,417,Cherki,M,0.0,1.22,0.0,1.9,"good (transfers exact, EO-anchored)"
2025-26,28,427,Reijnders,M,0.0,0.64,0.0,1.0,"good (transfers exact, EO-anchored)"
2025-26,28,430,Haaland,F,56.0,61.2,87.5,95.6,"good (transfers exact, EO-anchored)"
2025-26,28,440,Dalot,D,0.0,2.49,0.0,3.9,"good (transfers exact, EO-anchored)"
2025-26,28,441,Dorgu,D,1.59,3.05,2.5,4.8,"good (transfers exact, EO-anchored)"
2025-26,28,442,Maguire,D,1.0,0.6,1.6,0.9,"good (transfers exact, EO-anchored)"
2025-26,28,449,B.Fernandes,M,64.0,63.5,100.0,99.2,"good (transfers exact, EO-anchored)"
2025-26,28,450,Cunha,M,0.46,1.66,0.7,2.6,"good (transfers exact, EO-anchored)"
2025-26,28,467,Obi,F,0.67,0.0,1.0,0.0,"good (transfers exact, EO-anchored)"
2025-26,28,469,Pope,G,0.0,0.93,0.0,1.5,"good (transfers exact, EO-anchored)"
2025-26,28,470,Dúbravka,G,52.42,43.77,81.9,68.4,"good (transfers exact, EO-anchored)"
2025-26,28,473,Hall,D,10.0,5.85,15.6,9.1,"good (transfers exact, EO-anchored)"
2025-26,28,485,Gordon,M,2.02,2.04,3.2,3.2,"good (transfers exact, EO-anchored)"
2025-26,28,487,Barnes,M,0.87,1.0,1.4,1.6,"good (transfers exact, EO-anchored)"
2025-26,28,491,Tonali,M,0.07,0.09,0.1,0.1,"good (transfers exact, EO-anchored)"
2025-26,28,497,L.Miley,M,0.0,2.0,0.0,3.1,"good (transfers exact, EO-anchored)"
2025-26,28,502,Sels,G,0.0,5.76,0.0,9.0,"good (transfers exact, EO-anchored)"
2025-26,28,505,Milenković,D,0.05,0.69,0.1,1.1,"good (transfers exact, EO-anchored)"
2025-26,28,506,Murillo,D,1.25,2.15,2.0,3.4,"good (transfers exact, EO-anchored)"
2025-26,28,508,N.Williams,D,0.19,1.81,0.3,2.8,"good (transfers exact, EO-anchored)"
2025-26,28,517,Anderson,M,26.74,17.96,41.8,28.1,"good (transfers exact, EO-anchored)"
2025-26,28,525,Wood,F,0.16,0.1,0.2,0.2,"good (transfers exact, EO-anchored)"
2025-26,28,547,E.Le Fée,M,8.0,3.71,12.5,5.8,"good (transfers exact, EO-anchored)"
2025-26,28,565,Vicario,G,1.07,1.47,1.7,2.3,"good (transfers exact, EO-anchored)"
2025-26,28,568,Pedro Porro,D,2.12,4.21,3.3,6.6,"good (transfers exact, EO-anchored)"
2025-26,28,569,Romero,D,0.2,0.0,0.3,0.0,"good (transfers exact, EO-anchored)"
2025-26,28,575,Van de Ven,D,0.05,1.95,0.1,3.0,"good (transfers exact, EO-anchored)"
2025-26,28,580,Johnson,M,0.0,0.07,0.0,0.1,"good (transfers exact, EO-anchored)"
2025-26,28,582,Kudus,M,0.0,0.23,0.0,0.4,"good (transfers exact, EO-anchored)"
2025-26,28,593,P.M.Sarr,M,0.0,0.09,0.0,0.1,"good (transfers exact, EO-anchored)"
2025-26,28,597,Richarlison,F,0.1,0.07,0.2,0.1,"good (transfers exact, EO-anchored)"
2025-26,28,603,Diouf,D,0.0,0.79,0.0,1.2,"good (transfers exact, EO-anchored)"
2025-26,28,623,Potts,M,0.0,1.38,0.0,2.2,"good (transfers exact, EO-anchored)"
2025-26,28,624,Bowen,F,3.0,2.32,4.7,3.6,"good (transfers exact, EO-anchored)"
2025-26,28,625,Füllkrug,F,0.0,0.32,0.0,0.5,"good (transfers exact, EO-anchored)"
2025-26,28,626,Marshall,F,1.0,1.0,1.6,1.6,"good (transfers exact, EO-anchored)"
2025-26,28,628,José Sá,G,2.0,2.7,3.1,4.2,"good (transfers exact, EO-anchored)"
2025-26,28,631,Agbadou,D,0.39,0.43,0.6,0.7,"good (transfers exact, EO-anchored)"
2025-26,28,652,Gonzalez,M,0.0,0.09,0.0,0.1,"good (transfers exact, EO-anchored)"
2025-26,28,654,Strand Larsen,F,3.64,1.52,5.7,2.4,"good (transfers exact, EO-anchored)"
2025-26,28,661,Ekitiké,F,21.0,42.78,32.8,66.8,"good (transfers exact, EO-anchored)"
2025-26,28,665,Perri,G,0.13,0.0,0.2,0.0,"good (transfers exact, EO-anchored)"
2025-26,28,670,Roefs,G,0.0,1.95,0.0,3.0,"good (transfers exact, EO-anchored)"
2025-26,28,683,Alderete,D,4.82,14.42,7.5,22.5,"good (transfers exact, EO-anchored)"
2025-26,28,684,Thiaw,D,3.77,3.89,5.9,6.1,"good (transfers exact, EO-anchored)"
2025-26,28,691,Calvert-Lewin,F,3.7,0.0,5.8,0.0,"good (transfers exact, EO-anchored)"
2025-26,28,694,Mukiele,D,6.66,12.62,10.4,19.7,"good (transfers exact, EO-anchored)"
2025-26,28,706,Justin,D,0.0,1.0,0.0,1.6,"good (transfers exact, EO-anchored)"
2025-26,28,714,Woltemade,F,0.03,0.23,0.0,0.4,"good (transfers exact, EO-anchored)"
2025-26,28,749,Mané,F,4.0,4.82,6.2,7.5,"good (transfers exact, EO-anchored)"
2025-26,28,807,Rayan,M,0.0,2.0,0.0,3.1,"good (transfers exact, EO-anchored)"
2025-26,28,817,Armstrong,F,2.0,0.0,3.1,0.0,"good (transfers exact, EO-anchored)"
2025-26,29,1,Raya,G,59.17,35.23,93.9,55.0,"good (transfers exact, EO-anchored)"
2025-26,29,5,Gabriel,D,62.02,62.98,98.4,98.4,"good (transfers exact, EO-anchored)"
2025-26,29,7,Calafiori,D,0.13,0.0,0.2,0.0,"good (transfers exact, EO-anchored)"
2025-26,29,8,J.Timber,D,29.28,23.82,46.5,37.2,"good (transfers exact, EO-anchored)"
2025-26,29,16,Saka,M,0.0,1.7,0.0,2.7,"good (transfers exact, EO-anchored)"
2025-26,29,21,Rice,M,21.53,20.82,34.2,32.5,"good (transfers exact, EO-anchored)"
2025-26,29,32,Martinez,G,0.0,0.78,0.0,1.2,"good (transfers exact, EO-anchored)"
2025-26,29,33,M.Bizot,G,0.0,0.48,0.0,0.8,"good (transfers exact, EO-anchored)"
2025-26,29,36,Cash,D,0.0,0.62,0.0,1.0,"good (transfers exact, EO-anchored)"
2025-26,29,38,Konsa,D,0.0,1.22,0.0,1.9,"good (transfers exact, EO-anchored)"
2025-26,29,47,Rogers,M,0.0,26.66,0.0,41.7,"good (transfers exact, EO-anchored)"
2025-26,29,48,Tielemans,M,0.57,0.23,0.9,0.4,"good (transfers exact, EO-anchored)"
2025-26,29,64,Watkins,F,1.92,4.34,3.0,6.8,"good (transfers exact, EO-anchored)"
2025-26,29,67,Petrović,G,2.61,1.66,4.1,2.6,"good (transfers exact, EO-anchored)"
2025-26,29,72,Senesi,D,11.64,9.74,18.5,15.2,"good (transfers exact, EO-anchored)"
2025-26,29,74,Truffert,D,0.0,0.31,0.0,0.5,"good (transfers exact, EO-anchored)"
2025-26,29,77,Hill,D,0.98,15.5,1.6,24.2,"good (transfers exact, EO-anchored)"
2025-26,29,82,Semenyo,M,1.97,14.24,3.1,22.2,"good (transfers exact, EO-anchored)"
2025-26,29,83,O.Dango,M,40.45,32.99,64.2,51.5,"good (transfers exact, EO-anchored)"
2025-26,29,84,Tavernier,M,19.25,10.58,30.6,16.5,"good (transfers exact, EO-anchored)"
2025-26,29,97,Evanilson,F,1.97,0.0,3.1,0.0,"good (transfers exact, EO-anchored)"
2025-26,29,100,Kroupi.Jr,F,2.82,3.42,4.5,5.3,"good (transfers exact, EO-anchored)"
2025-26,29,101,Kelleher,G,1.67,4.49,2.7,7.0,"good (transfers exact, EO-anchored)"
2025-26,29,105,Valdimarsson,G,0.0,0.48,0.0,0.8,"good (transfers exact, EO-anchored)"
2025-26,29,106,Collins,D,2.94,1.94,4.7,3.0,"good (transfers exact, EO-anchored)"
2025-26,29,108,Ajer,D,0.98,0.0,1.6,0.0,"good (transfers exact, EO-anchored)"
2025-26,29,119,Mbeumo,M,23.69,26.74,37.6,41.8,"good (transfers exact, EO-anchored)"
2025-26,29,120,Schade,M,4.74,1.0,7.5,1.6,"good (transfers exact, EO-anchored)"
2025-26,29,123,Carvalho,M,0.0,0.09,0.0,0.1,"good (transfers exact, EO-anchored)"
2025-26,29,136,Thiago,F,60.81,59.02,96.5,92.2,"good (transfers exact, EO-anchored)"
2025-26,29,139,Verbruggen,G,3.29,11.17,5.2,17.5,"good (transfers exact, EO-anchored)"
2025-26,29,145,De Cuyper,D,0.0,0.83,0.0,1.3,"good (transfers exact, EO-anchored)"
2025-26,29,151,Van Hecke,D,0.81,1.34,1.3,2.1,"good (transfers exact, EO-anchored)"
2025-26,29,157,Mitoma,M,0.0,0.09,0.0,0.1,"good (transfers exact, EO-anchored)"
2025-26,29,158,Georginio,M,0.8,0.27,1.3,0.4,"good (transfers exact, EO-anchored)"
2025-26,29,160,Minteh,M,0.0,0.35,0.0,0.5,"good (transfers exact, EO-anchored)"
2025-26,29,190,Ekdal,D,0.0,0.15,0.0,0.2,"good (transfers exact, EO-anchored)"
2025-26,29,191,Estève,D,1.76,6.9,2.8,10.8,"good (transfers exact, EO-anchored)"
2025-26,29,192,Hartman,D,0.0,0.17,0.0,0.3,"good (transfers exact, EO-anchored)"
2025-26,29,220,Sánchez,G,4.69,14.94,7.4,23.3,"good (transfers exact, EO-anchored)"
2025-26,29,225,James,D,0.98,1.0,1.6,1.6,"good (transfers exact, EO-anchored)"
2025-26,29,226,Chalobah,D,0.98,4.0,1.6,6.2,"good (transfers exact, EO-anchored)"
2025-26,29,232,Tosin,D,0.0,0.66,0.0,1.0,"good (transfers exact, EO-anchored)"
2025-26,29,235,Palmer,M,0.19,3.58,0.3,5.6,"good (transfers exact, EO-anchored)"
2025-26,29,237,Enzo,M,14.15,12.78,22.5,20.0,"good (transfers exact, EO-anchored)"
2025-26,29,242,Dewsbury-Hall,M,0.0,2.66,0.0,4.2,"good (transfers exact, EO-anchored)"
2025-26,29,249,João Pedro,F,0.64,3.74,1.0,5.8,"good (transfers exact, EO-anchored)"
2025-26,29,252,Marc Guiu,F,17.11,2.52,27.2,3.9,"good (transfers exact, EO-anchored)"
2025-26,29,256,Muñoz,D,13.11,11.87,20.8,18.5,"good (transfers exact, EO-anchored)"
2025-26,29,257,Lacroix,D,9.22,0.0,14.6,0.0,"good (transfers exact, EO-anchored)"
2025-26,29,260,Guéhi,D,0.0,3.0,0.0,4.7,"good (transfers exact, EO-anchored)"
2025-26,29,261,Richards,D,2.21,9.3,3.5,14.5,"good (transfers exact, EO-anchored)"
2025-26,29,267,Sarr,M,3.01,8.0,4.8,12.5,"good (transfers exact, EO-anchored)"
2025-26,29,276,Devenny,M,0.0,1.0,0.0,1.6,"good (transfers exact, EO-anchored)"
2025-26,29,283,Mateta,F,1.46,0.66,2.3,1.0,"good (transfers exact, EO-anchored)"
2025-26,29,287,Pickford,G,0.0,1.42,0.0,2.2,"good (transfers exact, EO-anchored)"
2025-26,29,291,Tarkowski,D,20.38,4.62,32.3,7.2,"good (transfers exact, EO-anchored)"
2025-26,29,295,Keane,D,0.0,2.69,0.0,4.2,"good (transfers exact, EO-anchored)"
2025-26,29,299,Ndiaye,M,20.85,5.7,33.1,8.9,"good (transfers exact, EO-anchored)"
2025-26,29,303,Garner,M,0.0,0.91,0.0,1.4,"good (transfers exact, EO-anchored)"
2025-26,29,317,Andersen,D,57.91,36.16,91.9,56.5,"good (transfers exact, EO-anchored)"
2025-26,29,329,Wilson,M,11.81,34.78,18.7,54.3,"good (transfers exact, EO-anchored)"
2025-26,29,337,Raúl,F,1.97,0.08,3.1,0.1,"good (transfers exact, EO-anchored)"
2025-26,29,338,Muniz,F,0.51,0.0,0.8,0.0,"good (transfers exact, EO-anchored)"
2025-26,29,343,Struijk,D,2.0,1.0,3.2,1.6,"good (transfers exact, EO-anchored)"
2025-26,29,347,Gudmundsson,D,0.98,2.39,1.6,3.7,"good (transfers exact, EO-anchored)"
2025-26,29,348,Rodon,D,3.29,6.82,5.2,10.7,"good (transfers exact, EO-anchored)"
2025-26,29,366,A.Becker,G,0.0,0.92,0.0,1.4,"good (transfers exact, EO-anchored)"
2025-26,29,367,Mamardashvili,G,0.0,0.94,0.0,1.5,"good (transfers exact, EO-anchored)"
2025-26,29,373,Virgil,D,59.09,41.87,93.8,65.4,"good (transfers exact, EO-anchored)"
2025-26,29,374,Konaté,D,0.0,1.0,0.0,1.6,"good (transfers exact, EO-anchored)"
2025-26,29,381,M.Salah,M,13.06,3.09,20.7,4.8,"good (transfers exact, EO-anchored)"
2025-26,29,382,Wirtz,M,2.78,2.21,4.4,3.5,"good (transfers exact, EO-anchored)"
2025-26,29,384,Gakpo,M,1.13,0.0,1.8,0.0,"good (transfers exact, EO-anchored)"
2025-26,29,387,Szoboszlai,M,41.21,15.09,65.4,23.6,"good (transfers exact, EO-anchored)"
2025-26,29,389,Elliott,M,0.07,0.0,0.1,0.0,"good (transfers exact, EO-anchored)"
2025-26,29,402,Aït-Nouri,D,0.0,0.39,0.0,0.6,"good (transfers exact, EO-anchored)"
2025-26,29,407,Matheus N.,D,0.0,1.0,0.0,1.6,"good (transfers exact, EO-anchored)"
2025-26,29,411,O'Reilly,D,2.66,11.66,4.2,18.2,"good (transfers exact, EO-anchored)"
2025-26,29,413,Marmoush,M,0.0,0.09,0.0,0.1,"good (transfers exact, EO-anchored)"
2025-26,29,414,Foden,M,0.0,0.7,0.0,1.1,"good (transfers exact, EO-anchored)"
2025-26,29,417,Cherki,M,0.0,1.22,0.0,1.9,"good (transfers exact, EO-anchored)"
2025-26,29,427,Reijnders,M,0.0,0.64,0.0,1.0,"good (transfers exact, EO-anchored)"
2025-26,29,430,Haaland,F,51.12,61.2,81.1,95.6,"good (transfers exact, EO-anchored)"
2025-26,29,440,Dalot,D,0.0,2.49,0.0,3.9,"good (transfers exact, EO-anchored)"
2025-26,29,441,Dorgu,D,1.56,2.05,2.5,3.2,"good (transfers exact, EO-anchored)"
2025-26,29,442,Maguire,D,0.98,0.6,1.6,0.9,"good (transfers exact, EO-anchored)"
2025-26,29,444,Yoro,D,0.0,1.0,0.0,1.6,"good (transfers exact, EO-anchored)"
2025-26,29,449,B.Fernandes,M,63.0,63.5,100.0,99.2,"good (transfers exact, EO-anchored)"
2025-26,29,450,Cunha,M,0.45,1.66,0.7,2.6,"good (transfers exact, EO-anchored)"
2025-26,29,467,Obi,F,0.66,0.0,1.0,0.0,"good (transfers exact, EO-anchored)"
2025-26,29,469,Pope,G,0.0,0.93,0.0,1.5,"good (transfers exact, EO-anchored)"
2025-26,29,470,Dúbravka,G,51.6,43.77,81.9,68.4,"good (transfers exact, EO-anchored)"
2025-26,29,473,Hall,D,9.84,5.85,15.6,9.1,"good (transfers exact, EO-anchored)"
2025-26,29,485,Gordon,M,1.99,2.04,3.2,3.2,"good (transfers exact, EO-anchored)"
2025-26,29,487,Barnes,M,0.86,1.0,1.4,1.6,"good (transfers exact, EO-anchored)"
2025-26,29,491,Tonali,M,0.07,0.09,0.1,0.1,"good (transfers exact, EO-anchored)"
2025-26,29,502,Sels,G,0.0,5.76,0.0,9.0,"good (transfers exact, EO-anchored)"
2025-26,29,505,Milenković,D,0.05,0.69,0.1,1.1,"good (transfers exact, EO-anchored)"
2025-26,29,506,Murillo,D,1.23,2.15,2.0,3.4,"good (transfers exact, EO-anchored)"
2025-26,29,508,N.Williams,D,0.19,1.81,0.3,2.8,"good (transfers exact, EO-anchored)"
2025-26,29,517,Anderson,M,24.32,16.96,38.6,26.5,"good (transfers exact, EO-anchored)"
2025-26,29,525,Wood,F,0.16,0.1,0.3,0.2,"good (transfers exact, EO-anchored)"
2025-26,29,547,E.Le Fée,M,5.88,3.71,9.3,5.8,"good (transfers exact, EO-anchored)"
2025-26,29,565,Vicario,G,1.05,1.47,1.7,2.3,"good (transfers exact, EO-anchored)"
2025-26,29,568,Pedro Porro,D,2.09,4.21,3.3,6.6,"good (transfers exact, EO-anchored)"
2025-26,29,569,Romero,D,0.2,0.0,0.3,0.0,"good (transfers exact, EO-anchored)"
2025-26,29,575,Van de Ven,D,0.05,1.95,0.1,3.0,"good (transfers exact, EO-anchored)"
2025-26,29,580,Johnson,M,0.0,0.07,0.0,0.1,"good (transfers exact, EO-anchored)"
2025-26,29,582,Kudus,M,0.0,0.23,0.0,0.4,"good (transfers exact, EO-anchored)"
2025-26,29,593,P.M.Sarr,M,0.0,0.09,0.0,0.1,"good (transfers exact, EO-anchored)"
2025-26,29,597,Richarlison,F,0.1,0.07,0.2,0.1,"good (transfers exact, EO-anchored)"
2025-26,29,603,Diouf,D,0.0,0.79,0.0,1.2,"good (transfers exact, EO-anchored)"
2025-26,29,623,Potts,M,0.0,1.38,0.0,2.2,"good (transfers exact, EO-anchored)"
2025-26,29,624,Bowen,F,2.95,2.32,4.7,3.6,"good (transfers exact, EO-anchored)"
2025-26,29,625,Füllkrug,F,0.0,0.32,0.0,0.5,"good (transfers exact, EO-anchored)"
2025-26,29,628,José Sá,G,1.97,2.7,3.1,4.2,"good (transfers exact, EO-anchored)"
2025-26,29,631,Agbadou,D,0.39,0.43,0.6,0.7,"good (transfers exact, EO-anchored)"
2025-26,29,652,Gonzalez,M,0.0,0.09,0.0,0.1,"good (transfers exact, EO-anchored)"
2025-26,29,654,Strand Larsen,F,3.59,1.52,5.7,2.4,"good (transfers exact, EO-anchored)"
2025-26,29,661,Ekitiké,F,21.67,46.78,34.4,73.1,"good (transfers exact, EO-anchored)"
2025-26,29,665,Perri,G,0.13,0.0,0.2,0.0,"good (transfers exact, EO-anchored)"
2025-26,29,670,Roefs,G,0.0,1.95,0.0,3.0,"good (transfers exact, EO-anchored)"
2025-26,29,683,Alderete,D,4.74,14.42,7.5,22.5,"good (transfers exact, EO-anchored)"
2025-26,29,684,Thiaw,D,3.71,3.89,5.9,6.1,"good (transfers exact, EO-anchored)"
2025-26,29,691,Calvert-Lewin,F,11.64,1.0,18.5,1.6,"good (transfers exact, EO-anchored)"
2025-26,29,694,Mukiele,D,6.56,11.62,10.4,18.2,"good (transfers exact, EO-anchored)"
2025-26,29,706,Justin,D,0.0,1.0,0.0,1.6,"good (transfers exact, EO-anchored)"
2025-26,29,714,Woltemade,F,0.03,0.23,0.0,0.4,"good (transfers exact, EO-anchored)"
2025-26,29,749,Mané,F,3.94,4.82,6.3,7.5,"good (transfers exact, EO-anchored)"
2025-26,29,807,Rayan,M,0.0,2.0,0.0,3.1,"good (transfers exact, EO-anchored)"
2025-26,29,817,Armstrong,F,0.97,0.0,1.5,0.0,"good (transfers exact, EO-anchored)"
2025-26,30,1,Raya,G,59.17,35.23,93.9,55.0,"good (transfers exact, EO-anchored)"
2025-26,30,5,Gabriel,D,62.02,62.98,98.4,98.4,"good (transfers exact, EO-anchored)"
2025-26,30,7,Calafiori,D,0.13,0.0,0.2,0.0,"good (transfers exact, EO-anchored)"
2025-26,30,8,J.Timber,D,29.28,23.82,46.5,37.2,"good (transfers exact, EO-anchored)"
2025-26,30,16,Saka,M,0.0,1.7,0.0,2.7,"good (transfers exact, EO-anchored)"
2025-26,30,21,Rice,M,14.53,16.82,23.1,26.3,"good (transfers exact, EO-anchored)"
2025-26,30,32,Martinez,G,0.0,0.78,0.0,1.2,"good (transfers exact, EO-anchored)"
2025-26,30,33,M.Bizot,G,0.0,0.48,0.0,0.8,"good (transfers exact, EO-anchored)"
2025-26,30,36,Cash,D,0.0,0.62,0.0,1.0,"good (transfers exact, EO-anchored)"
2025-26,30,38,Konsa,D,0.0,1.22,0.0,1.9,"good (transfers exact, EO-anchored)"
2025-26,30,47,Rogers,M,0.0,22.66,0.0,35.4,"good (transfers exact, EO-anchored)"
2025-26,30,48,Tielemans,M,0.57,0.23,0.9,0.4,"good (transfers exact, EO-anchored)"
2025-26,30,64,Watkins,F,1.92,4.34,3.0,6.8,"good (transfers exact, EO-anchored)"
2025-26,30,67,Petrović,G,2.61,1.66,4.1,2.6,"good (transfers exact, EO-anchored)"
2025-26,30,72,Senesi,D,14.64,11.74,23.2,18.3,"good (transfers exact, EO-anchored)"
2025-26,30,74,Truffert,D,0.0,0.31,0.0,0.5,"good (transfers exact, EO-anchored)"
2025-26,30,77,Hill,D,0.98,17.5,1.6,27.3,"good (transfers exact, EO-anchored)"
2025-26,30,82,Semenyo,M,0.97,13.24,1.5,20.7,"good (transfers exact, EO-anchored)"
2025-26,30,83,O.Dango,M,40.45,32.99,64.2,51.5,"good (transfers exact, EO-anchored)"
2025-26,30,84,Tavernier,M,26.25,13.58,41.7,21.2,"good (transfers exact, EO-anchored)"
2025-26,30,97,Evanilson,F,2.97,0.0,4.7,0.0,"good (transfers exact, EO-anchored)"
2025-26,30,100,Kroupi.Jr,F,2.82,3.42,4.5,5.3,"good (transfers exact, EO-anchored)"
2025-26,30,101,Kelleher,G,1.67,5.49,2.7,8.6,"good (transfers exact, EO-anchored)"
2025-26,30,105,Valdimarsson,G,0.0,0.48,0.0,0.8,"good (transfers exact, EO-anchored)"
2025-26,30,106,Collins,D,2.94,1.94,4.7,3.0,"good (transfers exact, EO-anchored)"
2025-26,30,108,Ajer,D,0.98,0.0,1.6,0.0,"good (transfers exact, EO-anchored)"
2025-26,30,119,Mbeumo,M,21.69,26.74,34.4,41.8,"good (transfers exact, EO-anchored)"
2025-26,30,120,Schade,M,4.74,1.0,7.5,1.6,"good (transfers exact, EO-anchored)"
2025-26,30,123,Carvalho,M,0.0,0.09,0.0,0.1,"good (transfers exact, EO-anchored)"
2025-26,30,136,Thiago,F,60.81,63.02,96.5,98.5,"good (transfers exact, EO-anchored)"
2025-26,30,139,Verbruggen,G,3.29,11.17,5.2,17.5,"good (transfers exact, EO-anchored)"
2025-26,30,145,De Cuyper,D,0.0,0.83,0.0,1.3,"good (transfers exact, EO-anchored)"
2025-26,30,151,Van Hecke,D,0.81,1.34,1.3,2.1,"good (transfers exact, EO-anchored)"
2025-26,30,157,Mitoma,M,0.0,0.09,0.0,0.1,"good (transfers exact, EO-anchored)"
2025-26,30,158,Georginio,M,0.8,0.27,1.3,0.4,"good (transfers exact, EO-anchored)"
2025-26,30,160,Minteh,M,0.0,0.35,0.0,0.5,"good (transfers exact, EO-anchored)"
2025-26,30,190,Ekdal,D,0.0,0.15,0.0,0.2,"good (transfers exact, EO-anchored)"
2025-26,30,191,Estève,D,1.76,6.9,2.8,10.8,"good (transfers exact, EO-anchored)"
2025-26,30,192,Hartman,D,0.0,0.17,0.0,0.3,"good (transfers exact, EO-anchored)"
2025-26,30,220,Sánchez,G,4.69,12.94,7.4,20.2,"good (transfers exact, EO-anchored)"
2025-26,30,225,James,D,0.98,1.0,1.6,1.6,"good (transfers exact, EO-anchored)"
2025-26,30,226,Chalobah,D,0.98,4.0,1.6,6.2,"good (transfers exact, EO-anchored)"
2025-26,30,232,Tosin,D,0.0,0.66,0.0,1.0,"good (transfers exact, EO-anchored)"
2025-26,30,235,Palmer,M,0.19,5.58,0.3,8.7,"good (transfers exact, EO-anchored)"
2025-26,30,237,Enzo,M,13.15,9.78,20.9,15.3,"good (transfers exact, EO-anchored)"
2025-26,30,242,Dewsbury-Hall,M,0.0,2.66,0.0,4.2,"good (transfers exact, EO-anchored)"
2025-26,30,249,João Pedro,F,8.64,9.74,13.7,15.2,"good (transfers exact, EO-anchored)"
2025-26,30,252,Marc Guiu,F,17.11,1.52,27.2,2.4,"good (transfers exact, EO-anchored)"
2025-26,30,256,Muñoz,D,12.11,7.87,19.2,12.3,"good (transfers exact, EO-anchored)"
2025-26,30,257,Lacroix,D,9.22,0.0,14.6,0.0,"good (transfers exact, EO-anchored)"
2025-26,30,260,Guéhi,D,0.0,3.0,0.0,4.7,"good (transfers exact, EO-anchored)"
2025-26,30,261,Richards,D,2.21,9.3,3.5,14.5,"good (transfers exact, EO-anchored)"
2025-26,30,267,Sarr,M,3.01,8.0,4.8,12.5,"good (transfers exact, EO-anchored)"
2025-26,30,276,Devenny,M,0.0,1.0,0.0,1.6,"good (transfers exact, EO-anchored)"
2025-26,30,283,Mateta,F,1.46,0.66,2.3,1.0,"good (transfers exact, EO-anchored)"
2025-26,30,287,Pickford,G,0.0,1.42,0.0,2.2,"good (transfers exact, EO-anchored)"
2025-26,30,291,Tarkowski,D,19.38,3.62,30.8,5.7,"good (transfers exact, EO-anchored)"
2025-26,30,295,Keane,D,0.0,1.69,0.0,2.6,"good (transfers exact, EO-anchored)"
2025-26,30,299,Ndiaye,M,14.85,3.7,23.6,5.8,"good (transfers exact, EO-anchored)"
2025-26,30,303,Garner,M,0.0,0.91,0.0,1.4,"good (transfers exact, EO-anchored)"
2025-26,30,317,Andersen,D,57.91,36.16,91.9,56.5,"good (transfers exact, EO-anchored)"
2025-26,30,322,Tete,D,1.0,0.01,1.6,0.0,"good (transfers exact, EO-anchored)"
2025-26,30,329,Wilson,M,10.81,35.78,17.2,55.9,"good (transfers exact, EO-anchored)"
2025-26,30,337,Raúl,F,1.97,0.08,3.1,0.1,"good (transfers exact, EO-anchored)"
2025-26,30,338,Muniz,F,0.51,0.0,0.8,0.0,"good (transfers exact, EO-anchored)"
2025-26,30,341,Darlow,G,0.0,1.0,0.0,1.6,"good (transfers exact, EO-anchored)"
2025-26,30,343,Struijk,D,2.0,1.0,3.2,1.6,"good (transfers exact, EO-anchored)"
2025-26,30,347,Gudmundsson,D,0.98,2.39,1.6,3.7,"good (transfers exact, EO-anchored)"
2025-26,30,348,Rodon,D,3.29,7.82,5.2,12.2,"good (transfers exact, EO-anchored)"
2025-26,30,366,A.Becker,G,0.0,0.92,0.0,1.4,"good (transfers exact, EO-anchored)"
2025-26,30,367,Mamardashvili,G,0.0,0.94,0.0,1.5,"good (transfers exact, EO-anchored)"
2025-26,30,373,Virgil,D,59.09,46.87,93.8,73.2,"good (transfers exact, EO-anchored)"
2025-26,30,374,Konaté,D,0.0,1.0,0.0,1.6,"good (transfers exact, EO-anchored)"
2025-26,30,381,M.Salah,M,29.06,11.09,46.1,17.3,"good (transfers exact, EO-anchored)"
2025-26,30,382,Wirtz,M,2.78,3.21,4.4,5.0,"good (transfers exact, EO-anchored)"
2025-26,30,384,Gakpo,M,1.13,0.0,1.8,0.0,"good (transfers exact, EO-anchored)"
2025-26,30,387,Szoboszlai,M,40.21,15.09,63.8,23.6,"good (transfers exact, EO-anchored)"
2025-26,30,389,Elliott,M,0.07,0.0,0.1,0.0,"good (transfers exact, EO-anchored)"
2025-26,30,402,Aït-Nouri,D,0.0,0.39,0.0,0.6,"good (transfers exact, EO-anchored)"
2025-26,30,407,Matheus N.,D,0.0,1.0,0.0,1.6,"good (transfers exact, EO-anchored)"
2025-26,30,411,O'Reilly,D,2.66,10.66,4.2,16.7,"good (transfers exact, EO-anchored)"
2025-26,30,413,Marmoush,M,0.0,0.09,0.0,0.1,"good (transfers exact, EO-anchored)"
2025-26,30,414,Foden,M,0.0,0.7,0.0,1.1,"good (transfers exact, EO-anchored)"
2025-26,30,417,Cherki,M,0.0,1.22,0.0,1.9,"good (transfers exact, EO-anchored)"
2025-26,30,427,Reijnders,M,0.0,0.64,0.0,1.0,"good (transfers exact, EO-anchored)"
2025-26,30,430,Haaland,F,35.12,48.2,55.7,75.3,"good (transfers exact, EO-anchored)"
2025-26,30,440,Dalot,D,0.0,2.49,0.0,3.9,"good (transfers exact, EO-anchored)"
2025-26,30,441,Dorgu,D,1.56,2.05,2.5,3.2,"good (transfers exact, EO-anchored)"
2025-26,30,442,Maguire,D,0.98,0.6,1.6,0.9,"good (transfers exact, EO-anchored)"
2025-26,30,444,Yoro,D,0.0,1.0,0.0,1.6,"good (transfers exact, EO-anchored)"
2025-26,30,449,B.Fernandes,M,63.0,63.5,100.0,99.2,"good (transfers exact, EO-anchored)"
2025-26,30,450,Cunha,M,0.45,1.66,0.7,2.6,"good (transfers exact, EO-anchored)"
2025-26,30,467,Obi,F,0.66,0.0,1.0,0.0,"good (transfers exact, EO-anchored)"
2025-26,30,469,Pope,G,0.0,0.93,0.0,1.5,"good (transfers exact, EO-anchored)"
2025-26,30,470,Dúbravka,G,51.6,43.77,81.9,68.4,"good (transfers exact, EO-anchored)"
2025-26,30,473,Hall,D,9.84,5.85,15.6,9.1,"good (transfers exact, EO-anchored)"
2025-26,30,485,Gordon,M,1.99,2.04,3.2,3.2,"good (transfers exact, EO-anchored)"
2025-26,30,487,Barnes,M,0.86,0.0,1.4,0.0,"good (transfers exact, EO-anchored)"
2025-26,30,491,Tonali,M,0.07,0.09,0.1,0.1,"good (transfers exact, EO-anchored)"
2025-26,30,502,Sels,G,0.0,5.76,0.0,9.0,"good (transfers exact, EO-anchored)"
2025-26,30,505,Milenković,D,0.05,0.69,0.1,1.1,"good (transfers exact, EO-anchored)"
2025-26,30,506,Murillo,D,1.23,2.15,2.0,3.4,"good (transfers exact, EO-anchored)"
2025-26,30,508,N.Williams,D,0.19,1.81,0.3,2.8,"good (transfers exact, EO-anchored)"
2025-26,30,517,Anderson,M,24.32,17.96,38.6,28.1,"good (transfers exact, EO-anchored)"
2025-26,30,525,Wood,F,0.16,0.1,0.3,0.2,"good (transfers exact, EO-anchored)"
2025-26,30,547,E.Le Fée,M,1.88,2.71,3.0,4.2,"good (transfers exact, EO-anchored)"
2025-26,30,565,Vicario,G,1.05,1.47,1.7,2.3,"good (transfers exact, EO-anchored)"
2025-26,30,568,Pedro Porro,D,2.09,4.21,3.3,6.6,"good (transfers exact, EO-anchored)"
2025-26,30,569,Romero,D,0.2,0.0,0.3,0.0,"good (transfers exact, EO-anchored)"
2025-26,30,575,Van de Ven,D,0.05,0.95,0.1,1.5,"good (transfers exact, EO-anchored)"
2025-26,30,580,Johnson,M,0.0,0.07,0.0,0.1,"good (transfers exact, EO-anchored)"
2025-26,30,582,Kudus,M,0.0,0.23,0.0,0.4,"good (transfers exact, EO-anchored)"
2025-26,30,593,P.M.Sarr,M,0.0,0.09,0.0,0.1,"good (transfers exact, EO-anchored)"
2025-26,30,597,Richarlison,F,0.1,0.07,0.2,0.1,"good (transfers exact, EO-anchored)"
2025-26,30,603,Diouf,D,0.0,0.79,0.0,1.2,"good (transfers exact, EO-anchored)"
2025-26,30,623,Potts,M,0.0,0.38,0.0,0.6,"good (transfers exact, EO-anchored)"
2025-26,30,624,Bowen,F,4.95,2.32,7.9,3.6,"good (transfers exact, EO-anchored)"
2025-26,30,625,Füllkrug,F,0.0,0.32,0.0,0.5,"good (transfers exact, EO-anchored)"
2025-26,30,628,José Sá,G,1.97,2.7,3.1,4.2,"good (transfers exact, EO-anchored)"
2025-26,30,631,Agbadou,D,0.39,0.43,0.6,0.7,"good (transfers exact, EO-anchored)"
2025-26,30,652,Gonzalez,M,0.0,0.09,0.0,0.1,"good (transfers exact, EO-anchored)"
2025-26,30,654,Strand Larsen,F,3.59,1.52,5.7,2.4,"good (transfers exact, EO-anchored)"
2025-26,30,661,Ekitiké,F,24.67,52.78,39.2,82.5,"good (transfers exact, EO-anchored)"
2025-26,30,665,Perri,G,0.13,0.0,0.2,0.0,"good (transfers exact, EO-anchored)"
2025-26,30,670,Roefs,G,0.0,1.95,0.0,3.0,"good (transfers exact, EO-anchored)"
2025-26,30,683,Alderete,D,4.74,14.42,7.5,22.5,"good (transfers exact, EO-anchored)"
2025-26,30,684,Thiaw,D,3.71,3.89,5.9,6.1,"good (transfers exact, EO-anchored)"
2025-26,30,691,Calvert-Lewin,F,13.64,2.0,21.7,3.1,"good (transfers exact, EO-anchored)"
2025-26,30,694,Mukiele,D,4.56,9.62,7.2,15.0,"good (transfers exact, EO-anchored)"
2025-26,30,706,Justin,D,0.0,1.0,0.0,1.6,"good (transfers exact, EO-anchored)"
2025-26,30,714,Woltemade,F,0.03,0.23,0.0,0.4,"good (transfers exact, EO-anchored)"
2025-26,30,749,Mané,F,3.94,2.82,6.3,4.4,"good (transfers exact, EO-anchored)"
2025-26,30,807,Rayan,M,0.0,2.0,0.0,3.1,"good (transfers exact, EO-anchored)"
2025-26,30,817,Armstrong,F,0.97,0.0,1.5,0.0,"good (transfers exact, EO-anchored)"
2025-26,31,1,Raya,G,58.17,35.23,92.3,55.0,"good (transfers exact, EO-anchored)"
2025-26,31,5,Gabriel,D,62.02,62.98,98.4,98.4,"good (transfers exact, EO-anchored)"
2025-26,31,7,Calafiori,D,0.13,0.0,0.2,0.0,"good (transfers exact, EO-anchored)"
2025-26,31,8,J.Timber,D,17.28,8.82,27.4,13.8,"good (transfers exact, EO-anchored)"
2025-26,31,16,Saka,M,0.0,1.7,0.0,2.7,"good (transfers exact, EO-anchored)"
2025-26,31,21,Rice,M,1.53,2.82,2.4,4.4,"good (transfers exact, EO-anchored)"
2025-26,31,32,Martinez,G,0.0,0.78,0.0,1.2,"good (transfers exact, EO-anchored)"
2025-26,31,33,M.Bizot,G,0.0,0.48,0.0,0.8,"good (transfers exact, EO-anchored)"
2025-26,31,36,Cash,D,0.0,0.62,0.0,1.0,"good (transfers exact, EO-anchored)"
2025-26,31,38,Konsa,D,0.0,1.22,0.0,1.9,"good (transfers exact, EO-anchored)"
2025-26,31,47,Rogers,M,0.0,23.66,0.0,37.0,"good (transfers exact, EO-anchored)"
2025-26,31,48,Tielemans,M,0.57,0.23,0.9,0.4,"good (transfers exact, EO-anchored)"
2025-26,31,64,Watkins,F,1.92,4.34,3.0,6.8,"good (transfers exact, EO-anchored)"
2025-26,31,67,Petrović,G,2.61,1.66,4.1,2.6,"good (transfers exact, EO-anchored)"
2025-26,31,72,Senesi,D,14.64,11.74,23.2,18.3,"good (transfers exact, EO-anchored)"
2025-26,31,74,Truffert,D,0.0,0.31,0.0,0.5,"good (transfers exact, EO-anchored)"
2025-26,31,77,Hill,D,0.98,17.5,1.6,27.3,"good (transfers exact, EO-anchored)"
2025-26,31,82,Semenyo,M,0.0,7.24,0.0,11.3,"good (transfers exact, EO-anchored)"
2025-26,31,83,O.Dango,M,40.45,32.99,64.2,51.5,"good (transfers exact, EO-anchored)"
2025-26,31,84,Tavernier,M,26.25,12.58,41.7,19.7,"good (transfers exact, EO-anchored)"
2025-26,31,97,Evanilson,F,2.97,0.0,4.7,0.0,"good (transfers exact, EO-anchored)"
2025-26,31,100,Kroupi.Jr,F,2.82,1.42,4.5,2.2,"good (transfers exact, EO-anchored)"
2025-26,31,101,Kelleher,G,1.67,5.49,2.7,8.6,"good (transfers exact, EO-anchored)"
2025-26,31,105,Valdimarsson,G,0.0,0.48,0.0,0.8,"good (transfers exact, EO-anchored)"
2025-26,31,106,Collins,D,2.94,1.94,4.7,3.0,"good (transfers exact, EO-anchored)"
2025-26,31,119,Mbeumo,M,21.69,26.74,34.4,41.8,"good (transfers exact, EO-anchored)"
2025-26,31,120,Schade,M,4.74,1.0,7.5,1.6,"good (transfers exact, EO-anchored)"
2025-26,31,123,Carvalho,M,0.0,0.09,0.0,0.1,"good (transfers exact, EO-anchored)"
2025-26,31,136,Thiago,F,60.81,63.02,96.5,98.5,"good (transfers exact, EO-anchored)"
2025-26,31,139,Verbruggen,G,3.29,11.17,5.2,17.5,"good (transfers exact, EO-anchored)"
2025-26,31,145,De Cuyper,D,0.0,0.83,0.0,1.3,"good (transfers exact, EO-anchored)"
2025-26,31,151,Van Hecke,D,0.81,1.34,1.3,2.1,"good (transfers exact, EO-anchored)"
2025-26,31,157,Mitoma,M,0.0,0.09,0.0,0.1,"good (transfers exact, EO-anchored)"
2025-26,31,158,Georginio,M,0.8,0.27,1.3,0.4,"good (transfers exact, EO-anchored)"
2025-26,31,160,Minteh,M,0.0,0.35,0.0,0.5,"good (transfers exact, EO-anchored)"
2025-26,31,190,Ekdal,D,0.0,0.15,0.0,0.2,"good (transfers exact, EO-anchored)"
2025-26,31,191,Estève,D,1.76,6.9,2.8,10.8,"good (transfers exact, EO-anchored)"
2025-26,31,192,Hartman,D,0.0,0.17,0.0,0.3,"good (transfers exact, EO-anchored)"
2025-26,31,220,Sánchez,G,4.69,12.94,7.4,20.2,"good (transfers exact, EO-anchored)"
2025-26,31,232,Tosin,D,0.0,0.66,0.0,1.0,"good (transfers exact, EO-anchored)"
2025-26,31,235,Palmer,M,3.19,7.58,5.1,11.8,"good (transfers exact, EO-anchored)"
2025-26,31,237,Enzo,M,13.15,9.78,20.9,15.3,"good (transfers exact, EO-anchored)"
2025-26,31,242,Dewsbury-Hall,M,0.0,2.66,0.0,4.2,"good (transfers exact, EO-anchored)"
2025-26,31,249,João Pedro,F,9.64,10.74,15.3,16.8,"good (transfers exact, EO-anchored)"
2025-26,31,252,Marc Guiu,F,14.11,1.52,22.4,2.4,"good (transfers exact, EO-anchored)"
2025-26,31,256,Muñoz,D,2.11,2.87,3.3,4.5,"good (transfers exact, EO-anchored)"
2025-26,31,257,Lacroix,D,4.22,0.0,6.7,0.0,"good (transfers exact, EO-anchored)"
2025-26,31,261,Richards,D,1.21,7.3,1.9,11.4,"good (transfers exact, EO-anchored)"
2025-26,31,267,Sarr,M,2.01,5.0,3.2,7.8,"good (transfers exact, EO-anchored)"
2025-26,31,283,Mateta,F,1.46,0.66,2.3,1.0,"good (transfers exact, EO-anchored)"
2025-26,31,287,Pickford,G,0.0,1.42,0.0,2.2,"good (transfers exact, EO-anchored)"
2025-26,31,291,Tarkowski,D,18.38,3.62,29.2,5.7,"good (transfers exact, EO-anchored)"
2025-26,31,295,Keane,D,0.0,1.69,0.0,2.6,"good (transfers exact, EO-anchored)"
2025-26,31,299,Ndiaye,M,14.85,3.7,23.6,5.8,"good (transfers exact, EO-anchored)"
2025-26,31,303,Garner,M,0.0,0.91,0.0,1.4,"good (transfers exact, EO-anchored)"
2025-26,31,314,Leno,G,1.0,0.0,1.6,0.0,"good (transfers exact, EO-anchored)"
2025-26,31,317,Andersen,D,61.91,46.16,98.3,72.1,"good (transfers exact, EO-anchored)"
2025-26,31,322,Tete,D,2.0,0.01,3.2,0.0,"good (transfers exact, EO-anchored)"
2025-26,31,329,Wilson,M,23.81,45.78,37.8,71.5,"good (transfers exact, EO-anchored)"
2025-26,31,337,Raúl,F,1.97,1.08,3.1,1.7,"good (transfers exact, EO-anchored)"
2025-26,31,338,Muniz,F,0.51,0.0,0.8,0.0,"good (transfers exact, EO-anchored)"
2025-26,31,341,Darlow,G,0.0,1.0,0.0,1.6,"good (transfers exact, EO-anchored)"
2025-26,31,343,Struijk,D,2.0,1.0,3.2,1.6,"good (transfers exact, EO-anchored)"
2025-26,31,347,Gudmundsson,D,0.0,1.39,0.0,2.2,"good (transfers exact, EO-anchored)"
2025-26,31,348,Rodon,D,3.29,7.82,5.2,12.2,"good (transfers exact, EO-anchored)"
2025-26,31,366,A.Becker,G,0.0,0.92,0.0,1.4,"good (transfers exact, EO-anchored)"
2025-26,31,367,Mamardashvili,G,0.0,0.94,0.0,1.5,"good (transfers exact, EO-anchored)"
2025-26,31,373,Virgil,D,59.09,46.87,93.8,73.2,"good (transfers exact, EO-anchored)"
2025-26,31,374,Konaté,D,0.0,1.0,0.0,1.6,"good (transfers exact, EO-anchored)"
2025-26,31,381,M.Salah,M,7.06,3.09,11.2,4.8,"good (transfers exact, EO-anchored)"
2025-26,31,382,Wirtz,M,2.78,4.21,4.4,6.6,"good (transfers exact, EO-anchored)"
2025-26,31,384,Gakpo,M,1.13,0.0,1.8,0.0,"good (transfers exact, EO-anchored)"
2025-26,31,387,Szoboszlai,M,40.21,16.09,63.8,25.1,"good (transfers exact, EO-anchored)"
2025-26,31,389,Elliott,M,0.07,0.0,0.1,0.0,"good (transfers exact, EO-anchored)"
2025-26,31,402,Aït-Nouri,D,0.0,0.39,0.0,0.6,"good (transfers exact, EO-anchored)"
2025-26,31,411,O'Reilly,D,1.66,5.66,2.6,8.8,"good (transfers exact, EO-anchored)"
2025-26,31,413,Marmoush,M,0.0,0.09,0.0,0.1,"good (transfers exact, EO-anchored)"
2025-26,31,414,Foden,M,0.0,0.7,0.0,1.1,"good (transfers exact, EO-anchored)"
2025-26,31,417,Cherki,M,0.0,1.22,0.0,1.9,"good (transfers exact, EO-anchored)"
2025-26,31,427,Reijnders,M,0.0,0.64,0.0,1.0,"good (transfers exact, EO-anchored)"
2025-26,31,430,Haaland,F,32.12,44.2,51.0,69.1,"good (transfers exact, EO-anchored)"
2025-26,31,440,Dalot,D,0.0,1.49,0.0,2.3,"good (transfers exact, EO-anchored)"
2025-26,31,441,Dorgu,D,0.56,1.05,0.9,1.6,"good (transfers exact, EO-anchored)"
2025-26,31,442,Maguire,D,0.98,1.6,1.6,2.5,"good (transfers exact, EO-anchored)"
2025-26,31,444,Yoro,D,0.0,1.0,0.0,1.6,"good (transfers exact, EO-anchored)"
2025-26,31,449,B.Fernandes,M,63.0,63.5,100.0,99.2,"good (transfers exact, EO-anchored)"
2025-26,31,450,Cunha,M,0.45,1.66,0.7,2.6,"good (transfers exact, EO-anchored)"
2025-26,31,467,Obi,F,0.66,0.0,1.0,0.0,"good (transfers exact, EO-anchored)"
2025-26,31,469,Pope,G,0.0,0.93,0.0,1.5,"good (transfers exact, EO-anchored)"
2025-26,31,470,Dúbravka,G,51.6,43.77,81.9,68.4,"good (transfers exact, EO-anchored)"
2025-26,31,473,Hall,D,20.84,10.85,33.1,17.0,"good (transfers exact, EO-anchored)"
2025-26,31,485,Gordon,M,22.99,19.04,36.5,29.8,"good (transfers exact, EO-anchored)"
2025-26,31,487,Barnes,M,0.86,0.0,1.4,0.0,"good (transfers exact, EO-anchored)"
2025-26,31,491,Tonali,M,0.07,0.09,0.1,0.1,"good (transfers exact, EO-anchored)"
2025-26,31,502,Sels,G,0.0,5.76,0.0,9.0,"good (transfers exact, EO-anchored)"
2025-26,31,505,Milenković,D,0.05,0.69,0.1,1.1,"good (transfers exact, EO-anchored)"
2025-26,31,506,Murillo,D,1.23,2.15,2.0,3.4,"good (transfers exact, EO-anchored)"
2025-26,31,508,N.Williams,D,0.19,1.81,0.3,2.8,"good (transfers exact, EO-anchored)"
2025-26,31,515,Gibbs-White,M,0.0,1.0,0.0,1.6,"good (transfers exact, EO-anchored)"
2025-26,31,517,Anderson,M,24.32,17.96,38.6,28.1,"good (transfers exact, EO-anchored)"
2025-26,31,525,Wood,F,0.16,0.1,0.3,0.2,"good (transfers exact, EO-anchored)"
2025-26,31,547,E.Le Fée,M,1.88,2.71,3.0,4.2,"good (transfers exact, EO-anchored)"
2025-26,31,565,Vicario,G,1.05,1.47,1.7,2.3,"good (transfers exact, EO-anchored)"
2025-26,31,568,Pedro Porro,D,2.09,5.21,3.3,8.1,"good (transfers exact, EO-anchored)"
2025-26,31,569,Romero,D,0.2,0.0,0.3,0.0,"good (transfers exact, EO-anchored)"
2025-26,31,575,Van de Ven,D,0.05,0.95,0.1,1.5,"good (transfers exact, EO-anchored)"
2025-26,31,580,Johnson,M,0.0,0.07,0.0,0.1,"good (transfers exact, EO-anchored)"
2025-26,31,582,Kudus,M,0.0,0.23,0.0,0.4,"good (transfers exact, EO-anchored)"
2025-26,31,593,P.M.Sarr,M,0.0,0.09,0.0,0.1,"good (transfers exact, EO-anchored)"
2025-26,31,597,Richarlison,F,0.1,2.07,0.2,3.2,"good (transfers exact, EO-anchored)"
2025-26,31,603,Diouf,D,0.0,0.79,0.0,1.2,"good (transfers exact, EO-anchored)"
2025-26,31,623,Potts,M,0.0,0.38,0.0,0.6,"good (transfers exact, EO-anchored)"
2025-26,31,624,Bowen,F,6.95,3.32,11.0,5.2,"good (transfers exact, EO-anchored)"
2025-26,31,625,Füllkrug,F,0.0,0.32,0.0,0.5,"good (transfers exact, EO-anchored)"
2025-26,31,628,José Sá,G,1.97,2.7,3.1,4.2,"good (transfers exact, EO-anchored)"
2025-26,31,631,Agbadou,D,0.39,0.43,0.6,0.7,"good (transfers exact, EO-anchored)"
2025-26,31,652,Gonzalez,M,0.0,0.09,0.0,0.1,"good (transfers exact, EO-anchored)"
2025-26,31,654,Strand Larsen,F,3.59,1.52,5.7,2.4,"good (transfers exact, EO-anchored)"
2025-26,31,661,Ekitiké,F,25.67,52.78,40.7,82.5,"good (transfers exact, EO-anchored)"
2025-26,31,665,Perri,G,0.13,0.0,0.2,0.0,"good (transfers exact, EO-anchored)"
2025-26,31,670,Roefs,G,0.0,1.95,0.0,3.0,"good (transfers exact, EO-anchored)"
2025-26,31,683,Alderete,D,4.74,14.42,7.5,22.5,"good (transfers exact, EO-anchored)"
2025-26,31,684,Thiaw,D,23.71,26.89,37.6,42.0,"good (transfers exact, EO-anchored)"
2025-26,31,691,Calvert-Lewin,F,15.64,3.0,24.8,4.7,"good (transfers exact, EO-anchored)"
2025-26,31,694,Mukiele,D,3.56,8.62,5.7,13.5,"good (transfers exact, EO-anchored)"
2025-26,31,706,Justin,D,0.0,1.0,0.0,1.6,"good (transfers exact, EO-anchored)"
2025-26,31,714,Woltemade,F,0.03,0.23,0.0,0.4,"good (transfers exact, EO-anchored)"
2025-26,31,749,Mané,F,3.94,2.82,6.3,4.4,"good (transfers exact, EO-anchored)"
2025-26,31,807,Rayan,M,0.0,2.0,0.0,3.1,"good (transfers exact, EO-anchored)"
2025-26,31,817,Armstrong,F,0.97,0.0,1.5,0.0,"good (transfers exact, EO-anchored)"
2025-26,32,1,Raya,G,39.68,28.57,63.0,44.6,anchored (GW32/35 WC squads inferred from EO + later sales)
2025-26,32,5,Gabriel,D,53.41,60.79,84.8,95.0,anchored (GW32/35 WC squads inferred from EO + later sales)
2025-26,32,6,Saliba,D,0.0,1.7,0.0,2.7,anchored (GW32/35 WC squads inferred from EO + later sales)
2025-26,32,7,Calafiori,D,0.07,0.0,0.1,0.0,anchored (GW32/35 WC squads inferred from EO + later sales)
2025-26,32,8,J.Timber,D,9.95,5.87,15.8,9.2,anchored (GW32/35 WC squads inferred from EO + later sales)
2025-26,32,16,Saka,M,0.0,0.93,0.0,1.5,anchored (GW32/35 WC squads inferred from EO + later sales)
2025-26,32,21,Rice,M,3.97,1.54,6.3,2.4,anchored (GW32/35 WC squads inferred from EO + later sales)
2025-26,32,32,Martinez,G,0.0,0.78,0.0,1.2,anchored (GW32/35 WC squads inferred from EO + later sales)
2025-26,32,33,M.Bizot,G,0.0,0.32,0.0,0.5,anchored (GW32/35 WC squads inferred from EO + later sales)
2025-26,32,36,Cash,D,0.0,0.41,0.0,0.6,anchored (GW32/35 WC squads inferred from EO + later sales)
2025-26,32,38,Konsa,D,0.0,0.81,0.0,1.3,anchored (GW32/35 WC squads inferred from EO + later sales)
2025-26,32,47,Rogers,M,0.0,12.91,0.0,20.2,anchored (GW32/35 WC squads inferred from EO + later sales)
2025-26,32,48,Tielemans,M,0.21,0.12,0.3,0.2,anchored (GW32/35 WC squads inferred from EO + later sales)
2025-26,32,64,Watkins,F,0.3,0.52,0.5,0.8,anchored (GW32/35 WC squads inferred from EO + later sales)
2025-26,32,67,Petrović,G,1.53,0.0,2.4,0.0,anchored (GW32/35 WC squads inferred from EO + later sales)
2025-26,32,72,Senesi,D,13.03,7.65,20.7,12.0,anchored (GW32/35 WC squads inferred from EO + later sales)
2025-26,32,74,Truffert,D,0.0,0.21,0.0,0.3,anchored (GW32/35 WC squads inferred from EO + later sales)
2025-26,32,77,Hill,D,4.54,12.11,7.2,18.9,anchored (GW32/35 WC squads inferred from EO + later sales)
2025-26,32,82,Semenyo,M,46.75,42.38,74.2,66.2,anchored (GW32/35 WC squads inferred from EO + later sales)
2025-26,32,83,O.Dango,M,8.81,20.79,14.0,32.5,anchored (GW32/35 WC squads inferred from EO + later sales)
2025-26,32,84,Tavernier,M,6.51,5.47,10.3,8.5,anchored (GW32/35 WC squads inferred from EO + later sales)
2025-26,32,97,Evanilson,F,0.47,0.0,0.7,0.0,anchored (GW32/35 WC squads inferred from EO + later sales)
2025-26,32,100,Kroupi.Jr,F,0.0,0.17,0.0,0.3,anchored (GW32/35 WC squads inferred from EO + later sales)
2025-26,32,101,Kelleher,G,0.98,2.2,1.6,3.4,anchored (GW32/35 WC squads inferred from EO + later sales)
2025-26,32,105,Valdimarsson,G,0.0,0.32,0.0,0.5,anchored (GW32/35 WC squads inferred from EO + later sales)
2025-26,32,106,Collins,D,1.69,1.29,2.7,2.0,anchored (GW32/35 WC squads inferred from EO + later sales)
2025-26,32,119,Mbeumo,M,12.19,19.89,19.3,31.1,anchored (GW32/35 WC squads inferred from EO + later sales)
2025-26,32,120,Schade,M,0.0,0.55,0.0,0.9,anchored (GW32/35 WC squads inferred from EO + later sales)
2025-26,32,136,Thiago,F,26.18,31.92,41.6,49.9,anchored (GW32/35 WC squads inferred from EO + later sales)
2025-26,32,139,Verbruggen,G,47.38,44.3,75.2,69.2,anchored (GW32/35 WC squads inferred from EO + later sales)
2025-26,32,145,De Cuyper,D,0.0,0.55,0.0,0.9,anchored (GW32/35 WC squads inferred from EO + later sales)
2025-26,32,148,F.Kadıoğlu,D,4.54,2.7,7.2,4.2,anchored (GW32/35 WC squads inferred from EO + later sales)
2025-26,32,151,Van Hecke,D,47.38,34.7,75.2,54.2,anchored (GW32/35 WC squads inferred from EO + later sales)
2025-26,32,157,Mitoma,M,17.77,8.46,28.2,13.2,anchored (GW32/35 WC squads inferred from EO + later sales)
2025-26,32,158,Georginio,M,0.3,0.15,0.5,0.2,anchored (GW32/35 WC squads inferred from EO + later sales)
2025-26,32,160,Minteh,M,0.0,0.19,0.0,0.3,anchored (GW32/35 WC squads inferred from EO + later sales)
2025-26,32,178,Welbeck,F,2.6,6.54,4.1,10.2,anchored (GW32/35 WC squads inferred from EO + later sales)
2025-26,32,190,Ekdal,D,0.0,0.1,0.0,0.2,anchored (GW32/35 WC squads inferred from EO + later sales)
2025-26,32,191,Estève,D,1.01,4.59,1.6,7.2,anchored (GW32/35 WC squads inferred from EO + later sales)
2025-26,32,192,Hartman,D,0.0,0.11,0.0,0.2,anchored (GW32/35 WC squads inferred from EO + later sales)
2025-26,32,220,Sánchez,G,2.76,8.59,4.4,13.4,anchored (GW32/35 WC squads inferred from EO + later sales)
2025-26,32,232,Tosin,D,0.0,0.44,0.0,0.7,anchored (GW32/35 WC squads inferred from EO + later sales)
2025-26,32,235,Palmer,M,48.64,38.54,77.2,60.2,anchored (GW32/35 WC squads inferred from EO + later sales)
2025-26,32,237,Enzo,M,4.96,5.34,7.9,8.3,anchored (GW32/35 WC squads inferred from EO + later sales)
2025-26,32,242,Dewsbury-Hall,M,0.0,1.45,0.0,2.3,anchored (GW32/35 WC squads inferred from EO + later sales)
2025-26,32,249,João Pedro,F,31.63,34.7,50.2,54.2,anchored (GW32/35 WC squads inferred from EO + later sales)
2025-26,32,252,Marc Guiu,F,1.52,0.0,2.4,0.0,anchored (GW32/35 WC squads inferred from EO + later sales)
2025-26,32,256,Muñoz,D,1.21,1.91,1.9,3.0,anchored (GW32/35 WC squads inferred from EO + later sales)
2025-26,32,261,Richards,D,0.7,4.86,1.1,7.6,anchored (GW32/35 WC squads inferred from EO + later sales)
2025-26,32,267,Sarr,M,0.76,2.73,1.2,4.3,anchored (GW32/35 WC squads inferred from EO + later sales)
2025-26,32,283,Mateta,F,0.23,0.08,0.4,0.1,anchored (GW32/35 WC squads inferred from EO + later sales)
2025-26,32,287,Pickford,G,0.0,1.42,0.0,2.2,anchored (GW32/35 WC squads inferred from EO + later sales)
2025-26,32,291,Tarkowski,D,10.59,2.41,16.8,3.8,anchored (GW32/35 WC squads inferred from EO + later sales)
2025-26,32,295,Keane,D,0.0,1.13,0.0,1.8,anchored (GW32/35 WC squads inferred from EO + later sales)
2025-26,32,299,Ndiaye,M,5.6,2.02,8.9,3.2,anchored (GW32/35 WC squads inferred from EO + later sales)
2025-26,32,303,Garner,M,0.0,0.5,0.0,0.8,anchored (GW32/35 WC squads inferred from EO + later sales)
2025-26,32,314,Leno,G,0.59,0.0,0.9,0.0,anchored (GW32/35 WC squads inferred from EO + later sales)
2025-26,32,317,Andersen,D,33.07,30.7,52.5,48.0,anchored (GW32/35 WC squads inferred from EO + later sales)
2025-26,32,322,Tete,D,1.15,0.01,1.8,0.0,anchored (GW32/35 WC squads inferred from EO + later sales)
2025-26,32,329,Wilson,M,8.98,24.98,14.3,39.0,anchored (GW32/35 WC squads inferred from EO + later sales)
2025-26,32,337,Raúl,F,0.31,0.13,0.5,0.2,anchored (GW32/35 WC squads inferred from EO + later sales)
2025-26,32,338,Muniz,F,0.08,0.0,0.1,0.0,anchored (GW32/35 WC squads inferred from EO + later sales)
2025-26,32,341,Darlow,G,0.0,0.66,0.0,1.0,anchored (GW32/35 WC squads inferred from EO + later sales)
2025-26,32,343,Struijk,D,1.15,0.67,1.8,1.0,anchored (GW32/35 WC squads inferred from EO + later sales)
2025-26,32,347,Gudmundsson,D,0.0,0.92,0.0,1.4,anchored (GW32/35 WC squads inferred from EO + later sales)
2025-26,32,348,Rodon,D,1.89,5.2,3.0,8.1,anchored (GW32/35 WC squads inferred from EO + later sales)
2025-26,32,366,A.Becker,G,0.0,0.61,0.0,1.0,anchored (GW32/35 WC squads inferred from EO + later sales)
2025-26,32,367,Mamardashvili,G,0.0,0.63,0.0,1.0,anchored (GW32/35 WC squads inferred from EO + later sales)
2025-26,32,373,Virgil,D,39.44,36.79,62.6,57.5,anchored (GW32/35 WC squads inferred from EO + later sales)
2025-26,32,374,Konaté,D,0.0,0.67,0.0,1.0,anchored (GW32/35 WC squads inferred from EO + later sales)
2025-26,32,381,M.Salah,M,4.36,1.69,6.9,2.6,anchored (GW32/35 WC squads inferred from EO + later sales)
2025-26,32,382,Wirtz,M,1.05,2.3,1.7,3.6,anchored (GW32/35 WC squads inferred from EO + later sales)
2025-26,32,384,Gakpo,M,0.43,0.0,0.7,0.0,anchored (GW32/35 WC squads inferred from EO + later sales)
2025-26,32,387,Szoboszlai,M,18.66,10.3,29.6,16.1,anchored (GW32/35 WC squads inferred from EO + later sales)
2025-26,32,402,Aït-Nouri,D,0.0,0.26,0.0,0.4,anchored (GW32/35 WC squads inferred from EO + later sales)
2025-26,32,411,O'Reilly,D,46.75,42.38,74.2,66.2,anchored (GW32/35 WC squads inferred from EO + later sales)
2025-26,32,414,Foden,M,0.0,0.38,0.0,0.6,anchored (GW32/35 WC squads inferred from EO + later sales)
2025-26,32,417,Cherki,M,0.0,0.67,0.0,1.0,anchored (GW32/35 WC squads inferred from EO + later sales)
2025-26,32,427,Reijnders,M,0.0,0.35,0.0,0.5,anchored (GW32/35 WC squads inferred from EO + later sales)
2025-26,32,430,Haaland,F,49.27,57.38,78.2,89.7,anchored (GW32/35 WC squads inferred from EO + later sales)
2025-26,32,440,Dalot,D,0.0,0.99,0.0,1.5,anchored (GW32/35 WC squads inferred from EO + later sales)
2025-26,32,441,Dorgu,D,0.33,0.7,0.5,1.1,anchored (GW32/35 WC squads inferred from EO + later sales)
2025-26,32,442,Maguire,D,0.57,0.0,0.9,0.0,anchored (GW32/35 WC squads inferred from EO + later sales)
2025-26,32,444,Yoro,D,0.0,2.37,0.0,3.7,anchored (GW32/35 WC squads inferred from EO + later sales)
2025-26,32,449,B.Fernandes,M,62.73,63.37,99.6,99.0,anchored (GW32/35 WC squads inferred from EO + later sales)
2025-26,32,450,Cunha,M,13.97,11.44,22.2,17.9,anchored (GW32/35 WC squads inferred from EO + later sales)
2025-26,32,469,Pope,G,0.0,0.62,0.0,1.0,anchored (GW32/35 WC squads inferred from EO + later sales)
2025-26,32,470,Dúbravka,G,31.41,29.96,49.9,46.8,anchored (GW32/35 WC squads inferred from EO + later sales)
2025-26,32,473,Hall,D,13.13,7.69,20.8,12.0,anchored (GW32/35 WC squads inferred from EO + later sales)
2025-26,32,485,Gordon,M,16.34,15.11,25.9,23.6,anchored (GW32/35 WC squads inferred from EO + later sales)
2025-26,32,487,Barnes,M,0.32,0.0,0.5,0.0,anchored (GW32/35 WC squads inferred from EO + later sales)
2025-26,32,502,Sels,G,0.0,3.82,0.0,6.0,anchored (GW32/35 WC squads inferred from EO + later sales)
2025-26,32,505,Milenković,D,0.03,0.46,0.0,0.7,anchored (GW32/35 WC squads inferred from EO + later sales)
2025-26,32,506,Murillo,D,0.71,1.43,1.1,2.2,anchored (GW32/35 WC squads inferred from EO + later sales)
2025-26,32,508,N.Williams,D,0.11,1.21,0.2,1.9,anchored (GW32/35 WC squads inferred from EO + later sales)
2025-26,32,515,Gibbs-White,M,0.0,0.55,0.0,0.9,anchored (GW32/35 WC squads inferred from EO + later sales)
2025-26,32,517,Anderson,M,9.18,8.4,14.6,13.1,anchored (GW32/35 WC squads inferred from EO + later sales)
2025-26,32,547,E.Le Fée,M,0.71,1.48,1.1,2.3,anchored (GW32/35 WC squads inferred from EO + later sales)
2025-26,32,565,Vicario,G,0.62,0.98,1.0,1.5,anchored (GW32/35 WC squads inferred from EO + later sales)
2025-26,32,568,Pedro Porro,D,1.2,3.46,1.9,5.4,anchored (GW32/35 WC squads inferred from EO + later sales)
2025-26,32,569,Romero,D,0.11,0.0,0.2,0.0,anchored (GW32/35 WC squads inferred from EO + later sales)
2025-26,32,575,Van de Ven,D,0.03,0.63,0.0,1.0,anchored (GW32/35 WC squads inferred from EO + later sales)
2025-26,32,582,Kudus,M,0.0,0.13,0.0,0.2,anchored (GW32/35 WC squads inferred from EO + later sales)
2025-26,32,597,Richarlison,F,0.02,0.25,0.0,0.4,anchored (GW32/35 WC squads inferred from EO + later sales)
2025-26,32,603,Diouf,D,0.0,0.53,0.0,0.8,anchored (GW32/35 WC squads inferred from EO + later sales)
2025-26,32,606,Mavropanos,D,2.59,0.0,4.1,0.0,anchored (GW32/35 WC squads inferred from EO + later sales)
2025-26,32,624,Bowen,F,32.71,31.97,51.9,50.0,anchored (GW32/35 WC squads inferred from EO + later sales)
2025-26,32,628,José Sá,G,1.16,1.79,1.8,2.8,anchored (GW32/35 WC squads inferred from EO + later sales)
2025-26,32,631,Agbadou,D,0.22,0.29,0.3,0.5,anchored (GW32/35 WC squads inferred from EO + later sales)
2025-26,32,654,Strand Larsen,F,0.57,0.18,0.9,0.3,anchored (GW32/35 WC squads inferred from EO + later sales)
2025-26,32,661,Ekitiké,F,3.28,4.72,5.2,7.4,anchored (GW32/35 WC squads inferred from EO + later sales)
2025-26,32,665,Perri,G,0.08,0.0,0.1,0.0,anchored (GW32/35 WC squads inferred from EO + later sales)
2025-26,32,670,Roefs,G,0.0,1.56,0.0,2.4,anchored (GW32/35 WC squads inferred from EO + later sales)
2025-26,32,683,Alderete,D,5.91,11.35,9.4,17.7,anchored (GW32/35 WC squads inferred from EO + later sales)
2025-26,32,684,Thiaw,D,16.39,20.5,26.0,32.0,anchored (GW32/35 WC squads inferred from EO + later sales)
2025-26,32,691,Calvert-Lewin,F,36.67,24.46,58.2,38.2,anchored (GW32/35 WC squads inferred from EO + later sales)
2025-26,32,694,Mukiele,D,2.05,5.73,3.3,9.0,anchored (GW32/35 WC squads inferred from EO + later sales)
2025-26,32,706,Justin,D,0.0,0.67,0.0,1.0,anchored (GW32/35 WC squads inferred from EO + later sales)
2025-26,32,733,Lammens,G,0.0,1.96,0.0,3.1,anchored (GW32/35 WC squads inferred from EO + later sales)
2025-26,32,783,Groß,M,24.7,13.58,39.2,21.2,anchored (GW32/35 WC squads inferred from EO + later sales)
2025-26,32,807,Rayan,M,0.0,1.09,0.0,1.7,anchored (GW32/35 WC squads inferred from EO + later sales)
2025-26,32,817,Armstrong,F,0.15,0.0,0.2,0.0,anchored (GW32/35 WC squads inferred from EO + later sales)
2025-26,33,1,Raya,G,17.83,20.08,28.3,31.4,anchored (GW32/35 WC squads inferred from EO + later sales)
2025-26,33,5,Gabriel,D,17.5,31.07,27.8,48.5,anchored (GW32/35 WC squads inferred from EO + later sales)
2025-26,33,6,Saliba,D,0.0,1.3,0.0,2.0,anchored (GW32/35 WC squads inferred from EO + later sales)
2025-26,33,8,J.Timber,D,5.01,4.95,8.0,7.7,anchored (GW32/35 WC squads inferred from EO + later sales)
2025-26,33,16,Saka,M,0.0,0.76,0.0,1.2,anchored (GW32/35 WC squads inferred from EO + later sales)
2025-26,33,21,Rice,M,1.86,0.37,3.0,0.6,anchored (GW32/35 WC squads inferred from EO + later sales)
2025-26,33,32,Martinez,G,0.0,0.48,0.0,0.8,anchored (GW32/35 WC squads inferred from EO + later sales)
2025-26,33,33,M.Bizot,G,0.0,0.2,0.0,0.3,anchored (GW32/35 WC squads inferred from EO + later sales)
2025-26,33,36,Cash,D,0.0,0.31,0.0,0.5,anchored (GW32/35 WC squads inferred from EO + later sales)
2025-26,33,38,Konsa,D,0.0,0.62,0.0,1.0,anchored (GW32/35 WC squads inferred from EO + later sales)
2025-26,33,47,Rogers,M,0.0,10.62,0.0,16.6,anchored (GW32/35 WC squads inferred from EO + later sales)
2025-26,33,48,Tielemans,M,0.14,0.1,0.2,0.2,anchored (GW32/35 WC squads inferred from EO + later sales)
2025-26,33,64,Watkins,F,0.26,0.49,0.4,0.8,anchored (GW32/35 WC squads inferred from EO + later sales)
2025-26,33,67,Petrović,G,0.61,0.0,1.0,0.0,anchored (GW32/35 WC squads inferred from EO + later sales)
2025-26,33,72,Senesi,D,49.35,33.54,78.3,52.4,anchored (GW32/35 WC squads inferred from EO + later sales)
2025-26,33,74,Truffert,D,0.0,0.16,0.0,0.2,anchored (GW32/35 WC squads inferred from EO + later sales)
2025-26,33,77,Hill,D,36.75,27.78,58.3,43.4,anchored (GW32/35 WC squads inferred from EO + later sales)
2025-26,33,82,Semenyo,M,48.72,41.83,77.3,65.4,anchored (GW32/35 WC squads inferred from EO + later sales)
2025-26,33,83,O.Dango,M,6.0,17.27,9.5,27.0,anchored (GW32/35 WC squads inferred from EO + later sales)
2025-26,33,84,Tavernier,M,52.5,39.3,83.3,61.4,anchored (GW32/35 WC squads inferred from EO + later sales)
2025-26,33,90,Scott,M,0.68,0.0,1.1,0.0,anchored (GW32/35 WC squads inferred from EO + later sales)
2025-26,33,97,Evanilson,F,2.22,0.0,3.5,0.0,anchored (GW32/35 WC squads inferred from EO + later sales)
2025-26,33,100,Kroupi.Jr,F,0.0,0.16,0.0,0.2,anchored (GW32/35 WC squads inferred from EO + later sales)
2025-26,33,101,Kelleher,G,0.39,1.36,0.6,2.1,anchored (GW32/35 WC squads inferred from EO + later sales)
2025-26,33,105,Valdimarsson,G,0.0,0.2,0.0,0.3,anchored (GW32/35 WC squads inferred from EO + later sales)
2025-26,33,106,Collins,D,0.85,0.98,1.3,1.5,anchored (GW32/35 WC squads inferred from EO + later sales)
2025-26,33,119,Mbeumo,M,7.8,16.35,12.4,25.5,anchored (GW32/35 WC squads inferred from EO + later sales)
2025-26,33,120,Schade,M,0.0,0.45,0.0,0.7,anchored (GW32/35 WC squads inferred from EO + later sales)
2025-26,33,136,Thiago,F,21.38,29.12,33.9,45.5,anchored (GW32/35 WC squads inferred from EO + later sales)
2025-26,33,139,Verbruggen,G,42.13,34.08,66.9,53.2,anchored (GW32/35 WC squads inferred from EO + later sales)
2025-26,33,145,De Cuyper,D,0.0,0.42,0.0,0.7,anchored (GW32/35 WC squads inferred from EO + later sales)
2025-26,33,148,F.Kadıoğlu,D,2.29,2.06,3.6,3.2,anchored (GW32/35 WC squads inferred from EO + later sales)
2025-26,33,151,Van Hecke,D,43.04,29.4,68.3,45.9,anchored (GW32/35 WC squads inferred from EO + later sales)
2025-26,33,157,Mitoma,M,0.0,1.6,0.0,2.5,anchored (GW32/35 WC squads inferred from EO + later sales)
2025-26,33,158,Georginio,M,0.19,0.12,0.3,0.2,anchored (GW32/35 WC squads inferred from EO + later sales)
2025-26,33,160,Minteh,M,0.0,0.16,0.0,0.2,anchored (GW32/35 WC squads inferred from EO + later sales)
2025-26,33,178,Welbeck,F,2.21,6.18,3.5,9.7,anchored (GW32/35 WC squads inferred from EO + later sales)
2025-26,33,190,Ekdal,D,0.0,0.07,0.0,0.1,anchored (GW32/35 WC squads inferred from EO + later sales)
2025-26,33,191,Estève,D,0.51,3.5,0.8,5.5,anchored (GW32/35 WC squads inferred from EO + later sales)
2025-26,33,192,Hartman,D,0.0,0.08,0.0,0.1,anchored (GW32/35 WC squads inferred from EO + later sales)
2025-26,33,220,Sánchez,G,1.1,5.69,1.7,8.9,anchored (GW32/35 WC squads inferred from EO + later sales)
2025-26,33,232,Tosin,D,0.0,0.34,0.0,0.5,anchored (GW32/35 WC squads inferred from EO + later sales)
2025-26,33,235,Palmer,M,52.5,42.42,83.3,66.3,anchored (GW32/35 WC squads inferred from EO + later sales)
2025-26,33,237,Enzo,M,22.13,14.55,35.1,22.7,anchored (GW32/35 WC squads inferred from EO + later sales)
2025-26,33,242,Dewsbury-Hall,M,0.0,1.19,0.0,1.9,anchored (GW32/35 WC squads inferred from EO + later sales)
2025-26,33,249,João Pedro,F,45.57,41.22,72.3,64.4,anchored (GW32/35 WC squads inferred from EO + later sales)
2025-26,33,252,Marc Guiu,F,1.3,0.0,2.1,0.0,anchored (GW32/35 WC squads inferred from EO + later sales)
2025-26,33,256,Muñoz,D,0.61,1.45,1.0,2.3,anchored (GW32/35 WC squads inferred from EO + later sales)
2025-26,33,261,Richards,D,0.35,3.7,0.6,5.8,anchored (GW32/35 WC squads inferred from EO + later sales)
2025-26,33,267,Sarr,M,0.48,1.35,0.8,2.1,anchored (GW32/35 WC squads inferred from EO + later sales)
2025-26,33,283,Mateta,F,0.2,0.08,0.3,0.1,anchored (GW32/35 WC squads inferred from EO + later sales)
2025-26,33,287,Pickford,G,0.0,0.88,0.0,1.4,anchored (GW32/35 WC squads inferred from EO + later sales)
2025-26,33,291,Tarkowski,D,5.33,1.84,8.5,2.9,anchored (GW32/35 WC squads inferred from EO + later sales)
2025-26,33,295,Keane,D,0.0,0.86,0.0,1.3,anchored (GW32/35 WC squads inferred from EO + later sales)
2025-26,33,299,Ndiaye,M,3.58,1.66,5.7,2.6,anchored (GW32/35 WC squads inferred from EO + later sales)
2025-26,33,303,Garner,M,0.0,0.41,0.0,0.6,anchored (GW32/35 WC squads inferred from EO + later sales)
2025-26,33,314,Leno,G,0.23,0.0,0.4,0.0,anchored (GW32/35 WC squads inferred from EO + later sales)
2025-26,33,317,Andersen,D,16.65,23.4,26.4,36.6,anchored (GW32/35 WC squads inferred from EO + later sales)
2025-26,33,322,Tete,D,0.58,0.01,0.9,0.0,anchored (GW32/35 WC squads inferred from EO + later sales)
2025-26,33,329,Wilson,M,5.75,20.54,9.1,32.1,anchored (GW32/35 WC squads inferred from EO + later sales)
2025-26,33,337,Raúl,F,0.27,0.12,0.4,0.2,anchored (GW32/35 WC squads inferred from EO + later sales)
2025-26,33,338,Muniz,F,0.07,0.0,0.1,0.0,anchored (GW32/35 WC squads inferred from EO + later sales)
2025-26,33,341,Darlow,G,50.61,38.66,80.3,60.4,anchored (GW32/35 WC squads inferred from EO + later sales)
2025-26,33,342,Bogle,D,0.54,0.0,0.9,0.0,anchored (GW32/35 WC squads inferred from EO + later sales)
2025-26,33,343,Struijk,D,41.79,27.78,66.3,43.4,anchored (GW32/35 WC squads inferred from EO + later sales)
2025-26,33,344,Bijol,D,0.54,2.48,0.9,3.9,anchored (GW32/35 WC squads inferred from EO + later sales)
2025-26,33,347,Gudmundsson,D,3.36,1.53,5.3,2.4,anchored (GW32/35 WC squads inferred from EO + later sales)
2025-26,33,348,Rodon,D,0.95,4.2,1.5,6.6,anchored (GW32/35 WC squads inferred from EO + later sales)
2025-26,33,366,A.Becker,G,0.0,0.38,0.0,0.6,anchored (GW32/35 WC squads inferred from EO + later sales)
2025-26,33,367,Mamardashvili,G,0.0,0.39,0.0,0.6,anchored (GW32/35 WC squads inferred from EO + later sales)
2025-26,33,373,Virgil,D,20.25,30.02,32.1,46.9,anchored (GW32/35 WC squads inferred from EO + later sales)
2025-26,33,374,Konaté,D,0.0,0.51,0.0,0.8,anchored (GW32/35 WC squads inferred from EO + later sales)
2025-26,33,381,M.Salah,M,3.67,1.43,5.8,2.2,anchored (GW32/35 WC squads inferred from EO + later sales)
2025-26,33,382,Wirtz,M,0.67,1.89,1.1,3.0,anchored (GW32/35 WC squads inferred from EO + later sales)
2025-26,33,384,Gakpo,M,0.27,0.0,0.4,0.0,anchored (GW32/35 WC squads inferred from EO + later sales)
2025-26,33,387,Szoboszlai,M,11.93,8.47,18.9,13.2,anchored (GW32/35 WC squads inferred from EO + later sales)
2025-26,33,402,Aït-Nouri,D,0.0,0.2,0.0,0.3,anchored (GW32/35 WC squads inferred from EO + later sales)
2025-26,33,411,O'Reilly,D,46.83,41.19,74.3,64.4,anchored (GW32/35 WC squads inferred from EO + later sales)
2025-26,33,414,Foden,M,0.0,0.31,0.0,0.5,anchored (GW32/35 WC squads inferred from EO + later sales)
2025-26,33,417,Cherki,M,0.0,0.55,0.0,0.9,anchored (GW32/35 WC squads inferred from EO + later sales)
2025-26,33,427,Reijnders,M,0.0,0.29,0.0,0.5,anchored (GW32/35 WC squads inferred from EO + later sales)
2025-26,33,430,Haaland,F,52.5,56.49,83.3,88.3,anchored (GW32/35 WC squads inferred from EO + later sales)
2025-26,33,440,Dalot,D,0.0,0.76,0.0,1.2,anchored (GW32/35 WC squads inferred from EO + later sales)
2025-26,33,441,Dorgu,D,0.16,0.53,0.3,0.8,anchored (GW32/35 WC squads inferred from EO + later sales)
2025-26,33,442,Maguire,D,0.29,0.0,0.5,0.0,anchored (GW32/35 WC squads inferred from EO + later sales)
2025-26,33,444,Yoro,D,0.0,1.8,0.0,2.8,anchored (GW32/35 WC squads inferred from EO + later sales)
2025-26,33,449,B.Fernandes,M,50.64,51.88,80.4,81.1,anchored (GW32/35 WC squads inferred from EO + later sales)
2025-26,33,450,Cunha,M,8.94,8.52,14.2,13.3,anchored (GW32/35 WC squads inferred from EO + later sales)
2025-26,33,469,Pope,G,0.0,0.38,0.0,0.6,anchored (GW32/35 WC squads inferred from EO + later sales)
2025-26,33,470,Dúbravka,G,12.54,20.05,19.9,31.3,anchored (GW32/35 WC squads inferred from EO + later sales)
2025-26,33,473,Hall,D,6.61,5.86,10.5,9.2,anchored (GW32/35 WC squads inferred from EO + later sales)
2025-26,33,485,Gordon,M,9.81,11.7,15.6,18.3,anchored (GW32/35 WC squads inferred from EO + later sales)
2025-26,33,487,Barnes,M,0.21,0.0,0.3,0.0,anchored (GW32/35 WC squads inferred from EO + later sales)
2025-26,33,502,Sels,G,0.0,2.36,0.0,3.7,anchored (GW32/35 WC squads inferred from EO + later sales)
2025-26,33,505,Milenković,D,0.02,0.35,0.0,0.5,anchored (GW32/35 WC squads inferred from EO + later sales)
2025-26,33,506,Murillo,D,0.36,1.09,0.6,1.7,anchored (GW32/35 WC squads inferred from EO + later sales)
2025-26,33,508,N.Williams,D,0.05,0.92,0.1,1.4,anchored (GW32/35 WC squads inferred from EO + later sales)
2025-26,33,515,Gibbs-White,M,0.0,0.45,0.0,0.7,anchored (GW32/35 WC squads inferred from EO + later sales)
2025-26,33,517,Anderson,M,5.87,6.91,9.3,10.8,anchored (GW32/35 WC squads inferred from EO + later sales)
2025-26,33,547,E.Le Fée,M,0.45,1.22,0.7,1.9,anchored (GW32/35 WC squads inferred from EO + later sales)
2025-26,33,565,Vicario,G,0.25,0.61,0.4,1.0,anchored (GW32/35 WC squads inferred from EO + later sales)
2025-26,33,568,Pedro Porro,D,0.61,2.64,1.0,4.1,anchored (GW32/35 WC squads inferred from EO + later sales)
2025-26,33,569,Romero,D,0.06,0.0,0.1,0.0,anchored (GW32/35 WC squads inferred from EO + later sales)
2025-26,33,575,Van de Ven,D,0.02,0.48,0.0,0.8,anchored (GW32/35 WC squads inferred from EO + later sales)
2025-26,33,582,Kudus,M,0.0,0.1,0.0,0.2,anchored (GW32/35 WC squads inferred from EO + later sales)
2025-26,33,597,Richarlison,F,0.01,0.24,0.0,0.4,anchored (GW32/35 WC squads inferred from EO + later sales)
2025-26,33,603,Diouf,D,0.0,0.4,0.0,0.6,anchored (GW32/35 WC squads inferred from EO + later sales)
2025-26,33,606,Mavropanos,D,1.31,0.0,2.1,0.0,anchored (GW32/35 WC squads inferred from EO + later sales)
2025-26,33,624,Bowen,F,11.54,21.88,18.3,34.2,anchored (GW32/35 WC squads inferred from EO + later sales)
2025-26,33,628,José Sá,G,0.46,1.11,0.7,1.7,anchored (GW32/35 WC squads inferred from EO + later sales)
2025-26,33,631,Agbadou,D,0.11,0.22,0.2,0.3,anchored (GW32/35 WC squads inferred from EO + later sales)
2025-26,33,654,Strand Larsen,F,0.48,0.17,0.8,0.3,anchored (GW32/35 WC squads inferred from EO + later sales)
2025-26,33,661,Ekitiké,F,2.79,4.63,4.4,7.2,anchored (GW32/35 WC squads inferred from EO + later sales)
2025-26,33,668,Xhaka,M,0.0,1.0,0.0,1.6,anchored (GW32/35 WC squads inferred from EO + later sales)
2025-26,33,670,Roefs,G,0.0,0.96,0.0,1.5,anchored (GW32/35 WC squads inferred from EO + later sales)
2025-26,33,683,Alderete,D,2.98,8.65,4.7,13.5,anchored (GW32/35 WC squads inferred from EO + later sales)
2025-26,33,684,Thiaw,D,8.25,15.63,13.1,24.4,anchored (GW32/35 WC squads inferred from EO + later sales)
2025-26,33,691,Calvert-Lewin,F,45.08,32.26,71.6,50.4,anchored (GW32/35 WC squads inferred from EO + later sales)
2025-26,33,694,Mukiele,D,1.03,4.37,1.6,6.8,anchored (GW32/35 WC squads inferred from EO + later sales)
2025-26,33,706,Justin,D,0.0,0.51,0.0,0.8,anchored (GW32/35 WC squads inferred from EO + later sales)
2025-26,33,733,Lammens,G,0.0,1.21,0.0,1.9,anchored (GW32/35 WC squads inferred from EO + later sales)
2025-26,33,783,Groß,M,23.14,12.06,36.7,18.8,anchored (GW32/35 WC squads inferred from EO + later sales)
2025-26,33,807,Rayan,M,0.0,1.97,0.0,3.1,anchored (GW32/35 WC squads inferred from EO + later sales)
2025-26,33,817,Armstrong,F,0.13,0.0,0.2,0.0,anchored (GW32/35 WC squads inferred from EO + later sales)
2025-26,34,1,Raya,G,17.83,22.08,28.3,34.5,anchored (GW32/35 WC squads inferred from EO + later sales)
2025-26,34,5,Gabriel,D,18.5,31.07,29.4,48.5,anchored (GW32/35 WC squads inferred from EO + later sales)
2025-26,34,6,Saliba,D,0.0,2.3,0.0,3.6,anchored (GW32/35 WC squads inferred from EO + later sales)
2025-26,34,8,J.Timber,D,5.01,2.95,8.0,4.6,anchored (GW32/35 WC squads inferred from EO + later sales)
2025-26,34,16,Saka,M,0.0,0.76,0.0,1.2,anchored (GW32/35 WC squads inferred from EO + later sales)
2025-26,34,21,Rice,M,4.86,2.37,7.7,3.7,anchored (GW32/35 WC squads inferred from EO + later sales)
2025-26,34,32,Martinez,G,0.0,0.48,0.0,0.8,anchored (GW32/35 WC squads inferred from EO + later sales)
2025-26,34,33,M.Bizot,G,0.0,0.2,0.0,0.3,anchored (GW32/35 WC squads inferred from EO + later sales)
2025-26,34,36,Cash,D,0.0,0.31,0.0,0.5,anchored (GW32/35 WC squads inferred from EO + later sales)
2025-26,34,38,Konsa,D,0.0,0.62,0.0,1.0,anchored (GW32/35 WC squads inferred from EO + later sales)
2025-26,34,47,Rogers,M,1.0,11.62,1.6,18.2,anchored (GW32/35 WC squads inferred from EO + later sales)
2025-26,34,48,Tielemans,M,0.14,0.1,0.2,0.2,anchored (GW32/35 WC squads inferred from EO + later sales)
2025-26,34,64,Watkins,F,0.26,2.49,0.4,3.9,anchored (GW32/35 WC squads inferred from EO + later sales)
2025-26,34,67,Petrović,G,0.61,0.0,1.0,0.0,anchored (GW32/35 WC squads inferred from EO + later sales)
2025-26,34,72,Senesi,D,49.35,33.54,78.3,52.4,anchored (GW32/35 WC squads inferred from EO + later sales)
2025-26,34,74,Truffert,D,0.0,0.16,0.0,0.2,anchored (GW32/35 WC squads inferred from EO + later sales)
2025-26,34,77,Hill,D,35.75,27.78,56.7,43.4,anchored (GW32/35 WC squads inferred from EO + later sales)
2025-26,34,82,Semenyo,M,47.72,41.83,75.7,65.4,anchored (GW32/35 WC squads inferred from EO + later sales)
2025-26,34,83,O.Dango,M,5.0,16.27,7.9,25.4,anchored (GW32/35 WC squads inferred from EO + later sales)
2025-26,34,84,Tavernier,M,50.5,37.3,80.2,58.3,anchored (GW32/35 WC squads inferred from EO + later sales)
2025-26,34,90,Scott,M,0.68,0.0,1.1,0.0,anchored (GW32/35 WC squads inferred from EO + later sales)
2025-26,34,97,Evanilson,F,2.22,0.0,3.5,0.0,anchored (GW32/35 WC squads inferred from EO + later sales)
2025-26,34,100,Kroupi.Jr,F,0.0,0.16,0.0,0.2,anchored (GW32/35 WC squads inferred from EO + later sales)
2025-26,34,101,Kelleher,G,0.39,1.36,0.6,2.1,anchored (GW32/35 WC squads inferred from EO + later sales)
2025-26,34,105,Valdimarsson,G,0.0,0.2,0.0,0.3,anchored (GW32/35 WC squads inferred from EO + later sales)
2025-26,34,106,Collins,D,0.85,0.98,1.3,1.5,anchored (GW32/35 WC squads inferred from EO + later sales)
2025-26,34,119,Mbeumo,M,7.8,16.35,12.4,25.5,anchored (GW32/35 WC squads inferred from EO + later sales)
2025-26,34,120,Schade,M,0.0,0.45,0.0,0.7,anchored (GW32/35 WC squads inferred from EO + later sales)
2025-26,34,136,Thiago,F,21.38,29.12,33.9,45.5,anchored (GW32/35 WC squads inferred from EO + later sales)
2025-26,34,139,Verbruggen,G,42.13,33.08,66.9,51.7,anchored (GW32/35 WC squads inferred from EO + later sales)
2025-26,34,145,De Cuyper,D,0.0,0.42,0.0,0.7,anchored (GW32/35 WC squads inferred from EO + later sales)
2025-26,34,148,F.Kadıoğlu,D,2.29,2.06,3.6,3.2,anchored (GW32/35 WC squads inferred from EO + later sales)
2025-26,34,151,Van Hecke,D,43.04,29.4,68.3,45.9,anchored (GW32/35 WC squads inferred from EO + later sales)
2025-26,34,157,Mitoma,M,0.0,1.6,0.0,2.5,anchored (GW32/35 WC squads inferred from EO + later sales)
2025-26,34,158,Georginio,M,0.19,0.12,0.3,0.2,anchored (GW32/35 WC squads inferred from EO + later sales)
2025-26,34,160,Minteh,M,0.0,0.16,0.0,0.2,anchored (GW32/35 WC squads inferred from EO + later sales)
2025-26,34,178,Welbeck,F,2.21,6.18,3.5,9.7,anchored (GW32/35 WC squads inferred from EO + later sales)
2025-26,34,190,Ekdal,D,0.0,0.07,0.0,0.1,anchored (GW32/35 WC squads inferred from EO + later sales)
2025-26,34,191,Estève,D,0.51,3.5,0.8,5.5,anchored (GW32/35 WC squads inferred from EO + later sales)
2025-26,34,192,Hartman,D,0.0,0.08,0.0,0.1,anchored (GW32/35 WC squads inferred from EO + later sales)
2025-26,34,220,Sánchez,G,1.1,4.69,1.7,7.3,anchored (GW32/35 WC squads inferred from EO + later sales)
2025-26,34,232,Tosin,D,0.0,0.34,0.0,0.5,anchored (GW32/35 WC squads inferred from EO + later sales)
2025-26,34,235,Palmer,M,50.5,41.42,80.2,64.7,anchored (GW32/35 WC squads inferred from EO + later sales)
2025-26,34,237,Enzo,M,22.13,12.55,35.1,19.6,anchored (GW32/35 WC squads inferred from EO + later sales)
2025-26,34,242,Dewsbury-Hall,M,0.0,2.19,0.0,3.4,anchored (GW32/35 WC squads inferred from EO + later sales)
2025-26,34,249,João Pedro,F,43.57,40.22,69.2,62.8,anchored (GW32/35 WC squads inferred from EO + later sales)
2025-26,34,252,Marc Guiu,F,1.3,0.0,2.1,0.0,anchored (GW32/35 WC squads inferred from EO + later sales)
2025-26,34,256,Muñoz,D,0.61,1.45,1.0,2.3,anchored (GW32/35 WC squads inferred from EO + later sales)
2025-26,34,257,Lacroix,D,1.0,0.0,1.6,0.0,anchored (GW32/35 WC squads inferred from EO + later sales)
2025-26,34,261,Richards,D,0.35,4.7,0.6,7.3,anchored (GW32/35 WC squads inferred from EO + later sales)
2025-26,34,267,Sarr,M,0.48,1.35,0.8,2.1,anchored (GW32/35 WC squads inferred from EO + later sales)
2025-26,34,283,Mateta,F,0.2,0.08,0.3,0.1,anchored (GW32/35 WC squads inferred from EO + later sales)
2025-26,34,287,Pickford,G,0.0,0.88,0.0,1.4,anchored (GW32/35 WC squads inferred from EO + later sales)
2025-26,34,291,Tarkowski,D,5.33,1.84,8.5,2.9,anchored (GW32/35 WC squads inferred from EO + later sales)
2025-26,34,295,Keane,D,0.0,0.86,0.0,1.3,anchored (GW32/35 WC squads inferred from EO + later sales)
2025-26,34,299,Ndiaye,M,4.58,2.66,7.3,4.2,anchored (GW32/35 WC squads inferred from EO + later sales)
2025-26,34,303,Garner,M,0.0,0.41,0.0,0.6,anchored (GW32/35 WC squads inferred from EO + later sales)
2025-26,34,314,Leno,G,0.23,0.0,0.4,0.0,anchored (GW32/35 WC squads inferred from EO + later sales)
2025-26,34,317,Andersen,D,16.65,23.4,26.4,36.6,anchored (GW32/35 WC squads inferred from EO + later sales)
2025-26,34,322,Tete,D,0.58,0.01,0.9,0.0,anchored (GW32/35 WC squads inferred from EO + later sales)
2025-26,34,329,Wilson,M,5.75,21.54,9.1,33.7,anchored (GW32/35 WC squads inferred from EO + later sales)
2025-26,34,337,Raúl,F,0.27,0.12,0.4,0.2,anchored (GW32/35 WC squads inferred from EO + later sales)
2025-26,34,338,Muniz,F,0.07,0.0,0.1,0.0,anchored (GW32/35 WC squads inferred from EO + later sales)
2025-26,34,341,Darlow,G,50.61,38.66,80.3,60.4,anchored (GW32/35 WC squads inferred from EO + later sales)
2025-26,34,342,Bogle,D,0.54,0.0,0.9,0.0,anchored (GW32/35 WC squads inferred from EO + later sales)
2025-26,34,343,Struijk,D,39.79,27.78,63.2,43.4,anchored (GW32/35 WC squads inferred from EO + later sales)
2025-26,34,344,Bijol,D,0.54,2.48,0.9,3.9,anchored (GW32/35 WC squads inferred from EO + later sales)
2025-26,34,347,Gudmundsson,D,3.36,1.53,5.3,2.4,anchored (GW32/35 WC squads inferred from EO + later sales)
2025-26,34,348,Rodon,D,0.95,3.2,1.5,5.0,anchored (GW32/35 WC squads inferred from EO + later sales)
2025-26,34,366,A.Becker,G,0.0,0.38,0.0,0.6,anchored (GW32/35 WC squads inferred from EO + later sales)
2025-26,34,367,Mamardashvili,G,0.0,0.39,0.0,0.6,anchored (GW32/35 WC squads inferred from EO + later sales)
2025-26,34,373,Virgil,D,20.25,30.02,32.1,46.9,anchored (GW32/35 WC squads inferred from EO + later sales)
2025-26,34,374,Konaté,D,0.0,0.51,0.0,0.8,anchored (GW32/35 WC squads inferred from EO + later sales)
2025-26,34,381,M.Salah,M,4.67,5.43,7.4,8.5,anchored (GW32/35 WC squads inferred from EO + later sales)
2025-26,34,382,Wirtz,M,0.67,1.89,1.1,3.0,anchored (GW32/35 WC squads inferred from EO + later sales)
2025-26,34,384,Gakpo,M,0.27,0.0,0.4,0.0,anchored (GW32/35 WC squads inferred from EO + later sales)
2025-26,34,387,Szoboszlai,M,12.93,10.47,20.5,16.4,anchored (GW32/35 WC squads inferred from EO + later sales)
2025-26,34,402,Aït-Nouri,D,0.0,0.2,0.0,0.3,anchored (GW32/35 WC squads inferred from EO + later sales)
2025-26,34,411,O'Reilly,D,46.83,41.19,74.3,64.4,anchored (GW32/35 WC squads inferred from EO + later sales)
2025-26,34,414,Foden,M,0.0,0.31,0.0,0.5,anchored (GW32/35 WC squads inferred from EO + later sales)
2025-26,34,417,Cherki,M,0.0,0.55,0.0,0.9,anchored (GW32/35 WC squads inferred from EO + later sales)
2025-26,34,427,Reijnders,M,0.0,0.29,0.0,0.5,anchored (GW32/35 WC squads inferred from EO + later sales)
2025-26,34,430,Haaland,F,51.5,54.49,81.7,85.1,anchored (GW32/35 WC squads inferred from EO + later sales)
2025-26,34,440,Dalot,D,0.0,0.76,0.0,1.2,anchored (GW32/35 WC squads inferred from EO + later sales)
2025-26,34,441,Dorgu,D,0.16,0.53,0.3,0.8,anchored (GW32/35 WC squads inferred from EO + later sales)
2025-26,34,442,Maguire,D,0.29,0.0,0.5,0.0,anchored (GW32/35 WC squads inferred from EO + later sales)
2025-26,34,444,Yoro,D,0.0,1.8,0.0,2.8,anchored (GW32/35 WC squads inferred from EO + later sales)
2025-26,34,449,B.Fernandes,M,50.64,51.88,80.4,81.1,anchored (GW32/35 WC squads inferred from EO + later sales)
2025-26,34,450,Cunha,M,8.94,8.52,14.2,13.3,anchored (GW32/35 WC squads inferred from EO + later sales)
2025-26,34,469,Pope,G,0.0,0.38,0.0,0.6,anchored (GW32/35 WC squads inferred from EO + later sales)
2025-26,34,470,Dúbravka,G,12.54,16.05,19.9,25.1,anchored (GW32/35 WC squads inferred from EO + later sales)
2025-26,34,473,Hall,D,6.61,5.86,10.5,9.2,anchored (GW32/35 WC squads inferred from EO + later sales)
2025-26,34,485,Gordon,M,7.81,5.7,12.4,8.9,anchored (GW32/35 WC squads inferred from EO + later sales)
2025-26,34,487,Barnes,M,0.21,0.0,0.3,0.0,anchored (GW32/35 WC squads inferred from EO + later sales)
2025-26,34,502,Sels,G,0.0,2.36,0.0,3.7,anchored (GW32/35 WC squads inferred from EO + later sales)
2025-26,34,505,Milenković,D,0.02,0.35,0.0,0.5,anchored (GW32/35 WC squads inferred from EO + later sales)
2025-26,34,506,Murillo,D,0.36,1.09,0.6,1.7,anchored (GW32/35 WC squads inferred from EO + later sales)
2025-26,34,508,N.Williams,D,0.05,0.92,0.1,1.4,anchored (GW32/35 WC squads inferred from EO + later sales)
2025-26,34,515,Gibbs-White,M,0.0,0.45,0.0,0.7,anchored (GW32/35 WC squads inferred from EO + later sales)
2025-26,34,517,Anderson,M,5.87,6.91,9.3,10.8,anchored (GW32/35 WC squads inferred from EO + later sales)
2025-26,34,547,E.Le Fée,M,0.45,1.22,0.7,1.9,anchored (GW32/35 WC squads inferred from EO + later sales)
2025-26,34,565,Vicario,G,0.25,0.61,0.4,1.0,anchored (GW32/35 WC squads inferred from EO + later sales)
2025-26,34,567,Kinsky,G,0.0,1.0,0.0,1.6,anchored (GW32/35 WC squads inferred from EO + later sales)
2025-26,34,568,Pedro Porro,D,0.61,2.64,1.0,4.1,anchored (GW32/35 WC squads inferred from EO + later sales)
2025-26,34,569,Romero,D,0.06,0.0,0.1,0.0,anchored (GW32/35 WC squads inferred from EO + later sales)
2025-26,34,570,Danso,D,1.0,0.0,1.6,0.0,anchored (GW32/35 WC squads inferred from EO + later sales)
2025-26,34,575,Van de Ven,D,0.02,0.48,0.0,0.8,anchored (GW32/35 WC squads inferred from EO + later sales)
2025-26,34,582,Kudus,M,0.0,0.1,0.0,0.2,anchored (GW32/35 WC squads inferred from EO + later sales)
2025-26,34,596,Solanke,F,4.0,2.0,6.3,3.1,anchored (GW32/35 WC squads inferred from EO + later sales)
2025-26,34,597,Richarlison,F,0.01,0.24,0.0,0.4,anchored (GW32/35 WC squads inferred from EO + later sales)
2025-26,34,603,Diouf,D,0.0,0.4,0.0,0.6,anchored (GW32/35 WC squads inferred from EO + later sales)
2025-26,34,606,Mavropanos,D,1.31,1.0,2.1,1.6,anchored (GW32/35 WC squads inferred from EO + later sales)
2025-26,34,624,Bowen,F,11.54,22.88,18.3,35.8,anchored (GW32/35 WC squads inferred from EO + later sales)
2025-26,34,628,José Sá,G,0.46,1.11,0.7,1.7,anchored (GW32/35 WC squads inferred from EO + later sales)
2025-26,34,631,Agbadou,D,0.11,0.22,0.2,0.3,anchored (GW32/35 WC squads inferred from EO + later sales)
2025-26,34,654,Strand Larsen,F,0.48,0.17,0.8,0.3,anchored (GW32/35 WC squads inferred from EO + later sales)
2025-26,34,661,Ekitiké,F,2.79,1.63,4.4,2.5,anchored (GW32/35 WC squads inferred from EO + later sales)
2025-26,34,670,Roefs,G,0.0,3.96,0.0,6.2,anchored (GW32/35 WC squads inferred from EO + later sales)
2025-26,34,683,Alderete,D,2.98,8.65,4.7,13.5,anchored (GW32/35 WC squads inferred from EO + later sales)
2025-26,34,684,Thiaw,D,8.25,15.63,13.1,24.4,anchored (GW32/35 WC squads inferred from EO + later sales)
2025-26,34,691,Calvert-Lewin,F,44.08,32.26,70.0,50.4,anchored (GW32/35 WC squads inferred from EO + later sales)
2025-26,34,694,Mukiele,D,1.03,4.37,1.6,6.8,anchored (GW32/35 WC squads inferred from EO + later sales)
2025-26,34,706,Justin,D,0.0,0.51,0.0,0.8,anchored (GW32/35 WC squads inferred from EO + later sales)
2025-26,34,717,Xavi,M,1.0,2.0,1.6,3.1,anchored (GW32/35 WC squads inferred from EO + later sales)
2025-26,34,730,Brobbey,F,0.0,1.0,0.0,1.6,anchored (GW32/35 WC squads inferred from EO + later sales)
2025-26,34,733,Lammens,G,0.0,1.21,0.0,1.9,anchored (GW32/35 WC squads inferred from EO + later sales)
2025-26,34,783,Groß,M,23.14,12.06,36.7,18.8,anchored (GW32/35 WC squads inferred from EO + later sales)
2025-26,34,807,Rayan,M,0.0,0.97,0.0,1.5,anchored (GW32/35 WC squads inferred from EO + later sales)
2025-26,34,817,Armstrong,F,0.13,0.0,0.2,0.0,anchored (GW32/35 WC squads inferred from EO + later sales)
2025-26,35,1,Raya,G,13.15,21.13,20.9,33.0,anchored (GW32/35 WC squads inferred from EO + later sales)
2025-26,35,5,Gabriel,D,21.24,46.74,33.7,73.0,anchored (GW32/35 WC squads inferred from EO + later sales)
2025-26,35,6,Saliba,D,3.77,2.7,6.0,4.2,anchored (GW32/35 WC squads inferred from EO + later sales)
2025-26,35,8,J.Timber,D,0.84,2.29,1.3,3.6,anchored (GW32/35 WC squads inferred from EO + later sales)
2025-26,35,16,Saka,M,0.69,0.52,1.1,0.8,anchored (GW32/35 WC squads inferred from EO + later sales)
2025-26,35,21,Rice,M,4.61,2.7,7.3,4.2,anchored (GW32/35 WC squads inferred from EO + later sales)
2025-26,35,32,Martinez,G,0.0,0.78,0.0,1.2,anchored (GW32/35 WC squads inferred from EO + later sales)
2025-26,35,33,M.Bizot,G,0.0,0.17,0.0,0.3,anchored (GW32/35 WC squads inferred from EO + later sales)
2025-26,35,36,Cash,D,0.0,0.24,0.0,0.4,anchored (GW32/35 WC squads inferred from EO + later sales)
2025-26,35,38,Konsa,D,0.0,0.48,0.0,0.8,anchored (GW32/35 WC squads inferred from EO + later sales)
2025-26,35,47,Rogers,M,2.0,11.03,3.2,17.2,anchored (GW32/35 WC squads inferred from EO + later sales)
2025-26,35,48,Tielemans,M,0.03,0.07,0.0,0.1,anchored (GW32/35 WC squads inferred from EO + later sales)
2025-26,35,64,Watkins,F,0.0,1.71,0.0,2.7,anchored (GW32/35 WC squads inferred from EO + later sales)
2025-26,35,67,Petrović,G,0.14,0.78,0.2,1.2,anchored (GW32/35 WC squads inferred from EO + later sales)
2025-26,35,72,Senesi,D,49.7,22.54,78.9,35.2,anchored (GW32/35 WC squads inferred from EO + later sales)
2025-26,35,74,Truffert,D,0.0,0.12,0.0,0.2,anchored (GW32/35 WC squads inferred from EO + later sales)
2025-26,35,77,Hill,D,39.3,23.67,62.4,37.0,anchored (GW32/35 WC squads inferred from EO + later sales)
2025-26,35,82,Semenyo,M,47.65,42.38,75.6,66.2,anchored (GW32/35 WC squads inferred from EO + later sales)
2025-26,35,83,O.Dango,M,1.11,11.18,1.8,17.5,anchored (GW32/35 WC squads inferred from EO + later sales)
2025-26,35,84,Tavernier,M,60.53,42.38,96.1,66.2,anchored (GW32/35 WC squads inferred from EO + later sales)
2025-26,35,90,Scott,M,0.15,0.0,0.2,0.0,anchored (GW32/35 WC squads inferred from EO + later sales)
2025-26,35,97,Evanilson,F,1.93,0.0,3.1,0.0,anchored (GW32/35 WC squads inferred from EO + later sales)
2025-26,35,101,Kelleher,G,0.09,1.29,0.1,2.0,anchored (GW32/35 WC squads inferred from EO + later sales)
2025-26,35,105,Valdimarsson,G,0.0,0.17,0.0,0.3,anchored (GW32/35 WC squads inferred from EO + later sales)
2025-26,35,106,Collins,D,0.14,0.77,0.2,1.2,anchored (GW32/35 WC squads inferred from EO + later sales)
2025-26,35,119,Mbeumo,M,1.74,9.54,2.8,14.9,anchored (GW32/35 WC squads inferred from EO + later sales)
2025-26,35,120,Schade,M,0.0,0.31,0.0,0.5,anchored (GW32/35 WC squads inferred from EO + later sales)
2025-26,35,136,Thiago,F,18.86,19.13,29.9,29.9,anchored (GW32/35 WC squads inferred from EO + later sales)
2025-26,35,139,Verbruggen,G,48.49,29.16,77.0,45.6,anchored (GW32/35 WC squads inferred from EO + later sales)
2025-26,35,145,De Cuyper,D,0.0,0.33,0.0,0.5,anchored (GW32/35 WC squads inferred from EO + later sales)
2025-26,35,148,F.Kadıoğlu,D,5.43,1.6,8.6,2.5,anchored (GW32/35 WC squads inferred from EO + later sales)
2025-26,35,151,Van Hecke,D,48.27,22.87,76.6,35.7,anchored (GW32/35 WC squads inferred from EO + later sales)
2025-26,35,157,Mitoma,M,1.0,1.1,1.6,1.7,anchored (GW32/35 WC squads inferred from EO + later sales)
2025-26,35,158,Georginio,M,0.04,0.08,0.1,0.1,anchored (GW32/35 WC squads inferred from EO + later sales)
2025-26,35,160,Minteh,M,0.0,0.11,0.0,0.2,anchored (GW32/35 WC squads inferred from EO + later sales)
2025-26,35,178,Welbeck,F,0.0,9.74,0.0,15.2,anchored (GW32/35 WC squads inferred from EO + later sales)
2025-26,35,190,Ekdal,D,0.0,0.06,0.0,0.1,anchored (GW32/35 WC squads inferred from EO + later sales)
2025-26,35,191,Estève,D,0.09,2.72,0.1,4.2,anchored (GW32/35 WC squads inferred from EO + later sales)
2025-26,35,192,Hartman,D,0.0,0.07,0.0,0.1,anchored (GW32/35 WC squads inferred from EO + later sales)
2025-26,35,220,Sánchez,G,0.26,4.12,0.4,6.4,anchored (GW32/35 WC squads inferred from EO + later sales)
2025-26,35,232,Tosin,D,0.0,0.26,0.0,0.4,anchored (GW32/35 WC squads inferred from EO + later sales)
2025-26,35,235,Palmer,M,50.4,46.5,80.0,72.7,anchored (GW32/35 WC squads inferred from EO + later sales)
2025-26,35,237,Enzo,M,19.51,8.58,31.0,13.4,anchored (GW32/35 WC squads inferred from EO + later sales)
2025-26,35,242,Dewsbury-Hall,M,0.0,1.51,0.0,2.4,anchored (GW32/35 WC squads inferred from EO + later sales)
2025-26,35,249,João Pedro,F,41.77,39.93,66.3,62.4,anchored (GW32/35 WC squads inferred from EO + later sales)
2025-26,35,253,Henderson,G,9.36,0.0,14.9,0.0,anchored (GW32/35 WC squads inferred from EO + later sales)
2025-26,35,256,Muñoz,D,9.84,3.34,15.6,5.2,anchored (GW32/35 WC squads inferred from EO + later sales)
2025-26,35,257,Lacroix,D,8.7,1.42,13.8,2.2,anchored (GW32/35 WC squads inferred from EO + later sales)
2025-26,35,261,Richards,D,1.0,3.66,1.6,5.7,anchored (GW32/35 WC squads inferred from EO + later sales)
2025-26,35,266,Eze,M,0.0,6.54,0.0,10.2,anchored (GW32/35 WC squads inferred from EO + later sales)
2025-26,35,267,Sarr,M,1.0,0.93,1.6,1.5,anchored (GW32/35 WC squads inferred from EO + later sales)
2025-26,35,287,Pickford,G,0.0,0.77,0.0,1.2,anchored (GW32/35 WC squads inferred from EO + later sales)
2025-26,35,291,Tarkowski,D,0.89,1.43,1.4,2.2,anchored (GW32/35 WC squads inferred from EO + later sales)
2025-26,35,295,Keane,D,0.0,0.67,0.0,1.0,anchored (GW32/35 WC squads inferred from EO + later sales)
2025-26,35,299,Ndiaye,M,1.99,1.83,3.2,2.9,anchored (GW32/35 WC squads inferred from EO + later sales)
2025-26,35,303,Garner,M,0.0,0.28,0.0,0.4,anchored (GW32/35 WC squads inferred from EO + later sales)
2025-26,35,317,Andersen,D,2.79,18.2,4.4,28.4,anchored (GW32/35 WC squads inferred from EO + later sales)
2025-26,35,322,Tete,D,0.1,0.01,0.2,0.0,anchored (GW32/35 WC squads inferred from EO + later sales)
2025-26,35,329,Wilson,M,9.58,15.24,15.2,23.8,anchored (GW32/35 WC squads inferred from EO + later sales)
2025-26,35,341,Darlow,G,50.55,46.22,80.2,72.2,anchored (GW32/35 WC squads inferred from EO + later sales)
2025-26,35,342,Bogle,D,4.0,0.96,6.3,1.5,anchored (GW32/35 WC squads inferred from EO + later sales)
2025-26,35,343,Struijk,D,44.84,36.62,71.2,57.2,anchored (GW32/35 WC squads inferred from EO + later sales)
2025-26,35,344,Bijol,D,1.0,0.97,1.6,1.5,anchored (GW32/35 WC squads inferred from EO + later sales)
2025-26,35,347,Gudmundsson,D,3.06,0.0,4.9,0.0,anchored (GW32/35 WC squads inferred from EO + later sales)
2025-26,35,348,Rodon,D,0.16,2.49,0.3,3.9,anchored (GW32/35 WC squads inferred from EO + later sales)
2025-26,35,366,A.Becker,G,0.0,0.33,0.0,0.5,anchored (GW32/35 WC squads inferred from EO + later sales)
2025-26,35,367,Mamardashvili,G,0.0,0.34,0.0,0.5,anchored (GW32/35 WC squads inferred from EO + later sales)
2025-26,35,373,Virgil,D,3.39,21.44,5.4,33.5,anchored (GW32/35 WC squads inferred from EO + later sales)
2025-26,35,374,Konaté,D,0.0,0.39,0.0,0.6,anchored (GW32/35 WC squads inferred from EO + later sales)
2025-26,35,381,M.Salah,M,1.04,3.73,1.7,5.8,anchored (GW32/35 WC squads inferred from EO + later sales)
2025-26,35,382,Wirtz,M,0.15,1.3,0.2,2.0,anchored (GW32/35 WC squads inferred from EO + later sales)
2025-26,35,384,Gakpo,M,0.06,0.0,0.1,0.0,anchored (GW32/35 WC squads inferred from EO + later sales)
2025-26,35,387,Szoboszlai,M,5.55,7.19,8.8,11.2,anchored (GW32/35 WC squads inferred from EO + later sales)
2025-26,35,402,Aït-Nouri,D,0.0,0.15,0.0,0.2,anchored (GW32/35 WC squads inferred from EO + later sales)
2025-26,35,411,O'Reilly,D,61.24,61.58,97.2,96.2,anchored (GW32/35 WC squads inferred from EO + later sales)
2025-26,35,414,Foden,M,0.0,0.21,0.0,0.3,anchored (GW32/35 WC squads inferred from EO + later sales)
2025-26,35,417,Cherki,M,14.35,18.34,22.8,28.7,anchored (GW32/35 WC squads inferred from EO + later sales)
2025-26,35,427,Reijnders,M,0.0,0.2,0.0,0.3,anchored (GW32/35 WC squads inferred from EO + later sales)
2025-26,35,430,Haaland,F,62.33,62.82,98.9,98.2,anchored (GW32/35 WC squads inferred from EO + later sales)
2025-26,35,440,Dalot,D,0.0,0.59,0.0,0.9,anchored (GW32/35 WC squads inferred from EO + later sales)
2025-26,35,441,Dorgu,D,0.03,0.41,0.0,0.6,anchored (GW32/35 WC squads inferred from EO + later sales)
2025-26,35,444,Yoro,D,0.0,1.4,0.0,2.2,anchored (GW32/35 WC squads inferred from EO + later sales)
2025-26,35,449,B.Fernandes,M,63.0,61.42,100.0,96.0,anchored (GW32/35 WC squads inferred from EO + later sales)
2025-26,35,450,Cunha,M,1.99,4.16,3.2,6.5,anchored (GW32/35 WC squads inferred from EO + later sales)
2025-26,35,469,Pope,G,0.0,0.34,0.0,0.5,anchored (GW32/35 WC squads inferred from EO + later sales)
2025-26,35,470,Dúbravka,G,2.92,14.19,4.6,22.2,anchored (GW32/35 WC squads inferred from EO + later sales)
2025-26,35,473,Hall,D,1.11,4.56,1.8,7.1,anchored (GW32/35 WC squads inferred from EO + later sales)
2025-26,35,485,Gordon,M,1.74,3.92,2.8,6.1,anchored (GW32/35 WC squads inferred from EO + later sales)
2025-26,35,502,Sels,G,0.0,2.08,0.0,3.2,anchored (GW32/35 WC squads inferred from EO + later sales)
2025-26,35,505,Milenković,D,0.0,0.27,0.0,0.4,anchored (GW32/35 WC squads inferred from EO + later sales)
2025-26,35,506,Murillo,D,0.06,0.85,0.1,1.3,anchored (GW32/35 WC squads inferred from EO + later sales)
2025-26,35,508,N.Williams,D,0.01,0.71,0.0,1.1,anchored (GW32/35 WC squads inferred from EO + later sales)
2025-26,35,515,Gibbs-White,M,0.0,0.31,0.0,0.5,anchored (GW32/35 WC squads inferred from EO + later sales)
2025-26,35,517,Anderson,M,1.31,4.75,2.1,7.4,anchored (GW32/35 WC squads inferred from EO + later sales)
2025-26,35,547,E.Le Fée,M,0.1,1.68,0.2,2.6,anchored (GW32/35 WC squads inferred from EO + later sales)
2025-26,35,565,Vicario,G,0.06,0.53,0.1,0.8,anchored (GW32/35 WC squads inferred from EO + later sales)
2025-26,35,567,Kinsky,G,0.0,0.88,0.0,1.4,anchored (GW32/35 WC squads inferred from EO + later sales)
2025-26,35,568,Pedro Porro,D,0.1,2.05,0.2,3.2,anchored (GW32/35 WC squads inferred from EO + later sales)
2025-26,35,570,Danso,D,0.17,0.0,0.3,0.0,anchored (GW32/35 WC squads inferred from EO + later sales)
2025-26,35,575,Van de Ven,D,0.0,0.37,0.0,0.6,anchored (GW32/35 WC squads inferred from EO + later sales)
2025-26,35,582,Kudus,M,0.0,0.07,0.0,0.1,anchored (GW32/35 WC squads inferred from EO + later sales)
2025-26,35,596,Solanke,F,0.0,0.53,0.0,0.8,anchored (GW32/35 WC squads inferred from EO + later sales)
2025-26,35,597,Richarlison,F,-0.0,0.06,-0.0,0.1,anchored (GW32/35 WC squads inferred from EO + later sales)
2025-26,35,603,Diouf,D,0.0,0.31,0.0,0.5,anchored (GW32/35 WC squads inferred from EO + later sales)
2025-26,35,606,Mavropanos,D,0.22,0.78,0.3,1.2,anchored (GW32/35 WC squads inferred from EO + later sales)
2025-26,35,624,Bowen,F,3.73,11.84,5.9,18.5,anchored (GW32/35 WC squads inferred from EO + later sales)
2025-26,35,628,José Sá,G,0.11,1.07,0.2,1.7,anchored (GW32/35 WC squads inferred from EO + later sales)
2025-26,35,631,Agbadou,D,0.02,0.17,0.0,0.3,anchored (GW32/35 WC squads inferred from EO + later sales)
2025-26,35,661,Ekitiké,F,0.0,0.43,0.0,0.7,anchored (GW32/35 WC squads inferred from EO + later sales)
2025-26,35,670,Roefs,G,0.0,3.57,0.0,5.6,anchored (GW32/35 WC squads inferred from EO + later sales)
2025-26,35,683,Alderete,D,0.5,7.47,0.8,11.7,anchored (GW32/35 WC squads inferred from EO + later sales)
2025-26,35,684,Thiaw,D,1.38,11.2,2.2,17.5,anchored (GW32/35 WC squads inferred from EO + later sales)
2025-26,35,691,Calvert-Lewin,F,60.64,46.5,96.3,72.7,anchored (GW32/35 WC squads inferred from EO + later sales)
2025-26,35,694,Mukiele,D,0.17,3.4,0.3,5.3,anchored (GW32/35 WC squads inferred from EO + later sales)
2025-26,35,706,Justin,D,1.39,4.62,2.2,7.2,anchored (GW32/35 WC squads inferred from EO + later sales)
2025-26,35,730,Brobbey,F,0.0,0.27,0.0,0.4,anchored (GW32/35 WC squads inferred from EO + later sales)
2025-26,35,733,Lammens,G,0.0,1.16,0.0,1.8,anchored (GW32/35 WC squads inferred from EO + later sales)
2025-26,35,736,Donnarumma,G,1.0,0.0,1.6,0.0,anchored (GW32/35 WC squads inferred from EO + later sales)
2025-26,35,783,Groß,M,26.59,9.13,42.2,14.3,anchored (GW32/35 WC squads inferred from EO + later sales)
2025-26,35,807,Rayan,M,0.0,0.66,0.0,1.0,anchored (GW32/35 WC squads inferred from EO + later sales)
2025-26,36,1,Raya,G,13.15,18.29,20.9,28.6,anchored (GW32/35 WC squads inferred from EO + later sales)
2025-26,36,5,Gabriel,D,57.24,58.03,90.9,90.7,anchored (GW32/35 WC squads inferred from EO + later sales)
2025-26,36,6,Saliba,D,3.77,2.74,6.0,4.3,anchored (GW32/35 WC squads inferred from EO + later sales)
2025-26,36,8,J.Timber,D,0.84,0.77,1.3,1.2,anchored (GW32/35 WC squads inferred from EO + later sales)
2025-26,36,16,Saka,M,7.69,41.74,12.2,65.2,anchored (GW32/35 WC squads inferred from EO + later sales)
2025-26,36,21,Rice,M,3.61,2.45,5.7,3.8,anchored (GW32/35 WC squads inferred from EO + later sales)
2025-26,36,32,Martinez,G,0.0,0.78,0.0,1.2,anchored (GW32/35 WC squads inferred from EO + later sales)
2025-26,36,33,M.Bizot,G,0.0,0.12,0.0,0.2,anchored (GW32/35 WC squads inferred from EO + later sales)
2025-26,36,36,Cash,D,0.0,0.08,0.0,0.1,anchored (GW32/35 WC squads inferred from EO + later sales)
2025-26,36,38,Konsa,D,0.0,0.16,0.0,0.2,anchored (GW32/35 WC squads inferred from EO + later sales)
2025-26,36,47,Rogers,M,2.0,10.66,3.2,16.7,anchored (GW32/35 WC squads inferred from EO + later sales)
2025-26,36,64,Watkins,F,0.0,2.0,0.0,3.1,anchored (GW32/35 WC squads inferred from EO + later sales)
2025-26,36,67,Petrović,G,0.14,0.78,0.2,1.2,anchored (GW32/35 WC squads inferred from EO + later sales)
2025-26,36,72,Senesi,D,30.7,16.5,48.7,25.8,anchored (GW32/35 WC squads inferred from EO + later sales)
2025-26,36,77,Hill,D,37.3,34.42,59.2,53.8,anchored (GW32/35 WC squads inferred from EO + later sales)
2025-26,36,82,Semenyo,M,3.65,23.74,5.8,37.1,anchored (GW32/35 WC squads inferred from EO + later sales)
2025-26,36,83,O.Dango,M,1.11,4.33,1.8,6.8,anchored (GW32/35 WC squads inferred from EO + later sales)
2025-26,36,84,Tavernier,M,57.53,41.42,91.3,64.7,anchored (GW32/35 WC squads inferred from EO + later sales)
2025-26,36,90,Scott,M,0.15,1.0,0.2,1.6,anchored (GW32/35 WC squads inferred from EO + later sales)
2025-26,36,101,Kelleher,G,0.09,1.13,0.1,1.8,anchored (GW32/35 WC squads inferred from EO + later sales)
2025-26,36,105,Valdimarsson,G,0.0,0.12,0.0,0.2,anchored (GW32/35 WC squads inferred from EO + later sales)
2025-26,36,106,Collins,D,0.14,0.26,0.2,0.4,anchored (GW32/35 WC squads inferred from EO + later sales)
2025-26,36,119,Mbeumo,M,1.74,3.77,2.8,5.9,anchored (GW32/35 WC squads inferred from EO + later sales)
2025-26,36,120,Schade,M,0.0,0.13,0.0,0.2,anchored (GW32/35 WC squads inferred from EO + later sales)
2025-26,36,136,Thiago,F,17.86,13.39,28.3,20.9,anchored (GW32/35 WC squads inferred from EO + later sales)
2025-26,36,139,Verbruggen,G,45.49,38.54,72.2,60.2,anchored (GW32/35 WC squads inferred from EO + later sales)
2025-26,36,145,De Cuyper,D,0.0,0.11,0.0,0.2,anchored (GW32/35 WC squads inferred from EO + later sales)
2025-26,36,148,F.Kadıoğlu,D,6.43,7.82,10.2,12.2,anchored (GW32/35 WC squads inferred from EO + later sales)
2025-26,36,151,Van Hecke,D,49.27,37.26,78.2,58.2,anchored (GW32/35 WC squads inferred from EO + later sales)
2025-26,36,157,Mitoma,M,1.0,3.0,1.6,4.7,anchored (GW32/35 WC squads inferred from EO + later sales)
2025-26,36,163,Hinshelwood,M,0.0,12.58,0.0,19.7,anchored (GW32/35 WC squads inferred from EO + later sales)
2025-26,36,178,Welbeck,F,14.32,23.82,22.7,37.2,anchored (GW32/35 WC squads inferred from EO + later sales)
2025-26,36,191,Estève,D,0.09,0.91,0.1,1.4,anchored (GW32/35 WC squads inferred from EO + later sales)
2025-26,36,220,Sánchez,G,0.26,2.8,0.4,4.4,anchored (GW32/35 WC squads inferred from EO + later sales)
2025-26,36,232,Tosin,D,0.0,0.09,0.0,0.1,anchored (GW32/35 WC squads inferred from EO + later sales)
2025-26,36,235,Palmer,M,44.4,8.82,70.5,13.8,anchored (GW32/35 WC squads inferred from EO + later sales)
2025-26,36,237,Enzo,M,16.51,6.26,26.2,9.8,anchored (GW32/35 WC squads inferred from EO + later sales)
2025-26,36,242,Dewsbury-Hall,M,0.0,0.64,0.0,1.0,anchored (GW32/35 WC squads inferred from EO + later sales)
2025-26,36,249,João Pedro,F,31.77,33.66,50.4,52.6,anchored (GW32/35 WC squads inferred from EO + later sales)
2025-26,36,253,Henderson,G,13.36,12.3,21.2,19.2,anchored (GW32/35 WC squads inferred from EO + later sales)
2025-26,36,256,Muñoz,D,10.84,10.38,17.2,16.2,anchored (GW32/35 WC squads inferred from EO + later sales)
2025-26,36,257,Lacroix,D,24.7,22.54,39.2,35.2,anchored (GW32/35 WC squads inferred from EO + later sales)
2025-26,36,261,Richards,D,1.0,1.23,1.6,1.9,anchored (GW32/35 WC squads inferred from EO + later sales)
2025-26,36,266,Eze,M,0.0,2.64,0.0,4.1,anchored (GW32/35 WC squads inferred from EO + later sales)
2025-26,36,267,Sarr,M,1.0,1.83,1.6,2.9,anchored (GW32/35 WC squads inferred from EO + later sales)
2025-26,36,287,Pickford,G,0.0,0.78,0.0,1.2,anchored (GW32/35 WC squads inferred from EO + later sales)
2025-26,36,291,Tarkowski,D,0.89,0.48,1.4,0.8,anchored (GW32/35 WC squads inferred from EO + later sales)
2025-26,36,295,Keane,D,1.0,1.82,1.6,2.8,anchored (GW32/35 WC squads inferred from EO + later sales)
2025-26,36,299,Ndiaye,M,3.99,0.93,6.3,1.5,anchored (GW32/35 WC squads inferred from EO + later sales)
2025-26,36,303,Garner,M,0.0,0.12,0.0,0.2,anchored (GW32/35 WC squads inferred from EO + later sales)
2025-26,36,317,Andersen,D,2.79,6.78,4.4,10.6,anchored (GW32/35 WC squads inferred from EO + later sales)
2025-26,36,322,Tete,D,0.1,0.0,0.2,0.0,anchored (GW32/35 WC squads inferred from EO + later sales)
2025-26,36,329,Wilson,M,9.58,14.05,15.2,22.0,anchored (GW32/35 WC squads inferred from EO + later sales)
2025-26,36,341,Darlow,G,50.55,35.98,80.2,56.2,anchored (GW32/35 WC squads inferred from EO + later sales)
2025-26,36,342,Bogle,D,0.0,1.0,0.0,1.6,anchored (GW32/35 WC squads inferred from EO + later sales)
2025-26,36,343,Struijk,D,16.84,22.7,26.7,35.5,anchored (GW32/35 WC squads inferred from EO + later sales)
2025-26,36,344,Bijol,D,0.0,0.33,0.0,0.5,anchored (GW32/35 WC squads inferred from EO + later sales)
2025-26,36,347,Gudmundsson,D,0.06,1.0,0.1,1.6,anchored (GW32/35 WC squads inferred from EO + later sales)
2025-26,36,348,Rodon,D,0.16,0.84,0.3,1.3,anchored (GW32/35 WC squads inferred from EO + later sales)
2025-26,36,354,Ampadu,M,0.0,1.0,0.0,1.6,anchored (GW32/35 WC squads inferred from EO + later sales)
2025-26,36,366,A.Becker,G,0.0,0.23,0.0,0.4,anchored (GW32/35 WC squads inferred from EO + later sales)
2025-26,36,367,Mamardashvili,G,0.0,0.23,0.0,0.4,anchored (GW32/35 WC squads inferred from EO + later sales)
2025-26,36,373,Virgil,D,3.39,7.21,5.4,11.3,anchored (GW32/35 WC squads inferred from EO + later sales)
2025-26,36,374,Konaté,D,0.0,0.13,0.0,0.2,anchored (GW32/35 WC squads inferred from EO + later sales)
2025-26,36,381,M.Salah,M,1.04,1.59,1.7,2.5,anchored (GW32/35 WC squads inferred from EO + later sales)
2025-26,36,382,Wirtz,M,0.15,0.55,0.2,0.9,anchored (GW32/35 WC squads inferred from EO + later sales)
2025-26,36,384,Gakpo,M,0.06,0.0,0.1,0.0,anchored (GW32/35 WC squads inferred from EO + later sales)
2025-26,36,387,Szoboszlai,M,8.55,6.66,13.6,10.4,anchored (GW32/35 WC squads inferred from EO + later sales)
2025-26,36,411,O'Reilly,D,61.24,62.35,97.2,97.4,anchored (GW32/35 WC squads inferred from EO + later sales)
2025-26,36,414,Foden,M,0.0,0.09,0.0,0.1,anchored (GW32/35 WC squads inferred from EO + later sales)
2025-26,36,417,Cherki,M,59.35,39.74,94.2,62.1,anchored (GW32/35 WC squads inferred from EO + later sales)
2025-26,36,418,Doku,M,0.0,0.87,0.0,1.4,anchored (GW32/35 WC squads inferred from EO + later sales)
2025-26,36,427,Reijnders,M,0.0,0.08,0.0,0.1,anchored (GW32/35 WC squads inferred from EO + later sales)
2025-26,36,430,Haaland,F,62.33,62.7,98.9,98.0,anchored (GW32/35 WC squads inferred from EO + later sales)
2025-26,36,440,Dalot,D,0.0,0.2,0.0,0.3,anchored (GW32/35 WC squads inferred from EO + later sales)
2025-26,36,441,Dorgu,D,0.03,0.14,0.0,0.2,anchored (GW32/35 WC squads inferred from EO + later sales)
2025-26,36,444,Yoro,D,0.0,0.13,0.0,0.2,anchored (GW32/35 WC squads inferred from EO + later sales)
2025-26,36,449,B.Fernandes,M,63.0,64.0,100.0,100.0,anchored (GW32/35 WC squads inferred from EO + later sales)
2025-26,36,450,Cunha,M,1.99,1.77,3.2,2.8,anchored (GW32/35 WC squads inferred from EO + later sales)
2025-26,36,469,Pope,G,0.0,0.23,0.0,0.4,anchored (GW32/35 WC squads inferred from EO + later sales)
2025-26,36,470,Dúbravka,G,2.92,9.65,4.6,15.1,anchored (GW32/35 WC squads inferred from EO + later sales)
2025-26,36,473,Hall,D,1.11,1.53,1.8,2.4,anchored (GW32/35 WC squads inferred from EO + later sales)
2025-26,36,485,Gordon,M,1.74,1.24,2.8,1.9,anchored (GW32/35 WC squads inferred from EO + later sales)
2025-26,36,502,Sels,G,0.0,1.41,0.0,2.2,anchored (GW32/35 WC squads inferred from EO + later sales)
2025-26,36,505,Milenković,D,0.0,0.09,0.0,0.1,anchored (GW32/35 WC squads inferred from EO + later sales)
2025-26,36,506,Murillo,D,0.06,0.29,0.1,0.5,anchored (GW32/35 WC squads inferred from EO + later sales)
2025-26,36,508,N.Williams,D,0.01,1.0,0.0,1.6,anchored (GW32/35 WC squads inferred from EO + later sales)
2025-26,36,517,Anderson,M,1.31,2.02,2.1,3.2,anchored (GW32/35 WC squads inferred from EO + later sales)
2025-26,36,547,E.Le Fée,M,0.1,0.72,0.2,1.1,anchored (GW32/35 WC squads inferred from EO + later sales)
2025-26,36,565,Vicario,G,0.06,0.36,0.1,0.6,anchored (GW32/35 WC squads inferred from EO + later sales)
2025-26,36,567,Kinsky,G,0.0,0.6,0.0,0.9,anchored (GW32/35 WC squads inferred from EO + later sales)
2025-26,36,568,Pedro Porro,D,0.1,1.61,0.2,2.5,anchored (GW32/35 WC squads inferred from EO + later sales)
2025-26,36,570,Danso,D,0.17,0.0,0.3,0.0,anchored (GW32/35 WC squads inferred from EO + later sales)
2025-26,36,575,Van de Ven,D,0.0,0.13,0.0,0.2,anchored (GW32/35 WC squads inferred from EO + later sales)
2025-26,36,596,Solanke,F,0.0,0.21,0.0,0.3,anchored (GW32/35 WC squads inferred from EO + later sales)
2025-26,36,603,Diouf,D,0.0,1.0,0.0,1.6,anchored (GW32/35 WC squads inferred from EO + later sales)
2025-26,36,606,Mavropanos,D,0.22,0.26,0.3,0.4,anchored (GW32/35 WC squads inferred from EO + later sales)
2025-26,36,624,Bowen,F,3.73,7.65,5.9,12.0,anchored (GW32/35 WC squads inferred from EO + later sales)
2025-26,36,628,José Sá,G,0.11,0.98,0.2,1.5,anchored (GW32/35 WC squads inferred from EO + later sales)
2025-26,36,631,Agbadou,D,0.02,0.06,0.0,0.1,anchored (GW32/35 WC squads inferred from EO + later sales)
2025-26,36,661,Ekitiké,F,0.0,0.17,0.0,0.3,anchored (GW32/35 WC squads inferred from EO + later sales)
2025-26,36,666,Gyökeres,F,6.0,10.66,9.5,16.7,anchored (GW32/35 WC squads inferred from EO + later sales)
2025-26,36,670,Roefs,G,0.0,2.75,0.0,4.3,anchored (GW32/35 WC squads inferred from EO + later sales)
2025-26,36,683,Alderete,D,0.5,3.18,0.8,5.0,anchored (GW32/35 WC squads inferred from EO + later sales)
2025-26,36,684,Thiaw,D,1.38,3.76,2.2,5.9,anchored (GW32/35 WC squads inferred from EO + later sales)
2025-26,36,691,Calvert-Lewin,F,52.64,38.68,83.6,60.4,anchored (GW32/35 WC squads inferred from EO + later sales)
2025-26,36,694,Mukiele,D,0.17,1.14,0.3,1.8,anchored (GW32/35 WC squads inferred from EO + later sales)
2025-26,36,706,Justin,D,1.39,0.87,2.2,1.4,anchored (GW32/35 WC squads inferred from EO + later sales)
2025-26,36,723,Canvot,D,1.0,6.54,1.6,10.2,anchored (GW32/35 WC squads inferred from EO + later sales)
2025-26,36,730,Brobbey,F,0.0,0.1,0.0,0.2,anchored (GW32/35 WC squads inferred from EO + later sales)
2025-26,36,733,Lammens,G,0.0,1.04,0.0,1.6,anchored (GW32/35 WC squads inferred from EO + later sales)
2025-26,36,783,Groß,M,26.59,18.7,42.2,29.2,anchored (GW32/35 WC squads inferred from EO + later sales)
2025-26,36,796,Gallagher,M,0.0,0.43,0.0,0.7,anchored (GW32/35 WC squads inferred from EO + later sales)
2025-26,36,807,Rayan,M,0.0,0.28,0.0,0.4,anchored (GW32/35 WC squads inferred from EO + later sales)
2025-26,37,1,Raya,G,14.15,21.29,22.5,33.3,anchored (GW32/35 WC squads inferred from EO + later sales)
2025-26,37,5,Gabriel,D,62.24,61.03,98.8,95.4,anchored (GW32/35 WC squads inferred from EO + later sales)
2025-26,37,6,Saliba,D,17.77,9.74,28.2,15.2,anchored (GW32/35 WC squads inferred from EO + later sales)
2025-26,37,7,Calafiori,D,0.01,1.0,0.0,1.6,anchored (GW32/35 WC squads inferred from EO + later sales)
2025-26,37,8,J.Timber,D,0.84,0.77,1.3,1.2,anchored (GW32/35 WC squads inferred from EO + later sales)
2025-26,37,10,Lewis-Skelly,D,2.0,0.0,3.2,0.0,anchored (GW32/35 WC squads inferred from EO + later sales)
2025-26,37,16,Saka,M,30.69,46.74,48.7,73.0,anchored (GW32/35 WC squads inferred from EO + later sales)
2025-26,37,20,Trossard,M,5.0,6.0,7.9,9.4,anchored (GW32/35 WC squads inferred from EO + later sales)
2025-26,37,21,Rice,M,8.61,5.45,13.7,8.5,anchored (GW32/35 WC squads inferred from EO + later sales)
2025-26,37,32,Martinez,G,0.0,0.78,0.0,1.2,anchored (GW32/35 WC squads inferred from EO + later sales)
2025-26,37,33,M.Bizot,G,0.0,0.12,0.0,0.2,anchored (GW32/35 WC squads inferred from EO + later sales)
2025-26,37,36,Cash,D,0.0,0.08,0.0,0.1,anchored (GW32/35 WC squads inferred from EO + later sales)
2025-26,37,38,Konsa,D,0.0,0.16,0.0,0.2,anchored (GW32/35 WC squads inferred from EO + later sales)
2025-26,37,47,Rogers,M,0.0,3.66,0.0,5.7,anchored (GW32/35 WC squads inferred from EO + later sales)
2025-26,37,64,Watkins,F,0.0,2.0,0.0,3.1,anchored (GW32/35 WC squads inferred from EO + later sales)
2025-26,37,67,Petrović,G,0.14,0.78,0.2,1.2,anchored (GW32/35 WC squads inferred from EO + later sales)
2025-26,37,72,Senesi,D,24.7,15.5,39.2,24.2,anchored (GW32/35 WC squads inferred from EO + later sales)
2025-26,37,77,Hill,D,37.3,33.42,59.2,52.2,anchored (GW32/35 WC squads inferred from EO + later sales)
2025-26,37,82,Semenyo,M,2.65,21.74,4.2,34.0,anchored (GW32/35 WC squads inferred from EO + later sales)
2025-26,37,83,O.Dango,M,1.11,4.33,1.8,6.8,anchored (GW32/35 WC squads inferred from EO + later sales)
2025-26,37,84,Tavernier,M,50.53,34.42,80.2,53.8,anchored (GW32/35 WC squads inferred from EO + later sales)
2025-26,37,90,Scott,M,0.15,0.0,0.2,0.0,anchored (GW32/35 WC squads inferred from EO + later sales)
2025-26,37,101,Kelleher,G,0.09,1.13,0.1,1.8,anchored (GW32/35 WC squads inferred from EO + later sales)
2025-26,37,105,Valdimarsson,G,0.0,0.12,0.0,0.2,anchored (GW32/35 WC squads inferred from EO + later sales)
2025-26,37,106,Collins,D,0.14,0.26,0.2,0.4,anchored (GW32/35 WC squads inferred from EO + later sales)
2025-26,37,110,Kayode,D,0.0,1.0,0.0,1.6,anchored (GW32/35 WC squads inferred from EO + later sales)
2025-26,37,119,Mbeumo,M,1.74,2.77,2.8,4.3,anchored (GW32/35 WC squads inferred from EO + later sales)
2025-26,37,120,Schade,M,0.0,0.13,0.0,0.2,anchored (GW32/35 WC squads inferred from EO + later sales)
2025-26,37,136,Thiago,F,21.86,14.39,34.7,22.5,anchored (GW32/35 WC squads inferred from EO + later sales)
2025-26,37,139,Verbruggen,G,45.49,37.54,72.2,58.7,anchored (GW32/35 WC squads inferred from EO + later sales)
2025-26,37,145,De Cuyper,D,0.0,0.11,0.0,0.2,anchored (GW32/35 WC squads inferred from EO + later sales)
2025-26,37,148,F.Kadıoğlu,D,6.43,6.82,10.2,10.7,anchored (GW32/35 WC squads inferred from EO + later sales)
2025-26,37,151,Van Hecke,D,49.27,37.26,78.2,58.2,anchored (GW32/35 WC squads inferred from EO + later sales)
2025-26,37,163,Hinshelwood,M,0.0,13.58,0.0,21.2,anchored (GW32/35 WC squads inferred from EO + later sales)
2025-26,37,178,Welbeck,F,13.32,20.82,21.1,32.5,anchored (GW32/35 WC squads inferred from EO + later sales)
2025-26,37,191,Estève,D,0.09,0.91,0.1,1.4,anchored (GW32/35 WC squads inferred from EO + later sales)
2025-26,37,220,Sánchez,G,0.26,2.8,0.4,4.4,anchored (GW32/35 WC squads inferred from EO + later sales)
2025-26,37,232,Tosin,D,0.0,0.09,0.0,0.1,anchored (GW32/35 WC squads inferred from EO + later sales)
2025-26,37,235,Palmer,M,18.4,5.82,29.2,9.1,anchored (GW32/35 WC squads inferred from EO + later sales)
2025-26,37,237,Enzo,M,16.51,5.26,26.2,8.2,anchored (GW32/35 WC squads inferred from EO + later sales)
2025-26,37,242,Dewsbury-Hall,M,0.0,5.64,0.0,8.8,anchored (GW32/35 WC squads inferred from EO + later sales)
2025-26,37,249,João Pedro,F,17.77,28.66,28.2,44.8,anchored (GW32/35 WC squads inferred from EO + later sales)
2025-26,37,253,Henderson,G,11.36,10.3,18.0,16.1,anchored (GW32/35 WC squads inferred from EO + later sales)
2025-26,37,256,Muñoz,D,3.84,5.38,6.1,8.4,anchored (GW32/35 WC squads inferred from EO + later sales)
2025-26,37,257,Lacroix,D,16.7,17.54,26.5,27.4,anchored (GW32/35 WC squads inferred from EO + later sales)
2025-26,37,261,Richards,D,0.0,1.23,0.0,1.9,anchored (GW32/35 WC squads inferred from EO + later sales)
2025-26,37,266,Eze,M,0.0,1.64,0.0,2.6,anchored (GW32/35 WC squads inferred from EO + later sales)
2025-26,37,267,Sarr,M,0.0,1.83,0.0,2.9,anchored (GW32/35 WC squads inferred from EO + later sales)
2025-26,37,287,Pickford,G,0.0,0.78,0.0,1.2,anchored (GW32/35 WC squads inferred from EO + later sales)
2025-26,37,291,Tarkowski,D,4.89,1.48,7.8,2.3,anchored (GW32/35 WC squads inferred from EO + later sales)
2025-26,37,295,Keane,D,4.0,7.82,6.3,12.2,anchored (GW32/35 WC squads inferred from EO + later sales)
2025-26,37,299,Ndiaye,M,15.99,5.93,25.4,9.3,anchored (GW32/35 WC squads inferred from EO + later sales)
2025-26,37,303,Garner,M,0.0,0.12,0.0,0.2,anchored (GW32/35 WC squads inferred from EO + later sales)
2025-26,37,314,Leno,G,1.05,1.0,1.7,1.6,anchored (GW32/35 WC squads inferred from EO + later sales)
2025-26,37,317,Andersen,D,2.79,5.78,4.4,9.0,anchored (GW32/35 WC squads inferred from EO + later sales)
2025-26,37,318,Bassey,D,0.0,1.0,0.0,1.6,anchored (GW32/35 WC squads inferred from EO + later sales)
2025-26,37,322,Tete,D,0.1,0.0,0.2,0.0,anchored (GW32/35 WC squads inferred from EO + later sales)
2025-26,37,329,Wilson,M,9.58,14.05,15.2,22.0,anchored (GW32/35 WC squads inferred from EO + later sales)
2025-26,37,341,Darlow,G,50.55,35.98,80.2,56.2,anchored (GW32/35 WC squads inferred from EO + later sales)
2025-26,37,343,Struijk,D,10.84,18.7,17.2,29.2,anchored (GW32/35 WC squads inferred from EO + later sales)
2025-26,37,344,Bijol,D,0.0,0.33,0.0,0.5,anchored (GW32/35 WC squads inferred from EO + later sales)
2025-26,37,347,Gudmundsson,D,0.06,1.0,0.1,1.6,anchored (GW32/35 WC squads inferred from EO + later sales)
2025-26,37,348,Rodon,D,0.16,2.84,0.3,4.4,anchored (GW32/35 WC squads inferred from EO + later sales)
2025-26,37,366,A.Becker,G,0.0,0.23,0.0,0.4,anchored (GW32/35 WC squads inferred from EO + later sales)
2025-26,37,367,Mamardashvili,G,0.0,0.23,0.0,0.4,anchored (GW32/35 WC squads inferred from EO + later sales)
2025-26,37,373,Virgil,D,3.39,7.21,5.4,11.3,anchored (GW32/35 WC squads inferred from EO + later sales)
2025-26,37,374,Konaté,D,0.0,0.13,0.0,0.2,anchored (GW32/35 WC squads inferred from EO + later sales)
2025-26,37,381,M.Salah,M,1.04,1.59,1.7,2.5,anchored (GW32/35 WC squads inferred from EO + later sales)
2025-26,37,382,Wirtz,M,0.15,0.55,0.2,0.9,anchored (GW32/35 WC squads inferred from EO + later sales)
2025-26,37,384,Gakpo,M,0.06,0.0,0.1,0.0,anchored (GW32/35 WC squads inferred from EO + later sales)
2025-26,37,387,Szoboszlai,M,8.55,6.66,13.6,10.4,anchored (GW32/35 WC squads inferred from EO + later sales)
2025-26,37,411,O'Reilly,D,61.24,62.35,97.2,97.4,anchored (GW32/35 WC squads inferred from EO + later sales)
2025-26,37,414,Foden,M,0.0,0.09,0.0,0.1,anchored (GW32/35 WC squads inferred from EO + later sales)
2025-26,37,417,Cherki,M,54.35,37.74,86.3,59.0,anchored (GW32/35 WC squads inferred from EO + later sales)
2025-26,37,418,Doku,M,0.0,0.87,0.0,1.4,anchored (GW32/35 WC squads inferred from EO + later sales)
2025-26,37,427,Reijnders,M,0.0,0.08,0.0,0.1,anchored (GW32/35 WC squads inferred from EO + later sales)
2025-26,37,430,Haaland,F,61.33,62.7,97.3,98.0,anchored (GW32/35 WC squads inferred from EO + later sales)
2025-26,37,440,Dalot,D,0.0,0.2,0.0,0.3,anchored (GW32/35 WC squads inferred from EO + later sales)
2025-26,37,441,Dorgu,D,0.03,0.14,0.0,0.2,anchored (GW32/35 WC squads inferred from EO + later sales)
2025-26,37,444,Yoro,D,0.0,0.13,0.0,0.2,anchored (GW32/35 WC squads inferred from EO + later sales)
2025-26,37,449,B.Fernandes,M,63.0,64.0,100.0,100.0,anchored (GW32/35 WC squads inferred from EO + later sales)
2025-26,37,450,Cunha,M,1.99,1.77,3.2,2.8,anchored (GW32/35 WC squads inferred from EO + later sales)
2025-26,37,469,Pope,G,0.0,0.23,0.0,0.4,anchored (GW32/35 WC squads inferred from EO + later sales)
2025-26,37,470,Dúbravka,G,2.92,9.65,4.6,15.1,anchored (GW32/35 WC squads inferred from EO + later sales)
2025-26,37,473,Hall,D,1.11,1.53,1.8,2.4,anchored (GW32/35 WC squads inferred from EO + later sales)
2025-26,37,485,Gordon,M,1.74,1.24,2.8,1.9,anchored (GW32/35 WC squads inferred from EO + later sales)
2025-26,37,487,Barnes,M,0.05,1.0,0.1,1.6,anchored (GW32/35 WC squads inferred from EO + later sales)
2025-26,37,488,Bruno G.,M,0.0,4.0,0.0,6.2,anchored (GW32/35 WC squads inferred from EO + later sales)
2025-26,37,502,Sels,G,0.0,1.41,0.0,2.2,anchored (GW32/35 WC squads inferred from EO + later sales)
2025-26,37,505,Milenković,D,0.0,0.09,0.0,0.1,anchored (GW32/35 WC squads inferred from EO + later sales)
2025-26,37,506,Murillo,D,0.06,0.29,0.1,0.5,anchored (GW32/35 WC squads inferred from EO + later sales)
2025-26,37,517,Anderson,M,1.31,2.02,2.1,3.2,anchored (GW32/35 WC squads inferred from EO + later sales)
2025-26,37,547,E.Le Fée,M,0.1,0.72,0.2,1.1,anchored (GW32/35 WC squads inferred from EO + later sales)
2025-26,37,565,Vicario,G,0.06,0.36,0.1,0.6,anchored (GW32/35 WC squads inferred from EO + later sales)
2025-26,37,567,Kinsky,G,0.0,0.6,0.0,0.9,anchored (GW32/35 WC squads inferred from EO + later sales)
2025-26,37,568,Pedro Porro,D,0.1,1.61,0.2,2.5,anchored (GW32/35 WC squads inferred from EO + later sales)
2025-26,37,570,Danso,D,0.17,0.0,0.3,0.0,anchored (GW32/35 WC squads inferred from EO + later sales)
2025-26,37,575,Van de Ven,D,0.0,0.13,0.0,0.2,anchored (GW32/35 WC squads inferred from EO + later sales)
2025-26,37,596,Solanke,F,0.0,0.21,0.0,0.3,anchored (GW32/35 WC squads inferred from EO + later sales)
2025-26,37,606,Mavropanos,D,0.22,0.26,0.3,0.4,anchored (GW32/35 WC squads inferred from EO + later sales)
2025-26,37,624,Bowen,F,3.73,7.65,5.9,12.0,anchored (GW32/35 WC squads inferred from EO + later sales)
2025-26,37,628,José Sá,G,0.11,0.98,0.2,1.5,anchored (GW32/35 WC squads inferred from EO + later sales)
2025-26,37,631,Agbadou,D,0.02,0.06,0.0,0.1,anchored (GW32/35 WC squads inferred from EO + later sales)
2025-26,37,660,Stach,M,1.0,0.0,1.6,0.0,anchored (GW32/35 WC squads inferred from EO + later sales)
2025-26,37,661,Ekitiké,F,0.0,0.17,0.0,0.3,anchored (GW32/35 WC squads inferred from EO + later sales)
2025-26,37,666,Gyökeres,F,22.0,25.66,34.9,40.1,anchored (GW32/35 WC squads inferred from EO + later sales)
2025-26,37,670,Roefs,G,0.0,1.75,0.0,2.7,anchored (GW32/35 WC squads inferred from EO + later sales)
2025-26,37,683,Alderete,D,0.5,3.18,0.8,5.0,anchored (GW32/35 WC squads inferred from EO + later sales)
2025-26,37,684,Thiaw,D,1.38,3.76,2.2,5.9,anchored (GW32/35 WC squads inferred from EO + later sales)
2025-26,37,691,Calvert-Lewin,F,48.64,30.68,77.2,47.9,anchored (GW32/35 WC squads inferred from EO + later sales)
2025-26,37,694,Mukiele,D,0.17,1.14,0.3,1.8,anchored (GW32/35 WC squads inferred from EO + later sales)
2025-26,37,706,Justin,D,1.39,0.87,2.2,1.4,anchored (GW32/35 WC squads inferred from EO + later sales)
2025-26,37,723,Canvot,D,1.0,5.54,1.6,8.7,anchored (GW32/35 WC squads inferred from EO + later sales)
2025-26,37,730,Brobbey,F,0.0,0.1,0.0,0.2,anchored (GW32/35 WC squads inferred from EO + later sales)
2025-26,37,733,Lammens,G,0.0,1.04,0.0,1.6,anchored (GW32/35 WC squads inferred from EO + later sales)
2025-26,37,783,Groß,M,23.59,17.7,37.4,27.7,anchored (GW32/35 WC squads inferred from EO + later sales)
2025-26,37,796,Gallagher,M,0.0,0.43,0.0,0.7,anchored (GW32/35 WC squads inferred from EO + later sales)
2025-26,37,807,Rayan,M,0.0,0.28,0.0,0.4,anchored (GW32/35 WC squads inferred from EO + later sales)
2025-26,38,1,Raya,G,14.15,21.29,22.5,33.3,anchored (GW32/35 WC squads inferred from EO + later sales)
2025-26,38,5,Gabriel,D,62.24,61.03,98.8,95.4,anchored (GW32/35 WC squads inferred from EO + later sales)
2025-26,38,6,Saliba,D,17.77,9.74,28.2,15.2,anchored (GW32/35 WC squads inferred from EO + later sales)
2025-26,38,7,Calafiori,D,0.01,1.0,0.0,1.6,anchored (GW32/35 WC squads inferred from EO + later sales)
2025-26,38,8,J.Timber,D,0.84,0.77,1.3,1.2,anchored (GW32/35 WC squads inferred from EO + later sales)
2025-26,38,10,Lewis-Skelly,D,2.0,0.0,3.2,0.0,anchored (GW32/35 WC squads inferred from EO + later sales)
2025-26,38,16,Saka,M,15.69,23.74,24.9,37.1,anchored (GW32/35 WC squads inferred from EO + later sales)
2025-26,38,20,Trossard,M,4.0,2.0,6.3,3.1,anchored (GW32/35 WC squads inferred from EO + later sales)
2025-26,38,21,Rice,M,2.61,4.45,4.1,7.0,anchored (GW32/35 WC squads inferred from EO + later sales)
2025-26,38,32,Martinez,G,0.0,0.78,0.0,1.2,anchored (GW32/35 WC squads inferred from EO + later sales)
2025-26,38,33,M.Bizot,G,0.0,0.12,0.0,0.2,anchored (GW32/35 WC squads inferred from EO + later sales)
2025-26,38,36,Cash,D,0.0,0.08,0.0,0.1,anchored (GW32/35 WC squads inferred from EO + later sales)
2025-26,38,38,Konsa,D,0.0,0.16,0.0,0.2,anchored (GW32/35 WC squads inferred from EO + later sales)
2025-26,38,47,Rogers,M,0.0,1.66,0.0,2.6,anchored (GW32/35 WC squads inferred from EO + later sales)
2025-26,38,67,Petrović,G,0.14,0.78,0.2,1.2,anchored (GW32/35 WC squads inferred from EO + later sales)
2025-26,38,72,Senesi,D,24.7,15.5,39.2,24.2,anchored (GW32/35 WC squads inferred from EO + later sales)
2025-26,38,77,Hill,D,37.3,33.42,59.2,52.2,anchored (GW32/35 WC squads inferred from EO + later sales)
2025-26,38,82,Semenyo,M,2.65,21.74,4.2,34.0,anchored (GW32/35 WC squads inferred from EO + later sales)
2025-26,38,83,O.Dango,M,1.11,4.33,1.8,6.8,anchored (GW32/35 WC squads inferred from EO + later sales)
2025-26,38,84,Tavernier,M,50.53,33.42,80.2,52.2,anchored (GW32/35 WC squads inferred from EO + later sales)
2025-26,38,90,Scott,M,0.15,0.0,0.2,0.0,anchored (GW32/35 WC squads inferred from EO + later sales)
2025-26,38,100,Kroupi.Jr,F,0.0,1.02,0.0,1.6,anchored (GW32/35 WC squads inferred from EO + later sales)
2025-26,38,101,Kelleher,G,0.09,1.13,0.1,1.8,anchored (GW32/35 WC squads inferred from EO + later sales)
2025-26,38,105,Valdimarsson,G,0.0,0.12,0.0,0.2,anchored (GW32/35 WC squads inferred from EO + later sales)
2025-26,38,106,Collins,D,0.14,0.26,0.2,0.4,anchored (GW32/35 WC squads inferred from EO + later sales)
2025-26,38,110,Kayode,D,0.0,1.0,0.0,1.6,anchored (GW32/35 WC squads inferred from EO + later sales)
2025-26,38,119,Mbeumo,M,1.74,2.77,2.8,4.3,anchored (GW32/35 WC squads inferred from EO + later sales)
2025-26,38,120,Schade,M,0.0,0.13,0.0,0.2,anchored (GW32/35 WC squads inferred from EO + later sales)
2025-26,38,136,Thiago,F,21.86,13.39,34.7,20.9,anchored (GW32/35 WC squads inferred from EO + later sales)
2025-26,38,139,Verbruggen,G,45.49,37.54,72.2,58.7,anchored (GW32/35 WC squads inferred from EO + later sales)
2025-26,38,145,De Cuyper,D,0.0,0.11,0.0,0.2,anchored (GW32/35 WC squads inferred from EO + later sales)
2025-26,38,148,F.Kadıoğlu,D,6.43,6.82,10.2,10.7,anchored (GW32/35 WC squads inferred from EO + later sales)
2025-26,38,151,Van Hecke,D,49.27,37.26,78.2,58.2,anchored (GW32/35 WC squads inferred from EO + later sales)
2025-26,38,163,Hinshelwood,M,0.0,13.58,0.0,21.2,anchored (GW32/35 WC squads inferred from EO + later sales)
2025-26,38,178,Welbeck,F,13.32,20.82,21.1,32.5,anchored (GW32/35 WC squads inferred from EO + later sales)
2025-26,38,191,Estève,D,0.09,0.91,0.1,1.4,anchored (GW32/35 WC squads inferred from EO + later sales)
2025-26,38,215,Flemming,F,0.0,1.0,0.0,1.6,anchored (GW32/35 WC squads inferred from EO + later sales)
2025-26,38,220,Sánchez,G,0.26,2.8,0.4,4.4,anchored (GW32/35 WC squads inferred from EO + later sales)
2025-26,38,232,Tosin,D,0.0,0.09,0.0,0.1,anchored (GW32/35 WC squads inferred from EO + later sales)
2025-26,38,235,Palmer,M,18.4,5.82,29.2,9.1,anchored (GW32/35 WC squads inferred from EO + later sales)
2025-26,38,237,Enzo,M,16.51,5.26,26.2,8.2,anchored (GW32/35 WC squads inferred from EO + later sales)
2025-26,38,242,Dewsbury-Hall,M,0.0,5.64,0.0,8.8,anchored (GW32/35 WC squads inferred from EO + later sales)
2025-26,38,249,João Pedro,F,17.77,27.66,28.2,43.2,anchored (GW32/35 WC squads inferred from EO + later sales)
2025-26,38,253,Henderson,G,11.36,10.3,18.0,16.1,anchored (GW32/35 WC squads inferred from EO + later sales)
2025-26,38,256,Muñoz,D,3.84,5.38,6.1,8.4,anchored (GW32/35 WC squads inferred from EO + later sales)
2025-26,38,257,Lacroix,D,16.7,17.54,26.5,27.4,anchored (GW32/35 WC squads inferred from EO + later sales)
2025-26,38,261,Richards,D,0.0,1.23,0.0,1.9,anchored (GW32/35 WC squads inferred from EO + later sales)
2025-26,38,266,Eze,M,0.0,0.64,0.0,1.0,anchored (GW32/35 WC squads inferred from EO + later sales)
2025-26,38,267,Sarr,M,0.0,0.83,0.0,1.3,anchored (GW32/35 WC squads inferred from EO + later sales)
2025-26,38,287,Pickford,G,0.0,0.78,0.0,1.2,anchored (GW32/35 WC squads inferred from EO + later sales)
2025-26,38,291,Tarkowski,D,4.89,1.48,7.8,2.3,anchored (GW32/35 WC squads inferred from EO + later sales)
2025-26,38,295,Keane,D,4.0,7.82,6.3,12.2,anchored (GW32/35 WC squads inferred from EO + later sales)
2025-26,38,299,Ndiaye,M,15.99,5.93,25.4,9.3,anchored (GW32/35 WC squads inferred from EO + later sales)
2025-26,38,303,Garner,M,0.0,0.12,0.0,0.2,anchored (GW32/35 WC squads inferred from EO + later sales)
2025-26,38,314,Leno,G,1.05,1.0,1.7,1.6,anchored (GW32/35 WC squads inferred from EO + later sales)
2025-26,38,317,Andersen,D,2.79,5.78,4.4,9.0,anchored (GW32/35 WC squads inferred from EO + later sales)
2025-26,38,318,Bassey,D,0.0,1.0,0.0,1.6,anchored (GW32/35 WC squads inferred from EO + later sales)
2025-26,38,322,Tete,D,0.1,0.0,0.2,0.0,anchored (GW32/35 WC squads inferred from EO + later sales)
2025-26,38,329,Wilson,M,9.58,13.05,15.2,20.4,anchored (GW32/35 WC squads inferred from EO + later sales)
2025-26,38,341,Darlow,G,50.55,35.98,80.2,56.2,anchored (GW32/35 WC squads inferred from EO + later sales)
2025-26,38,343,Struijk,D,10.84,18.7,17.2,29.2,anchored (GW32/35 WC squads inferred from EO + later sales)
2025-26,38,344,Bijol,D,0.0,0.33,0.0,0.5,anchored (GW32/35 WC squads inferred from EO + later sales)
2025-26,38,347,Gudmundsson,D,0.06,0.0,0.1,0.0,anchored (GW32/35 WC squads inferred from EO + later sales)
2025-26,38,348,Rodon,D,0.16,2.84,0.3,4.4,anchored (GW32/35 WC squads inferred from EO + later sales)
2025-26,38,366,A.Becker,G,0.0,0.23,0.0,0.4,anchored (GW32/35 WC squads inferred from EO + later sales)
2025-26,38,367,Mamardashvili,G,0.0,0.23,0.0,0.4,anchored (GW32/35 WC squads inferred from EO + later sales)
2025-26,38,373,Virgil,D,3.39,8.21,5.4,12.8,anchored (GW32/35 WC squads inferred from EO + later sales)
2025-26,38,374,Konaté,D,0.0,0.13,0.0,0.2,anchored (GW32/35 WC squads inferred from EO + later sales)
2025-26,38,381,M.Salah,M,21.04,34.59,33.4,54.0,anchored (GW32/35 WC squads inferred from EO + later sales)
2025-26,38,382,Wirtz,M,0.15,0.55,0.2,0.9,anchored (GW32/35 WC squads inferred from EO + later sales)
2025-26,38,384,Gakpo,M,0.06,0.0,0.1,0.0,anchored (GW32/35 WC squads inferred from EO + later sales)
2025-26,38,387,Szoboszlai,M,8.55,7.66,13.6,12.0,anchored (GW32/35 WC squads inferred from EO + later sales)
2025-26,38,411,O'Reilly,D,60.24,51.35,95.6,80.2,anchored (GW32/35 WC squads inferred from EO + later sales)
2025-26,38,413,Marmoush,M,7.0,9.01,11.1,14.1,anchored (GW32/35 WC squads inferred from EO + later sales)
2025-26,38,414,Foden,M,8.0,7.09,12.7,11.1,anchored (GW32/35 WC squads inferred from EO + later sales)
2025-26,38,417,Cherki,M,41.35,19.74,65.6,30.8,anchored (GW32/35 WC squads inferred from EO + later sales)
2025-26,38,418,Doku,M,0.0,0.87,0.0,1.4,anchored (GW32/35 WC squads inferred from EO + later sales)
2025-26,38,427,Reijnders,M,0.0,0.08,0.0,0.1,anchored (GW32/35 WC squads inferred from EO + later sales)
2025-26,38,430,Haaland,F,3.33,9.7,5.3,15.2,anchored (GW32/35 WC squads inferred from EO + later sales)
2025-26,38,440,Dalot,D,0.0,0.2,0.0,0.3,anchored (GW32/35 WC squads inferred from EO + later sales)
2025-26,38,441,Dorgu,D,0.03,0.14,0.0,0.2,anchored (GW32/35 WC squads inferred from EO + later sales)
2025-26,38,444,Yoro,D,0.0,0.13,0.0,0.2,anchored (GW32/35 WC squads inferred from EO + later sales)
2025-26,38,449,B.Fernandes,M,63.0,64.0,100.0,100.0,anchored (GW32/35 WC squads inferred from EO + later sales)
2025-26,38,450,Cunha,M,1.99,1.77,3.2,2.8,anchored (GW32/35 WC squads inferred from EO + later sales)
2025-26,38,469,Pope,G,0.0,0.23,0.0,0.4,anchored (GW32/35 WC squads inferred from EO + later sales)
2025-26,38,470,Dúbravka,G,2.92,9.65,4.6,15.1,anchored (GW32/35 WC squads inferred from EO + later sales)
2025-26,38,473,Hall,D,1.11,1.53,1.8,2.4,anchored (GW32/35 WC squads inferred from EO + later sales)
2025-26,38,485,Gordon,M,1.74,1.24,2.8,1.9,anchored (GW32/35 WC squads inferred from EO + later sales)
2025-26,38,487,Barnes,M,0.05,1.0,0.1,1.6,anchored (GW32/35 WC squads inferred from EO + later sales)
2025-26,38,488,Bruno G.,M,0.0,5.0,0.0,7.8,anchored (GW32/35 WC squads inferred from EO + later sales)
2025-26,38,500,Osula,F,0.0,1.0,0.0,1.6,anchored (GW32/35 WC squads inferred from EO + later sales)
2025-26,38,502,Sels,G,0.0,1.41,0.0,2.2,anchored (GW32/35 WC squads inferred from EO + later sales)
2025-26,38,505,Milenković,D,0.0,0.09,0.0,0.1,anchored (GW32/35 WC squads inferred from EO + later sales)
2025-26,38,506,Murillo,D,0.06,0.29,0.1,0.5,anchored (GW32/35 WC squads inferred from EO + later sales)
2025-26,38,515,Gibbs-White,M,0.0,1.0,0.0,1.6,anchored (GW32/35 WC squads inferred from EO + later sales)
2025-26,38,517,Anderson,M,1.31,2.02,2.1,3.2,anchored (GW32/35 WC squads inferred from EO + later sales)
2025-26,38,547,E.Le Fée,M,0.1,0.72,0.2,1.1,anchored (GW32/35 WC squads inferred from EO + later sales)
2025-26,38,565,Vicario,G,0.06,0.36,0.1,0.6,anchored (GW32/35 WC squads inferred from EO + later sales)
2025-26,38,567,Kinsky,G,0.0,0.6,0.0,0.9,anchored (GW32/35 WC squads inferred from EO + later sales)
2025-26,38,568,Pedro Porro,D,1.1,10.61,1.7,16.6,anchored (GW32/35 WC squads inferred from EO + later sales)
2025-26,38,570,Danso,D,0.17,0.0,0.3,0.0,anchored (GW32/35 WC squads inferred from EO + later sales)
2025-26,38,575,Van de Ven,D,0.0,0.13,0.0,0.2,anchored (GW32/35 WC squads inferred from EO + later sales)
2025-26,38,596,Solanke,F,0.0,0.21,0.0,0.3,anchored (GW32/35 WC squads inferred from EO + later sales)
2025-26,38,597,Richarlison,F,-0.0,12.02,-0.0,18.8,anchored (GW32/35 WC squads inferred from EO + later sales)
2025-26,38,606,Mavropanos,D,0.22,3.26,0.3,5.1,anchored (GW32/35 WC squads inferred from EO + later sales)
2025-26,38,615,Summerville,M,1.0,0.0,1.6,0.0,anchored (GW32/35 WC squads inferred from EO + later sales)
2025-26,38,624,Bowen,F,62.73,48.65,99.6,76.0,anchored (GW32/35 WC squads inferred from EO + later sales)
2025-26,38,628,José Sá,G,0.11,0.98,0.2,1.5,anchored (GW32/35 WC squads inferred from EO + later sales)
2025-26,38,631,Agbadou,D,0.02,0.06,0.0,0.1,anchored (GW32/35 WC squads inferred from EO + later sales)
2025-26,38,661,Ekitiké,F,0.0,0.17,0.0,0.3,anchored (GW32/35 WC squads inferred from EO + later sales)
2025-26,38,666,Gyökeres,F,20.0,25.66,31.7,40.1,anchored (GW32/35 WC squads inferred from EO + later sales)
2025-26,38,670,Roefs,G,0.0,1.75,0.0,2.7,anchored (GW32/35 WC squads inferred from EO + later sales)
2025-26,38,683,Alderete,D,0.5,2.18,0.8,3.4,anchored (GW32/35 WC squads inferred from EO + later sales)
2025-26,38,684,Thiaw,D,1.38,3.76,2.2,5.9,anchored (GW32/35 WC squads inferred from EO + later sales)
2025-26,38,691,Calvert-Lewin,F,48.64,30.68,77.2,47.9,anchored (GW32/35 WC squads inferred from EO + later sales)
2025-26,38,694,Mukiele,D,0.17,1.14,0.3,1.8,anchored (GW32/35 WC squads inferred from EO + later sales)
2025-26,38,706,Justin,D,1.39,0.87,2.2,1.4,anchored (GW32/35 WC squads inferred from EO + later sales)
2025-26,38,723,Canvot,D,1.0,5.54,1.6,8.7,anchored (GW32/35 WC squads inferred from EO + later sales)
2025-26,38,730,Brobbey,F,0.0,0.1,0.0,0.2,anchored (GW32/35 WC squads inferred from EO + later sales)
2025-26,38,733,Lammens,G,0.0,1.04,0.0,1.6,anchored (GW32/35 WC squads inferred from EO + later sales)
2025-26,38,783,Groß,M,23.59,17.7,37.4,27.7,anchored (GW32/35 WC squads inferred from EO + later sales)
2025-26,38,791,Taty,F,1.0,1.0,1.6,1.6,anchored (GW32/35 WC squads inferred from EO + later sales)
2025-26,38,796,Gallagher,M,0.0,0.43,0.0,0.7,anchored (GW32/35 WC squads inferred from EO + later sales)
2025-26,38,807,Rayan,M,0.0,0.28,0.0,0.4,anchored (GW32/35 WC squads inferred from EO + later sales)
